ensg	length	n_trypsin	n_lysc	n_gluc	n_gluc_de	n_chymotrypsin	n_aspn
ENSG00000155657	34350	1771	1409	1586	2050	1441	1018
ENSG00000181143	14507	428	146	450	727	264	220
ENSG00000131018	8797	484	356	482	523	247	256
ENSG00000183091	8525	563	507	280	557	408	399
ENSG00000154358	7968	347	121	372	446	263	179
ENSG00000151914	7570	425	333	400	447	211	253
ENSG00000127603	7388	421	296	389	452	189	210
ENSG00000054654	6885	390	310	377	409	203	193
ENSG00000164199	6306	214	72	217	329	283	178
ENSG00000124942	5890	377	359	189	368	71	322
ENSG00000185567	5795	302	264	230	350	32	306
ENSG00000117983	5762	148	30	91	171	121	84
ENSG00000215182	5654	183	56	101	180	107	77
ENSG00000143341	5635	255	128	170	294	178	148
ENSG00000112159	5596	279	149	206	287	199	142
ENSG00000167548	5537	171	81	204	244	104	79
ENSG00000205277	5478	93	20	225	295	73	32
ENSG00000145113	5412	70	10	46	252	78	188
ENSG00000275395	5405	163	47	100	266	199	138
ENSG00000198788	5289	83	48	70	126	87	70
ENSG00000162825	5207	230	103	296	298	108	254
ENSG00000173821	5207	275	157	180	286	214	152
ENSG00000127481	5183	231	126	164	243	160	118
ENSG00000186472	5142	215	145	177	238	109	124
ENSG00000157423	5121	207	155	200	261	217	104
ENSG00000261150	5088	267	60	228	335	120	152
ENSG00000148357	5079	216	42	172	260	155	123
ENSG00000196218	5038	242	87	182	255	190	136
ENSG00000138688	5005	220	126	147	257	156	134
ENSG00000196159	4981	183	61	128	281	206	195
ENSG00000198626	4967	266	137	183	262	200	153
ENSG00000103657	4861	204	93	141	241	147	144
ENSG00000115760	4857	186	93	129	215	119	109
ENSG00000128731	4834	222	102	142	253	133	148
ENSG00000179532	4753	195	71	159	210	152	63
ENSG00000159433	4700	223	99	183	235	113	117
ENSG00000178209	4684	291	120	259	299	119	98
ENSG00000081479	4655	204	66	137	243	213	180
ENSG00000197102	4646	255	160	207	262	202	140
ENSG00000039139	4624	241	159	185	259	207	146
ENSG00000168702	4599	212	107	140	242	173	192
ENSG00000083857	4588	176	97	162	256	203	183
ENSG00000151835	4579	252	187	163	264	225	150
ENSG00000084674	4563	250	198	177	278	225	130
ENSG00000165323	4557	175	87	147	255	201	195
ENSG00000123384	4544	222	74	128	226	156	174
ENSG00000105877	4516	238	149	181	243	225	125
ENSG00000169876	4493	32	12	230	319	25	31
ENSG00000124721	4490	243	171	186	269	203	132
ENSG00000007174	4486	239	141	192	252	202	126
ENSG00000197653	4471	248	149	209	257	206	122
ENSG00000187775	4462	253	166	196	264	206	139
ENSG00000183914	4427	228	131	174	247	204	147
ENSG00000142798	4391	173	16	124	196	131	73
ENSG00000048707	4388	223	121	154	238	174	120
ENSG00000151150	4377	220	166	178	217	107	123
ENSG00000086758	4374	180	77	146	197	101	121
ENSG00000086570	4349	180	76	163	254	172	164
ENSG00000187240	4307	233	152	175	242	192	140
ENSG00000008710	4303	144	13	113	196	159	64
ENSG00000114841	4265	222	134	169	238	198	125
ENSG00000205038	4243	156	71	104	213	194	103
ENSG00000116127	4168	207	121	182	239	100	121
ENSG00000115423	4158	225	147	176	229	193	127
ENSG00000253729	4128	224	131	156	241	178	119
ENSG00000170927	4074	148	43	98	184	146	73
ENSG00000164309	4069	196	154	234	235	93	108
ENSG00000143631	4061	211	23	146	234	28	148
ENSG00000118997	4024	218	147	155	228	190	132
ENSG00000138759	4008	149	62	136	224	154	140
ENSG00000173064	3996	176	75	128	204	114	89
ENSG00000118058	3969	153	102	116	167	77	88
ENSG00000145362	3957	203	149	175	204	73	127
ENSG00000164061	3926	173	60	126	166	76	67
ENSG00000127914	3907	237	174	208	192	77	86
ENSG00000271383	3843	154	83	218	220	86	178
ENSG00000271425	3795	156	88	211	214	89	171
ENSG00000129003	3753	191	144	136	204	147	115
ENSG00000164796	3707	125	42	83	177	175	85
ENSG00000140836	3703	139	108	95	141	84	76
ENSG00000130702	3695	160	17	97	192	104	95
ENSG00000198947	3685	196	143	195	228	99	113
ENSG00000137877	3674	201	55	215	229	91	61
ENSG00000065526	3664	163	108	147	174	66	92
ENSG00000157106	3661	172	103	146	206	125	82
ENSG00000107611	3623	114	31	87	176	209	92
ENSG00000165124	3571	144	72	134	193	172	88
ENSG00000091656	3567	149	127	99	152	89	93
ENSG00000115464	3546	182	91	130	177	151	86
ENSG00000091536	3530	164	61	112	163	128	63
ENSG00000163625	3526	153	78	112	174	143	77
ENSG00000185842	3507	168	129	111	175	145	94
ENSG00000152818	3433	174	121	171	203	90	133
ENSG00000198198	3432	130	30	101	160	111	77
ENSG00000139618	3418	180	169	157	190	121	103
ENSG00000038427	3396	118	60	166	186	117	109
ENSG00000163092	3374	190	160	196	195	91	105
ENSG00000197410	3371	128	52	132	193	117	138
ENSG00000107736	3354	112	24	100	191	129	146
ENSG00000160299	3336	188	95	185	188	35	87
ENSG00000053747	3333	163	73	104	169	115	97
ENSG00000169894	3323	34	11	68	102	69	19
ENSG00000008300	3312	141	10	73	143	100	96
ENSG00000166341	3298	114	4	85	182	86	124
ENSG00000072195	3267	137	29	132	180	87	63
ENSG00000173230	3259	187	142	206	187	39	86
ENSG00000144406	3258	142	64	119	159	108	71
ENSG00000148773	3256	180	196	154	174	28	94
ENSG00000080603	3230	86	41	86	103	42	40
ENSG00000153201	3224	174	153	129	169	139	87
ENSG00000197603	3197	141	95	112	142	121	58
ENSG00000165164	3187	147	110	95	151	139	59
ENSG00000128815	3184	138	59	100	160	128	73
ENSG00000163359	3177	162	75	101	166	102	95
ENSG00000197969	3174	141	117	106	170	149	95
ENSG00000150893	3169	130	42	113	172	137	116
ENSG00000183495	3159	107	58	76	90	67	37
ENSG00000197386	3142	142	57	93	155	87	62
ENSG00000009413	3130	148	109	105	156	106	77
ENSG00000196569	3122	159	86	98	164	111	110
ENSG00000135837	3117	161	131	161	190	64	98
ENSG00000117724	3114	193	167	184	175	34	75
ENSG00000038382	3097	144	88	120	175	108	103
ENSG00000188596	3096	159	110	112	160	132	67
ENSG00000174844	3092	166	112	122	174	147	92
ENSG00000106772	3088	106	54	155	169	96	133
ENSG00000156920	3080	103	54	76	135	95	43
ENSG00000101680	3075	142	67	102	175	96	103
ENSG00000174197	3065	143	114	102	123	70	70
ENSG00000111799	3063	146	68	97	161	114	96
ENSG00000149311	3056	161	114	124	173	122	87
ENSG00000038219	3051	128	96	174	164	11	109
ENSG00000171634	3046	133	103	120	119	48	71
ENSG00000104093	3036	126	79	81	136	120	89
ENSG00000172869	3027	131	74	95	139	127	84
ENSG00000075539	3013	134	73	105	147	107	85
ENSG00000073910	3013	139	67	108	155	105	87
ENSG00000270629	2988	128	73	165	168	71	130
ENSG00000160145	2986	148	101	133	173	129	102
ENSG00000116539	2969	130	106	88	148	82	66
ENSG00000182095	2968	120	59	98	126	53	56
ENSG00000074755	2961	131	62	97	140	104	77
ENSG00000138162	2948	128	84	159	180	29	91
ENSG00000172915	2946	145	66	96	149	91	71
ENSG00000114270	2944	148	46	97	158	39	71
ENSG00000168016	2925	152	108	128	160	118	81
ENSG00000143126	2923	119	16	74	138	102	90
ENSG00000138829	2912	128	44	104	132	112	60
ENSG00000177200	2897	116	80	95	125	99	79
ENSG00000130589	2896	150	28	103	147	113	60
ENSG00000117523	2896	103	75	87	108	54	59
ENSG00000096696	2871	164	129	150	187	93	92
ENSG00000166147	2871	144	51	107	129	104	71
ENSG00000198589	2863	140	64	97	152	95	76
ENSG00000197915	2850	85	8	29	37	108	9
ENSG00000158683	2849	118	38	79	126	127	56
ENSG00000105429	2845	98	10	71	148	110	65
ENSG00000134982	2843	154	88	107	131	53	72
ENSG00000196712	2839	137	93	83	138	92	71
ENSG00000133401	2839	136	71	110	148	40	66
ENSG00000101825	2828	138	71	89	135	90	65
ENSG00000110799	2813	132	52	89	152	92	88
ENSG00000170776	2813	115	76	126	155	50	99
ENSG00000142449	2809	117	11	95	129	112	69
ENSG00000164190	2804	134	100	89	132	72	93
ENSG00000166963	2803	103	77	130	143	47	97
ENSG00000133863	2789	120	108	114	147	93	86
ENSG00000145934	2774	116	53	60	147	110	92
ENSG00000149256	2769	116	47	67	148	122	105
ENSG00000042832	2768	111	34	94	148	127	74
ENSG00000150995	2758	136	78	120	139	96	91
ENSG00000160796	2754	107	23	94	140	91	60
ENSG00000257335	2753	106	42	76	161	142	94
ENSG00000167978	2752	119	55	72	94	12	29
ENSG00000154864	2752	131	80	70	110	116	64
ENSG00000009694	2725	114	41	73	143	126	88
ENSG00000128591	2725	143	92	88	146	104	77
ENSG00000188994	2723	125	99	116	129	68	44
ENSG00000095951	2718	119	77	95	122	41	49
ENSG00000171811	2715	130	58	103	132	78	56
ENSG00000138778	2701	165	153	160	158	56	83
ENSG00000123104	2701	137	85	105	142	100	80
ENSG00000218336	2699	123	55	71	139	115	95
ENSG00000165671	2696	132	103	99	140	72	72
ENSG00000144426	2694	124	76	100	140	123	61
ENSG00000107290	2677	140	99	100	136	89	79
ENSG00000089154	2671	163	89	86	150	65	70
ENSG00000096433	2671	134	84	100	144	103	92
ENSG00000167522	2663	99	94	134	136	61	105
ENSG00000196924	2647	129	82	82	128	94	72
ENSG00000266074	2639	100	54	83	109	52	52
ENSG00000152580	2623	110	61	57	129	86	66
ENSG00000069020	2623	124	69	99	146	50	64
ENSG00000162402	2620	131	69	100	141	106	71
ENSG00000172752	2615	135	89	77	132	103	89
ENSG00000092148	2610	118	55	90	124	80	79
ENSG00000132466	2603	78	48	67	105	29	46
ENSG00000136068	2602	134	105	91	135	99	77
ENSG00000166004	2601	107	74	131	158	67	64
ENSG00000152223	2579	114	68	94	133	105	42
ENSG00000136367	2572	98	52	77	121	59	49
ENSG00000010327	2570	110	20	64	125	71	72
ENSG00000133454	2567	152	91	108	143	47	70
ENSG00000160460	2564	144	41	138	149	75	54
ENSG00000181555	2564	115	93	109	148	85	93
ENSG00000148400	2555	74	15	57	124	86	87
ENSG00000124486	2554	116	64	89	133	113	71
ENSG00000136011	2551	100	55	62	134	99	79
ENSG00000198793	2549	133	62	83	130	90	67
ENSG00000066933	2548	140	97	99	143	90	62
ENSG00000131503	2542	79	49	73	113	38	68
ENSG00000171914	2542	133	91	91	140	38	77
ENSG00000137076	2541	133	78	94	144	31	66
ENSG00000171988	2540	125	104	77	123	72	66
ENSG00000072121	2539	130	50	95	139	80	57
ENSG00000101639	2537	110	63	98	128	72	63
ENSG00000157766	2530	46	7	140	172	65	72
ENSG00000188906	2527	127	83	96	140	82	71
ENSG00000103335	2521	97	20	62	93	111	41
ENSG00000079432	2517	89	34	58	85	37	34
ENSG00000112659	2517	121	31	103	140	71	45
ENSG00000257743	2515	74	28	55	115	112	69
ENSG00000196498	2514	115	60	95	131	47	45
ENSG00000169710	2511	121	43	79	133	89	63
ENSG00000141837	2506	99	44	66	95	76	54
ENSG00000148143	2506	113	82	73	98	91	54
ENSG00000085224	2492	117	107	111	121	56	89
ENSG00000197081	2491	120	62	67	135	122	80
ENSG00000166833	2488	111	63	59	94	46	52
ENSG00000163629	2485	123	80	101	141	83	72
ENSG00000198707	2479	144	146	141	139	37	63
ENSG00000115414	2477	96	28	84	134	102	65
ENSG00000197694	2472	143	99	149	157	104	95
ENSG00000080345	2472	110	94	107	121	52	53
ENSG00000134250	2471	74	30	53	110	90	73
ENSG00000131711	2468	103	78	120	137	64	86
ENSG00000083097	2465	95	39	79	118	81	57
ENSG00000076555	2458	122	52	114	144	106	71
ENSG00000104133	2443	123	75	95	139	117	62
ENSG00000005339	2442	74	51	36	57	44	37
ENSG00000141027	2440	109	57	101	124	56	51
ENSG00000184956	2439	65	18	36	66	74	28
ENSG00000107331	2435	103	38	67	103	102	47
ENSG00000108021	2430	111	80	110	135	56	73
ENSG00000159140	2426	74	46	135	174	40	63
ENSG00000163554	2419	131	96	139	143	92	107
ENSG00000100393	2414	67	42	36	60	41	33
ENSG00000187908	2413	75	6	42	127	110	77
ENSG00000127124	2406	99	52	98	109	38	20
ENSG00000183638	2400	83	25	81	95	27	52
ENSG00000143520	2391	69	14	43	76	79	10
ENSG00000173898	2390	128	48	125	141	81	71
ENSG00000067798	2385	108	66	58	90	45	52
ENSG00000060237	2382	56	50	56	76	42	35
ENSG00000006283	2377	81	32	47	96	65	55
ENSG00000125107	2376	120	62	70	117	99	63
ENSG00000151779	2371	110	69	100	136	100	70
ENSG00000277399	2367	108	43	89	105	51	45
ENSG00000100106	2365	107	28	78	148	37	79
ENSG00000115306	2364	139	92	134	139	94	90
ENSG00000047410	2363	107	82	122	109	19	44
ENSG00000148396	2357	79	17	72	109	60	44
ENSG00000204186	2354	95	95	92	117	60	99
ENSG00000165899	2353	103	57	92	128	119	66
ENSG00000168014	2353	110	49	91	126	69	55
ENSG00000196557	2353	80	25	57	87	68	39
ENSG00000185958	2351	90	78	95	97	47	31
ENSG00000185010	2351	119	76	75	117	104	62
ENSG00000047936	2347	91	45	81	123	124	54
ENSG00000278540	2346	120	61	92	135	99	75
ENSG00000137812	2342	121	103	102	141	69	85
ENSG00000100731	2341	97	44	55	99	76	58
ENSG00000148408	2339	94	46	59	88	76	52
ENSG00000174231	2335	124	85	71	112	129	63
ENSG00000139304	2332	104	65	70	109	121	56
ENSG00000119397	2325	123	116	116	124	25	64
ENSG00000173546	2322	81	6	81	119	84	57
ENSG00000074181	2321	83	10	49	104	63	65
ENSG00000185658	2320	116	69	66	113	80	79
ENSG00000151320	2319	102	84	115	138	49	83
ENSG00000049618	2319	69	33	47	80	56	49
ENSG00000106278	2315	78	52	91	127	83	76
ENSG00000138193	2302	108	63	93	119	79	54
ENSG00000142197	2298	110	57	80	113	79	51
ENSG00000165238	2297	79	39	62	79	43	49
ENSG00000196440	2290	105	75	87	132	61	58
ENSG00000117713	2285	70	37	44	76	63	44
ENSG00000171467	2279	102	66	83	107	43	62
ENSG00000198691	2273	96	40	59	108	103	48
ENSG00000142207	2271	109	57	75	116	86	55
ENSG00000153207	2266	103	65	87	108	68	46
ENSG00000164151	2266	107	71	102	124	56	54
ENSG00000206384	2263	111	81	76	113	88	70
ENSG00000165029	2261	104	55	55	94	101	50
ENSG00000130943	2253	101	50	43	79	97	43
ENSG00000215421	2248	106	78	111	125	55	56
ENSG00000141431	2248	94	77	92	106	31	34
ENSG00000176542	2245	73	24	37	83	20	40
ENSG00000138246	2243	110	67	83	122	90	55
ENSG00000116580	2241	94	69	98	106	40	53
ENSG00000101191	2240	110	56	80	95	53	61
ENSG00000007202	2235	103	46	66	120	77	66
ENSG00000144674	2230	135	136	134	123	27	51
ENSG00000288701	2229	103	53	80	108	58	52
ENSG00000176225	2226	92	55	78	105	71	46
ENSG00000084774	2225	97	33	80	110	81	49
ENSG00000155761	2223	95	79	100	119	84	58
ENSG00000151067	2221	85	40	59	81	67	43
ENSG00000099991	2220	103	62	88	117	63	64
ENSG00000137474	2215	107	85	76	118	97	62
ENSG00000197321	2214	114	79	106	118	67	57
ENSG00000137642	2214	121	45	71	121	113	71
ENSG00000146555	2213	83	26	82	117	97	34
ENSG00000123066	2210	81	43	51	105	72	68
ENSG00000184445	2209	111	86	103	132	96	60
ENSG00000112249	2202	117	73	80	114	101	63
ENSG00000041982	2201	100	36	95	114	81	78
ENSG00000164880	2190	110	33	68	108	66	58
ENSG00000135905	2186	111	84	65	113	82	69
ENSG00000112379	2177	98	43	72	120	73	69
ENSG00000184634	2177	103	48	66	103	69	58
ENSG00000198796	2170	88	65	103	117	56	54
ENSG00000123636	2168	89	63	74	88	41	49
ENSG00000157388	2161	86	43	54	80	81	43
ENSG00000161681	2161	78	27	53	83	52	35
ENSG00000204469	2157	97	30	68	94	33	40
ENSG00000099331	2157	114	80	89	113	69	44
ENSG00000104237	2156	96	77	85	105	60	55
ENSG00000204740	2156	84	46	70	95	109	60
ENSG00000109927	2155	90	45	57	115	110	68
ENSG00000183530	2151	114	85	94	119	39	66
ENSG00000064687	2146	93	16	50	81	67	40
ENSG00000119596	2146	77	37	72	76	70	57
ENSG00000144893	2145	97	49	53	93	71	54
ENSG00000119285	2144	113	86	76	107	77	45
ENSG00000183090	2139	92	35	61	107	95	73
ENSG00000135749	2137	80	41	66	92	66	49
ENSG00000070182	2137	127	70	115	125	98	91
ENSG00000144028	2136	113	66	90	117	83	71
ENSG00000164050	2135	69	22	67	113	66	67
ENSG00000112297	2131	93	68	87	119	50	55
ENSG00000135476	2120	104	47	69	98	67	34
ENSG00000169994	2116	115	70	65	102	83	42
ENSG00000137497	2115	117	72	109	114	21	26
ENSG00000077235	2109	111	52	79	101	71	62
ENSG00000162849	2108	90	45	61	92	47	35
ENSG00000138658	2104	110	86	73	103	72	53
ENSG00000241973	2102	117	71	64	112	74	56
ENSG00000107099	2099	101	59	81	114	90	48
ENSG00000115020	2098	103	70	70	110	82	71
ENSG00000180113	2096	111	66	82	118	81	63
ENSG00000100503	2090	107	77	113	110	38	37
ENSG00000137337	2089	78	41	107	115	20	45
ENSG00000134909	2087	95	53	72	106	69	57
ENSG00000135636	2080	99	57	79	103	82	59
ENSG00000066739	2078	103	53	82	117	72	63
ENSG00000156650	2073	78	62	49	66	54	44
ENSG00000147251	2073	116	81	79	119	96	61
ENSG00000008869	2071	99	50	63	101	56	37
ENSG00000107186	2070	92	52	81	125	38	64
ENSG00000088387	2069	113	84	59	111	92	59
ENSG00000188157	2068	83	15	59	112	53	47
ENSG00000153827	2067	101	54	73	102	59	54
ENSG00000198646	2063	49	26	31	46	15	21
ENSG00000110237	2063	93	28	66	98	50	54
ENSG00000101745	2062	87	72	106	107	43	73
ENSG00000138119	2061	121	75	88	106	88	72
ENSG00000145555	2058	96	68	77	90	92	46
ENSG00000196535	2054	102	64	83	99	46	61
ENSG00000177103	2053	98	47	53	103	80	52
ENSG00000130158	2047	100	31	77	97	72	51
ENSG00000129493	2040	94	47	58	95	63	40
ENSG00000198670	2040	84	10	57	90	113	35
ENSG00000118482	2039	94	84	71	94	41	64
ENSG00000203710	2039	96	26	52	107	105	48
ENSG00000174373	2036	87	46	73	102	69	49
ENSG00000126464	2036	59	30	50	80	49	37
ENSG00000172534	2035	61	32	44	66	34	18
ENSG00000197136	2034	81	22	47	88	74	45
ENSG00000167880	2033	112	66	106	118	35	50
ENSG00000175216	2032	109	89	77	104	57	55
ENSG00000088538	2030	96	56	68	105	86	48
ENSG00000015133	2028	110	74	105	109	22	45
ENSG00000122966	2027	123	85	100	125	61	44
ENSG00000182670	2025	93	69	83	116	72	61
ENSG00000078674	2024	83	55	95	114	43	59
ENSG00000058453	2017	111	40	126	121	7	38
ENSG00000154237	2015	95	47	75	109	89	53
ENSG00000171587	2012	98	51	57	96	85	47
ENSG00000101596	2005	105	73	75	115	79	76
ENSG00000136531	2005	63	42	57	77	88	49
ENSG00000083168	2004	72	60	50	66	56	45
ENSG00000168769	2002	94	69	71	101	59	27
ENSG00000243156	2002	101	61	78	104	48	41
ENSG00000153253	2000	66	49	46	78	90	44
ENSG00000170004	2000	91	66	78	91	71	47
ENSG00000115155	1997	102	62	71	101	69	79
ENSG00000127329	1997	106	55	58	113	99	59
ENSG00000138771	1996	101	46	72	99	46	49
ENSG00000105357	1995	101	49	106	110	44	34
ENSG00000170921	1990	80	31	55	88	73	50
ENSG00000133858	1989	92	69	77	102	57	45
ENSG00000169432	1988	68	47	52	72	85	45
ENSG00000160294	1980	73	43	63	83	76	46
ENSG00000100815	1979	112	93	109	111	29	49
ENSG00000075292	1978	92	77	84	90	41	54
ENSG00000102001	1977	66	26	44	69	73	40
ENSG00000133026	1976	100	90	106	103	44	55
ENSG00000067369	1972	88	53	75	99	26	61
ENSG00000133392	1972	97	87	102	107	47	57
ENSG00000165521	1969	103	57	36	112	103	78
ENSG00000139718	1966	67	30	63	85	51	56
ENSG00000090905	1962	74	43	36	76	65	49
ENSG00000100345	1960	102	96	100	104	40	49
ENSG00000100207	1960	87	54	61	97	42	36
ENSG00000214595	1958	110	78	42	109	102	78
ENSG00000107863	1958	102	59	75	99	51	63
ENSG00000133816	1957	97	59	84	105	57	48
ENSG00000115970	1953	103	48	73	106	82	53
ENSG00000122778	1950	55	23	64	98	59	29
ENSG00000196208	1949	76	37	58	90	88	38
ENSG00000153107	1944	84	37	66	101	79	44
ENSG00000120549	1943	107	74	75	90	41	56
ENSG00000159450	1943	69	78	87	64	49	30
ENSG00000198265	1942	88	50	57	79	67	35
ENSG00000125414	1941	100	87	102	105	48	50
ENSG00000167716	1941	85	18	58	93	61	55
ENSG00000109063	1940	101	91	96	104	51	61
ENSG00000109061	1939	101	90	103	104	49	53
ENSG00000197616	1939	101	90	96	102	47	51
ENSG00000264424	1939	103	93	106	104	50	49
ENSG00000110046	1938	77	16	59	101	54	47
ENSG00000133020	1937	99	86	104	105	48	49
ENSG00000078687	1936	67	24	26	65	56	35
ENSG00000092054	1935	100	90	95	102	48	53
ENSG00000163638	1935	95	43	63	90	76	55
ENSG00000218819	1934	106	79	85	110	103	48
ENSG00000144821	1926	99	87	94	103	49	37
ENSG00000181378	1925	83	41	54	87	89	36
ENSG00000004399	1925	85	40	54	92	58	42
ENSG00000141449	1923	83	38	59	98	78	42
ENSG00000100697	1922	103	59	64	100	91	63
ENSG00000124201	1918	103	57	93	104	67	42
ENSG00000117000	1914	84	68	94	96	58	52
ENSG00000065534	1914	87	59	76	105	65	48
ENSG00000111642	1912	87	54	76	86	64	47
ENSG00000153707	1912	91	40	73	99	80	51
ENSG00000155085	1911	85	72	82	95	72	39
ENSG00000173157	1910	84	44	61	95	81	50
ENSG00000198753	1909	76	19	52	87	63	45
ENSG00000176771	1909	99	62	67	94	24	40
ENSG00000137145	1909	86	65	57	87	59	47
ENSG00000142949	1907	95	25	69	98	79	62
ENSG00000154305	1907	102	70	95	99	47	70
ENSG00000108557	1906	80	59	49	89	40	43
ENSG00000168502	1905	110	47	85	103	35	47
ENSG00000134569	1905	94	27	55	102	57	83
ENSG00000102763	1905	109	54	73	113	69	65
ENSG00000023516	1901	72	56	77	102	69	64
ENSG00000205978	1898	82	41	48	87	64	32
ENSG00000124006	1896	86	16	96	111	54	59
ENSG00000114554	1896	88	42	63	101	74	60
ENSG00000221866	1894	85	58	79	107	80	56
ENSG00000076356	1894	87	44	64	104	77	54
ENSG00000164694	1894	91	36	41	62	44	35
ENSG00000136861	1893	88	86	105	108	44	44
ENSG00000147133	1893	76	58	75	92	58	64
ENSG00000144357	1888	84	50	73	98	75	45
ENSG00000143552	1888	94	50	55	77	87	31
ENSG00000132182	1887	70	23	54	87	67	33
ENSG00000160111	1885	74	17	60	106	75	41
ENSG00000103994	1883	93	61	73	96	42	50
ENSG00000075568	1883	71	43	60	84	75	32
ENSG00000066735	1882	86	15	47	87	32	34
ENSG00000029534	1881	89	38	70	93	47	49
ENSG00000134369	1877	100	65	61	80	35	42
ENSG00000145700	1873	97	75	91	107	46	52
ENSG00000188559	1873	89	47	63	104	64	49
ENSG00000081248	1873	62	30	49	72	71	25
ENSG00000115355	1871	92	84	91	97	33	47
ENSG00000148843	1871	91	71	75	102	58	48
ENSG00000147459	1870	92	61	70	102	70	46
ENSG00000150760	1865	99	75	76	105	81	63
ENSG00000092439	1865	91	74	64	89	86	40
ENSG00000012048	1863	90	69	96	95	39	35
ENSG00000174485	1863	85	54	45	84	67	52
ENSG00000115183	1861	92	50	59	87	54	34
ENSG00000196739	1860	86	39	37	64	28	27
ENSG00000099139	1860	92	43	52	93	70	61
ENSG00000107862	1860	83	36	78	102	69	43
ENSG00000005483	1858	60	34	62	77	42	33
ENSG00000041515	1858	79	58	56	93	62	49
ENSG00000005379	1857	74	26	96	112	31	32
ENSG00000214814	1857	91	64	71	99	71	62
ENSG00000197535	1855	102	80	83	93	63	43
ENSG00000206530	1854	79	75	85	104	80	53
ENSG00000162105	1849	80	47	61	88	54	55
ENSG00000066777	1849	94	56	84	110	73	58
ENSG00000133812	1849	90	49	65	87	71	33
ENSG00000167306	1848	98	67	78	98	65	54
ENSG00000130856	1845	63	51	51	84	54	36
ENSG00000136813	1845	92	61	71	104	56	27
ENSG00000168334	1843	95	29	77	100	22	51
ENSG00000068878	1843	85	50	74	95	74	42
ENSG00000079308	1839	86	37	49	80	59	35
ENSG00000130635	1838	85	49	55	89	31	52
ENSG00000196576	1838	86	41	68	103	70	67
ENSG00000214655	1837	71	22	63	83	55	30
ENSG00000188827	1834	75	26	78	87	28	32
ENSG00000100354	1833	71	43	34	78	75	47
ENSG00000167395	1832	82	38	60	70	46	33
ENSG00000134516	1830	87	66	70	100	81	61
ENSG00000173575	1828	80	74	78	85	55	56
ENSG00000078018	1827	93	67	87	85	27	74
ENSG00000090402	1827	80	28	45	105	99	66
ENSG00000197892	1826	82	60	62	93	44	61
ENSG00000122728	1826	77	63	73	90	60	58
ENSG00000130396	1824	88	52	65	89	48	62
ENSG00000112769	1823	89	38	66	104	77	61
ENSG00000132470	1822	92	24	61	95	69	56
ENSG00000152582	1822	88	71	97	105	50	60
ENSG00000119681	1821	56	8	68	84	60	35
ENSG00000146247	1821	80	43	53	97	75	55
ENSG00000138182	1820	101	95	92	90	41	54
ENSG00000128159	1819	77	35	71	97	59	52
ENSG00000054523	1816	95	51	67	90	65	50
ENSG00000164944	1812	96	39	66	79	59	51
ENSG00000103197	1807	88	38	62	90	63	45
ENSG00000197077	1806	108	63	79	105	34	52
ENSG00000251322	1806	67	29	47	84	41	47
ENSG00000137177	1805	83	55	74	98	54	49
ENSG00000197555	1804	93	60	68	101	64	59
ENSG00000165288	1802	78	42	54	92	79	69
ENSG00000132849	1801	78	36	57	89	45	69
ENSG00000188352	1801	79	47	65	84	56	23
ENSG00000173193	1801	109	86	61	94	76	52
ENSG00000196632	1800	73	56	64	77	55	34
ENSG00000172037	1798	84	7	59	102	38	52
ENSG00000086015	1798	79	40	62	79	42	40
ENSG00000187955	1796	74	37	63	89	59	58
ENSG00000187605	1795	70	44	74	101	49	36
ENSG00000189195	1792	90	71	67	99	46	65
ENSG00000122257	1792	82	77	66	71	36	49
ENSG00000116183	1791	62	26	57	92	81	53
ENSG00000168356	1791	74	56	44	75	83	33
ENSG00000091136	1786	69	41	78	95	59	74
ENSG00000124198	1785	101	66	82	105	70	56
ENSG00000085185	1785	70	42	51	81	32	43
ENSG00000131016	1782	83	73	83	76	3	44
ENSG00000105738	1781	90	44	49	87	57	55
ENSG00000147234	1777	85	44	70	92	45	40
ENSG00000242866	1775	58	2	55	82	64	27
ENSG00000134313	1771	91	47	58	83	48	54
ENSG00000078177	1770	76	64	86	99	50	58
ENSG00000198862	1766	90	65	66	91	78	37
ENSG00000169629	1765	87	80	74	95	69	48
ENSG00000178031	1762	77	30	54	87	53	40
ENSG00000120733	1761	77	56	52	90	53	56
ENSG00000091128	1761	83	43	46	98	41	65
ENSG00000130940	1759	72	50	47	72	52	38
ENSG00000153165	1758	88	78	71	92	67	44
ENSG00000196862	1758	88	80	70	92	70	44
ENSG00000185304	1756	84	77	72	95	68	49
ENSG00000118898	1756	114	72	106	92	40	57
ENSG00000024048	1755	84	49	68	92	80	41
ENSG00000008226	1755	70	42	69	80	72	33
ENSG00000182871	1754	52	13	44	72	36	36
ENSG00000138002	1749	103	62	80	102	96	48
ENSG00000095319	1749	78	29	58	85	52	37
ENSG00000159459	1749	84	52	68	91	73	32
ENSG00000171798	1749	78	34	67	92	53	42
ENSG00000104067	1748	79	38	75	105	53	60
ENSG00000161996	1748	79	14	36	90	68	51
ENSG00000187627	1748	84	77	71	95	68	51
ENSG00000174718	1747	89	77	70	93	34	41
ENSG00000173517	1746	90	58	56	87	47	44
ENSG00000080573	1745	81	38	52	82	27	36
ENSG00000244731	1744	80	39	51	93	71	46
ENSG00000166783	1742	85	61	48	75	47	34
ENSG00000174145	1742	91	54	67	84	91	45
ENSG00000128833	1742	99	77	80	90	72	48
ENSG00000102452	1738	61	36	42	76	83	37
ENSG00000060749	1735	61	41	43	69	46	39
ENSG00000143776	1732	85	63	76	92	51	52
ENSG00000083067	1732	89	48	55	87	72	41
ENSG00000197893	1730	120	85	68	108	97	61
ENSG00000109111	1726	78	47	77	75	77	58
ENSG00000102699	1724	78	50	63	82	68	45
ENSG00000133640	1722	81	66	74	82	50	43
ENSG00000116991	1722	79	42	63	91	61	53
ENSG00000054219	1722	80	54	61	95	108	55
ENSG00000205726	1721	74	62	59	77	54	38
ENSG00000049323	1721	69	42	56	69	58	29
ENSG00000068654	1720	93	47	63	86	59	39
ENSG00000198718	1720	79	51	61	86	54	35
ENSG00000116731	1718	74	63	54	69	34	40
ENSG00000081913	1717	80	27	47	79	35	36
ENSG00000061987	1717	78	39	63	91	55	35
ENSG00000137628	1712	90	65	70	90	79	46
ENSG00000134871	1712	79	48	22	73	34	46
ENSG00000198752	1711	79	54	74	91	51	51
ENSG00000107890	1710	91	76	95	98	28	50
ENSG00000103995	1710	95	88	92	94	43	36
ENSG00000153922	1710	85	83	64	77	55	58
ENSG00000250423	1709	86	58	58	71	47	30
ENSG00000088827	1709	62	8	45	84	44	33
ENSG00000164327	1708	89	56	52	85	57	47
ENSG00000099381	1707	62	35	68	87	46	37
ENSG00000114127	1706	75	52	59	77	77	26
ENSG00000181381	1706	91	67	64	90	82	43
ENSG00000136383	1705	73	43	70	90	35	25
ENSG00000214944	1705	68	33	77	90	45	37
ENSG00000167972	1704	76	33	49	69	73	32
ENSG00000047365	1704	87	77	71	102	66	60
ENSG00000146426	1701	82	62	61	90	59	58
ENSG00000176681	1700	52	44	75	94	35	25
ENSG00000153820	1700	87	41	75	101	33	50
ENSG00000238083	1700	53	44	74	94	36	27
ENSG00000044090	1698	77	19	60	86	50	42
ENSG00000198399	1697	80	65	60	75	65	30
ENSG00000114805	1693	78	57	56	87	64	45
ENSG00000079841	1692	83	41	54	86	32	43
ENSG00000173769	1692	92	79	81	87	58	33
ENSG00000156218	1691	83	40	50	86	56	34
ENSG00000163939	1689	84	63	57	81	69	56
ENSG00000124782	1687	72	53	48	74	30	44
ENSG00000115568	1687	66	40	62	95	53	28
ENSG00000011405	1686	95	60	55	82	71	47
ENSG00000136378	1686	53	8	55	81	44	41
ENSG00000101605	1685	98	71	79	103	75	50
ENSG00000166348	1684	83	40	48	89	62	47
ENSG00000135968	1684	104	95	105	100	23	34
ENSG00000146414	1683	87	55	75	93	56	41
ENSG00000136153	1683	97	73	66	90	69	53
ENSG00000136546	1682	67	55	33	57	72	26
ENSG00000124203	1677	70	33	58	90	23	37
ENSG00000106804	1676	82	64	62	97	83	47
ENSG00000141367	1675	88	47	68	92	82	47
ENSG00000185038	1674	85	53	69	83	56	33
ENSG00000139116	1674	69	60	64	90	25	44
ENSG00000171735	1673	47	30	54	78	53	24
ENSG00000273136	1673	71	43	78	84	48	62
ENSG00000169031	1670	70	41	28	67	14	26
ENSG00000163946	1670	91	63	82	101	61	43
ENSG00000187498	1669	75	55	39	76	16	28
ENSG00000123200	1668	67	53	73	52	19	53
ENSG00000118492	1667	86	70	70	84	64	39
ENSG00000148840	1664	57	25	56	73	21	41
ENSG00000125730	1663	95	60	62	89	67	53
ENSG00000129646	1663	71	28	45	90	26	70
ENSG00000077063	1663	86	55	50	73	36	42
ENSG00000124126	1659	83	52	69	86	58	43
ENSG00000005108	1657	74	40	59	85	42	33
ENSG00000003393	1657	72	34	63	90	65	36
ENSG00000140575	1657	81	59	62	87	58	63
ENSG00000180900	1655	73	14	73	88	26	40
ENSG00000226321	1653	105	28	94	98	5	28
ENSG00000169855	1651	66	35	51	96	59	55
ENSG00000011451	1651	76	27	70	80	41	27
ENSG00000188158	1651	74	39	56	77	32	46
ENSG00000070047	1649	60	21	64	71	22	36
ENSG00000128829	1649	79	57	59	87	67	42
ENSG00000118193	1648	97	74	77	102	48	34
ENSG00000110514	1647	74	32	65	90	54	47
ENSG00000127616	1647	62	50	55	66	44	31
ENSG00000134744	1644	87	61	55	73	38	43
ENSG00000021645	1643	71	35	43	100	66	75
ENSG00000132510	1643	65	29	40	62	45	19
ENSG00000154265	1642	60	49	40	59	73	28
ENSG00000179832	1641	85	28	60	86	48	35
ENSG00000070371	1640	91	48	72	96	77	48
ENSG00000183246	1639	72	26	61	85	42	37
ENSG00000274600	1639	72	26	61	85	42	35
ENSG00000275793	1639	72	27	61	86	41	37
ENSG00000116852	1637	73	55	65	91	33	44
ENSG00000076201	1636	67	32	50	74	48	37
ENSG00000133056	1634	83	45	41	93	70	51
ENSG00000176809	1634	48	41	75	91	34	23
ENSG00000183856	1631	90	43	58	81	50	40
ENSG00000182752	1627	60	22	48	86	67	57
ENSG00000153404	1627	81	19	59	93	34	42
ENSG00000077097	1626	87	74	70	90	69	52
ENSG00000169436	1626	77	38	48	85	23	40
ENSG00000154258	1624	66	37	47	72	75	34
ENSG00000090006	1624	68	6	56	68	56	37
ENSG00000132972	1623	72	61	82	98	66	63
ENSG00000179698	1622	74	11	31	64	52	27
ENSG00000059588	1621	83	40	57	80	65	40
ENSG00000141338	1621	63	40	49	67	67	34
ENSG00000132688	1621	87	37	79	73	26	34
ENSG00000048342	1620	66	42	66	88	74	38
ENSG00000171094	1620	67	26	48	85	61	28
ENSG00000047578	1618	73	44	71	96	50	64
ENSG00000130816	1616	76	50	65	86	59	53
ENSG00000146950	1616	90	37	71	99	26	58
ENSG00000095777	1616	85	73	72	95	61	32
ENSG00000162337	1615	73	18	38	88	45	77
ENSG00000070018	1613	74	22	52	84	53	75
ENSG00000135540	1610	58	25	45	76	31	43
ENSG00000143199	1610	91	60	58	89	78	34
ENSG00000135862	1609	68	40	67	82	44	51
ENSG00000121210	1609	69	38	48	72	72	36
ENSG00000085511	1608	86	54	63	92	59	46
ENSG00000046889	1606	75	55	56	82	66	46
ENSG00000002746	1606	63	27	61	83	60	42
ENSG00000144229	1606	73	37	64	83	42	33
ENSG00000170832	1604	73	42	60	79	72	49
ENSG00000126705	1603	69	29	37	70	49	35
ENSG00000100150	1603	70	30	56	85	68	41
ENSG00000134160	1603	81	50	49	72	56	39
ENSG00000130559	1602	85	61	69	79	34	47
ENSG00000158987	1601	78	57	57	78	54	51
ENSG00000114867	1599	64	43	66	75	32	31
ENSG00000050327	1597	76	23	66	80	41	30
ENSG00000152217	1596	67	56	46	68	33	36
ENSG00000151388	1594	77	41	57	77	58	28
ENSG00000023287	1594	85	65	86	87	39	46
ENSG00000125676	1593	73	61	54	77	58	52
ENSG00000156299	1591	77	49	58	77	48	52
ENSG00000198722	1591	82	51	61	90	67	62
ENSG00000146530	1590	65	37	52	88	67	47
ENSG00000080503	1590	59	47	57	62	46	31
ENSG00000205413	1589	74	68	79	88	76	50
ENSG00000099814	1589	84	22	61	84	30	38
ENSG00000198300	1588	77	47	91	94	67	38
ENSG00000074047	1586	41	18	30	60	31	27
ENSG00000171495	1585	90	40	57	86	65	37
ENSG00000075151	1585	82	54	54	66	40	56
ENSG00000142609	1584	67	54	57	80	60	40
ENSG00000177409	1584	83	80	74	83	81	45
ENSG00000143702	1584	85	52	64	85	27	51
ENSG00000123572	1582	75	44	59	73	54	32
ENSG00000125686	1581	72	54	28	62	31	43
ENSG00000006071	1581	66	33	30	52	62	29
ENSG00000106571	1580	56	21	37	71	38	34
ENSG00000070601	1578	79	40	67	92	47	44
ENSG00000107554	1577	79	32	69	77	55	45
ENSG00000066084	1576	73	36	41	82	40	38
ENSG00000214929	1576	79	48	51	78	46	33
ENSG00000050555	1575	66	19	46	84	44	40
ENSG00000145703	1575	82	67	71	85	52	53
ENSG00000179954	1573	61	8	40	77	31	37
ENSG00000159082	1573	84	48	46	80	63	36
ENSG00000138411	1572	61	21	66	88	61	48
ENSG00000160305	1571	74	36	40	81	41	41
ENSG00000105613	1570	71	28	56	72	46	34
ENSG00000142599	1566	50	23	43	60	32	38
ENSG00000182253	1565	84	35	79	78	42	41
ENSG00000198677	1564	78	66	57	81	70	43
ENSG00000215041	1562	56	15	52	80	52	43
ENSG00000136274	1562	29	10	60	94	13	52
ENSG00000182150	1561	86	80	69	89	54	54
ENSG00000063169	1560	38	20	32	45	19	16
ENSG00000151240	1556	68	26	45	84	41	42
ENSG00000198604	1556	67	50	57	65	41	44
ENSG00000136731	1555	71	44	53	75	75	47
ENSG00000171219	1551	69	22	63	85	41	31
ENSG00000137857	1551	82	23	48	80	79	38
ENSG00000069431	1549	65	33	32	49	71	28
ENSG00000146463	1548	71	57	46	62	61	38
ENSG00000023839	1545	59	33	34	55	61	24
ENSG00000196914	1544	71	49	68	93	35	63
ENSG00000117139	1544	76	44	57	86	53	42
ENSG00000120318	1544	66	22	51	80	53	36
ENSG00000154263	1543	63	47	52	65	63	24
ENSG00000130338	1543	52	15	41	72	48	33
ENSG00000162591	1541	51	2	34	68	49	28
ENSG00000039319	1539	57	49	67	86	40	56
ENSG00000074054	1538	91	53	47	67	38	43
ENSG00000104885	1537	72	51	47	67	32	31
ENSG00000100578	1533	63	51	60	90	27	51
ENSG00000162688	1532	88	48	59	90	84	40
ENSG00000103222	1531	73	30	35	56	64	34
ENSG00000102908	1531	31	25	43	69	40	26
ENSG00000131747	1531	79	70	69	88	62	45
ENSG00000178965	1530	74	55	69	65	28	37
ENSG00000145147	1529	69	40	43	79	71	45
ENSG00000164741	1528	77	46	57	74	39	47
ENSG00000108846	1527	61	27	32	45	63	28
ENSG00000154309	1524	59	34	31	57	71	27
ENSG00000135763	1524	66	28	47	72	61	30
ENSG00000184347	1523	69	38	41	71	58	44
ENSG00000173442	1523	66	24	70	80	21	28
ENSG00000132694	1522	69	31	76	90	26	52
ENSG00000163781	1522	76	52	68	85	58	37
ENSG00000165801	1519	66	12	60	83	35	21
ENSG00000075702	1518	65	29	39	85	55	52
ENSG00000102595	1516	86	57	47	74	81	51
ENSG00000050030	1516	65	57	68	83	50	48
ENSG00000198853	1516	48	13	38	73	38	31
ENSG00000082269	1515	63	38	49	78	52	45
ENSG00000125386	1515	57	32	56	65	27	34
ENSG00000137802	1514	65	26	41	81	42	48
ENSG00000095015	1512	65	35	48	73	39	27
ENSG00000136628	1512	75	58	74	88	59	42
ENSG00000065883	1512	62	49	46	68	40	32
ENSG00000168916	1512	51	49	39	59	18	35
ENSG00000082516	1508	76	43	57	86	62	42
ENSG00000145041	1507	68	41	50	71	56	47
ENSG00000257923	1505	70	47	75	81	23	26
ENSG00000010322	1504	57	25	53	75	60	36
ENSG00000164715	1503	52	19	72	84	46	62
ENSG00000142185	1503	74	36	46	74	68	41
ENSG00000186566	1502	57	47	48	68	25	39
ENSG00000100852	1502	72	58	60	90	70	63
ENSG00000021826	1500	73	60	52	73	63	41
ENSG00000165240	1500	54	39	55	81	41	31
ENSG00000206190	1499	55	24	43	66	52	33
ENSG00000186174	1499	37	16	26	41	12	12
ENSG00000160007	1499	77	51	58	77	64	48
ENSG00000090615	1498	81	57	87	96	7	40
ENSG00000121101	1497	74	35	59	74	50	49
ENSG00000065618	1497	53	25	32	55	46	26
ENSG00000198837	1496	54	11	45	70	46	16
ENSG00000078269	1496	65	37	39	68	53	44
ENSG00000083223	1495	80	69	53	63	46	44
ENSG00000170471	1494	66	32	44	74	48	35
ENSG00000158352	1493	62	37	57	83	37	24
ENSG00000124574	1492	62	18	33	47	56	19
ENSG00000151276	1491	54	42	62	83	29	50
ENSG00000275832	1491	80	27	51	84	37	47
ENSG00000167258	1490	60	48	59	77	39	29
ENSG00000091157	1490	65	32	41	67	44	39
ENSG00000118200	1489	73	58	56	74	39	33
ENSG00000070814	1488	68	59	39	39	4	20
ENSG00000139219	1487	73	29	50	70	14	31
ENSG00000099954	1484	68	31	44	59	45	30
ENSG00000273079	1484	61	41	34	67	71	46
ENSG00000009954	1483	80	66	61	60	40	36
ENSG00000126838	1482	57	33	54	78	74	23
ENSG00000001626	1480	69	49	38	55	62	26
ENSG00000130508	1479	71	17	45	78	63	45
ENSG00000011028	1479	55	15	48	79	74	41
ENSG00000165219	1478	62	31	64	74	35	46
ENSG00000163820	1478	83	46	71	80	29	32
ENSG00000168071	1476	80	17	73	83	10	27
ENSG00000124789	1475	58	50	32	53	62	20
ENSG00000175899	1474	69	47	53	77	74	26
ENSG00000072071	1474	63	25	43	70	58	32
ENSG00000091592	1473	70	26	56	81	58	29
ENSG00000165684	1469	65	29	45	56	29	24
ENSG00000164080	1467	65	36	42	64	46	37
ENSG00000168542	1466	65	31	42	61	16	21
ENSG00000123191	1465	56	33	44	68	29	30
ENSG00000036448	1465	81	47	63	87	71	57
ENSG00000108821	1464	70	25	41	70	13	30
ENSG00000111647	1464	81	49	44	80	44	53
ENSG00000183454	1464	63	32	40	74	66	50
ENSG00000139218	1463	65	57	57	61	29	35
ENSG00000153246	1463	55	27	56	73	83	34
ENSG00000187535	1462	79	34	58	82	68	48
ENSG00000101868	1462	72	58	58	76	65	41
ENSG00000114857	1462	63	49	48	69	38	43
ENSG00000154783	1462	65	27	65	72	45	42
ENSG00000163125	1461	62	37	51	75	32	32
ENSG00000105227	1461	67	41	83	83	12	13
ENSG00000118322	1461	56	24	45	69	58	33
ENSG00000067141	1461	59	27	41	66	50	43
ENSG00000110274	1460	79	49	74	75	22	30
ENSG00000142235	1460	50	15	52	77	33	33
ENSG00000181827	1460	53	32	33	54	33	30
ENSG00000119778	1458	70	50	49	70	40	48
ENSG00000268043	1457	68	49	66	74	36	45
ENSG00000260314	1456	73	47	49	82	81	51
ENSG00000187391	1455	67	33	50	87	39	48
ENSG00000122483	1454	80	80	86	85	14	26
ENSG00000166535	1454	64	36	42	75	76	36
ENSG00000177675	1453	65	16	46	81	70	46
ENSG00000131951	1453	76	55	55	71	49	27
ENSG00000173482	1452	60	30	46	75	67	35
ENSG00000144554	1451	68	51	53	77	50	47
ENSG00000186635	1450	66	25	64	83	54	29
ENSG00000215910	1449	66	18	38	63	44	16
ENSG00000083642	1447	75	70	56	79	42	45
ENSG00000150471	1447	67	37	33	71	57	38
ENSG00000187323	1447	56	23	36	63	42	27
ENSG00000185920	1447	56	28	40	62	64	33
ENSG00000060656	1446	59	16	53	78	73	31
ENSG00000136205	1445	52	36	38	70	45	42
ENSG00000144724	1445	67	31	48	73	61	41
ENSG00000156535	1445	61	33	51	76	70	35
ENSG00000177992	1445	65	35	42	68	30	29
ENSG00000031081	1444	68	37	65	80	31	28
ENSG00000168137	1442	65	29	41	62	26	32
ENSG00000196090	1441	67	30	46	75	68	34
ENSG00000084676	1441	55	22	31	51	28	34
ENSG00000048649	1441	67	64	63	68	22	46
ENSG00000065060	1440	64	37	46	73	42	40
ENSG00000152894	1439	60	27	47	76	67	34
ENSG00000130779	1438	78	71	76	65	15	39
ENSG00000188649	1437	65	57	54	73	72	34
ENSG00000114770	1437	64	33	38	55	57	29
ENSG00000147548	1437	69	49	63	87	42	35
ENSG00000159753	1435	62	11	41	75	26	40
ENSG00000153339	1435	75	41	51	83	56	29
ENSG00000151687	1434	69	45	51	72	62	29
ENSG00000089250	1434	71	45	52	74	62	38
ENSG00000168781	1433	59	31	59	83	51	37
ENSG00000165392	1432	73	65	64	85	47	47
ENSG00000167971	1431	62	29	47	64	13	25
ENSG00000196730	1430	70	43	41	76	52	46
ENSG00000180263	1430	94	69	56	67	46	37
ENSG00000047188	1430	75	45	43	61	55	31
ENSG00000088812	1429	61	25	31	60	64	28
ENSG00000151458	1429	64	29	47	62	33	32
ENSG00000156931	1428	78	48	54	80	65	45
ENSG00000170160	1427	80	68	73	85	30	44
ENSG00000160323	1427	62	3	39	61	50	29
ENSG00000116128	1426	54	24	25	51	15	19
ENSG00000131697	1426	66	17	41	61	38	27
ENSG00000145246	1426	58	38	46	60	61	34
ENSG00000157077	1425	53	35	41	74	46	54
ENSG00000124151	1424	53	26	29	51	29	32
ENSG00000141298	1423	63	32	70	80	32	42
ENSG00000107036	1423	57	24	52	81	69	36
ENSG00000134775	1422	65	40	49	60	33	42
ENSG00000163872	1422	73	57	40	42	27	24
ENSG00000248905	1419	75	49	66	79	30	34
ENSG00000070366	1419	75	37	54	72	48	46
ENSG00000197299	1417	76	62	45	69	45	42
ENSG00000137831	1416	81	76	82	90	17	38
ENSG00000149527	1416	63	23	41	73	41	41
ENSG00000162804	1413	59	12	34	62	64	32
ENSG00000150527	1412	65	44	65	69	42	53
ENSG00000112851	1412	78	52	46	72	40	47
ENSG00000142621	1412	84	76	73	76	24	29
ENSG00000196663	1411	56	24	40	77	63	37
ENSG00000180357	1411	50	43	53	61	12	35
ENSG00000102189	1411	80	77	87	87	11	37
ENSG00000176406	1411	72	32	39	73	35	37
ENSG00000143442	1410	51	27	37	47	44	21
ENSG00000125844	1410	96	83	98	99	7	16
ENSG00000111077	1409	62	22	44	71	44	30
ENSG00000147724	1406	57	27	48	70	50	45
ENSG00000275342	1406	62	26	47	68	38	31
ENSG00000134376	1406	39	21	37	64	74	33
ENSG00000044459	1405	87	72	73	78	21	31
ENSG00000116690	1404	104	94	71	87	22	17
ENSG00000249437	1403	72	45	50	64	61	30
ENSG00000135315	1403	78	78	72	78	40	38
ENSG00000147050	1401	57	42	34	63	50	31
ENSG00000010292	1401	77	42	48	74	44	36
ENSG00000140323	1401	56	9	27	55	56	28
ENSG00000038358	1401	54	18	40	76	28	41
ENSG00000164078	1400	48	10	25	69	50	42
ENSG00000140386	1400	64	53	45	71	39	42
ENSG00000198932	1395	54	37	78	74	55	31
ENSG00000147082	1395	81	75	57	58	37	14
ENSG00000170871	1395	44	33	78	79	59	43
ENSG00000138095	1394	88	59	57	75	50	46
ENSG00000103932	1393	61	9	36	54	34	23
ENSG00000139697	1393	64	45	45	68	48	39
ENSG00000118873	1393	61	42	52	74	50	41
ENSG00000204624	1392	47	13	33	44	65	18
ENSG00000180777	1392	71	63	81	80	37	40
ENSG00000113569	1391	55	31	42	77	55	42
ENSG00000105976	1390	62	28	42	74	62	35
ENSG00000156802	1390	66	43	46	70	46	45
ENSG00000148606	1390	81	60	50	76	53	38
ENSG00000243978	1388	51	11	32	51	16	26
ENSG00000134318	1388	79	65	75	80	30	49
ENSG00000204291	1388	40	18	49	72	29	34
ENSG00000163808	1388	83	69	83	74	35	30
ENSG00000090924	1386	50	14	54	74	29	30
ENSG00000163214	1386	73	41	54	66	57	28
ENSG00000120278	1385	67	43	51	72	51	48
ENSG00000108797	1384	59	5	37	70	70	38
ENSG00000129116	1383	63	30	45	63	42	28
ENSG00000135048	1383	76	35	25	68	72	44
ENSG00000107581	1382	64	47	64	79	40	50
ENSG00000171105	1382	70	44	54	78	56	39
ENSG00000101004	1382	69	34	81	75	30	31
ENSG00000173706	1381	50	16	47	64	38	13
ENSG00000108582	1380	71	32	43	73	67	38
ENSG00000160949	1378	59	12	47	67	28	29
ENSG00000185008	1378	60	21	31	73	43	44
ENSG00000121741	1377	65	51	47	61	65	34
ENSG00000019144	1377	66	26	46	54	21	18
ENSG00000087303	1375	56	12	37	66	62	44
ENSG00000170242	1375	72	57	62	75	60	54
ENSG00000032444	1375	61	21	38	68	36	35
ENSG00000197442	1374	67	50	63	83	59	38
ENSG00000181409	1374	36	11	48	70	32	31
ENSG00000186648	1372	63	19	48	64	28	40
ENSG00000167676	1371	98	82	18	75	13	55
ENSG00000079691	1371	71	48	49	63	22	40
ENSG00000147130	1370	53	36	45	53	52	27
ENSG00000104728	1369	52	29	49	60	49	37
ENSG00000132938	1369	73	44	52	67	25	32
ENSG00000067248	1369	72	54	51	74	52	37
ENSG00000186638	1368	58	40	53	63	46	42
ENSG00000140443	1367	64	36	51	68	56	29
ENSG00000064932	1366	55	23	49	75	47	40
ENSG00000164692	1366	68	13	39	60	16	17
ENSG00000109685	1365	69	60	52	75	51	36
ENSG00000054690	1364	63	37	54	65	44	21
ENSG00000037280	1363	60	25	53	75	50	39
ENSG00000141867	1362	42	34	44	56	17	22
ENSG00000104880	1361	56	30	56	66	32	35
ENSG00000154310	1360	63	39	49	72	37	32
ENSG00000116062	1360	69	46	56	68	53	40
ENSG00000165757	1359	67	30	51	74	34	35
ENSG00000140798	1359	55	37	30	52	53	33
ENSG00000015520	1359	44	14	25	56	63	25
ENSG00000254656	1358	62	12	51	63	50	29
ENSG00000196455	1358	57	39	48	81	50	51
ENSG00000116147	1358	51	13	53	77	59	42
ENSG00000126777	1357	82	83	90	85	13	31
ENSG00000148498	1356	75	26	49	79	39	48
ENSG00000177728	1356	45	15	34	56	51	34
ENSG00000128052	1356	64	49	49	77	53	40
ENSG00000067900	1354	81	66	64	70	39	44
ENSG00000162104	1353	62	36	38	64	58	29
ENSG00000163618	1353	64	47	50	70	48	45
ENSG00000005700	1353	71	48	38	69	57	43
ENSG00000103404	1352	67	34	28	50	31	28
ENSG00000107104	1352	58	38	47	66	21	35
ENSG00000166436	1351	54	32	48	64	31	17
ENSG00000080854	1349	49	16	44	59	44	20
ENSG00000090975	1349	62	25	37	68	56	40
ENSG00000182348	1349	62	56	46	65	42	34
ENSG00000157741	1347	57	37	37	44	22	19
ENSG00000183878	1347	57	41	30	70	53	33
ENSG00000102290	1347	48	32	41	68	43	44
ENSG00000163531	1347	57	27	45	65	50	41
ENSG00000183248	1346	27	5	16	22	7	9
ENSG00000118156	1346	61	33	43	73	30	33
ENSG00000166813	1343	75	27	68	70	21	23
ENSG00000197283	1343	53	27	41	57	36	28
ENSG00000065361	1342	54	28	39	67	53	29
ENSG00000157796	1342	76	62	44	81	59	47
ENSG00000099290	1341	63	50	64	76	48	50
ENSG00000071909	1341	65	41	50	74	50	34
ENSG00000100813	1341	62	52	56	62	9	24
ENSG00000172661	1341	61	51	64	76	50	49
ENSG00000148219	1339	60	25	52	60	52	31
ENSG00000185950	1338	44	8	20	46	31	25
ENSG00000020181	1338	45	10	35	47	49	17
ENSG00000102755	1338	72	64	35	62	57	37
ENSG00000138356	1338	67	42	53	69	52	33
ENSG00000178921	1338	56	13	48	79	39	40
ENSG00000149177	1337	56	32	46	79	59	41
ENSG00000121892	1337	72	58	56	78	39	42
ENSG00000125089	1336	57	18	39	65	46	31
ENSG00000105464	1336	50	12	27	59	46	32
ENSG00000136709	1336	51	24	32	54	44	32
ENSG00000138834	1336	56	26	51	62	38	40
ENSG00000147255	1336	48	17	40	65	59	29
ENSG00000141564	1335	58	24	25	68	51	41
ENSG00000167566	1334	47	23	40	60	13	24
ENSG00000158125	1333	52	42	49	69	62	34
ENSG00000115904	1333	74	39	63	69	55	29
ENSG00000141503	1332	60	36	32	67	38	40
ENSG00000100485	1332	72	41	55	66	57	36
ENSG00000070061	1332	59	43	52	71	60	41
ENSG00000172349	1332	69	39	49	69	19	28
ENSG00000174469	1331	60	28	30	68	66	46
ENSG00000113971	1330	64	42	47	62	58	35
ENSG00000132382	1328	70	39	43	54	32	28
ENSG00000140525	1328	79	53	46	68	48	30
ENSG00000122482	1327	67	60	48	68	48	40
ENSG00000173273	1327	59	37	41	64	28	34
ENSG00000164989	1326	87	65	61	73	43	30
ENSG00000125257	1325	69	39	35	49	55	25
ENSG00000163867	1325	68	56	43	57	51	25
ENSG00000103449	1324	48	29	39	52	29	19
ENSG00000184313	1323	54	25	49	67	33	21
ENSG00000115687	1323	51	15	54	72	36	47
ENSG00000040199	1323	46	20	35	64	33	36
ENSG00000158636	1322	62	47	28	34	10	12
ENSG00000150627	1322	63	36	32	74	77	50
ENSG00000008294	1321	67	49	51	62	37	39
ENSG00000152990	1321	55	22	29	50	58	28
ENSG00000160584	1321	49	20	29	52	35	28
ENSG00000130287	1321	40	9	57	66	41	30
ENSG00000073734	1321	64	34	32	44	60	26
ENSG00000146216	1321	58	18	47	58	22	30
ENSG00000169184	1320	34	14	26	58	29	27
ENSG00000168026	1320	70	55	54	71	43	31
ENSG00000138347	1320	57	30	53	69	40	26
ENSG00000069869	1319	60	37	45	62	58	41
ENSG00000177398	1318	43	13	48	65	53	25
ENSG00000130653	1317	69	32	38	63	40	34
ENSG00000089177	1317	73	64	63	74	35	37
ENSG00000123607	1316	65	45	67	80	54	44
ENSG00000103494	1315	64	44	64	72	33	40
ENSG00000163482	1315	47	15	40	58	41	24
ENSG00000275066	1314	54	48	42	64	34	35
ENSG00000164068	1314	54	20	43	65	52	32
ENSG00000204842	1313	39	19	25	30	26	12
ENSG00000102313	1313	51	22	32	56	40	18
ENSG00000113522	1312	73	67	76	73	30	46
ENSG00000054267	1312	58	61	62	64	23	39
ENSG00000126461	1312	44	29	22	47	8	30
ENSG00000198795	1311	62	50	48	64	46	36
ENSG00000178950	1311	60	26	42	65	60	41
ENSG00000155966	1311	55	41	42	55	30	25
ENSG00000074276	1310	47	10	39	74	50	51
ENSG00000099308	1309	53	16	40	57	42	35
ENSG00000132361	1309	69	29	51	70	50	35
ENSG00000173040	1308	67	36	55	59	37	20
ENSG00000152910	1308	56	23	39	70	66	36
ENSG00000178568	1308	59	31	37	73	59	48
ENSG00000159640	1306	54	25	41	68	60	39
ENSG00000081237	1306	59	44	44	61	50	37
ENSG00000091129	1304	53	37	51	61	56	34
ENSG00000115524	1304	59	41	41	60	42	42
ENSG00000130749	1303	41	27	25	57	27	39
ENSG00000130939	1302	64	29	40	48	48	28
ENSG00000128849	1302	76	60	65	69	14	38
ENSG00000152591	1301	28	23	31	30	3	27
ENSG00000074657	1301	72	62	37	47	37	27
ENSG00000256463	1300	45	29	34	46	26	21
ENSG00000170322	1299	54	33	31	44	25	25
ENSG00000120332	1299	56	34	58	80	42	53
ENSG00000204120	1299	46	30	46	53	40	28
ENSG00000136111	1298	63	38	50	66	33	31
ENSG00000181090	1298	60	29	45	56	30	49
ENSG00000110497	1298	58	2	49	64	35	24
ENSG00000027644	1297	60	14	48	65	49	29
ENSG00000168658	1294	74	53	57	79	52	43
ENSG00000196586	1294	67	53	44	73	49	36
ENSG00000095637	1292	59	33	46	62	34	44
ENSG00000175931	1292	53	32	51	63	37	41
ENSG00000143379	1291	63	50	41	52	45	31
ENSG00000124181	1290	60	30	65	71	65	43
ENSG00000113810	1288	69	58	71	75	35	34
ENSG00000169247	1288	69	28	55	62	60	21
ENSG00000154529	1288	56	14	32	65	57	32
ENSG00000106714	1288	57	14	30	65	57	33
ENSG00000178814	1288	51	7	32	76	36	34
ENSG00000142733	1288	46	13	41	66	45	37
ENSG00000064309	1287	50	23	33	56	51	25
ENSG00000004777	1287	53	8	33	51	40	15
ENSG00000184014	1287	62	41	50	71	55	37
ENSG00000092200	1286	63	43	58	67	31	39
ENSG00000005471	1286	69	40	39	43	53	28
ENSG00000148204	1285	46	2	31	65	49	30
ENSG00000127980	1283	54	33	39	60	37	33
ENSG00000156675	1283	53	32	52	69	23	39
ENSG00000165733	1282	51	37	35	55	45	44
ENSG00000104447	1281	62	49	41	66	34	38
ENSG00000119685	1281	58	39	33	54	49	19
ENSG00000085563	1280	64	38	39	49	51	32
ENSG00000074964	1279	48	25	35	50	45	40
ENSG00000114650	1279	45	14	28	59	50	32
ENSG00000141458	1278	43	20	22	56	63	40
ENSG00000100767	1278	60	5	36	66	25	36
ENSG00000204843	1278	59	36	59	62	21	39
ENSG00000055163	1278	67	39	55	68	67	38
ENSG00000168038	1275	58	28	48	71	49	30
ENSG00000185261	1275	72	52	47	63	50	27
ENSG00000125755	1274	65	44	53	67	30	29
ENSG00000158966	1274	56	31	34	68	58	37
ENSG00000167077	1274	59	23	43	64	40	26
ENSG00000170456	1274	58	42	48	68	52	35
ENSG00000134571	1274	59	34	55	74	58	41
ENSG00000169375	1273	58	38	43	52	46	29
ENSG00000058335	1273	61	45	43	63	52	31
ENSG00000131504	1272	62	43	53	59	27	38
ENSG00000186716	1271	56	37	52	74	41	40
ENSG00000213079	1271	39	20	34	46	32	27
ENSG00000135829	1270	61	31	47	64	63	19
ENSG00000171681	1270	43	35	35	35	17	40
ENSG00000177731	1269	61	34	48	63	45	31
ENSG00000007545	1269	52	33	41	64	17	32
ENSG00000115677	1268	66	58	60	67	24	42
ENSG00000138802	1268	33	12	23	46	46	33
ENSG00000185164	1267	66	33	40	62	57	36
ENSG00000166716	1267	63	47	31	55	34	24
ENSG00000109436	1266	63	35	50	72	61	44
ENSG00000197943	1265	65	41	57	71	73	51
ENSG00000116984	1265	68	48	45	67	60	43
ENSG00000163535	1265	72	63	60	67	34	42
ENSG00000204394	1264	55	18	46	67	47	38
ENSG00000196305	1262	58	43	49	71	56	40
ENSG00000137962	1261	69	54	51	67	34	43
ENSG00000173175	1261	47	16	39	53	49	21
ENSG00000106078	1261	65	32	43	66	18	34
ENSG00000138434	1259	64	32	43	54	20	25
ENSG00000158321	1259	47	24	36	36	31	25
ENSG00000160218	1259	53	29	46	67	53	23
ENSG00000137601	1258	66	54	58	69	35	27
ENSG00000165458	1258	67	25	48	66	40	35
ENSG00000118007	1258	61	37	52	62	43	43
ENSG00000146350	1257	58	42	49	68	56	23
ENSG00000133124	1257	54	14	36	48	33	29
ENSG00000198910	1257	52	18	34	58	53	30
ENSG00000111670	1256	64	52	41	71	56	38
ENSG00000141736	1255	46	13	38	64	47	39
ENSG00000132326	1255	46	32	49	72	33	31
ENSG00000185499	1255	12	4	7	53	17	47
ENSG00000094975	1254	49	39	64	67	36	35
ENSG00000144824	1253	62	43	46	59	31	32
ENSG00000273749	1253	64	37	59	68	61	38
ENSG00000135945	1251	61	38	38	53	35	29
ENSG00000155897	1251	60	28	37	56	52	30
ENSG00000163395	1251	55	30	43	72	63	49
ENSG00000081923	1251	49	30	40	58	58	37
ENSG00000186871	1250	64	50	48	61	36	35
ENSG00000243710	1250	64	53	52	64	52	34
ENSG00000103742	1250	45	8	39	55	37	27
ENSG00000173166	1250	44	38	26	47	22	24
ENSG00000197226	1250	55	31	58	67	56	37
ENSG00000196313	1249	31	14	13	18	47	8
ENSG00000134900	1249	65	42	34	60	49	37
ENSG00000076826	1249	57	25	42	63	25	20
ENSG00000203485	1249	52	19	51	62	28	35
ENSG00000136492	1249	76	58	47	59	46	32
ENSG00000120868	1248	63	46	35	80	62	59
ENSG00000185046	1248	58	38	49	73	28	28
ENSG00000162621	1247	76	44	42	66	48	32
ENSG00000265203	1247	46	14	50	77	50	38
ENSG00000111961	1247	58	38	43	65	20	34
ENSG00000116962	1247	47	11	39	67	64	37
ENSG00000008083	1246	59	53	44	58	33	23
ENSG00000204351	1246	57	23	51	73	36	37
ENSG00000110697	1244	53	19	36	64	50	30
ENSG00000073331	1244	61	34	48	61	40	32
ENSG00000128881	1244	61	30	51	59	33	41
ENSG00000126562	1243	35	16	41	50	35	24
ENSG00000145725	1243	61	43	47	67	52	32
ENSG00000066827	1243	50	45	59	68	38	26
ENSG00000157087	1243	55	43	36	64	38	36
ENSG00000145198	1242	45	4	31	61	34	30
ENSG00000169047	1242	52	13	23	53	35	24
ENSG00000081148	1241	35	17	53	68	59	38
ENSG00000058668	1241	57	39	35	64	43	37
ENSG00000161270	1241	47	9	39	58	32	26
ENSG00000163913	1241	58	39	40	64	66	43
ENSG00000164889	1241	47	12	45	53	37	22
ENSG00000140521	1239	58	24	51	67	59	28
ENSG00000071054	1239	53	35	43	64	34	31
ENSG00000184916	1238	51	10	34	67	51	42
ENSG00000143373	1237	51	31	32	49	31	15
ENSG00000089101	1237	52	28	52	67	56	35
ENSG00000113319	1237	56	38	41	62	49	29
ENSG00000144712	1236	55	26	43	64	33	35
ENSG00000156113	1236	52	30	23	53	45	30
ENSG00000085982	1235	50	35	53	69	49	39
ENSG00000112983	1235	46	29	56	61	33	40
ENSG00000077935	1235	65	62	71	76	38	38
ENSG00000149930	1235	45	20	49	51	40	13
ENSG00000065613	1235	60	62	62	71	23	40
ENSG00000044446	1235	55	32	43	69	49	37
ENSG00000226650	1234	56	63	60	66	21	29
ENSG00000149782	1234	55	33	54	71	36	43
ENSG00000072501	1233	70	67	60	61	43	36
ENSG00000109265	1233	58	38	43	49	12	29
ENSG00000074855	1232	49	16	50	55	38	14
ENSG00000090889	1232	61	63	61	68	22	31
ENSG00000000971	1231	61	43	53	70	61	31
ENSG00000115504	1231	66	57	47	61	33	45
ENSG00000101972	1231	60	41	59	64	45	40
ENSG00000111530	1230	61	43	39	58	38	30
ENSG00000099821	1230	57	30	41	67	43	22
ENSG00000085276	1230	56	40	49	66	46	36
ENSG00000107147	1230	58	25	43	61	55	25
ENSG00000272391	1229	28	13	14	19	45	8
ENSG00000138722	1228	76	47	49	60	39	24
ENSG00000140829	1227	58	34	51	72	38	47
ENSG00000203867	1227	47	32	47	49	38	29
ENSG00000140326	1227	47	8	52	63	30	20
ENSG00000144218	1226	54	37	44	55	27	29
ENSG00000135049	1226	63	42	43	55	47	27
ENSG00000133657	1226	49	38	34	53	47	23
ENSG00000160710	1226	67	40	47	63	43	28
ENSG00000066923	1225	52	25	51	65	43	33
ENSG00000204131	1225	60	23	43	70	20	26
ENSG00000169862	1225	53	21	42	55	29	31
ENSG00000120008	1224	61	35	33	65	47	40
ENSG00000122218	1224	69	43	31	67	60	48
ENSG00000067177	1223	58	32	47	74	46	38
ENSG00000039523	1223	49	15	42	58	34	23
ENSG00000175073	1222	68	39	43	71	35	32
ENSG00000103226	1222	64	33	38	60	55	37
ENSG00000103512	1222	64	33	38	60	55	37
ENSG00000140873	1221	50	33	33	52	52	20
ENSG00000112414	1221	49	34	21	45	50	27
ENSG00000079313	1221	57	34	41	60	32	35
ENSG00000102780	1220	52	45	44	60	38	37
ENSG00000067842	1220	49	36	33	60	38	36
ENSG00000158816	1220	59	30	35	57	43	29
ENSG00000067596	1220	64	45	50	71	36	41
ENSG00000138674	1220	45	22	25	54	51	38
ENSG00000070961	1220	50	42	35	58	36	34
ENSG00000158417	1220	51	52	56	65	23	36
ENSG00000119321	1219	52	31	50	60	18	20
ENSG00000126822	1219	48	29	59	64	39	30
ENSG00000187527	1218	52	35	38	51	48	16
ENSG00000101384	1218	50	27	36	67	50	36
ENSG00000189091	1217	53	24	46	69	58	35
ENSG00000108055	1217	64	58	62	66	37	35
ENSG00000131149	1217	51	25	43	52	19	16
ENSG00000151490	1216	34	22	35	58	60	22
ENSG00000134444	1216	55	31	55	67	37	28
ENSG00000182621	1216	57	45	60	69	44	38
ENSG00000047644	1216	64	28	50	70	36	43
ENSG00000134668	1216	51	16	38	58	22	31
ENSG00000110422	1215	44	24	28	36	37	25
ENSG00000130449	1215	44	25	43	70	46	31
ENSG00000094631	1215	30	8	36	59	31	25
ENSG00000151025	1215	67	37	39	62	42	20
ENSG00000033867	1214	58	35	41	56	57	30
ENSG00000219481	1214	54	46	50	58	32	37
ENSG00000077044	1214	48	40	42	62	36	36
ENSG00000139613	1214	48	32	34	50	30	33
ENSG00000130529	1214	49	12	32	51	52	35
ENSG00000156983	1214	63	42	40	51	33	25
ENSG00000169554	1214	50	40	44	61	34	33
ENSG00000118407	1213	65	61	66	65	16	22
ENSG00000145808	1213	54	36	46	63	46	28
ENSG00000064651	1212	48	29	29	47	42	33
ENSG00000073146	1211	61	31	46	72	48	33
ENSG00000087116	1211	57	22	33	68	40	39
ENSG00000163349	1210	40	18	18	38	42	19
ENSG00000204371	1210	55	27	43	58	22	33
ENSG00000146648	1210	59	31	37	67	47	35
ENSG00000170396	1209	57	53	43	53	36	27
ENSG00000143515	1209	47	32	35	56	56	26
ENSG00000196422	1209	65	30	42	54	22	30
ENSG00000111602	1208	55	32	52	59	35	26
ENSG00000198919	1208	67	49	49	64	48	34
ENSG00000160957	1208	47	9	40	54	36	21
ENSG00000134121	1208	47	32	40	57	54	34
ENSG00000156140	1205	55	31	43	67	47	39
ENSG00000116117	1205	65	35	44	75	40	41
ENSG00000096070	1205	56	30	49	60	36	36
ENSG00000075420	1204	42	25	44	56	53	26
ENSG00000105726	1204	53	31	34	55	45	27
ENSG00000124571	1204	58	33	46	73	43	29
ENSG00000164867	1203	58	14	40	62	51	28
ENSG00000138622	1203	47	14	18	38	32	25
ENSG00000143375	1203	69	49	60	65	14	39
ENSG00000177303	1202	42	17	45	57	16	16
ENSG00000131626	1202	59	42	56	67	15	34
ENSG00000049246	1201	50	24	42	59	42	17
ENSG00000171487	1200	52	24	40	50	35	28
ENSG00000149633	1200	61	20	52	64	29	21
ENSG00000124496	1200	35	19	28	42	26	18
ENSG00000135912	1199	49	35	28	47	43	24
ENSG00000100330	1198	63	24	41	62	38	31
ENSG00000064393	1198	40	21	21	35	39	16
ENSG00000102531	1198	49	36	34	60	57	34
ENSG00000136824	1197	63	57	52	68	33	34
ENSG00000108506	1196	48	19	31	57	35	26
ENSG00000135541	1196	61	48	46	70	44	41
ENSG00000184611	1196	59	38	35	59	51	47
ENSG00000097096	1194	68	50	43	61	45	37
ENSG00000152822	1194	52	29	28	51	53	25
ENSG00000143061	1194	55	17	46	70	54	21
ENSG00000177380	1194	62	31	57	66	21	27
ENSG00000132153	1194	71	26	42	60	34	25
ENSG00000076382	1193	60	36	65	74	14	30
ENSG00000058085	1193	55	24	41	68	31	40
ENSG00000141556	1192	58	12	28	63	46	41
ENSG00000135439	1192	52	21	28	52	16	20
ENSG00000115310	1192	43	35	55	57	26	34
ENSG00000104043	1192	46	30	36	51	52	32
ENSG00000151718	1192	58	41	51	61	28	40
ENSG00000144283	1192	60	16	34	60	33	31
ENSG00000137727	1191	50	31	35	67	48	36
ENSG00000056586	1191	53	27	39	61	35	31
ENSG00000111676	1190	27	14	15	35	23	13
ENSG00000119139	1190	67	29	48	68	36	49
ENSG00000135835	1190	57	11	34	49	15	23
ENSG00000062650	1190	68	46	55	57	33	44
ENSG00000168918	1189	68	44	50	62	44	20
ENSG00000188177	1189	38	29	37	58	37	34
ENSG00000132932	1188	58	33	33	63	43	36
ENSG00000137809	1188	54	19	37	50	62	25
ENSG00000150347	1188	67	50	38	54	30	26
ENSG00000188112	1188	60	19	36	45	28	10
ENSG00000145868	1188	56	26	44	63	40	41
ENSG00000105397	1187	61	21	47	73	53	31
ENSG00000007516	1187	41	21	46	62	43	25
ENSG00000152104	1187	51	23	37	53	39	17
ENSG00000101040	1186	61	47	38	49	28	32
ENSG00000134644	1186	39	18	28	45	40	27
ENSG00000134899	1186	51	38	59	69	24	38
ENSG00000083093	1186	57	41	44	70	23	31
ENSG00000143847	1185	60	39	51	63	23	27
ENSG00000137841	1185	56	51	46	66	42	32
ENSG00000162415	1185	46	21	39	67	43	27
ENSG00000175267	1184	62	39	46	63	48	33
ENSG00000138615	1184	57	23	35	64	51	28
ENSG00000163520	1184	45	7	40	49	33	17
ENSG00000113555	1184	46	18	28	56	31	38
ENSG00000051825	1183	57	42	59	73	30	40
ENSG00000277363	1183	71	34	41	58	19	24
ENSG00000143322	1182	51	31	41	63	37	24
ENSG00000164171	1181	45	29	33	55	60	23
ENSG00000135424	1181	47	13	31	61	46	30
ENSG00000118965	1181	62	48	47	67	59	39
ENSG00000068097	1181	50	26	38	57	30	23
ENSG00000095627	1180	71	48	55	72	44	36
ENSG00000130518	1180	67	34	23	37	17	11
ENSG00000159363	1180	45	11	23	41	36	15
ENSG00000182329	1180	63	44	55	69	27	28
ENSG00000075826	1179	58	28	32	54	45	22
ENSG00000083457	1179	49	22	36	52	52	27
ENSG00000213949	1179	54	37	37	65	53	30
ENSG00000090863	1179	61	45	43	59	33	38
ENSG00000085552	1179	41	6	30	55	28	23
ENSG00000141664	1178	44	19	29	37	23	21
ENSG00000173599	1178	59	19	40	71	45	42
ENSG00000058063	1177	51	33	43	62	43	29
ENSG00000088854	1177	54	26	40	56	52	24
ENSG00000133706	1176	60	44	40	59	57	39
ENSG00000101333	1175	67	52	54	72	44	32
ENSG00000070778	1174	54	22	37	57	42	30
ENSG00000047315	1174	57	26	43	61	50	35
ENSG00000198730	1173	57	41	53	61	47	34
ENSG00000136051	1173	65	42	41	56	50	36
ENSG00000119906	1173	56	50	44	60	37	30
ENSG00000196878	1172	60	9	37	61	26	37
ENSG00000126773	1172	43	18	33	47	63	19
ENSG00000186340	1172	47	18	30	57	43	39
ENSG00000163491	1172	58	41	42	61	50	22
ENSG00000100426	1171	59	38	47	64	38	27
ENSG00000005844	1170	40	18	35	49	49	24
ENSG00000184863	1170	36	19	21	26	24	17
ENSG00000137801	1170	61	29	27	59	32	48
ENSG00000106479	1169	53	33	50	61	48	32
ENSG00000185722	1169	52	25	42	68	36	40
ENSG00000174233	1168	43	13	33	52	55	24
ENSG00000108018	1168	47	14	37	57	43	37
ENSG00000065882	1168	60	38	55	66	37	23
ENSG00000198000	1167	62	49	55	62	29	42
ENSG00000217128	1166	60	32	44	57	40	43
ENSG00000116678	1165	53	42	35	63	54	32
ENSG00000205356	1165	43	13	37	67	57	37
ENSG00000135723	1164	59	22	41	51	29	19
ENSG00000165699	1164	57	31	49	61	29	36
ENSG00000119720	1164	56	36	55	66	46	28
ENSG00000124406	1164	54	32	35	48	45	28
ENSG00000140678	1163	54	18	25	46	60	15
ENSG00000072364	1163	58	51	46	59	24	26
ENSG00000101493	1163	66	34	35	58	20	22
ENSG00000116830	1162	65	50	36	56	27	25
ENSG00000127511	1162	57	37	52	65	54	35
ENSG00000173120	1162	59	35	29	59	30	43
ENSG00000254206	1161	65	38	30	67	26	32
ENSG00000156886	1161	48	18	31	51	58	19
ENSG00000138756	1161	41	29	30	57	35	37
ENSG00000181333	1159	52	37	34	65	64	48
ENSG00000164961	1159	70	42	45	65	56	30
ENSG00000118946	1159	51	19	44	62	32	40
ENSG00000089472	1158	48	20	35	64	54	45
ENSG00000180530	1158	58	43	38	57	28	23
ENSG00000106624	1158	44	15	45	57	42	25
ENSG00000150990	1157	52	33	50	57	36	14
ENSG00000185823	1156	37	18	17	39	23	21
ENSG00000069248	1156	57	28	43	57	47	34
ENSG00000160161	1156	60	6	42	71	50	35
ENSG00000177575	1156	51	25	49	66	48	26
ENSG00000184384	1156	28	12	8	18	18	12
ENSG00000198286	1154	60	42	53	63	37	32
ENSG00000165650	1154	56	38	46	55	36	31
ENSG00000162434	1154	63	45	55	75	55	40
ENSG00000128596	1154	62	42	58	60	17	27
ENSG00000007171	1153	64	34	33	59	47	32
ENSG00000155719	1153	52	27	38	62	52	29
ENSG00000047849	1152	59	56	48	45	10	42
ENSG00000169896	1152	56	19	36	55	50	18
ENSG00000164506	1151	46	26	39	60	50	25
ENSG00000082684	1151	50	8	29	51	49	18
ENSG00000169946	1151	59	42	38	63	28	30
ENSG00000073711	1150	52	35	50	66	47	40
ENSG00000060339	1150	45	36	33	43	26	31
ENSG00000007402	1150	48	23	31	49	51	39
ENSG00000140199	1150	48	29	25	37	47	16
ENSG00000158023	1149	61	36	38	54	53	32
ENSG00000167037	1148	52	23	42	58	38	38
ENSG00000165194	1148	46	18	34	58	39	36
ENSG00000035928	1148	59	53	42	66	28	38
ENSG00000166377	1147	53	30	34	48	48	27
ENSG00000072310	1147	45	16	19	40	28	21
ENSG00000156304	1147	24	22	23	33	32	20
ENSG00000170325	1147	29	29	28	54	36	29
ENSG00000089847	1146	54	8	58	65	9	17
ENSG00000165271	1146	39	12	29	56	38	30
ENSG00000153930	1146	45	27	37	52	33	28
ENSG00000138031	1144	46	25	32	54	45	24
ENSG00000112893	1144	51	27	25	63	49	40
ENSG00000146918	1143	65	40	55	62	52	34
ENSG00000134815	1143	61	21	43	61	43	28
ENSG00000111877	1143	57	38	46	58	24	25
ENSG00000137460	1143	49	35	46	59	30	24
ENSG00000141519	1142	60	50	66	65	10	23
ENSG00000082293	1142	58	43	34	52	21	29
ENSG00000155495	1142	15	4	67	63	45	20
ENSG00000052841	1141	55	38	45	68	43	31
ENSG00000141956	1141	53	46	45	59	45	26
ENSG00000086967	1141	60	49	55	65	51	41
ENSG00000196091	1141	59	52	52	67	51	40
ENSG00000198911	1141	46	23	22	45	29	20
ENSG00000172572	1141	44	16	32	46	30	30
ENSG00000167986	1140	50	27	48	68	55	30
ENSG00000111879	1140	67	57	71	65	15	38
ENSG00000204634	1140	54	25	54	61	53	38
ENSG00000124140	1139	46	12	31	42	45	20
ENSG00000103479	1139	61	32	45	52	33	24
ENSG00000075391	1139	65	41	47	55	34	35
ENSG00000196782	1138	30	10	18	26	19	16
ENSG00000198064	1138	58	44	39	77	19	37
ENSG00000185864	1138	58	40	35	69	23	33
ENSG00000081014	1137	49	33	45	61	49	20
ENSG00000188687	1137	43	20	23	49	46	36
ENSG00000166444	1137	53	31	35	48	34	20
ENSG00000116698	1137	41	36	37	51	47	20
ENSG00000101901	1137	44	26	26	41	50	23
ENSG00000151062	1137	39	25	33	59	56	39
ENSG00000180448	1136	40	28	56	59	28	24
ENSG00000128641	1136	62	56	44	60	53	25
ENSG00000189184	1135	42	23	43	55	36	39
ENSG00000162687	1135	55	27	34	56	56	27
ENSG00000168386	1135	64	51	53	59	21	30
ENSG00000184675	1135	29	14	33	39	30	26
ENSG00000068650	1134	51	34	34	55	44	32
ENSG00000064999	1134	52	31	38	66	23	40
ENSG00000118900	1134	49	37	39	44	27	17
ENSG00000035403	1134	74	49	45	63	12	38
ENSG00000135870	1133	48	19	30	58	29	26
ENSG00000013503	1133	57	41	38	60	48	32
ENSG00000243716	1133	60	38	33	65	25	31
ENSG00000107957	1133	63	38	41	58	26	29
ENSG00000164362	1132	57	20	18	38	55	13
ENSG00000101974	1132	47	37	42	53	44	29
ENSG00000204463	1132	32	8	35	48	23	14
ENSG00000184507	1132	38	21	42	53	14	25
ENSG00000096968	1132	62	46	45	70	64	39
ENSG00000011114	1132	44	21	43	54	32	35
ENSG00000091490	1132	49	21	40	59	57	24
ENSG00000129534	1132	61	56	50	60	34	24
ENSG00000101544	1131	38	34	21	30	29	20
ENSG00000131023	1130	49	26	38	53	34	25
ENSG00000097007	1130	55	37	44	58	35	22
ENSG00000141456	1130	35	6	28	42	22	18
ENSG00000179583	1130	50	18	46	59	42	33
ENSG00000091409	1130	59	40	37	55	41	36
ENSG00000110756	1129	58	31	53	62	51	42
ENSG00000005007	1129	55	30	27	47	47	40
ENSG00000153317	1129	49	39	35	69	29	41
ENSG00000198554	1129	55	40	38	56	43	27
ENSG00000082438	1128	60	48	37	55	23	40
ENSG00000061676	1128	60	38	48	65	55	38
ENSG00000175105	1128	48	30	44	51	45	29
ENSG00000155974	1128	54	26	31	63	30	38
ENSG00000143514	1128	45	30	49	56	21	25
ENSG00000110888	1127	42	28	36	48	41	20
ENSG00000123338	1127	62	32	48	63	53	26
ENSG00000197323	1127	48	31	35	46	25	24
ENSG00000154822	1127	54	32	43	64	42	30
ENSG00000136478	1127	54	39	40	57	31	33
ENSG00000169180	1125	47	20	38	61	41	27
ENSG00000215018	1125	58	44	38	55	25	27
ENSG00000105639	1124	61	18	39	74	55	41
ENSG00000120156	1124	46	25	43	64	56	28
ENSG00000148516	1124	42	31	40	44	18	28
ENSG00000162753	1124	47	30	32	47	49	19
ENSG00000011426	1124	61	46	44	56	21	21
ENSG00000154914	1123	52	21	28	43	38	21
ENSG00000004534	1123	66	29	43	51	53	40
ENSG00000055483	1123	62	35	30	45	33	24
ENSG00000154415	1122	55	38	61	68	36	41
ENSG00000108840	1122	47	26	39	49	20	12
ENSG00000196132	1121	51	34	38	48	17	25
ENSG00000166689	1121	66	28	45	67	35	33
ENSG00000156042	1121	45	33	49	64	44	23
ENSG00000178252	1121	49	10	29	57	44	28
ENSG00000133138	1120	52	37	54	66	54	34
ENSG00000086102	1120	61	40	36	51	26	24
ENSG00000140598	1120	48	35	50	63	40	29
ENSG00000139263	1119	51	26	30	58	47	32
ENSG00000157637	1119	54	18	36	45	18	31
ENSG00000137073	1119	26	17	19	33	27	15
ENSG00000164742	1119	43	17	25	39	45	21
ENSG00000144290	1118	52	28	41	51	52	28
ENSG00000048828	1118	51	24	30	49	37	19
ENSG00000046604	1118	46	26	61	66	40	29
ENSG00000138592	1118	55	50	39	64	37	31
ENSG00000049192	1117	52	25	33	69	44	45
ENSG00000100014	1117	54	40	56	58	13	35
ENSG00000082805	1116	54	48	59	57	11	33
ENSG00000052126	1116	59	33	53	63	25	23
ENSG00000172071	1116	59	32	45	57	45	30
ENSG00000164164	1114	51	31	37	55	31	26
ENSG00000144857	1114	45	11	38	52	36	17
ENSG00000052795	1114	55	22	38	58	31	29
ENSG00000053524	1114	60	40	50	62	47	35
ENSG00000165731	1114	59	21	44	57	62	30
ENSG00000133121	1113	52	24	37	55	35	29
ENSG00000113645	1113	49	39	45	58	29	28
ENSG00000112701	1112	53	44	43	55	35	23
ENSG00000269713	1111	46	35	57	59	29	37
ENSG00000157483	1108	58	45	39	57	53	26
ENSG00000062822	1107	65	22	37	59	46	36
ENSG00000183960	1107	45	25	36	56	46	31
ENSG00000111087	1106	40	13	24	39	34	17
ENSG00000113721	1106	43	15	53	64	42	32
ENSG00000120071	1105	52	27	40	59	17	31
ENSG00000173473	1105	46	36	36	49	30	33
ENSG00000137040	1105	55	33	55	72	35	32
ENSG00000139641	1104	46	15	34	61	40	39
ENSG00000006432	1104	49	23	43	53	31	28
ENSG00000157654	1103	47	35	54	59	21	30
ENSG00000142303	1103	52	15	25	55	34	33
ENSG00000129250	1103	62	24	43	59	33	32
ENSG00000153956	1103	52	34	36	61	56	40
ENSG00000101126	1102	60	41	36	42	38	35
ENSG00000166415	1102	59	37	43	72	42	31
ENSG00000187555	1102	64	43	41	57	59	47
ENSG00000105851	1102	68	40	47	65	52	38
ENSG00000163312	1101	50	44	46	60	39	22
ENSG00000186517	1101	38	17	43	47	30	34
ENSG00000144395	1101	56	62	64	70	16	20
ENSG00000138593	1101	40	29	32	44	21	22
ENSG00000131473	1101	57	29	32	66	56	38
ENSG00000147202	1101	55	41	49	56	32	29
ENSG00000198887	1101	55	48	58	56	39	24
ENSG00000149972	1100	55	30	50	60	46	17
ENSG00000188869	1100	50	17	25	40	53	17
ENSG00000184922	1100	58	38	40	54	32	28
ENSG00000074621	1099	38	28	27	33	32	14
ENSG00000173068	1099	40	25	31	45	30	26
ENSG00000196220	1099	63	32	46	58	33	29
ENSG00000074803	1099	41	28	24	41	47	19
ENSG00000151952	1099	51	26	42	56	41	38
ENSG00000157426	1098	48	33	46	61	57	27
ENSG00000196116	1098	62	53	40	63	46	35
ENSG00000158528	1098	48	39	53	60	29	31
ENSG00000142347	1098	58	36	43	61	47	29
ENSG00000113649	1098	39	35	36	40	35	26
ENSG00000065150	1097	53	33	57	73	39	29
ENSG00000113594	1097	60	42	44	63	44	39
ENSG00000184730	1097	49	8	54	54	12	22
ENSG00000084093	1097	44	37	45	55	26	28
ENSG00000155506	1096	60	45	51	55	33	31
ENSG00000197724	1096	50	35	33	48	36	29
ENSG00000184083	1096	42	19	32	46	34	23
ENSG00000115896	1095	53	32	47	59	41	38
ENSG00000176986	1094	40	17	20	39	45	31
ENSG00000100629	1094	63	48	50	54	14	50
ENSG00000132842	1094	57	40	37	45	30	26
ENSG00000103047	1094	56	26	42	62	28	27
ENSG00000172403	1093	50	39	38	40	20	18
ENSG00000275023	1093	28	16	20	33	22	13
ENSG00000113615	1093	33	10	19	40	46	21
ENSG00000144747	1093	63	45	59	59	18	31
ENSG00000144749	1093	54	19	40	57	35	24
ENSG00000158077	1093	53	41	37	61	46	34
ENSG00000132952	1092	46	33	40	57	27	31
ENSG00000163029	1091	60	48	57	58	33	32
ENSG00000078295	1091	45	24	26	50	49	22
ENSG00000092929	1090	51	19	46	62	36	21
ENSG00000088808	1090	44	29	44	49	25	20
ENSG00000267041	1090	60	46	70	58	78	14
ENSG00000001629	1089	49	29	49	61	33	46
ENSG00000101407	1089	47	29	33	51	29	26
ENSG00000134853	1089	51	33	53	60	50	34
ENSG00000144589	1088	43	7	42	65	35	21
ENSG00000150457	1088	45	32	36	62	34	30
ENSG00000186260	1088	31	22	37	41	18	17
ENSG00000204764	1088	53	27	33	58	65	31
ENSG00000111331	1087	47	24	24	50	54	24
ENSG00000143569	1087	29	15	21	33	32	17
ENSG00000130227	1087	53	29	40	61	58	30
ENSG00000082397	1087	51	34	45	51	36	27
ENSG00000196235	1087	51	27	33	48	44	38
ENSG00000112992	1086	43	35	18	33	37	14
ENSG00000103326	1086	52	9	35	53	30	15
ENSG00000157827	1086	54	44	39	47	35	24
ENSG00000130699	1085	34	15	20	23	8	10
ENSG00000124067	1085	47	19	24	38	48	22
ENSG00000196935	1085	54	31	46	55	40	31
ENSG00000068024	1084	47	19	35	51	21	16
ENSG00000126016	1084	45	24	32	43	19	14
ENSG00000157353	1084	38	10	32	65	43	33
ENSG00000141577	1083	63	29	55	52	12	14
ENSG00000113504	1083	43	20	22	38	50	17
ENSG00000064042	1083	61	47	36	51	27	25
ENSG00000009335	1083	54	25	40	55	49	27
ENSG00000064607	1082	47	40	36	53	34	43
ENSG00000103723	1082	59	32	35	51	28	30
ENSG00000151612	1081	56	40	44	59	27	19
ENSG00000162843	1081	54	35	34	67	49	45
ENSG00000196497	1081	50	13	47	59	20	17
ENSG00000121297	1081	55	47	36	42	29	22
ENSG00000121281	1080	48	23	25	49	42	23
ENSG00000080493	1079	40	20	32	52	52	34
ENSG00000186714	1079	68	62	48	57	28	29
ENSG00000112624	1079	34	26	24	36	26	28
ENSG00000173567	1079	24	11	13	31	34	12
ENSG00000100592	1078	61	50	47	51	36	32
ENSG00000036828	1078	39	25	31	36	53	22
ENSG00000139364	1078	48	21	40	60	35	39
ENSG00000048028	1077	57	32	64	67	40	31
ENSG00000129467	1077	40	14	32	47	47	19
ENSG00000179981	1077	48	46	32	43	30	27
ENSG00000107263	1077	49	24	43	55	36	34
ENSG00000139645	1076	37	16	29	59	26	34
ENSG00000165525	1076	51	37	47	51	32	37
ENSG00000047346	1076	48	37	42	54	44	23
ENSG00000079435	1076	55	11	35	50	28	18
ENSG00000169641	1076	64	50	59	63	16	21
ENSG00000157927	1075	43	12	27	48	36	26
ENSG00000196834	1075	54	46	43	52	27	32
ENSG00000188219	1075	53	46	43	54	29	30
ENSG00000196604	1075	54	47	44	54	27	31
ENSG00000168488	1075	36	17	27	35	17	13
ENSG00000056097	1074	42	29	23	38	33	23
ENSG00000178163	1074	54	43	28	52	25	20
ENSG00000143382	1074	52	2	31	45	16	8
ENSG00000112902	1074	45	11	33	57	51	20
ENSG00000181291	1074	41	7	38	53	32	29
ENSG00000075651	1074	55	34	38	59	50	31
ENSG00000070019	1073	53	42	31	55	57	35
ENSG00000145390	1073	59	40	34	54	41	32
ENSG00000092098	1072	52	10	44	58	43	24
ENSG00000137261	1072	37	23	40	62	27	29
ENSG00000082898	1071	53	38	41	55	58	25
ENSG00000266028	1071	49	35	48	60	29	36
ENSG00000166398	1070	47	21	28	43	34	24
ENSG00000136099	1070	49	9	33	54	31	31
ENSG00000051382	1070	55	32	44	55	54	36
ENSG00000112655	1070	52	20	37	52	45	22
ENSG00000157212	1069	41	26	33	43	36	18
ENSG00000011454	1069	50	39	50	55	32	31
ENSG00000169851	1069	43	15	26	56	35	49
ENSG00000146122	1068	59	36	54	54	37	31
ENSG00000121879	1068	63	33	40	59	53	32
ENSG00000154175	1068	49	31	38	47	33	18
ENSG00000128487	1068	58	38	43	54	15	22
ENSG00000130787	1068	63	33	45	58	17	25
ENSG00000151148	1068	53	30	32	42	54	22
ENSG00000080839	1068	56	42	43	57	35	26
ENSG00000078403	1068	25	16	21	36	22	16
ENSG00000108175	1067	22	9	13	32	25	24
ENSG00000135596	1067	46	22	40	58	34	22
ENSG00000175718	1067	61	10	12	75	54	52
ENSG00000121440	1066	53	30	50	56	26	37
ENSG00000126870	1066	49	30	30	54	34	46
ENSG00000055917	1066	35	20	24	36	37	20
ENSG00000136643	1066	59	34	50	59	43	42
ENSG00000156787	1066	56	42	34	52	51	27
ENSG00000110344	1066	48	26	42	56	48	34
ENSG00000173276	1066	49	45	39	51	28	24
ENSG00000198799	1065	48	13	42	61	47	25
ENSG00000047457	1065	46	31	47	61	61	43
ENSG00000131899	1064	37	12	32	58	41	29
ENSG00000066135	1064	43	27	39	51	39	21
ENSG00000133710	1064	46	48	49	52	31	24
ENSG00000197879	1063	57	34	42	63	50	24
ENSG00000077943	1063	46	21	23	56	47	32
ENSG00000137411	1063	46	13	36	55	41	23
ENSG00000142405	1061	45	21	44	59	32	27
ENSG00000138346	1060	69	45	33	53	39	26
ENSG00000091009	1060	38	34	34	37	26	16
ENSG00000172943	1060	39	22	26	45	31	24
ENSG00000156453	1060	40	18	31	50	27	32
ENSG00000047662	1060	68	44	53	58	9	30
ENSG00000120341	1060	36	13	44	55	30	27
ENSG00000130479	1059	38	15	32	56	18	22
ENSG00000261221	1059	33	23	20	38	37	12
ENSG00000274349	1059	64	45	45	46	71	18
ENSG00000111271	1059	58	23	43	62	50	24
ENSG00000178297	1059	53	16	33	45	40	10
ENSG00000197483	1059	31	13	30	38	31	7
ENSG00000100425	1058	56	35	38	52	25	27
ENSG00000130985	1058	53	26	40	59	36	35
ENSG00000133302	1058	51	50	50	63	42	18
ENSG00000179409	1058	50	23	48	57	50	22
ENSG00000148634	1057	49	32	35	63	51	37
ENSG00000225190	1056	45	22	44	55	37	29
ENSG00000138160	1056	67	48	57	61	21	24
ENSG00000125637	1056	38	17	35	49	31	22
ENSG00000112541	1055	50	23	37	44	49	20
ENSG00000133216	1055	50	27	33	56	49	35
ENSG00000155313	1055	62	33	56	63	47	26
ENSG00000006607	1054	55	33	38	51	37	22
ENSG00000166938	1054	59	36	37	60	38	34
ENSG00000115816	1054	48	41	32	49	44	39
ENSG00000198010	1054	45	22	29	54	30	39
ENSG00000038532	1053	40	21	32	50	28	30
ENSG00000132205	1053	49	27	43	55	21	28
ENSG00000101115	1053	42	29	24	34	21	22
ENSG00000066422	1053	42	37	45	54	35	18
ENSG00000033178	1052	58	44	45	60	47	31
ENSG00000147324	1052	49	19	32	53	33	22
ENSG00000169398	1052	55	33	44	66	43	24
ENSG00000153147	1052	56	43	44	59	34	35
ENSG00000140943	1052	46	23	25	50	53	30
ENSG00000005884	1051	36	13	31	49	42	19
ENSG00000177483	1051	60	51	54	66	35	39
ENSG00000105186	1050	55	36	42	56	31	29
ENSG00000138641	1050	42	21	36	54	47	27
ENSG00000122779	1050	54	30	36	47	28	23
ENSG00000138468	1050	45	40	43	58	26	33
ENSG00000169246	1050	55	38	33	65	20	31
ENSG00000134760	1049	37	9	43	58	38	31
ENSG00000196664	1049	50	36	22	49	48	29
ENSG00000161638	1049	35	13	32	54	55	21
ENSG00000084112	1049	45	18	37	54	27	34
ENSG00000142687	1049	39	30	41	55	30	26
ENSG00000143850	1048	48	25	45	50	26	22
ENSG00000179709	1048	50	28	32	55	44	20
ENSG00000156011	1048	49	45	45	58	31	33
ENSG00000171940	1048	57	47	35	51	27	25
ENSG00000138448	1048	58	34	19	52	52	37
ENSG00000147488	1047	59	44	37	49	14	34
ENSG00000092201	1047	56	51	40	49	50	32
ENSG00000145715	1047	48	23	32	45	43	24
ENSG00000054793	1047	52	29	35	49	42	27
ENSG00000106665	1046	58	42	51	43	10	24
ENSG00000147162	1046	48	24	29	61	52	32
ENSG00000112787	1045	42	12	27	31	25	15
ENSG00000197579	1045	48	21	44	62	33	38
ENSG00000156030	1045	48	24	37	47	19	14
ENSG00000171608	1044	55	28	42	54	50	23
ENSG00000180347	1044	48	23	49	56	28	23
ENSG00000134962	1044	55	26	27	57	60	32
ENSG00000169126	1044	55	40	46	56	24	24
ENSG00000121903	1043	53	27	57	62	50	19
ENSG00000143624	1043	50	31	35	50	35	31
ENSG00000173572	1043	52	34	31	40	37	28
ENSG00000166866	1043	64	50	37	59	44	18
ENSG00000134452	1043	53	31	39	57	39	23
ENSG00000134780	1042	44	18	35	52	40	27
ENSG00000102038	1042	56	45	42	57	37	31
ENSG00000213445	1042	44	9	44	62	30	25
ENSG00000039123	1042	55	39	45	62	33	33
ENSG00000170185	1042	43	21	35	55	49	25
ENSG00000174437	1042	46	30	36	54	39	25
ENSG00000101916	1041	50	25	27	49	52	29
ENSG00000204560	1041	51	24	43	58	38	26
ENSG00000164142	1040	42	20	41	50	41	27
ENSG00000138650	1040	38	6	42	57	35	32
ENSG00000198924	1040	47	37	36	51	39	23
ENSG00000175065	1040	34	12	44	61	37	41
ENSG00000184144	1040	48	16	35	56	43	24
ENSG00000140400	1040	40	8	35	54	48	24
ENSG00000167207	1040	48	18	35	46	37	22
ENSG00000075673	1039	48	33	36	53	37	28
ENSG00000182272	1039	47	8	33	40	38	28
ENSG00000005961	1039	37	9	26	45	45	22
ENSG00000151474	1039	51	27	39	48	32	25
ENSG00000204217	1038	46	18	44	54	29	32
ENSG00000061938	1038	40	17	34	45	37	26
ENSG00000222038	1038	52	44	43	52	27	32
ENSG00000205339	1038	40	24	40	52	37	23
ENSG00000087460	1037	31	10	36	53	35	33
ENSG00000132357	1037	55	32	32	41	36	27
ENSG00000127946	1037	57	38	46	60	20	30
ENSG00000133704	1037	46	28	38	56	42	30
ENSG00000187800	1037	31	1	20	47	46	19
ENSG00000107959	1037	55	32	40	65	48	38
ENSG00000165966	1036	45	22	44	52	31	30
ENSG00000162711	1036	55	31	38	51	34	30
ENSG00000150938	1036	46	17	36	59	26	31
ENSG00000143674	1036	42	22	31	41	26	21
ENSG00000083290	1036	42	25	26	39	40	20
ENSG00000080224	1036	44	25	29	50	48	27
ENSG00000144668	1035	39	27	30	51	53	32
ENSG00000105675	1035	47	26	31	54	34	28
ENSG00000090686	1035	53	46	41	52	39	28
ENSG00000158553	1035	30	19	19	31	33	14
ENSG00000146830	1035	46	24	39	48	34	24
ENSG00000137776	1034	40	31	42	40	14	36
ENSG00000182463	1034	44	38	17	35	33	28
ENSG00000114541	1034	51	29	43	53	42	24
ENSG00000117322	1033	46	26	32	48	51	10
ENSG00000179873	1033	42	31	31	53	41	21
ENSG00000133318	1032	41	36	48	58	30	30
ENSG00000133422	1032	51	37	49	53	30	22
ENSG00000174527	1032	52	49	53	64	58	19
ENSG00000150961	1032	36	17	15	36	37	28
ENSG00000155980	1032	57	48	50	53	25	29
ENSG00000133739	1032	51	44	55	57	22	30
ENSG00000100065	1032	54	15	48	58	20	22
ENSG00000145833	1031	55	45	45	51	26	26
ENSG00000185219	1031	54	37	42	58	56	18
ENSG00000155229	1030	51	15	36	60	29	27
ENSG00000092421	1030	49	32	22	53	44	36
ENSG00000058272	1030	46	37	36	40	20	39
ENSG00000164659	1029	45	35	36	51	54	29
ENSG00000117245	1029	44	30	42	51	26	28
ENSG00000163714	1029	38	37	42	50	33	26
ENSG00000186448	1029	49	31	54	66	58	16
ENSG00000113805	1028	54	28	35	56	40	20
ENSG00000134115	1028	47	24	35	54	46	25
ENSG00000142156	1028	49	17	38	59	33	38
ENSG00000161791	1028	53	42	40	48	34	18
ENSG00000103599	1027	42	29	37	54	45	27
ENSG00000114933	1027	31	23	27	37	29	27
ENSG00000214279	1027	47	1	38	53	41	16
ENSG00000163104	1026	44	43	42	45	39	26
ENSG00000187105	1026	57	40	35	51	31	20
ENSG00000106034	1026	46	27	43	50	52	17
ENSG00000135372	1025	54	29	33	53	28	26
ENSG00000133030	1025	58	37	57	62	19	28
ENSG00000178685	1025	45	2	42	53	23	18
ENSG00000188641	1025	53	38	30	54	38	31
ENSG00000113441	1025	51	29	37	52	61	26
ENSG00000166016	1025	46	15	43	57	33	30
ENSG00000115267	1025	51	39	57	59	37	24
ENSG00000138646	1024	51	40	43	58	45	24
ENSG00000091106	1024	57	42	34	50	40	26
ENSG00000059915	1024	42	21	31	53	28	26
ENSG00000275835	1024	55	27	41	54	42	39
ENSG00000006118	1023	34	6	39	47	29	24
ENSG00000105953	1023	47	22	40	54	51	30
ENSG00000130052	1023	39	19	35	57	31	30
ENSG00000184661	1023	46	38	44	50	26	22
ENSG00000163399	1023	45	28	35	55	31	29
ENSG00000198826	1023	48	41	36	51	25	20
ENSG00000138640	1023	49	35	55	55	24	35
ENSG00000138642	1022	54	37	41	64	42	26
ENSG00000134256	1021	54	25	44	58	49	28
ENSG00000070915	1021	34	17	24	37	49	24
ENSG00000073350	1020	43	15	30	48	40	28
ENSG00000100285	1020	36	15	52	47	10	19
ENSG00000018625	1020	48	32	33	55	29	27
ENSG00000156313	1020	41	32	42	37	28	29
ENSG00000178445	1020	42	25	31	47	36	29
ENSG00000142173	1019	48	27	42	56	28	44
ENSG00000185085	1019	32	2	30	49	28	19
ENSG00000154646	1019	38	21	32	57	43	27
ENSG00000189350	1019	57	23	32	53	13	23
ENSG00000196335	1019	56	42	50	52	36	37
ENSG00000116786	1019	40	16	40	62	35	41
ENSG00000119912	1019	46	32	53	61	56	31
ENSG00000118369	1018	52	21	39	55	30	23
ENSG00000136286	1018	53	23	39	61	39	29
ENSG00000018236	1018	53	21	33	59	46	32
ENSG00000100084	1017	40	26	22	50	34	26
ENSG00000173698	1017	30	16	21	35	24	14
ENSG00000109920	1017	28	18	33	43	19	23
ENSG00000164318	1017	51	20	25	49	44	32
ENSG00000129292	1017	51	41	44	52	29	38
ENSG00000138080	1016	44	2	43	45	15	14
ENSG00000161021	1016	27	12	14	29	19	14
ENSG00000228672	1015	50	3	32	44	21	12
ENSG00000155093	1015	48	14	38	58	29	34
ENSG00000215474	1015	38	25	22	25	23	17
ENSG00000109805	1015	46	36	40	52	20	24
ENSG00000143799	1014	51	50	41	56	33	32
ENSG00000078114	1014	64	55	50	63	41	36
ENSG00000105409	1013	44	29	33	57	30	29
ENSG00000116299	1013	46	26	25	45	53	24
ENSG00000174282	1013	32	15	26	33	22	11
ENSG00000136895	1013	41	26	27	49	35	29
ENSG00000103540	1012	52	40	43	48	21	22
ENSG00000182179	1012	41	9	31	49	31	23
ENSG00000025293	1012	46	34	50	58	24	34
ENSG00000067704	1012	44	27	36	56	48	33
ENSG00000162779	1012	56	51	46	57	33	32
ENSG00000046651	1012	58	47	49	53	28	17
ENSG00000091428	1011	51	33	47	56	44	38
ENSG00000104774	1011	50	8	22	55	53	32
ENSG00000110841	1011	49	35	40	50	35	36
ENSG00000105122	1011	57	9	42	55	23	12
ENSG00000048052	1011	39	28	37	54	16	20
ENSG00000230453	1011	54	49	45	52	33	27
ENSG00000197444	1010	49	23	41	58	49	37
ENSG00000159131	1010	48	34	41	56	25	27
ENSG00000005156	1009	57	50	29	56	39	42
ENSG00000071794	1009	56	36	34	53	31	26
ENSG00000120899	1009	64	40	46	62	40	28
ENSG00000169258	1008	78	60	43	73	6	36
ENSG00000183317	1008	51	9	36	51	44	24
ENSG00000174953	1008	48	38	40	43	34	34
ENSG00000152208	1007	45	17	31	52	55	33
ENSG00000118557	1007	60	61	54	60	17	27
ENSG00000165821	1007	26	16	34	37	15	9
ENSG00000139746	1007	35	31	33	43	30	23
ENSG00000176658	1006	62	54	39	61	51	30
ENSG00000101752	1006	51	35	29	55	22	37
ENSG00000141258	1006	42	20	36	53	35	33
ENSG00000151693	1006	46	28	31	48	27	29
ENSG00000171680	1006	44	16	36	53	22	29
ENSG00000179588	1006	44	13	32	48	15	13
ENSG00000103534	1006	38	11	19	35	48	24
ENSG00000144488	1005	46	7	38	53	25	26
ENSG00000070886	1005	49	14	27	51	47	30
ENSG00000079819	1005	56	47	47	52	22	27
ENSG00000111752	1004	21	8	17	20	6	4
ENSG00000163755	1004	53	40	45	56	40	26
ENSG00000109118	1004	37	21	26	44	17	24
ENSG00000166987	1003	21	6	21	33	9	11
ENSG00000167110	1002	46	21	58	61	7	16
ENSG00000165959	1002	45	27	50	56	29	39
ENSG00000177302	1001	49	18	39	53	33	34
ENSG00000103549	1001	49	35	60	59	14	24
ENSG00000160551	1001	46	28	51	53	35	16
ENSG00000146856	1001	65	38	31	49	53	27
ENSG00000198483	1001	54	29	50	56	10	13
ENSG00000196296	1001	42	31	35	52	40	29
ENSG00000183808	1001	71	24	65	58	76	48
ENSG00000107651	1000	36	29	34	44	45	22
ENSG00000111731	1000	45	21	30	46	40	23
ENSG00000074370	999	43	21	37	52	39	24
ENSG00000175356	999	39	21	33	52	31	22
ENSG00000149428	999	55	39	43	52	31	34
ENSG00000153208	999	44	17	34	49	40	26
ENSG00000134757	999	44	16	36	52	40	32
ENSG00000135333	998	44	23	38	56	51	30
ENSG00000139044	998	45	19	32	49	43	26
ENSG00000182580	998	49	19	28	51	44	26
ENSG00000165490	998	49	37	30	52	39	30
ENSG00000047617	998	47	26	29	35	40	17
ENSG00000196169	998	55	18	44	52	14	22
ENSG00000263001	998	49	37	51	55	35	20
ENSG00000108387	996	56	34	45	59	27	30
ENSG00000164941	995	38	26	46	61	37	23
ENSG00000132854	995	44	20	40	51	19	10
ENSG00000068784	995	60	36	38	54	27	23
ENSG00000063015	994	35	6	30	42	37	22
ENSG00000157450	994	30	17	31	37	19	15
ENSG00000065413	993	47	28	27	59	21	35
ENSG00000204084	993	51	28	39	54	54	36
ENSG00000146197	993	43	21	28	48	32	20
ENSG00000127463	993	49	27	32	48	44	23
ENSG00000146147	993	39	26	23	33	14	13
ENSG00000072840	992	51	25	45	52	15	23
ENSG00000180071	992	54	47	41	50	32	22
ENSG00000080845	992	44	23	29	47	25	22
ENSG00000120451	992	39	17	40	52	24	16
ENSG00000167447	991	51	24	27	52	39	31
ENSG00000185792	991	53	37	39	52	34	29
ENSG00000172901	990	45	20	36	54	52	29
ENSG00000132003	989	50	9	40	65	36	24
ENSG00000165730	989	42	24	35	52	34	21
ENSG00000143473	989	41	34	33	58	41	32
ENSG00000152409	988	43	33	55	59	24	22
ENSG00000140015	988	39	34	30	55	38	34
ENSG00000159307	988	36	25	35	54	36	29
ENSG00000144445	987	50	42	42	42	39	18
ENSG00000196411	987	50	21	35	51	42	21
ENSG00000116584	986	55	22	39	50	26	31
ENSG00000168944	986	48	33	55	60	29	28
ENSG00000131620	986	43	35	27	40	46	28
ENSG00000168487	986	51	30	35	50	57	35
ENSG00000116106	986	45	29	31	59	42	40
ENSG00000124608	985	48	10	39	54	26	30
ENSG00000184708	985	38	27	29	33	17	23
ENSG00000100599	985	40	19	33	51	29	29
ENSG00000153066	985	45	17	39	50	40	22
ENSG00000065243	984	53	22	41	52	37	32
ENSG00000154928	984	53	18	28	48	47	27
ENSG00000136449	984	49	20	48	61	28	27
ENSG00000151623	984	43	22	29	39	29	12
ENSG00000114487	984	52	37	42	48	29	23
ENSG00000173889	983	23	12	14	20	6	15
ENSG00000174227	983	36	19	21	43	44	20
ENSG00000113073	983	41	11	21	39	42	12
ENSG00000044524	983	48	32	28	59	47	35
ENSG00000114423	982	50	23	25	56	31	39
ENSG00000077157	982	48	32	48	46	18	28
ENSG00000115839	981	50	34	39	51	29	29
ENSG00000171603	981	36	20	42	49	43	29
ENSG00000163704	981	32	5	20	31	15	18
ENSG00000162782	981	48	39	40	47	35	23
ENSG00000134343	981	45	38	24	47	53	22
ENSG00000135655	981	52	42	29	44	44	37
ENSG00000143924	981	51	29	25	50	37	38
ENSG00000124587	980	38	6	33	49	18	21
ENSG00000167634	980	61	35	31	47	38	20
ENSG00000166685	980	53	26	35	47	33	21
ENSG00000039560	980	57	49	48	58	9	23
ENSG00000116544	979	42	20	31	48	31	25
ENSG00000137871	979	50	42	29	32	36	11
ENSG00000119638	979	40	31	37	52	39	29
ENSG00000054356	979	37	8	39	53	26	23
ENSG00000145623	979	45	30	40	50	51	18
ENSG00000132005	979	27	13	28	35	32	13
ENSG00000135913	979	52	35	28	31	36	26
ENSG00000120254	978	48	35	23	48	28	33
ENSG00000178607	977	40	24	40	54	37	29
ENSG00000040933	977	43	14	25	57	41	33
ENSG00000162775	977	57	25	33	50	29	38
ENSG00000196961	977	53	26	32	55	36	25
ENSG00000166317	977	34	10	34	37	23	10
ENSG00000100403	977	49	40	34	49	41	30
ENSG00000121871	977	38	22	33	48	39	23
ENSG00000179912	976	25	16	12	21	32	21
ENSG00000198765	976	56	55	59	52	23	21
ENSG00000157404	976	47	37	31	56	55	33
ENSG00000232434	976	51	4	35	49	38	18
ENSG00000227345	976	52	28	44	60	36	30
ENSG00000146904	976	43	10	35	54	43	28
ENSG00000160703	975	46	9	32	46	28	12
ENSG00000151746	975	53	41	44	49	26	27
ENSG00000049759	975	46	24	39	51	48	37
ENSG00000086200	975	43	23	43	57	37	24
ENSG00000155827	975	53	45	58	51	16	36
ENSG00000176438	975	61	23	49	60	31	22
ENSG00000103091	974	47	21	25	49	44	32
ENSG00000091622	974	41	17	23	53	38	38
ENSG00000131558	974	56	36	45	64	29	29
ENSG00000047648	974	48	15	35	48	25	27
ENSG00000183023	973	34	21	32	46	37	21
ENSG00000178852	973	56	51	40	52	39	31
ENSG00000104142	973	48	18	47	57	46	24
ENSG00000145730	973	44	26	20	43	50	32
ENSG00000108883	972	52	31	39	52	34	34
ENSG00000111300	972	48	29	43	58	42	22
ENSG00000182578	972	31	18	29	45	44	20
ENSG00000051009	972	40	6	28	45	30	15
ENSG00000145016	972	41	21	39	58	35	20
ENSG00000122707	971	43	19	31	50	24	23
ENSG00000124207	971	52	39	40	51	45	25
ENSG00000112053	970	34	19	11	23	50	16
ENSG00000142731	970	42	25	26	48	44	26
ENSG00000278259	970	44	14	33	43	43	19
ENSG00000013573	970	45	23	44	51	27	14
ENSG00000089639	970	41	17	47	60	24	25
ENSG00000140479	969	45	24	26	49	33	24
ENSG00000198561	968	48	21	37	58	29	38
ENSG00000072786	968	45	48	57	63	20	29
ENSG00000109320	968	46	24	28	45	32	37
ENSG00000090861	968	50	38	39	63	36	42
ENSG00000118762	968	39	13	30	43	35	30
ENSG00000133067	967	34	6	26	40	33	13
ENSG00000154734	967	40	26	26	56	37	36
ENSG00000166825	967	45	19	31	52	46	31
ENSG00000198920	967	50	36	43	49	20	28
ENSG00000155592	967	49	39	56	57	44	12
ENSG00000073803	966	40	30	36	41	29	25
ENSG00000188554	966	31	24	37	47	25	24
ENSG00000100239	966	49	13	45	58	17	34
ENSG00000188779	965	44	25	31	33	26	18
ENSG00000004766	964	50	43	40	53	39	31
ENSG00000108395	964	39	25	36	51	25	33
ENSG00000102226	963	50	20	35	50	39	37
ENSG00000136381	963	44	29	26	51	43	27
ENSG00000144711	963	50	26	41	47	28	27
ENSG00000105538	963	38	10	26	38	30	14
ENSG00000167202	963	52	39	44	59	30	28
ENSG00000103544	963	52	37	41	67	38	36
ENSG00000170759	963	58	49	53	52	20	34
ENSG00000149262	963	58	35	33	55	32	28
ENSG00000117408	963	39	22	40	55	44	22
ENSG00000175115	963	38	22	28	39	23	23
ENSG00000157193	963	50	23	37	48	28	36
ENSG00000114316	963	46	31	31	46	45	37
ENSG00000130147	963	48	32	31	53	42	31
ENSG00000075856	963	51	34	43	52	29	26
ENSG00000262576	962	29	8	24	55	22	35
ENSG00000196872	962	39	24	41	46	10	26
ENSG00000138768	962	41	25	37	45	18	21
ENSG00000099889	962	46	13	39	53	21	32
ENSG00000102302	961	44	24	38	55	22	21
ENSG00000113296	961	39	14	23	49	37	37
ENSG00000060069	961	49	25	46	53	13	25
ENSG00000115977	961	36	21	27	39	26	26
ENSG00000204681	961	42	23	21	40	42	19
ENSG00000008086	960	55	33	32	52	32	18
ENSG00000137807	960	50	34	44	54	30	29
ENSG00000122965	960	49	37	35	46	33	29
ENSG00000164308	960	51	37	37	62	48	35
ENSG00000198836	960	55	42	39	47	33	27
ENSG00000196365	959	40	20	39	50	30	20
ENSG00000103489	959	47	21	32	47	45	30
ENSG00000006704	959	50	32	51	59	28	39
ENSG00000111817	958	41	22	29	44	53	22
ENSG00000083520	958	47	33	37	50	30	30
ENSG00000165300	958	40	16	30	40	40	24
ENSG00000173826	958	42	21	25	57	39	35
ENSG00000138792	957	46	33	38	56	48	27
ENSG00000198934	957	33	12	45	57	26	15
ENSG00000187672	957	47	41	50	49	7	30
ENSG00000168280	957	57	54	52	50	14	34
ENSG00000196504	957	34	34	46	51	33	24
ENSG00000169231	956	34	12	25	48	25	34
ENSG00000149403	956	38	16	30	42	42	13
ENSG00000147912	956	53	22	28	42	35	17
ENSG00000132561	956	40	22	40	56	37	32
ENSG00000166025	956	44	21	40	41	23	14
ENSG00000083799	956	47	23	33	56	36	23
ENSG00000139915	956	47	23	32	49	43	16
ENSG00000167670	956	40	31	27	37	22	25
ENSG00000135205	955	48	47	58	60	25	22
ENSG00000158258	955	37	25	41	51	38	34
ENSG00000112139	955	48	21	24	37	32	24
ENSG00000197530	955	49	11	26	51	26	33
ENSG00000151572	955	46	34	27	45	55	16
ENSG00000147874	955	52	38	45	54	37	29
ENSG00000054118	955	42	37	33	37	33	25
ENSG00000167992	955	28	4	28	42	17	18
ENSG00000090539	955	40	8	32	48	18	16
ENSG00000182077	954	31	15	23	36	50	26
ENSG00000130758	954	42	15	28	43	30	24
ENSG00000138375	954	46	35	28	52	30	26
ENSG00000157657	954	50	29	34	42	31	16
ENSG00000168813	953	45	26	41	51	20	26
ENSG00000158545	953	46	32	29	32	12	26
ENSG00000182606	953	51	25	30	41	13	19
ENSG00000130254	953	41	20	43	40	19	33
ENSG00000129083	953	48	31	41	58	29	36
ENSG00000066032	953	49	32	41	50	16	29
ENSG00000175455	953	45	26	36	51	16	23
ENSG00000173692	953	45	29	26	38	33	25
ENSG00000178038	953	51	16	34	50	37	29
ENSG00000156687	953	39	13	24	36	39	21
ENSG00000180336	952	54	31	32	50	38	34
ENSG00000171298	952	36	7	23	45	43	18
ENSG00000119946	951	45	17	30	44	39	26
ENSG00000205213	951	24	8	25	42	39	17
ENSG00000197859	951	39	22	31	51	30	29
ENSG00000132024	951	45	26	34	51	20	20
ENSG00000149548	951	53	43	29	59	39	37
ENSG00000061936	951	34	31	36	46	18	24
ENSG00000154845	950	38	20	42	53	34	40
ENSG00000081842	950	43	16	38	49	27	26
ENSG00000204970	950	40	12	41	50	32	25
ENSG00000091986	950	45	19	41	48	23	21
ENSG00000204962	950	41	14	38	47	29	27
ENSG00000166106	950	44	19	20	46	35	31
ENSG00000141447	950	53	34	38	50	31	23
ENSG00000088930	950	48	20	31	47	40	31
ENSG00000171435	950	49	31	28	43	28	18
ENSG00000100280	949	42	32	33	51	29	33
ENSG00000014164	948	52	27	11	21	14	7
ENSG00000106443	948	38	39	41	44	21	32
ENSG00000204969	948	40	17	41	50	29	23
ENSG00000180376	948	51	47	48	58	22	24
ENSG00000137948	947	46	41	44	59	18	25
ENSG00000185158	947	38	28	44	56	21	25
ENSG00000006062	947	46	25	34	51	30	15
ENSG00000090612	947	58	42	38	42	60	4
ENSG00000204967	947	41	16	40	50	27	24
ENSG00000089820	946	40	17	37	39	27	19
ENSG00000151655	946	47	30	25	45	39	26
ENSG00000042062	946	41	24	41	48	34	23
ENSG00000135317	946	43	26	44	57	47	24
ENSG00000064270	946	46	30	31	47	31	23
ENSG00000143772	946	52	21	37	40	30	17
ENSG00000107731	945	41	17	26	46	35	27
ENSG00000089597	944	42	8	30	50	50	35
ENSG00000120685	944	14	9	11	15	15	6
ENSG00000140553	944	55	27	45	55	23	25
ENSG00000240764	944	33	4	20	51	23	37
ENSG00000137975	943	34	20	17	44	40	20
ENSG00000131196	943	36	15	22	33	28	17
ENSG00000145214	942	41	13	24	38	33	20
ENSG00000164066	942	47	26	29	46	35	28
ENSG00000123143	942	39	16	36	50	31	22
ENSG00000077254	942	46	30	37	45	39	27
ENSG00000111912	942	50	45	48	51	29	36
ENSG00000123243	942	46	21	29	49	32	26
ENSG00000139990	942	48	9	37	49	35	37
ENSG00000270231	942	40	31	47	50	28	31
ENSG00000136928	941	43	21	21	39	37	23
ENSG00000284862	941	53	51	49	43	20	27
ENSG00000101161	941	56	40	36	52	34	23
ENSG00000164307	941	46	35	40	50	48	21
ENSG00000105792	941	48	42	34	51	39	31
ENSG00000160695	941	50	29	37	56	40	37
ENSG00000114439	941	41	44	38	47	20	34
ENSG00000186642	941	49	23	33	57	39	36
ENSG00000144504	941	48	29	30	55	37	26
ENSG00000251664	941	38	15	42	52	25	27
ENSG00000006459	941	45	34	29	43	35	29
ENSG00000136542	940	50	39	36	52	23	22
ENSG00000154767	940	42	28	33	43	29	26
ENSG00000204569	940	42	29	29	37	18	18
ENSG00000120498	940	53	36	44	52	40	23
ENSG00000183020	939	47	21	34	54	35	22
ENSG00000105278	939	31	15	24	45	18	20
ENSG00000159256	939	52	41	45	53	36	29
ENSG00000176884	938	48	30	23	50	45	29
ENSG00000141052	938	33	21	28	42	22	27
ENSG00000242419	938	37	5	20	48	25	37
ENSG00000198231	938	42	22	35	41	25	27
ENSG00000176915	938	56	25	36	46	33	27
ENSG00000133131	937	51	37	38	47	41	13
ENSG00000006125	937	42	33	30	49	32	29
ENSG00000176994	937	46	30	28	46	37	36
ENSG00000204965	936	45	17	36	46	28	25
ENSG00000253846	936	32	12	30	50	30	39
ENSG00000163617	936	44	48	47	52	25	16
ENSG00000119844	936	38	30	42	53	26	32
ENSG00000183579	936	33	9	28	45	15	17
ENSG00000253873	935	29	13	23	47	31	36
ENSG00000100714	935	51	37	25	44	32	23
ENSG00000140691	935	35	1	22	41	15	14
ENSG00000039537	934	46	36	39	48	45	21
ENSG00000079156	934	49	30	35	49	33	22
ENSG00000095002	934	43	32	40	55	37	27
ENSG00000137501	934	46	41	39	50	24	28
ENSG00000240184	934	40	7	20	44	26	32
ENSG00000082175	933	31	14	25	41	21	13
ENSG00000115705	933	50	12	27	46	39	23
ENSG00000146205	933	36	13	25	35	49	15
ENSG00000129219	933	50	19	27	57	40	29
ENSG00000151322	933	36	18	25	37	30	23
ENSG00000128655	933	43	24	32	44	49	28
ENSG00000254245	932	37	15	28	51	25	36
ENSG00000253731	932	36	9	28	51	29	29
ENSG00000116406	932	42	19	40	49	38	33
ENSG00000185760	932	45	28	24	38	31	20
ENSG00000261934	932	34	12	30	54	30	36
ENSG00000253537	932	29	10	30	51	28	38
ENSG00000253767	932	29	14	28	53	29	36
ENSG00000081853	932	38	12	27	50	34	37
ENSG00000253159	932	29	13	30	55	28	34
ENSG00000244462	932	27	18	17	26	34	18
ENSG00000197563	931	29	20	10	31	52	18
ENSG00000106608	931	48	24	35	46	31	35
ENSG00000253910	931	30	11	22	49	30	38
ENSG00000196588	931	29	23	33	39	12	13
ENSG00000118257	931	49	19	34	48	46	28
ENSG00000137672	931	44	30	31	42	45	24
ENSG00000076650	931	40	33	41	47	32	33
ENSG00000204956	931	26	9	26	53	29	40
ENSG00000253485	931	36	9	32	53	30	38
ENSG00000154736	930	58	26	16	45	42	25
ENSG00000055955	930	44	20	32	53	31	19
ENSG00000182872	930	40	18	41	52	29	28
ENSG00000253305	930	35	14	24	48	27	39
ENSG00000171992	929	42	11	29	46	21	11
ENSG00000133059	929	49	28	39	57	31	29
ENSG00000262209	929	35	11	27	52	32	39
ENSG00000136021	929	40	34	29	40	33	15
ENSG00000254122	929	34	13	21	49	27	39
ENSG00000135842	928	37	27	51	56	27	22
ENSG00000149091	928	41	15	28	40	25	31
ENSG00000095383	928	44	25	36	45	25	20
ENSG00000139687	928	49	40	33	45	40	19
ENSG00000185002	928	31	22	21	38	36	24
ENSG00000169203	928	48	32	27	53	21	25
ENSG00000175984	928	50	32	44	44	47	18
ENSG00000141376	928	37	15	22	37	30	17
ENSG00000070610	927	44	14	21	37	47	23
ENSG00000254221	927	32	11	27	52	29	34
ENSG00000170145	926	36	21	34	44	29	18
ENSG00000134398	926	38	8	18	52	35	29
ENSG00000008311	926	43	35	29	36	40	26
ENSG00000168676	926	51	27	34	47	41	22
ENSG00000143971	926	48	43	32	47	22	24
ENSG00000173320	926	43	22	36	51	19	24
ENSG00000104450	926	53	43	51	54	34	29
ENSG00000147044	926	49	26	41	53	41	33
ENSG00000088179	926	44	18	32	52	38	29
ENSG00000107201	925	53	48	44	49	42	29
ENSG00000101096	925	35	15	28	36	29	14
ENSG00000197594	925	43	24	32	52	45	27
ENSG00000116198	925	53	36	34	43	34	28
ENSG00000262246	925	32	10	23	56	31	35
ENSG00000105376	924	37	1	40	46	28	12
ENSG00000111490	924	48	25	32	42	25	18
ENSG00000109452	924	49	37	38	56	37	30
ENSG00000136010	923	56	41	32	47	45	23
ENSG00000064419	923	43	19	38	54	42	26
ENSG00000158941	923	47	19	36	40	26	21
ENSG00000160883	923	38	3	32	52	29	25
ENSG00000079337	923	45	13	33	51	27	23
ENSG00000253953	923	24	9	30	57	30	33
ENSG00000141068	923	52	29	27	40	31	24
ENSG00000099250	923	41	25	35	44	44	23
ENSG00000276547	923	31	9	30	52	26	26
ENSG00000131864	922	41	40	36	43	29	28
ENSG00000123124	922	46	17	38	54	39	33
ENSG00000198420	921	38	19	32	43	41	19
ENSG00000117868	921	45	24	19	41	26	22
ENSG00000118160	921	32	8	28	43	33	26
ENSG00000112280	921	47	16	22	50	11	22
ENSG00000029363	920	36	35	27	30	33	24
ENSG00000169083	920	36	16	31	45	27	17
ENSG00000132874	920	21	18	16	23	43	10
ENSG00000122515	920	18	5	16	26	25	18
ENSG00000170379	919	31	14	30	44	36	16
ENSG00000175727	919	31	18	16	37	21	20
ENSG00000012232	919	47	19	28	45	44	20
ENSG00000141279	919	46	24	35	52	41	40
ENSG00000105486	919	48	37	35	47	27	24
ENSG00000105289	919	43	12	32	45	26	37
ENSG00000064692	919	40	32	36	45	14	19
ENSG00000017260	919	40	29	25	41	23	19
ENSG00000241945	919	40	22	25	53	45	37
ENSG00000016602	919	38	32	25	43	36	26
ENSG00000085433	919	40	21	25	50	34	33
ENSG00000181192	919	33	16	31	52	44	18
ENSG00000123453	918	47	14	33	48	38	23
ENSG00000171189	918	45	25	27	46	49	25
ENSG00000149503	918	40	31	28	33	15	11
ENSG00000134352	918	44	31	33	49	55	34
ENSG00000035681	917	37	26	32	56	44	34
ENSG00000156515	917	48	30	38	51	43	31
ENSG00000159086	917	42	36	45	48	27	27
ENSG00000159399	917	48	30	47	54	42	33
ENSG00000181626	917	51	40	43	51	25	32
ENSG00000156510	917	50	32	38	50	39	28
ENSG00000183963	917	49	15	41	49	11	13
ENSG00000198408	916	46	35	38	54	39	23
ENSG00000184792	916	46	28	36	41	29	16
ENSG00000169330	916	46	35	35	53	33	28
ENSG00000104722	916	45	37	47	40	20	15
ENSG00000175595	916	48	18	28	52	36	26
ENSG00000164808	915	43	22	33	49	24	22
ENSG00000031003	915	37	25	46	46	25	31
ENSG00000160633	915	37	20	39	36	13	32
ENSG00000139324	915	42	32	25	42	49	15
ENSG00000176155	915	51	30	48	46	9	20
ENSG00000115993	914	37	15	34	48	18	20
ENSG00000146828	914	30	3	8	17	33	12
ENSG00000205609	914	41	31	44	52	32	34
ENSG00000136878	914	41	21	36	42	35	18
ENSG00000214013	914	43	32	31	53	46	26
ENSG00000016490	914	42	25	26	42	36	19
ENSG00000138709	914	43	27	46	49	24	19
ENSG00000160271	914	29	18	32	46	35	21
ENSG00000227124	914	50	34	42	46	54	6
ENSG00000116675	913	31	20	21	33	41	30
ENSG00000131725	913	54	46	28	48	24	40
ENSG00000134588	913	46	42	35	46	39	19
ENSG00000070159	913	44	24	32	51	37	23
ENSG00000204580	913	37	8	16	40	40	29
ENSG00000062370	913	53	34	37	42	57	13
ENSG00000184110	913	41	31	44	52	32	34
ENSG00000158290	913	57	37	36	43	35	25
ENSG00000171714	913	37	29	39	46	53	12
ENSG00000184304	912	29	23	28	41	34	27
ENSG00000236320	912	42	33	37	51	42	20
ENSG00000119772	912	53	36	41	48	29	24
ENSG00000076928	912	43	20	44	55	25	34
ENSG00000124493	912	41	15	19	38	40	19
ENSG00000115207	911	32	18	28	40	35	23
ENSG00000132692	911	35	5	36	49	35	20
ENSG00000174705	911	46	35	36	52	22	29
ENSG00000170448	911	48	43	33	42	17	5
ENSG00000055957	911	33	16	18	45	34	29
ENSG00000130402	911	55	35	44	50	46	33
ENSG00000174106	911	49	21	20	39	28	27
ENSG00000004939	911	32	8	28	36	46	19
ENSG00000174405	911	44	40	39	56	39	37
ENSG00000145495	910	25	9	20	27	49	10
ENSG00000197157	910	50	26	40	56	36	21
ENSG00000153292	910	28	21	19	35	44	14
ENSG00000166268	910	33	19	28	42	36	24
ENSG00000177119	910	41	29	32	45	51	22
ENSG00000112584	910	51	21	42	45	35	25
ENSG00000174938	910	24	2	30	44	29	19
ENSG00000177595	910	35	4	25	41	17	21
ENSG00000197275	910	47	34	33	45	40	20
ENSG00000177888	909	43	42	37	49	47	26
ENSG00000148848	909	41	16	22	42	25	21
ENSG00000175166	908	49	22	26	43	35	29
ENSG00000164418	908	40	23	26	43	51	22
ENSG00000178295	908	41	38	32	46	29	23
ENSG00000179603	908	42	22	23	40	44	17
ENSG00000163510	908	41	32	49	47	27	38
ENSG00000180592	908	37	30	22	27	27	16
ENSG00000095397	907	42	11	30	44	15	24
ENSG00000065609	907	21	16	18	39	26	20
ENSG00000126216	907	45	18	26	43	43	31
ENSG00000112367	907	46	22	27	50	40	35
ENSG00000110321	907	49	39	32	42	36	26
ENSG00000139292	907	36	20	16	30	40	15
ENSG00000184432	906	46	28	44	57	44	29
ENSG00000110395	906	39	18	27	49	35	25
ENSG00000044115	906	49	35	38	46	17	31
ENSG00000155511	906	45	24	28	49	43	26
ENSG00000170558	906	31	17	28	50	33	37
ENSG00000125482	905	41	37	44	45	29	18
ENSG00000140022	905	35	11	34	55	37	29
ENSG00000212916	905	43	29	42	45	24	24
ENSG00000163507	905	56	38	41	53	20	24
ENSG00000131379	904	34	27	23	35	32	15
ENSG00000114982	904	39	21	16	30	14	19
ENSG00000164342	904	43	29	21	31	44	15
ENSG00000181433	904	31	8	16	55	18	36
ENSG00000133226	904	43	33	23	25	9	9
ENSG00000164877	904	50	16	27	35	12	10
ENSG00000167962	904	36	13	33	44	23	17
ENSG00000075711	904	35	25	36	52	26	27
ENSG00000182898	904	44	33	60	54	10	39
ENSG00000203734	904	53	30	32	50	49	28
ENSG00000072952	904	44	31	29	41	14	13
ENSG00000073111	904	41	19	38	49	28	34
ENSG00000099219	904	32	13	20	36	39	16
ENSG00000172167	904	42	34	40	50	28	17
ENSG00000088280	903	33	20	39	53	26	27
ENSG00000168152	903	55	40	15	40	43	26
ENSG00000179057	903	45	38	42	52	35	32
ENSG00000036549	903	39	23	46	53	21	27
ENSG00000170037	903	45	11	52	53	12	15
ENSG00000121057	903	40	28	31	44	21	26
ENSG00000078747	903	45	23	29	45	39	30
ENSG00000011376	903	45	31	29	49	43	21
ENSG00000160753	902	38	8	28	43	22	21
ENSG00000105939	902	55	26	19	50	39	27
ENSG00000130640	902	50	31	30	50	35	27
ENSG00000144908	902	52	41	27	47	37	29
ENSG00000146067	902	32	24	36	40	11	10
ENSG00000165923	902	48	34	26	41	41	21
ENSG00000100968	902	42	16	33	42	32	12
ENSG00000172716	901	41	19	39	51	39	20
ENSG00000134755	901	41	18	34	51	35	30
ENSG00000122126	901	44	30	30	46	47	29
ENSG00000248746	901	56	28	43	53	48	27
ENSG00000166986	900	38	16	32	51	36	31
ENSG00000077150	900	40	21	28	39	17	23
ENSG00000196670	900	47	58	41	39	51	17
ENSG00000100523	900	42	17	30	44	38	26
ENSG00000116668	900	46	40	39	54	34	27
ENSG00000095203	900	36	21	27	41	26	12
ENSG00000184305	900	47	29	35	45	22	21
ENSG00000224940	899	22	1	20	33	27	12
ENSG00000083312	898	35	21	34	54	38	31
ENSG00000121621	898	49	44	23	39	24	24
ENSG00000074603	898	42	15	31	54	52	34
ENSG00000135090	898	39	28	51	56	26	18
ENSG00000165813	898	51	51	54	50	11	27
ENSG00000114859	898	31	9	26	35	37	11
ENSG00000148337	898	33	17	20	24	14	13
ENSG00000165359	898	49	33	28	50	34	25
ENSG00000154760	897	34	22	36	49	41	17
ENSG00000105576	897	35	19	35	54	35	25
ENSG00000101773	897	47	43	45	51	20	22
ENSG00000131778	897	41	32	36	40	38	25
ENSG00000134762	896	45	19	38	48	35	26
ENSG00000135740	896	33	18	24	43	38	20
ENSG00000085832	896	46	34	30	51	27	37
ENSG00000101577	896	39	26	32	48	27	30
ENSG00000105732	896	30	13	39	48	28	6
ENSG00000102921	896	47	24	38	48	32	25
ENSG00000134987	895	40	22	16	47	42	29
ENSG00000162702	895	28	20	31	41	24	18
ENSG00000087365	895	40	29	31	34	16	15
ENSG00000183230	895	45	29	37	51	13	27
ENSG00000173402	895	39	17	25	42	22	22
ENSG00000132669	895	40	26	35	50	35	27
ENSG00000090989	894	42	35	36	52	35	30
ENSG00000134765	894	44	29	35	57	35	41
ENSG00000167601	894	33	11	23	39	36	26
ENSG00000127152	894	40	16	22	36	21	23
ENSG00000011566	894	43	24	29	44	41	23
ENSG00000164256	894	45	23	47	51	47	11
ENSG00000198879	894	43	31	37	49	27	23
ENSG00000129351	894	35	26	24	26	28	14
ENSG00000125675	894	39	17	30	44	46	22
ENSG00000138823	894	46	38	35	54	32	21
ENSG00000077522	894	55	29	43	51	47	30
ENSG00000152404	894	50	45	48	58	34	32
ENSG00000013364	893	43	26	38	49	25	29
ENSG00000135436	893	57	37	41	46	27	20
ENSG00000145348	893	39	21	28	47	41	34
ENSG00000174885	892	41	10	28	46	16	20
ENSG00000072110	892	53	31	46	50	48	33
ENSG00000196700	892	38	30	26	42	17	16
ENSG00000166750	891	40	31	37	50	40	22
ENSG00000204396	891	32	4	23	48	27	19
ENSG00000170703	891	47	27	25	40	37	23
ENSG00000162643	891	42	33	33	48	43	25
ENSG00000112984	890	46	26	34	42	22	21
ENSG00000164588	890	31	19	15	35	34	23
ENSG00000134324	890	43	27	25	46	27	27
ENSG00000092445	890	42	16	22	40	41	24
ENSG00000115825	890	31	25	24	39	36	23
ENSG00000259956	890	46	21	26	41	29	23
ENSG00000109501	890	37	24	33	37	31	18
ENSG00000148468	890	34	15	30	44	26	25
ENSG00000162267	890	35	22	28	49	37	33
ENSG00000134917	889	36	17	23	40	34	28
ENSG00000159314	889	33	12	38	44	36	27
ENSG00000122729	889	42	22	25	46	43	26
ENSG00000091039	889	52	47	36	38	38	23
ENSG00000160447	889	40	15	33	43	29	16
ENSG00000130475	889	35	16	39	46	36	16
ENSG00000167680	888	32	7	18	46	34	27
ENSG00000154447	888	39	21	15	25	15	16
ENSG00000075643	888	44	13	21	47	42	26
ENSG00000165186	888	29	18	15	30	40	16
ENSG00000113161	888	40	22	30	45	23	14
ENSG00000152520	887	29	17	15	41	26	23
ENSG00000159733	887	34	15	36	45	20	34
ENSG00000122507	887	38	20	20	46	37	32
ENSG00000137941	887	44	34	29	47	38	22
ENSG00000070882	887	43	28	33	45	36	24
ENSG00000078142	887	45	38	35	51	33	36
ENSG00000102786	887	50	34	34	49	32	26
ENSG00000158220	886	37	19	24	36	35	21
ENSG00000174837	886	22	19	22	31	46	13
ENSG00000084693	886	42	16	23	33	27	18
ENSG00000065989	886	38	11	29	42	26	23
ENSG00000144535	885	50	37	25	46	39	26
ENSG00000171824	885	53	34	34	49	29	35
ENSG00000113231	885	39	17	33	51	26	31
ENSG00000128536	885	35	15	32	42	38	23
ENSG00000166507	883	46	15	24	43	39	15
ENSG00000120251	883	43	31	30	46	43	25
ENSG00000149289	883	43	25	35	51	27	32
ENSG00000172985	882	35	18	21	31	16	18
ENSG00000039068	882	25	12	38	47	33	39
ENSG00000070614	882	49	31	29	45	40	23
ENSG00000140464	882	48	13	42	42	23	16
ENSG00000184571	882	48	37	27	43	37	19
ENSG00000198108	882	47	20	27	44	42	17
ENSG00000133687	882	46	26	18	34	40	13
ENSG00000057294	881	49	21	27	47	25	21
ENSG00000123064	881	46	24	30	43	30	24
ENSG00000185504	881	32	8	25	47	22	25
ENSG00000140750	881	28	25	24	34	17	21
ENSG00000088367	881	45	31	41	47	29	25
ENSG00000105063	881	32	10	31	46	14	25
ENSG00000188993	880	30	16	31	47	23	33
ENSG00000141506	880	39	17	26	42	26	22
ENSG00000270765	880	45	16	24	41	22	19
ENSG00000134247	879	48	22	28	47	43	31
ENSG00000067066	879	40	32	49	52	25	21
ENSG00000109323	879	37	22	32	55	49	23
ENSG00000090857	879	46	18	31	47	47	23
ENSG00000021762	879	50	24	36	45	31	22
ENSG00000120539	879	39	26	33	47	25	30
ENSG00000106771	879	25	10	12	23	41	5
ENSG00000105287	878	30	18	26	42	33	24
ENSG00000140563	878	37	33	20	41	37	33
ENSG00000160293	878	48	35	27	44	48	32
ENSG00000254470	878	33	2	20	36	20	16
ENSG00000175221	877	39	22	17	43	30	23
ENSG00000113262	877	35	10	26	33	38	16
ENSG00000187609	876	43	9	28	51	22	30
ENSG00000087087	876	42	23	37	39	28	28
ENSG00000141441	876	44	29	30	42	36	21
ENSG00000166387	876	46	28	40	40	21	25
ENSG00000108424	876	35	18	45	51	27	20
ENSG00000129680	876	44	46	47	48	5	21
ENSG00000164654	875	52	21	26	49	43	34
ENSG00000119771	875	32	15	22	36	37	20
ENSG00000138735	875	49	32	43	47	36	22
ENSG00000114062	875	42	24	34	51	45	27
ENSG00000178105	875	45	33	39	48	30	24
ENSG00000133612	875	28	11	26	45	20	18
ENSG00000154269	875	38	22	25	47	40	24
ENSG00000164099	875	43	19	23	38	42	14
ENSG00000088836	875	28	12	19	26	41	11
ENSG00000065328	875	45	40	36	39	16	15
ENSG00000181789	874	49	33	34	43	36	20
ENSG00000164830	874	44	33	38	40	32	29
ENSG00000165895	874	54	39	38	45	36	13
ENSG00000111452	874	27	8	20	26	50	11
ENSG00000119698	873	44	26	35	47	23	22
ENSG00000147852	873	45	25	38	50	35	37
ENSG00000164100	873	49	32	23	43	45	20
ENSG00000110075	873	43	24	42	54	22	33
ENSG00000112320	873	33	23	23	38	14	19
ENSG00000165309	872	48	37	45	52	21	29
ENSG00000170085	872	41	16	27	48	15	28
ENSG00000120051	872	48	50	52	53	22	22
ENSG00000138653	872	51	32	24	39	45	20
ENSG00000164082	872	40	6	19	36	38	21
ENSG00000075043	872	46	25	23	35	36	17
ENSG00000205189	871	34	22	24	38	28	25
ENSG00000158623	871	46	29	31	42	40	24
ENSG00000114790	871	46	26	28	38	30	22
ENSG00000165138	871	45	21	23	40	16	26
ENSG00000110844	871	30	21	34	44	28	23
ENSG00000111199	871	35	18	22	49	31	34
ENSG00000137573	871	37	28	32	46	33	16
ENSG00000142528	871	49	35	47	46	45	10
ENSG00000244486	871	37	15	36	51	14	12
ENSG00000079805	870	46	27	32	42	29	29
ENSG00000150672	870	43	25	28	49	35	29
ENSG00000155026	870	41	29	42	44	37	26
ENSG00000163328	870	31	16	22	34	45	10
ENSG00000050820	870	42	21	18	40	36	33
ENSG00000196562	870	35	26	23	39	35	22
ENSG00000169402	870	41	29	42	44	36	26
ENSG00000011021	869	38	15	20	27	42	12
ENSG00000102870	869	45	21	44	57	40	16
ENSG00000206557	868	40	18	30	54	28	33
ENSG00000170248	868	48	34	36	46	25	19
ENSG00000196867	868	52	32	37	42	50	14
ENSG00000188089	868	34	21	31	48	33	21
ENSG00000079263	867	50	25	41	45	26	23
ENSG00000134874	867	43	36	39	49	19	16
ENSG00000118690	867	44	28	22	42	32	23
ENSG00000129173	867	35	31	30	35	22	12
ENSG00000186806	867	41	10	20	37	27	23
ENSG00000132837	866	46	29	33	37	40	15
ENSG00000136699	866	44	18	24	41	41	14
ENSG00000177663	866	23	8	28	40	33	26
ENSG00000011275	866	41	29	46	53	33	25
ENSG00000164134	866	52	45	43	48	46	19
ENSG00000171560	866	35	19	34	43	39	29
ENSG00000197566	865	54	33	51	54	46	11
ENSG00000130226	865	43	31	36	47	38	25
ENSG00000263956	865	38	33	41	44	21	25
ENSG00000182504	865	39	24	37	47	23	22
ENSG00000007062	865	40	26	22	41	40	20
ENSG00000172766	864	47	43	35	46	44	20
ENSG00000127527	864	48	39	28	44	29	36
ENSG00000106976	864	46	27	30	44	28	33
ENSG00000159023	864	43	37	34	43	21	25
ENSG00000104738	863	46	23	33	46	31	30
ENSG00000136960	863	37	25	24	38	45	27
ENSG00000143537	863	33	8	19	35	18	29
ENSG00000100139	863	40	16	30	38	15	14
ENSG00000058056	863	41	25	36	46	44	27
ENSG00000169760	863	29	15	16	44	42	31
ENSG00000142002	863	42	22	31	51	55	23
ENSG00000103126	862	40	21	33	46	23	21
ENSG00000029725	862	55	39	44	45	18	32
ENSG00000122512	862	46	36	29	42	26	29
ENSG00000141384	862	36	31	23	26	4	9
ENSG00000187764	862	33	22	31	42	42	17
ENSG00000081985	862	44	19	23	33	35	17
ENSG00000069018	862	38	26	31	39	45	17
ENSG00000126107	861	46	17	42	48	41	32
ENSG00000125207	861	51	24	21	38	39	24
ENSG00000146776	861	32	23	10	30	11	17
ENSG00000134698	861	40	28	19	39	32	21
ENSG00000178171	861	33	9	39	48	15	22
ENSG00000085840	861	43	26	38	44	19	16
ENSG00000240720	860	40	33	39	54	23	16
ENSG00000126070	860	44	22	21	38	33	27
ENSG00000196199	860	29	26	45	46	20	40
ENSG00000135966	860	37	20	41	53	44	28
ENSG00000164597	860	43	21	32	50	26	24
ENSG00000146909	860	44	35	35	47	22	27
ENSG00000095370	860	45	11	33	42	27	19
ENSG00000143643	860	42	23	35	46	42	25
ENSG00000130164	860	45	15	28	50	34	42
ENSG00000132915	860	48	33	31	44	42	34
ENSG00000123908	859	45	30	20	41	37	27
ENSG00000147650	859	41	13	25	37	24	25
ENSG00000181544	859	51	46	32	45	47	13
ENSG00000139625	859	35	15	33	44	22	20
ENSG00000089737	859	43	34	31	35	20	17
ENSG00000148600	859	31	13	24	48	35	33
ENSG00000159842	859	43	34	32	55	34	29
ENSG00000167658	858	45	35	28	52	34	30
ENSG00000134686	858	23	12	13	16	12	9
ENSG00000111667	858	38	23	37	50	36	42
ENSG00000120694	858	46	36	39	46	35	31
ENSG00000154222	858	35	32	50	50	14	24
ENSG00000068724	858	47	22	38	51	34	14
ENSG00000158445	858	39	27	35	40	35	13
ENSG00000149294	858	37	23	28	41	39	25
ENSG00000087269	857	40	38	37	41	23	17
ENSG00000112742	857	44	40	32	46	31	28
ENSG00000185344	856	40	19	26	41	48	10
ENSG00000107719	856	50	9	36	38	35	19
ENSG00000136059	856	45	27	36	48	30	19
ENSG00000143748	856	45	26	35	49	21	33
ENSG00000129667	856	38	19	20	31	42	16
ENSG00000105323	856	35	20	28	38	43	16
ENSG00000163611	855	48	24	30	37	13	14
ENSG00000149418	855	32	17	18	35	38	21
ENSG00000164818	855	44	11	31	49	19	27
ENSG00000147231	855	49	29	32	48	36	25
ENSG00000178226	855	25	2	23	34	32	7
ENSG00000204514	855	55	38	45	48	54	4
ENSG00000151883	854	46	28	31	37	33	20
ENSG00000277865	854	40	68	19	19	20	6
ENSG00000187742	854	34	28	38	44	21	18
ENSG00000006715	854	44	37	28	49	41	38
ENSG00000131061	854	26	25	20	37	22	14
ENSG00000147081	854	52	48	28	41	23	24
ENSG00000187017	854	27	13	18	37	16	20
ENSG00000133256	854	47	30	38	46	36	35
ENSG00000137574	853	39	26	38	45	31	32
ENSG00000111254	853	45	34	36	49	31	32
ENSG00000088305	853	39	26	28	39	29	19
ENSG00000134627	852	49	26	17	44	30	22
ENSG00000186185	852	43	19	25	40	14	22
ENSG00000164403	852	31	4	25	49	13	19
ENSG00000169962	852	25	3	16	32	41	13
ENSG00000004487	852	37	15	29	43	28	16
ENSG00000136114	852	38	15	30	52	35	17
ENSG00000183742	852	37	32	34	48	35	24
ENSG00000102910	852	39	21	28	41	16	25
ENSG00000140265	852	40	20	47	49	32	12
ENSG00000127081	852	47	40	40	49	54	14
ENSG00000170581	851	37	21	35	43	32	23
ENSG00000132793	851	38	24	27	43	25	24
ENSG00000197256	851	42	14	35	43	13	19
ENSG00000069702	851	30	17	35	48	26	15
ENSG00000089048	851	38	35	40	39	24	36
ENSG00000155903	850	45	37	31	45	34	26
ENSG00000158458	850	45	17	24	38	27	14
ENSG00000138892	850	49	25	19	43	22	29
ENSG00000168907	849	40	11	30	43	30	24
ENSG00000275052	849	38	30	42	42	36	28
ENSG00000196338	848	24	11	19	42	39	29
ENSG00000106546	848	25	18	21	45	41	27
ENSG00000137571	848	23	7	11	25	32	9
ENSG00000134215	847	48	37	36	52	35	24
ENSG00000173327	847	41	11	28	40	31	17
ENSG00000015479	847	38	24	27	32	31	24
ENSG00000012124	847	29	17	38	48	34	24
ENSG00000138399	847	42	20	35	52	40	21
ENSG00000166888	847	29	18	35	51	27	22
ENSG00000108592	847	34	34	35	48	24	24
ENSG00000100504	847	51	37	27	53	42	32
ENSG00000126787	846	47	37	40	47	17	19
ENSG00000134852	846	26	16	25	31	24	16
ENSG00000165322	846	45	35	38	48	37	32
ENSG00000187257	846	36	22	34	47	26	22
ENSG00000012983	846	40	24	30	50	41	28
ENSG00000244694	846	30	17	12	31	39	13
ENSG00000141968	845	45	27	36	53	39	23
ENSG00000164169	845	35	21	46	54	33	32
ENSG00000204574	845	37	26	37	41	22	21
ENSG00000099834	845	21	6	19	29	23	16
ENSG00000188385	844	45	37	57	54	16	24
ENSG00000214694	844	42	30	38	44	27	19
ENSG00000264522	843	47	19	36	40	26	20
ENSG00000018699	843	40	26	40	42	42	20
ENSG00000165914	843	42	16	37	49	31	17
ENSG00000168646	843	36	18	27	43	25	15
ENSG00000176040	843	46	21	12	29	39	14
ENSG00000119707	843	31	35	31	24	14	21
ENSG00000112936	843	43	25	37	46	39	9
ENSG00000100994	843	49	29	34	52	41	34
ENSG00000006025	842	44	12	34	45	24	16
ENSG00000115657	842	35	8	19	29	34	15
ENSG00000053108	842	49	16	25	48	30	27
ENSG00000077684	842	50	28	32	37	34	24
ENSG00000068976	842	50	20	33	53	40	23
ENSG00000116871	841	31	25	29	37	9	5
ENSG00000173662	841	33	14	13	30	48	11
ENSG00000068400	841	46	29	50	50	9	18
ENSG00000184564	841	35	23	23	33	34	15
ENSG00000112182	841	40	20	37	42	26	22
ENSG00000166924	841	39	19	17	31	7	9
ENSG00000114904	841	43	34	45	57	21	24
ENSG00000099949	840	48	24	30	48	32	25
ENSG00000105929	840	32	14	25	39	42	13
ENSG00000170606	840	50	37	36	42	34	29
ENSG00000112293	840	37	14	21	39	42	27
ENSG00000141446	840	46	44	35	40	18	16
ENSG00000198925	839	39	8	30	39	38	14
ENSG00000215305	839	39	19	31	48	42	26
ENSG00000196652	839	48	30	48	50	39	20
ENSG00000140538	839	33	15	23	43	37	21
ENSG00000164070	839	52	36	38	46	30	32
ENSG00000136869	839	37	18	27	44	51	22
ENSG00000197937	839	45	32	46	47	55	9
ENSG00000176853	838	38	22	22	41	35	34
ENSG00000167702	838	41	2	27	34	9	8
ENSG00000158301	838	32	23	43	45	28	16
ENSG00000013810	838	34	22	45	51	9	17
ENSG00000095539	838	36	4	21	34	35	16
ENSG00000034677	838	35	14	25	42	21	27
ENSG00000119969	838	41	34	34	39	28	24
ENSG00000143093	837	38	26	26	31	31	22
ENSG00000033627	837	31	14	22	32	41	9
ENSG00000185033	837	33	11	20	41	42	20
ENSG00000108773	837	36	23	36	41	33	16
ENSG00000115275	837	41	6	22	35	31	21
ENSG00000154654	837	46	28	33	41	38	23
ENSG00000178764	837	45	34	35	41	22	27
ENSG00000179542	837	38	28	28	40	32	19
ENSG00000165506	837	49	20	34	49	20	22
ENSG00000100726	837	46	7	33	42	21	13
ENSG00000158859	837	36	8	13	38	32	25
ENSG00000165617	836	36	24	28	38	20	16
ENSG00000133110	836	38	34	30	43	26	23
ENSG00000162641	836	41	41	35	48	25	30
ENSG00000119535	836	14	5	25	41	35	12
ENSG00000179104	836	37	22	18	31	50	11
ENSG00000102053	836	43	23	27	44	22	25
ENSG00000163814	836	41	14	18	39	38	18
ENSG00000123146	835	31	17	20	22	31	11
ENSG00000122376	835	35	30	25	40	35	25
ENSG00000169992	835	28	10	22	39	34	25
ENSG00000130726	835	28	23	35	49	18	23
ENSG00000147316	835	41	33	28	45	19	20
ENSG00000119866	835	43	19	33	39	21	20
ENSG00000137200	835	48	28	32	45	41	27
ENSG00000111859	834	41	24	22	43	27	24
ENSG00000155066	834	29	9	28	37	31	11
ENSG00000185989	834	48	29	34	50	34	29
ENSG00000128578	834	37	25	28	29	28	21
ENSG00000131584	834	43	14	30	42	27	33
ENSG00000066230	834	26	15	23	38	47	18
ENSG00000107771	834	37	23	22	29	28	23
ENSG00000197415	833	42	32	36	43	31	18
ENSG00000168758	833	43	11	22	38	38	16
ENSG00000104814	833	37	11	23	35	24	15
ENSG00000100796	833	40	32	42	44	35	24
ENSG00000140859	833	49	23	36	42	19	13
ENSG00000128000	833	46	33	39	40	59	8
ENSG00000124215	832	23	6	35	46	30	26
ENSG00000114948	832	36	23	23	40	40	22
ENSG00000149577	832	25	11	17	34	42	18
ENSG00000137216	832	28	10	16	30	45	17
ENSG00000183421	832	43	19	23	38	19	19
ENSG00000237850	832	38	66	19	19	17	6
ENSG00000114166	832	40	29	36	42	31	9
ENSG00000079112	832	39	24	35	46	43	30
ENSG00000141252	832	42	35	38	51	21	24
ENSG00000196453	831	42	25	49	47	25	9
ENSG00000196950	831	31	19	24	33	26	23
ENSG00000134243	831	32	18	23	49	43	34
ENSG00000139174	831	33	21	31	48	38	29
ENSG00000174175	830	29	15	20	31	32	14
ENSG00000074660	830	33	10	35	39	20	12
ENSG00000110719	830	36	5	25	34	30	12
ENSG00000062038	829	29	14	28	46	29	34
ENSG00000136811	829	43	47	46	46	8	26
ENSG00000171444	829	39	27	52	55	11	18
ENSG00000166589	829	28	8	32	41	33	29
ENSG00000073417	829	41	18	31	47	24	25
ENSG00000178409	828	47	25	43	47	32	36
ENSG00000163681	828	54	42	48	45	15	22
ENSG00000118473	828	37	22	26	37	27	15
ENSG00000148429	828	45	22	29	38	35	20
ENSG00000183621	828	37	35	23	30	19	12
ENSG00000110693	828	40	31	26	36	18	16
ENSG00000104881	828	37	8	22	35	28	24
ENSG00000119927	828	36	17	37	42	42	11
ENSG00000136152	828	46	33	31	47	33	24
ENSG00000149654	828	28	10	26	42	27	36
ENSG00000162601	828	38	31	31	39	31	21
ENSG00000184465	827	33	14	15	45	36	24
ENSG00000072858	827	20	11	15	30	42	17
ENSG00000172508	827	35	5	29	42	17	17
ENSG00000127831	827	41	32	39	46	38	21
ENSG00000161682	826	28	5	25	39	24	18
ENSG00000163527	826	34	13	12	22	40	16
ENSG00000006744	826	42	19	29	50	23	13
ENSG00000100644	826	33	26	31	45	32	28
ENSG00000227717	826	38	66	19	19	17	6
ENSG00000144369	826	38	22	24	41	31	18
ENSG00000134759	826	35	19	27	48	44	27
ENSG00000057657	825	42	29	32	34	32	8
ENSG00000153187	825	33	24	29	35	30	20
ENSG00000116337	825	36	19	25	34	43	17
ENSG00000189139	825	22	18	46	49	7	11
ENSG00000278318	825	50	32	39	46	47	18
ENSG00000155530	825	34	23	28	40	27	21
ENSG00000087301	825	28	18	30	42	37	23
ENSG00000137936	825	48	20	38	44	29	19
ENSG00000077238	825	26	13	34	44	29	13
ENSG00000172175	824	34	27	37	46	33	24
ENSG00000064703	824	42	23	31	42	21	17
ENSG00000185963	824	47	35	47	42	18	18
ENSG00000151651	824	32	9	25	36	30	21
ENSG00000008735	824	23	3	29	37	18	22
ENSG00000170485	824	24	11	20	33	26	17
ENSG00000151694	824	44	31	33	42	36	34
ENSG00000004897	824	39	26	18	28	29	19
ENSG00000156256	823	42	32	34	37	25	25
ENSG00000119682	823	38	25	22	30	42	12
ENSG00000102221	823	38	27	38	42	30	19
ENSG00000260691	823	51	43	44	50	19	20
ENSG00000166454	823	24	16	26	41	20	19
ENSG00000182511	822	40	17	42	54	28	18
ENSG00000148053	822	33	20	26	42	36	23
ENSG00000151422	822	42	34	44	55	36	29
ENSG00000166747	822	34	23	22	40	28	21
ENSG00000165097	822	44	30	28	44	35	23
ENSG00000099994	822	32	6	13	41	43	27
ENSG00000077782	822	35	18	31	46	37	28
ENSG00000176248	822	36	10	37	43	29	26
ENSG00000151491	822	34	21	27	48	27	33
ENSG00000076003	821	48	23	37	49	26	34
ENSG00000147124	821	42	36	36	44	45	10
ENSG00000132294	821	45	23	36	44	27	26
ENSG00000092529	821	47	26	36	53	40	26
ENSG00000106009	821	43	8	30	47	27	20
ENSG00000066468	821	34	21	36	46	45	27
ENSG00000186994	821	33	2	30	43	4	18
ENSG00000258890	821	37	35	41	41	25	21
ENSG00000166897	820	33	18	28	43	36	21
ENSG00000168067	820	36	14	30	36	30	16
ENSG00000174243	820	42	38	39	44	25	28
ENSG00000102900	819	53	22	31	45	32	28
ENSG00000163166	819	43	29	43	45	10	50
ENSG00000140795	819	38	17	37	47	21	23
ENSG00000135407	819	41	25	32	48	37	34
ENSG00000148120	819	36	16	39	46	39	18
ENSG00000170949	818	46	33	48	51	55	10
ENSG00000109572	818	33	17	21	31	41	20
ENSG00000169129	818	38	30	34	40	18	30
ENSG00000006740	818	30	19	27	33	16	18
ENSG00000135931	818	46	23	32	40	33	14
ENSG00000171815	818	32	15	27	47	28	31
ENSG00000084710	817	42	23	33	44	32	17
ENSG00000092295	817	44	15	21	38	31	29
ENSG00000082458	817	38	16	29	43	28	25
ENSG00000108819	817	31	18	39	38	21	17
ENSG00000165246	816	26	18	19	42	45	29
ENSG00000166484	816	27	12	26	37	21	20
ENSG00000184613	816	38	14	28	46	35	34
ENSG00000143393	816	37	24	35	47	27	22
ENSG00000186815	816	25	9	26	38	42	9
ENSG00000146938	816	24	17	19	42	42	29
ENSG00000171365	816	30	14	22	33	41	21
ENSG00000003756	815	35	24	25	42	32	31
ENSG00000066629	815	41	19	21	47	39	32
ENSG00000136636	815	41	16	23	40	29	16
ENSG00000152061	815	34	28	40	48	31	28
ENSG00000213471	815	46	27	33	39	29	16
ENSG00000090020	815	21	14	21	41	28	22
ENSG00000124788	815	30	14	18	28	15	9
ENSG00000164627	814	43	30	37	44	24	20
ENSG00000106263	814	34	21	32	44	38	31
ENSG00000145819	814	41	29	33	38	31	21
ENSG00000123552	814	42	34	34	43	32	21
ENSG00000129910	814	33	6	28	37	24	28
ENSG00000175697	814	29	17	19	28	23	21
ENSG00000171533	813	59	43	26	49	8	26
ENSG00000131375	813	50	35	26	49	49	27
ENSG00000048471	813	41	27	35	43	30	18
ENSG00000149451	813	18	4	15	38	23	26
ENSG00000172995	812	20	14	16	21	26	17
ENSG00000111641	812	35	30	20	39	12	22
ENSG00000132128	812	31	10	28	42	24	13
ENSG00000115616	812	28	15	25	34	35	13
ENSG00000198824	812	48	36	46	47	24	13
ENSG00000024526	811	44	27	30	38	28	15
ENSG00000022840	811	32	22	35	40	28	14
ENSG00000022976	811	32	12	36	42	13	13
ENSG00000144036	811	47	34	31	44	30	30
ENSG00000058673	810	41	35	44	47	6	10
ENSG00000067208	810	39	28	43	41	22	19
ENSG00000176049	810	45	43	55	54	19	25
ENSG00000157107	810	33	29	32	42	27	18
ENSG00000189180	810	48	34	38	43	54	13
ENSG00000132478	810	32	14	29	37	25	19
ENSG00000165973	810	40	16	22	43	35	28
ENSG00000122194	810	43	24	30	43	45	18
ENSG00000113448	809	36	15	26	38	26	29
ENSG00000156232	809	40	25	34	42	18	16
ENSG00000198521	809	39	40	39	41	56	7
ENSG00000137338	809	36	19	39	48	28	21
ENSG00000170289	809	33	21	26	38	27	21
ENSG00000112118	808	52	28	29	39	25	31
ENSG00000169221	808	27	11	28	31	16	13
ENSG00000173838	808	31	18	34	42	22	24
ENSG00000183751	808	44	17	21	50	34	29
ENSG00000053900	808	35	30	39	48	38	19
ENSG00000124831	808	35	27	44	33	8	27
ENSG00000242802	807	43	8	26	37	21	18
ENSG00000262655	807	35	28	33	40	28	19
ENSG00000180626	807	53	34	35	41	44	10
ENSG00000135999	807	43	24	29	37	14	14
ENSG00000110048	807	41	27	33	35	28	15
ENSG00000134242	807	35	28	32	40	34	21
ENSG00000165548	806	27	12	10	21	47	14
ENSG00000068078	806	32	16	31	42	33	23
ENSG00000165280	806	42	26	32	43	24	31
ENSG00000184381	806	40	18	26	36	28	20
ENSG00000215817	805	43	35	43	46	9	9
ENSG00000214558	805	43	35	43	47	9	10
ENSG00000005889	805	26	27	35	38	19	34
ENSG00000147526	805	42	36	42	42	17	28
ENSG00000107593	805	34	13	24	40	37	14
ENSG00000155629	805	35	20	38	45	31	25
ENSG00000141524	805	29	8	20	23	36	8
ENSG00000132424	805	23	25	25	36	15	23
ENSG00000103249	805	22	11	21	29	36	13
ENSG00000111860	805	42	24	41	46	21	25
ENSG00000130234	805	31	22	28	41	37	20
ENSG00000138190	804	44	26	37	42	31	34
ENSG00000186532	804	42	19	36	48	24	24
ENSG00000111344	804	45	18	31	40	29	21
ENSG00000167721	804	33	24	20	32	29	25
ENSG00000169169	803	31	8	16	42	45	21
ENSG00000166598	803	40	33	36	43	28	31
ENSG00000102606	803	40	26	20	35	32	15
ENSG00000171488	803	44	28	26	36	29	21
ENSG00000167380	803	50	35	31	47	49	17
ENSG00000197147	803	32	26	26	38	28	14
ENSG00000170667	803	46	26	29	40	27	17
ENSG00000198455	803	27	16	20	35	25	19
ENSG00000116809	803	36	26	31	46	28	23
ENSG00000105808	803	47	26	29	40	27	17
ENSG00000283632	802	41	1	34	44	17	15
ENSG00000160867	802	34	12	29	44	36	22
ENSG00000185418	802	40	24	34	46	35	21
ENSG00000132670	802	37	18	22	32	26	17
ENSG00000162572	802	31	6	19	28	27	9
ENSG00000100784	802	42	31	31	48	34	26
ENSG00000174576	802	14	8	33	40	30	21
ENSG00000161618	802	23	3	28	38	26	13
ENSG00000081019	802	34	19	30	42	29	21
ENSG00000079482	802	53	36	38	45	31	14
ENSG00000096401	802	35	30	39	39	19	23
ENSG00000205744	801	27	8	20	39	20	24
ENSG00000106327	801	32	4	14	38	39	26
ENSG00000204256	801	34	26	25	38	13	17
ENSG00000120322	801	28	12	36	47	29	27
ENSG00000110851	801	20	16	31	43	24	27
ENSG00000067646	801	26	27	35	38	19	33
ENSG00000091436	800	44	33	32	43	38	25
ENSG00000120324	800	31	9	35	51	29	27
ENSG00000148835	800	33	12	19	39	25	33
ENSG00000175467	800	39	22	49	46	18	24
ENSG00000169064	800	47	40	32	35	26	22
ENSG00000167615	800	37	17	20	31	28	15
ENSG00000177324	799	27	13	20	31	25	20
ENSG00000082781	799	44	22	28	48	31	25
ENSG00000150394	799	25	14	23	44	34	32
ENSG00000198205	799	27	16	20	35	26	15
ENSG00000131115	799	51	36	40	44	52	11
ENSG00000049769	799	19	3	28	37	10	14
ENSG00000009307	798	48	32	32	38	33	32
ENSG00000174898	798	28	11	15	37	36	26
ENSG00000103194	798	34	20	28	41	22	21
ENSG00000177602	798	38	22	18	36	25	18
ENSG00000150093	798	33	25	40	49	27	24
ENSG00000120327	798	35	13	29	51	29	30
ENSG00000180251	798	29	15	19	31	37	11
ENSG00000112852	798	27	9	30	49	27	28
ENSG00000141385	797	46	28	26	41	34	23
ENSG00000177839	797	28	12	30	50	26	28
ENSG00000112706	797	37	27	36	40	38	28
ENSG00000100991	797	41	24	32	41	29	19
ENSG00000184363	797	44	12	23	39	21	19
ENSG00000197479	797	29	12	29	47	27	25
ENSG00000196792	797	28	14	26	41	30	30
ENSG00000127995	797	42	27	18	30	40	9
ENSG00000198400	796	26	9	28	39	29	16
ENSG00000113205	796	28	11	28	47	26	19
ENSG00000140937	796	35	15	25	48	33	31
ENSG00000163374	796	32	23	25	31	15	13
ENSG00000119669	796	35	15	15	30	21	16
ENSG00000171017	796	41	25	31	44	20	7
ENSG00000069329	796	42	26	32	40	31	20
ENSG00000175497	796	48	35	33	44	41	20
ENSG00000135597	796	35	22	25	38	16	25
ENSG00000177694	795	27	16	22	37	35	25
ENSG00000113209	795	28	13	31	49	26	25
ENSG00000081818	795	27	12	32	49	22	27
ENSG00000131374	795	38	28	21	45	28	26
ENSG00000109606	795	38	24	31	39	24	31
ENSG00000116141	795	44	31	28	33	31	22
ENSG00000248333	795	40	32	40	40	22	18
ENSG00000186281	795	35	7	20	33	29	14
ENSG00000120328	795	27	13	29	45	29	24
ENSG00000059573	795	42	21	34	43	17	16
ENSG00000137055	795	45	26	22	46	37	31
ENSG00000071537	794	37	17	24	36	35	24
ENSG00000014123	794	46	26	35	46	25	32
ENSG00000154162	794	30	11	25	43	31	33
ENSG00000140564	794	32	15	20	37	27	18
ENSG00000113211	794	27	9	28	47	27	19
ENSG00000163848	794	32	18	37	45	24	28
ENSG00000142459	794	37	20	46	46	19	21
ENSG00000126561	794	41	19	33	50	36	22
ENSG00000068137	793	37	5	30	37	21	11
ENSG00000151838	793	49	42	49	45	28	17
ENSG00000122786	793	28	39	36	36	12	15
ENSG00000186212	793	36	18	22	37	15	16
ENSG00000113212	793	31	8	29	51	25	25
ENSG00000144935	793	36	26	21	34	34	29
ENSG00000099995	793	35	29	30	34	25	17
ENSG00000077232	793	33	23	24	48	43	27
ENSG00000276043	793	36	26	33	43	31	34
ENSG00000166024	792	33	24	32	36	16	31
ENSG00000075945	792	31	25	32	40	30	38
ENSG00000167325	792	43	33	30	40	39	24
ENSG00000112941	792	32	13	18	28	20	11
ENSG00000135249	792	32	25	40	45	37	22
ENSG00000111727	792	45	22	20	38	36	18
ENSG00000166704	792	43	27	47	51	54	14
ENSG00000185448	791	41	43	38	45	23	21
ENSG00000151690	791	25	5	22	33	22	15
ENSG00000049239	791	40	14	31	43	33	20
ENSG00000174502	791	27	21	11	25	43	16
ENSG00000163702	791	32	7	20	41	31	25
ENSG00000164053	791	30	16	26	37	12	21
ENSG00000058866	791	34	24	33	40	31	27
ENSG00000043143	790	34	17	30	38	16	27
ENSG00000145526	790	37	19	21	44	32	36
ENSG00000109686	790	41	27	30	39	19	21
ENSG00000136937	790	33	18	39	50	37	22
ENSG00000127580	790	38	13	23	44	36	35
ENSG00000134249	790	38	27	28	40	37	21
ENSG00000008323	790	43	11	31	45	17	17
ENSG00000113361	790	32	22	25	42	32	30
ENSG00000187642	790	25	5	25	38	7	21
ENSG00000088727	790	39	30	36	46	38	21
ENSG00000118503	790	46	27	31	47	30	17
ENSG00000161714	789	37	8	25	39	31	21
ENSG00000156564	789	34	12	14	38	31	25
ENSG00000113100	789	28	20	21	45	37	39
ENSG00000143437	789	32	13	25	35	28	20
ENSG00000106052	789	44	34	37	44	27	26
ENSG00000179889	788	38	19	32	38	22	22
ENSG00000115221	788	36	23	30	41	24	24
ENSG00000040731	788	34	14	24	41	33	29
ENSG00000187492	788	19	3	19	33	28	14
ENSG00000259207	788	35	25	24	48	34	35
ENSG00000167861	788	33	13	24	40	31	19
ENSG00000072518	788	41	33	24	32	28	20
ENSG00000132780	788	41	33	38	35	10	21
ENSG00000099917	788	19	12	7	17	11	17
ENSG00000173757	787	37	19	37	51	37	21
ENSG00000113248	787	29	9	34	50	19	27
ENSG00000168116	787	35	32	28	37	27	17
ENSG00000128602	787	29	8	18	25	28	14
ENSG00000197140	787	40	25	24	41	36	26
ENSG00000006282	786	45	13	29	42	35	20
ENSG00000156502	786	33	20	21	32	25	21
ENSG00000110002	786	37	27	33	46	34	23
ENSG00000049540	786	8	3	1	1	8	1
ENSG00000087589	786	46	19	27	40	16	20
ENSG00000162063	786	37	21	24	36	32	25
ENSG00000185591	785	10	9	13	18	8	8
ENSG00000163565	785	37	37	37	38	23	11
ENSG00000006576	785	27	18	24	30	30	16
ENSG00000103051	785	42	27	37	48	31	27
ENSG00000153064	785	39	30	34	40	31	20
ENSG00000081138	785	28	16	25	44	32	34
ENSG00000162607	785	37	29	37	33	30	19
ENSG00000164828	785	39	11	27	36	26	20
ENSG00000213983	785	36	13	22	42	19	24
ENSG00000001617	785	40	9	16	34	42	23
ENSG00000215853	784	52	11	27	58	41	41
ENSG00000131381	784	34	18	38	41	23	29
ENSG00000067057	784	32	18	23	41	28	19
ENSG00000179776	784	28	17	21	38	25	32
ENSG00000167967	784	22	14	36	41	15	13
ENSG00000105866	784	11	10	12	24	5	7
ENSG00000198797	783	26	13	27	40	39	15
ENSG00000186409	783	42	37	45	43	17	10
ENSG00000138035	783	42	30	27	47	22	29
ENSG00000142178	783	25	14	20	27	24	16
ENSG00000119283	783	37	17	17	34	28	20
ENSG00000165732	783	40	29	29	43	19	15
ENSG00000174791	783	34	8	25	36	15	5
ENSG00000082074	783	25	21	27	28	21	19
ENSG00000008128	783	38	29	39	39	23	18
ENSG00000108375	783	28	7	18	31	24	9
ENSG00000148180	782	32	19	23	39	32	21
ENSG00000197362	782	30	17	45	52	40	12
ENSG00000135241	782	36	32	21	36	27	26
ENSG00000103043	782	39	25	28	39	31	20
ENSG00000125503	782	37	11	39	42	10	22
ENSG00000185101	782	28	14	23	34	41	12
ENSG00000163161	782	42	37	28	37	35	14
ENSG00000149823	782	37	11	32	43	26	21
ENSG00000165934	782	41	25	29	37	26	34
ENSG00000149474	782	36	26	32	39	31	25
ENSG00000116138	782	42	23	31	40	46	19
ENSG00000010319	782	40	8	24	35	31	15
ENSG00000168036	781	41	13	22	37	12	14
ENSG00000172845	781	9	8	13	25	9	20
ENSG00000204611	781	45	35	38	43	51	5
ENSG00000005436	781	45	37	38	40	19	23
ENSG00000100625	781	19	13	20	30	20	15
ENSG00000127947	780	42	25	31	43	27	24
ENSG00000152556	780	34	21	26	37	30	23
ENSG00000091137	780	23	23	18	31	34	16
ENSG00000166266	780	46	40	40	49	38	26
ENSG00000198945	780	32	29	25	35	34	18
ENSG00000100412	780	36	24	23	39	33	22
ENSG00000196428	780	11	4	12	16	8	14
ENSG00000240303	780	37	23	29	41	39	18
ENSG00000162869	780	44	33	42	49	19	21
ENSG00000188611	780	25	9	15	42	38	16
ENSG00000141959	780	35	18	23	34	31	15
ENSG00000115808	780	36	19	33	41	31	29
ENSG00000086827	779	41	33	38	47	38	13
ENSG00000108406	779	39	32	27	47	28	26
ENSG00000164347	779	37	18	25	39	24	22
ENSG00000142606	779	41	14	34	43	37	25
ENSG00000028203	779	34	25	24	31	22	16
ENSG00000102710	779	32	22	14	24	24	18
ENSG00000105559	779	44	6	18	34	18	17
ENSG00000114331	778	46	33	31	43	31	25
ENSG00000186230	778	47	47	30	40	50	15
ENSG00000135451	778	30	4	21	23	12	6
ENSG00000196693	778	47	34	36	43	51	12
ENSG00000149571	778	30	17	21	43	23	25
ENSG00000160469	778	44	20	24	36	21	22
ENSG00000109944	778	34	29	38	47	20	15
ENSG00000099204	778	47	27	25	44	35	25
ENSG00000164304	777	36	32	39	40	23	25
ENSG00000288784	777	40	26	37	37	23	21
ENSG00000153993	777	42	35	18	43	46	35
ENSG00000271321	777	40	25	39	38	24	21
ENSG00000186001	777	32	10	26	39	19	13
ENSG00000166912	777	44	29	22	41	35	18
ENSG00000138376	777	40	33	26	44	20	18
ENSG00000236699	777	36	31	35	41	28	24
ENSG00000068885	777	35	26	26	49	44	24
ENSG00000179023	777	37	8	30	46	33	16
ENSG00000289604	777	41	26	38	38	24	21
ENSG00000165861	777	40	24	27	49	30	28
ENSG00000236761	777	41	28	39	39	23	21
ENSG00000237441	777	30	7	22	40	20	25
ENSG00000271079	777	40	26	40	39	24	21
ENSG00000113580	777	37	27	23	38	26	20
ENSG00000185359	777	25	21	28	33	29	11
ENSG00000055130	776	47	38	28	36	32	21
ENSG00000185477	776	38	24	29	41	8	10
ENSG00000165338	776	37	27	14	46	26	30
ENSG00000139970	776	29	15	33	31	16	26
ENSG00000132623	776	41	29	30	46	33	28
ENSG00000198218	776	18	12	21	31	24	8
ENSG00000129675	776	40	31	32	34	28	13
ENSG00000158158	775	40	25	21	35	29	21
ENSG00000172053	775	47	27	31	48	29	19
ENSG00000108239	775	36	16	27	44	26	23
ENSG00000166189	775	33	5	28	37	29	11
ENSG00000171551	775	39	20	20	32	36	19
ENSG00000057019	775	34	12	23	36	33	13
ENSG00000189337	775	37	22	32	44	22	25
ENSG00000123989	775	33	0	26	37	29	16
ENSG00000042980	775	36	33	23	44	33	28
ENSG00000170381	775	42	24	25	42	46	21
ENSG00000213047	775	31	24	25	40	33	31
ENSG00000179562	775	43	34	40	38	10	23
ENSG00000107249	775	29	11	12	29	21	13
ENSG00000139971	774	21	16	45	41	17	20
ENSG00000013619	774	20	11	18	23	20	9
ENSG00000164488	774	33	5	26	49	17	22
ENSG00000168411	774	26	6	21	35	27	22
ENSG00000143630	774	32	8	12	33	29	12
ENSG00000134013	774	32	19	33	47	40	21
ENSG00000005189	774	34	31	28	38	25	16
ENSG00000136758	773	41	25	26	38	31	25
ENSG00000153815	773	31	16	35	46	21	18
ENSG00000110090	773	39	19	17	37	45	26
ENSG00000166049	773	22	14	39	46	25	28
ENSG00000109794	773	36	13	11	25	19	14
ENSG00000154359	773	41	17	36	47	38	22
ENSG00000128191	773	34	28	35	35	28	21
ENSG00000157881	773	45	21	29	40	36	26
ENSG00000205560	772	38	16	20	38	47	20
ENSG00000033100	772	46	1	26	42	28	17
ENSG00000162302	772	39	19	26	41	30	17
ENSG00000011007	772	36	33	29	45	26	34
ENSG00000071991	772	24	15	29	42	37	23
ENSG00000140332	772	34	21	19	40	25	25
ENSG00000214021	772	44	23	23	41	16	22
ENSG00000082641	772	21	10	31	41	28	28
ENSG00000013293	771	20	10	15	26	32	14
ENSG00000075213	771	40	24	17	36	47	28
ENSG00000129925	771	27	2	10	24	34	15
ENSG00000156697	771	39	37	39	38	11	14
ENSG00000196781	770	32	21	15	39	24	22
ENSG00000180917	770	32	24	28	40	44	13
ENSG00000142192	770	35	19	34	37	28	21
ENSG00000153071	770	29	21	14	28	23	18
ENSG00000168610	770	39	24	37	50	36	17
ENSG00000166889	770	39	12	25	28	17	19
ENSG00000163728	770	41	28	39	41	33	24
ENSG00000168434	770	40	25	29	45	29	31
ENSG00000135622	770	29	6	22	41	26	26
ENSG00000117298	770	41	24	29	38	38	17
ENSG00000067840	769	35	19	36	41	16	18
ENSG00000073670	769	30	15	20	31	36	18
ENSG00000160255	769	44	23	24	44	28	25
ENSG00000105855	769	41	22	28	47	26	25
ENSG00000121931	769	35	33	15	35	19	20
ENSG00000143344	768	34	22	26	38	30	24
ENSG00000022567	768	23	9	20	27	29	19
ENSG00000036257	768	44	34	32	44	27	24
ENSG00000133805	767	31	30	29	39	44	19
ENSG00000158163	767	40	24	32	40	7	13
ENSG00000136935	767	46	28	41	40	13	11
ENSG00000037474	767	44	30	35	42	23	23
ENSG00000183833	767	39	27	34	38	27	11
ENSG00000167291	767	35	16	32	48	32	26
ENSG00000101310	767	35	13	23	41	30	23
ENSG00000150967	766	31	9	15	26	38	13
ENSG00000139132	766	48	34	35	43	26	18
ENSG00000170390	766	38	27	24	35	27	19
ENSG00000198586	766	30	21	31	36	22	16
ENSG00000183798	766	44	8	28	41	12	19
ENSG00000253797	766	39	34	41	40	11	11
ENSG00000197635	766	39	26	21	42	40	27
ENSG00000162670	766	30	15	28	43	39	22
ENSG00000157764	766	29	23	23	42	28	23
ENSG00000165125	765	30	8	23	34	29	18
ENSG00000130224	765	37	27	29	34	13	16
ENSG00000100934	765	37	12	24	37	33	19
ENSG00000168826	765	34	24	26	36	21	18
ENSG00000099904	765	28	9	7	22	26	14
ENSG00000124228	765	37	23	27	35	18	23
ENSG00000170209	765	37	21	26	39	28	13
ENSG00000198900	765	39	45	41	43	27	30
ENSG00000163788	765	41	30	19	31	26	19
ENSG00000145740	765	26	15	8	31	29	16
ENSG00000151553	765	37	20	37	47	22	23
ENSG00000091138	764	32	25	8	26	34	21
ENSG00000162896	764	40	21	29	43	35	21
ENSG00000243649	764	36	19	28	40	39	28
ENSG00000165409	764	30	23	15	32	38	19
ENSG00000108312	764	37	38	41	44	37	22
ENSG00000187688	764	29	14	26	37	30	15
ENSG00000215251	764	41	23	27	38	35	11
ENSG00000084234	763	35	21	36	34	27	21
ENSG00000157540	763	27	15	21	37	32	19
ENSG00000131471	763	29	4	19	36	37	21
ENSG00000111206	763	32	25	26	38	16	15
ENSG00000182568	763	33	22	19	24	23	14
ENSG00000084754	763	40	25	25	43	23	25
ENSG00000130695	762	25	14	33	43	14	15
ENSG00000115556	762	31	12	22	40	35	24
ENSG00000100399	762	37	3	18	27	13	9
ENSG00000138669	762	42	34	40	44	33	26
ENSG00000137492	761	40	26	29	39	38	21
ENSG00000147180	761	31	28	28	42	23	33
ENSG00000108262	761	39	18	34	42	23	21
ENSG00000078725	761	37	13	27	40	33	18
ENSG00000141040	761	40	33	39	40	50	11
ENSG00000157014	761	38	22	27	34	24	17
ENSG00000196189	761	27	8	21	34	32	18
ENSG00000178385	761	37	21	25	36	37	17
ENSG00000104884	760	39	15	27	42	36	25
ENSG00000025796	760	37	32	24	28	29	20
ENSG00000135164	760	20	16	34	39	17	27
ENSG00000073464	760	26	12	22	27	38	17
ENSG00000007541	760	28	4	18	30	26	9
ENSG00000072274	760	40	29	26	41	41	22
ENSG00000078098	760	42	22	17	38	35	24
ENSG00000163462	759	43	14	27	42	25	19
ENSG00000050405	759	50	40	44	40	17	13
ENSG00000175556	759	44	21	31	43	24	17
ENSG00000182263	759	29	13	18	33	31	21
ENSG00000139436	759	33	19	32	42	19	20
ENSG00000225697	759	26	16	13	26	36	17
ENSG00000106344	759	39	42	40	44	18	14
ENSG00000203995	759	39	23	16	40	22	16
ENSG00000160208	758	32	24	30	32	20	11
ENSG00000186868	758	39	28	26	41	5	22
ENSG00000132305	758	42	30	36	38	22	12
ENSG00000198363	758	30	24	24	27	23	22
ENSG00000177990	758	30	15	18	24	42	6
ENSG00000105298	758	29	22	30	33	22	24
ENSG00000163697	758	35	24	21	46	19	30
ENSG00000276644	758	20	12	20	23	5	14
ENSG00000115486	758	28	11	16	32	32	22
ENSG00000100325	757	24	19	35	50	21	33
ENSG00000198742	757	41	16	21	44	35	30
ENSG00000183853	757	33	7	20	36	31	25
ENSG00000131398	757	20	4	17	29	28	17
ENSG00000155275	757	34	12	34	44	26	16
ENSG00000174807	757	24	3	22	26	22	9
ENSG00000140471	757	38	28	30	37	30	21
ENSG00000116688	757	39	17	30	39	29	15
ENSG00000083535	757	49	38	49	43	16	24
ENSG00000106125	757	41	18	30	40	24	18
ENSG00000011523	757	29	14	17	36	12	20
ENSG00000260916	757	36	33	39	42	30	22
ENSG00000171509	757	31	20	12	26	37	12
ENSG00000131480	756	27	2	16	33	36	19
ENSG00000076242	756	50	30	33	41	31	24
ENSG00000117597	756	39	23	30	37	31	19
ENSG00000067334	756	34	30	27	37	15	27
ENSG00000178188	756	25	2	32	38	16	17
ENSG00000090565	756	27	12	39	41	13	31
ENSG00000138131	756	35	3	24	38	33	14
ENSG00000187091	756	33	20	27	43	37	30
ENSG00000121898	756	38	14	31	45	36	20
ENSG00000104365	756	39	24	34	43	18	20
ENSG00000134278	756	37	21	27	33	22	12
ENSG00000170873	755	31	15	17	36	12	22
ENSG00000102241	755	52	38	32	34	36	40
ENSG00000109790	755	39	16	18	39	39	27
ENSG00000089053	755	41	27	27	36	27	12
ENSG00000115257	755	27	2	12	28	29	15
ENSG00000165816	755	35	11	24	39	34	15
ENSG00000141424	755	19	15	23	36	35	14
ENSG00000169871	755	39	11	24	48	19	23
ENSG00000175175	755	28	19	27	37	26	21
ENSG00000159708	754	35	27	22	44	20	26
ENSG00000069206	754	36	29	27	38	33	22
ENSG00000158079	754	41	28	29	38	27	17
ENSG00000104320	754	40	32	29	39	21	22
ENSG00000196345	754	41	20	36	43	43	7
ENSG00000276231	754	39	11	27	39	21	12
ENSG00000170500	754	43	14	36	40	17	20
ENSG00000138398	754	20	24	40	42	18	28
ENSG00000170835	753	23	19	12	43	33	34
ENSG00000188786	753	18	17	30	36	22	17
ENSG00000206181	753	41	21	27	42	13	23
ENSG00000088038	753	19	19	30	30	20	17
ENSG00000175426	753	36	20	21	35	29	18
ENSG00000115318	753	34	5	27	36	39	15
ENSG00000039600	753	26	12	20	28	19	9
ENSG00000075413	753	40	33	25	31	28	22
ENSG00000090372	753	22	11	24	39	18	22
ENSG00000185697	752	32	29	32	35	29	17
ENSG00000131269	752	31	23	17	32	32	16
ENSG00000089091	752	43	19	28	42	21	19
ENSG00000166278	752	39	16	24	38	34	25
ENSG00000204947	752	38	31	41	47	42	10
ENSG00000187860	752	41	17	29	35	7	16
ENSG00000007047	752	38	24	23	30	27	12
ENSG00000162341	752	28	5	13	30	42	12
ENSG00000130684	751	42	33	38	44	53	3
ENSG00000096654	751	41	32	47	44	46	8
ENSG00000168827	751	41	27	29	38	32	25
ENSG00000002726	751	34	11	28	39	40	14
ENSG00000115415	750	39	26	39	45	33	24
ENSG00000146085	750	36	21	36	46	30	23
ENSG00000196549	750	39	25	28	41	36	24
ENSG00000135637	750	25	3	17	32	18	9
ENSG00000162745	750	29	17	20	35	21	28
ENSG00000009830	750	33	10	13	26	33	14
ENSG00000086205	750	41	22	31	42	45	21
ENSG00000116711	749	33	19	24	36	37	18
ENSG00000080298	749	26	7	22	31	29	17
ENSG00000189308	749	33	26	14	20	10	7
ENSG00000183690	749	40	30	27	46	40	32
ENSG00000135525	749	26	26	21	30	10	9
ENSG00000012171	749	38	7	21	33	33	12
ENSG00000188976	749	29	19	25	28	28	21
ENSG00000100359	749	39	24	32	38	32	28
ENSG00000034053	749	22	13	37	37	16	22
ENSG00000137845	748	40	24	22	36	36	17
ENSG00000150361	748	38	21	20	39	35	24
ENSG00000168394	748	25	5	19	26	38	4
ENSG00000108854	748	40	19	20	44	38	29
ENSG00000138378	748	35	22	36	44	30	18
ENSG00000070748	748	38	16	29	46	24	21
ENSG00000110619	748	40	30	27	38	32	24
ENSG00000138639	748	35	32	33	34	27	17
ENSG00000162426	748	21	3	9	26	30	17
ENSG00000123485	748	37	22	24	42	27	26
ENSG00000088325	747	39	43	32	32	23	12
ENSG00000104973	747	18	6	18	21	19	4
ENSG00000085999	747	45	27	29	40	29	22
ENSG00000214753	747	34	27	33	42	24	28
ENSG00000114853	747	33	22	24	33	19	10
ENSG00000081277	747	46	22	17	37	25	21
ENSG00000101350	747	41	34	29	33	18	19
ENSG00000116748	747	33	29	31	43	46	24
ENSG00000096717	747	37	14	38	44	19	28
ENSG00000108799	747	32	30	19	31	33	25
ENSG00000150712	747	38	29	29	37	34	24
ENSG00000106868	747	30	12	31	37	31	13
ENSG00000132613	747	24	14	27	42	14	23
ENSG00000105875	747	39	17	19	37	30	27
ENSG00000109689	746	31	21	29	37	20	20
ENSG00000112818	746	33	14	21	38	35	23
ENSG00000261236	746	33	8	17	36	29	21
ENSG00000179044	746	26	2	34	38	20	13
ENSG00000143951	746	36	22	28	39	24	32
ENSG00000136830	746	32	27	40	47	28	18
ENSG00000182197	746	35	21	17	32	40	17
ENSG00000106462	746	30	30	23	34	32	24
ENSG00000212710	745	41	25	34	36	26	19
ENSG00000108094	745	41	32	36	44	32	22
ENSG00000090060	745	39	29	21	30	21	15
ENSG00000072133	745	45	32	25	42	41	30
ENSG00000101986	745	36	13	23	30	31	12
ENSG00000173801	745	43	19	29	37	16	14
ENSG00000118496	745	31	15	26	48	19	27
ENSG00000169607	745	41	34	31	37	13	13
ENSG00000213341	745	36	25	35	50	26	23
ENSG00000167178	745	31	8	23	30	20	15
ENSG00000103310	745	31	15	15	40	31	18
ENSG00000005381	745	44	11	18	41	26	20
ENSG00000073969	744	43	36	35	40	25	20
ENSG00000178175	744	39	29	23	26	26	13
ENSG00000109654	744	34	23	25	44	24	22
ENSG00000188120	744	21	13	17	20	28	0
ENSG00000144810	744	20	13	16	26	13	3
ENSG00000162378	744	37	22	25	42	20	22
ENSG00000182973	744	36	31	28	37	20	10
ENSG00000110171	744	34	13	20	42	19	16
ENSG00000185875	743	36	31	21	42	38	25
ENSG00000158863	743	32	16	32	42	27	20
ENSG00000143190	743	11	9	10	12	11	6
ENSG00000167280	743	41	6	25	34	36	19
ENSG00000134769	743	40	13	26	41	30	19
ENSG00000185947	743	49	35	38	44	48	12
ENSG00000065717	743	28	19	16	38	25	22
ENSG00000089876	743	38	26	37	40	32	23
ENSG00000108784	743	32	3	22	32	36	15
ENSG00000159164	742	26	12	20	26	30	18
ENSG00000158270	742	37	22	27	40	20	25
ENSG00000196757	742	42	30	32	32	52	9
ENSG00000163798	742	37	24	32	33	22	21
ENSG00000026508	742	27	8	27	42	19	22
ENSG00000000457	742	31	17	30	40	27	18
ENSG00000135828	741	46	29	38	49	27	29
ENSG00000125247	741	35	14	12	27	39	13
ENSG00000171109	741	42	29	31	40	27	20
ENSG00000108559	741	31	22	38	38	30	17
ENSG00000121152	741	35	20	27	36	24	27
ENSG00000181722	741	30	9	22	34	20	15
ENSG00000152127	741	35	22	23	43	38	21
ENSG00000101751	740	37	29	26	37	29	24
ENSG00000165105	740	39	19	37	45	29	35
ENSG00000072818	740	39	16	30	40	21	18
ENSG00000133083	740	32	28	15	29	37	25
ENSG00000137478	740	38	28	28	43	24	20
ENSG00000204209	740	20	10	31	34	14	15
ENSG00000168060	740	33	5	18	34	34	19
ENSG00000077616	740	39	25	22	37	46	24
ENSG00000079785	740	39	33	23	42	34	30
ENSG00000177189	740	43	26	28	43	33	31
ENSG00000163840	740	39	33	38	45	33	16
ENSG00000162692	739	40	27	38	43	20	19
ENSG00000106105	739	41	23	27	40	34	23
ENSG00000144730	739	30	18	23	37	35	21
ENSG00000134262	739	42	18	23	41	26	23
ENSG00000137225	739	35	22	26	40	37	23
ENSG00000177045	739	18	7	25	30	10	9
ENSG00000168924	739	38	24	28	30	17	16
ENSG00000155850	739	24	16	20	28	30	13
ENSG00000178691	739	33	21	21	30	30	17
ENSG00000198040	738	44	31	38	40	53	15
ENSG00000106397	738	42	10	24	37	40	26
ENSG00000135776	738	40	12	18	26	33	8
ENSG00000107929	738	31	19	29	33	16	15
ENSG00000163975	738	40	12	29	43	35	26
ENSG00000023171	738	41	23	33	34	24	22
ENSG00000261371	738	43	33	33	39	29	18
ENSG00000159917	738	44	30	29	36	43	17
ENSG00000056277	737	39	34	18	27	31	7
ENSG00000152952	737	37	25	29	39	36	23
ENSG00000104812	737	32	13	29	42	32	16
ENSG00000087274	737	25	12	27	36	21	17
ENSG00000254986	737	38	16	37	48	40	18
ENSG00000171132	737	42	32	28	40	34	27
ENSG00000142102	737	30	5	26	35	42	19
ENSG00000107625	737	37	25	29	41	24	24
ENSG00000187957	737	21	7	21	37	33	19
ENSG00000115421	736	41	26	22	34	23	23
ENSG00000110811	736	34	9	30	43	19	22
ENSG00000100722	736	38	18	27	36	28	20
ENSG00000156273	736	40	26	32	42	22	25
ENSG00000184588	736	34	17	25	34	25	27
ENSG00000171723	736	40	21	19	37	15	30
ENSG00000117859	736	30	22	22	33	28	24
ENSG00000117385	736	30	11	38	45	25	17
ENSG00000133835	736	37	28	21	39	36	20
ENSG00000004975	736	30	10	28	38	23	18
ENSG00000001631	736	42	29	36	47	32	17
ENSG00000087470	736	50	32	27	42	10	23
ENSG00000111783	735	33	14	21	31	29	12
ENSG00000128585	735	42	27	25	42	37	29
ENSG00000182473	735	37	33	37	40	29	19
ENSG00000117676	735	43	29	31	44	34	29
ENSG00000065357	735	39	26	26	43	31	29
ENSG00000197150	735	39	7	16	23	29	8
ENSG00000171853	735	29	11	30	34	31	19
ENSG00000161040	735	42	29	15	31	33	22
ENSG00000104755	735	32	22	16	34	35	17
ENSG00000243244	735	39	31	28	39	31	20
ENSG00000105137	735	37	6	26	36	24	20
ENSG00000160856	734	25	10	29	39	23	16
ENSG00000001497	734	37	12	27	32	25	19
ENSG00000099326	734	35	5	41	47	32	6
ENSG00000100297	734	40	28	23	41	25	26
ENSG00000189057	734	41	32	26	37	33	23
ENSG00000143107	733	30	10	21	33	37	14
ENSG00000115109	733	28	25	26	42	23	24
ENSG00000177374	733	31	14	25	34	22	17
ENSG00000121486	733	39	22	21	38	25	17
ENSG00000119042	733	37	20	23	27	23	12
ENSG00000164916	733	31	11	9	16	15	4
ENSG00000071242	733	46	27	21	39	34	30
ENSG00000079246	732	38	32	33	44	38	23
ENSG00000164062	732	30	16	27	40	36	21
ENSG00000160285	732	35	9	28	42	42	21
ENSG00000164509	732	38	30	33	37	41	12
ENSG00000124491	732	34	18	30	38	39	24
ENSG00000198874	732	33	28	29	29	39	16
ENSG00000152402	732	41	20	27	35	28	18
ENSG00000080824	732	34	26	39	41	28	31
ENSG00000116514	732	25	9	20	32	15	19
ENSG00000184368	732	33	35	29	36	7	11
ENSG00000144061	732	36	17	23	32	26	20
ENSG00000143603	731	30	14	14	27	18	11
ENSG00000174948	731	24	12	19	23	35	15
ENSG00000134697	731	36	32	26	33	23	24
ENSG00000130038	731	38	27	35	43	26	22
ENSG00000197619	731	42	37	39	45	48	12
ENSG00000163346	731	30	13	45	42	13	20
ENSG00000164691	731	32	19	30	42	9	26
ENSG00000066455	731	41	34	34	37	18	19
ENSG00000099783	730	46	18	38	48	14	11
ENSG00000082258	730	27	21	20	24	19	15
ENSG00000196526	730	28	23	28	34	19	18
ENSG00000147041	730	45	26	24	37	25	23
ENSG00000143476	730	33	28	19	35	27	17
ENSG00000072041	730	27	16	15	21	35	8
ENSG00000132359	730	32	29	26	42	24	18
ENSG00000156463	729	36	18	18	27	17	12
ENSG00000010017	729	21	10	16	28	19	16
ENSG00000088756	729	35	24	28	32	24	15
ENSG00000170100	729	42	26	32	38	40	10
ENSG00000183735	729	42	26	35	43	37	21
ENSG00000020129	729	32	14	21	31	24	15
ENSG00000186439	729	22	24	37	44	4	17
ENSG00000196642	729	27	14	27	28	13	16
ENSG00000163930	729	30	19	27	36	18	16
ENSG00000127412	729	30	10	21	29	29	16
ENSG00000100201	729	35	16	20	32	29	25
ENSG00000105647	728	43	21	28	39	25	22
ENSG00000157933	728	41	28	31	37	17	14
ENSG00000175198	728	44	22	30	42	27	23
ENSG00000019991	728	41	22	22	37	37	24
ENSG00000136141	728	33	20	28	31	14	17
ENSG00000134709	728	41	38	35	37	15	16
ENSG00000072201	728	35	10	25	46	17	25
ENSG00000197106	727	32	16	14	20	38	9
ENSG00000102974	727	27	27	28	35	24	19
ENSG00000122367	727	27	13	14	21	29	11
ENSG00000138078	727	37	35	28	39	41	31
ENSG00000135299	727	39	29	28	34	5	15
ENSG00000172671	727	35	17	26	34	23	14
ENSG00000023228	727	38	23	25	47	23	28
ENSG00000103067	727	29	6	24	40	27	19
ENSG00000122012	727	21	12	18	26	29	24
ENSG00000115159	727	42	25	20	37	25	28
ENSG00000085760	727	30	22	26	32	25	25
ENSG00000008853	727	31	16	16	35	32	18
ENSG00000083896	727	24	20	28	29	23	29
ENSG00000083444	727	44	20	25	41	35	25
ENSG00000075340	726	36	23	29	38	20	14
ENSG00000167895	726	29	7	9	16	33	4
ENSG00000129315	726	26	21	19	32	19	17
ENSG00000152193	726	38	35	37	40	16	19
ENSG00000159267	726	36	13	32	38	31	18
ENSG00000134007	726	25	16	18	38	37	19
ENSG00000169925	726	30	22	29	34	13	18
ENSG00000196865	726	27	19	22	40	29	33
ENSG00000163516	726	35	15	24	39	20	21
ENSG00000078070	725	33	23	32	41	33	19
ENSG00000154099	725	31	23	26	34	14	30
ENSG00000142327	725	29	6	33	44	30	17
ENSG00000162852	725	23	15	39	38	15	31
ENSG00000138380	725	27	15	25	39	21	16
ENSG00000116903	725	43	19	33	46	27	16
ENSG00000127084	725	31	21	28	45	15	18
ENSG00000065923	725	30	10	12	21	36	14
ENSG00000103319	725	38	17	33	37	33	23
ENSG00000142945	725	36	26	39	42	18	12
ENSG00000135040	725	37	30	27	37	31	22
ENSG00000103740	724	31	16	24	39	35	21
ENSG00000143512	724	32	21	12	32	32	30
ENSG00000152670	724	42	17	27	34	35	24
ENSG00000096384	724	35	23	39	41	28	28
ENSG00000132535	724	33	20	25	42	30	28
ENSG00000004139	724	43	16	23	38	18	14
ENSG00000161813	724	27	18	34	40	26	15
ENSG00000072571	724	45	49	44	42	14	18
ENSG00000145675	724	34	28	30	40	31	26
ENSG00000089351	724	36	19	27	35	24	17
ENSG00000277322	724	35	56	18	18	19	6
ENSG00000179941	723	32	17	17	31	30	15
ENSG00000087903	723	33	12	15	32	25	25
ENSG00000156162	723	27	22	22	22	35	6
ENSG00000140057	723	28	24	32	40	29	24
ENSG00000148356	723	41	19	33	40	8	10
ENSG00000223501	723	38	11	29	34	24	15
ENSG00000170537	723	28	18	14	25	40	15
ENSG00000125447	723	23	20	29	33	16	16
ENSG00000113407	723	43	28	29	38	31	20
ENSG00000113790	723	41	18	24	34	30	16
ENSG00000141579	723	29	19	24	42	15	21
ENSG00000131037	723	36	8	34	42	16	21
ENSG00000162650	722	33	24	18	27	10	9
ENSG00000165804	722	31	6	24	32	15	1
ENSG00000139985	722	30	15	19	32	38	16
ENSG00000101187	722	20	6	8	18	38	12
ENSG00000159921	722	36	17	21	44	21	28
ENSG00000205436	722	33	7	37	48	24	16
ENSG00000165905	721	38	7	22	44	31	25
ENSG00000163026	721	31	18	20	45	27	26
ENSG00000145191	721	29	12	22	39	27	15
ENSG00000093167	721	36	22	32	37	21	27
ENSG00000069956	721	32	23	36	42	31	31
ENSG00000125124	721	33	15	23	33	22	22
ENSG00000175213	720	31	18	29	39	19	16
ENSG00000123983	720	31	16	23	38	27	15
ENSG00000062598	720	38	22	39	47	29	27
ENSG00000142675	720	24	9	26	39	14	22
ENSG00000102890	720	33	12	34	43	23	21
ENSG00000130935	719	38	34	30	42	32	17
ENSG00000136169	719	36	29	33	38	31	21
ENSG00000111335	719	33	28	28	44	39	22
ENSG00000204839	719	37	2	20	31	15	8
ENSG00000087206	719	37	28	33	41	18	21
ENSG00000166508	719	39	13	26	34	25	23
ENSG00000165379	719	29	16	11	26	23	22
ENSG00000095066	719	35	12	37	38	11	21
ENSG00000101349	719	30	16	23	40	31	20
ENSG00000205359	719	27	17	15	23	29	8
ENSG00000137968	719	31	15	12	21	37	11
ENSG00000002822	718	45	23	46	49	10	16
ENSG00000179299	718	40	30	21	32	27	18
ENSG00000129951	718	27	12	17	35	23	15
ENSG00000102271	718	42	19	21	36	34	22
ENSG00000020577	718	32	12	22	27	21	15
ENSG00000168172	718	35	31	45	40	14	20
ENSG00000162929	718	35	22	27	35	24	23
ENSG00000143374	718	38	6	22	39	28	19
ENSG00000144802	718	25	15	18	34	21	17
ENSG00000104941	717	26	11	32	34	27	13
ENSG00000100941	717	35	34	24	25	6	14
ENSG00000172379	717	28	14	23	32	31	18
ENSG00000144045	717	33	7	37	40	23	18
ENSG00000176102	717	37	30	39	46	36	25
ENSG00000197016	717	47	31	31	33	47	13
ENSG00000037637	717	29	9	11	25	24	13
ENSG00000100242	717	32	9	33	36	25	11
ENSG00000197467	717	37	24	24	36	0	17
ENSG00000135297	717	39	22	28	45	25	14
ENSG00000178904	716	26	14	14	17	39	8
ENSG00000175928	716	29	16	24	39	31	21
ENSG00000197629	716	32	13	21	35	35	15
ENSG00000263528	716	36	18	30	40	31	14
ENSG00000118307	716	34	32	31	38	33	9
ENSG00000111834	716	28	14	31	33	32	15
ENSG00000165185	716	27	18	20	26	25	12
ENSG00000059122	716	30	10	31	44	12	15
ENSG00000161202	716	26	9	29	35	29	24
ENSG00000120262	715	45	35	43	39	8	16
ENSG00000129657	715	40	26	27	41	32	20
ENSG00000128573	715	18	8	13	17	9	9
ENSG00000198131	715	42	25	32	36	42	11
ENSG00000183486	715	42	24	39	45	24	11
ENSG00000121053	715	40	10	12	33	29	25
ENSG00000138686	715	33	25	26	41	33	22
ENSG00000182979	715	45	25	17	29	22	17
ENSG00000006747	715	39	27	22	35	33	21
ENSG00000226763	715	24	41	19	31	4	17
ENSG00000156599	715	30	13	15	26	25	11
ENSG00000177106	715	35	20	33	39	22	18
ENSG00000164465	715	34	12	14	33	32	22
ENSG00000204991	714	34	15	22	37	22	16
ENSG00000165694	714	29	18	28	37	34	22
ENSG00000221955	714	21	7	16	20	30	9
ENSG00000142149	714	30	19	30	41	23	20
ENSG00000164976	714	38	6	20	46	37	30
ENSG00000014216	714	36	16	34	46	41	22
ENSG00000131409	713	28	10	18	29	23	12
ENSG00000027001	713	46	16	28	37	31	18
ENSG00000170382	713	33	4	20	31	29	15
ENSG00000054282	713	39	34	39	42	11	13
ENSG00000140945	713	31	16	21	41	21	33
ENSG00000170734	713	30	23	20	32	21	8
ENSG00000126804	713	38	21	25	36	31	22
ENSG00000157625	712	27	6	15	24	17	12
ENSG00000233436	712	30	12	30	31	12	16
ENSG00000167608	712	26	9	10	17	35	5
ENSG00000127666	712	23	5	22	32	16	20
ENSG00000105650	712	34	12	25	31	19	29
ENSG00000121068	712	26	20	14	25	21	16
ENSG00000167419	712	39	15	19	44	30	22
ENSG00000184216	712	26	7	23	36	19	17
ENSG00000166860	712	32	17	23	33	28	23
ENSG00000173681	711	36	34	29	39	36	27
ENSG00000125812	711	36	23	33	39	28	16
ENSG00000068366	711	34	23	23	37	35	18
ENSG00000085788	711	29	17	25	40	32	26
ENSG00000181418	711	39	8	25	29	16	10
ENSG00000179148	711	28	10	17	34	33	22
ENSG00000247746	711	33	18	21	29	24	14
ENSG00000088247	711	35	16	16	34	11	21
ENSG00000178974	711	31	20	26	31	22	15
ENSG00000173531	711	36	5	21	38	41	18
ENSG00000105497	711	41	32	33	39	39	10
ENSG00000121653	711	33	14	20	31	24	18
ENSG00000135336	711	39	32	32	43	36	17
ENSG00000176058	711	33	7	20	27	16	4
ENSG00000166313	710	24	12	24	35	20	10
ENSG00000181004	710	25	16	30	40	26	16
ENSG00000012223	710	46	24	22	36	35	21
ENSG00000104613	710	38	24	31	42	28	18
ENSG00000085377	710	45	31	19	33	39	33
ENSG00000137815	710	36	28	30	33	13	16
ENSG00000160953	710	34	20	28	42	18	20
ENSG00000175764	710	32	23	20	42	20	20
ENSG00000115053	710	35	33	22	26	21	18
ENSG00000176463	710	19	5	10	20	29	8
ENSG00000066248	710	38	26	31	37	22	21
ENSG00000204385	710	17	11	12	19	34	10
ENSG00000205517	710	30	5	14	27	29	18
ENSG00000130762	709	37	21	25	35	26	17
ENSG00000157500	709	34	15	30	35	28	21
ENSG00000163945	709	39	15	24	32	18	24
ENSG00000149136	709	30	25	29	33	34	29
ENSG00000161204	709	34	13	30	36	23	22
ENSG00000162736	709	28	7	20	35	31	22
ENSG00000137491	709	20	12	10	19	28	11
ENSG00000014914	709	33	6	21	30	33	17
ENSG00000135387	709	21	12	22	32	18	14
ENSG00000133069	709	33	23	19	34	11	20
ENSG00000153113	708	34	25	34	35	5	27
ENSG00000156509	708	34	29	33	37	23	16
ENSG00000198961	708	25	10	44	32	23	22
ENSG00000019995	708	36	17	29	39	31	24
ENSG00000176783	708	41	28	30	38	10	12
ENSG00000126259	708	31	3	16	26	24	13
ENSG00000100099	708	28	10	23	38	19	22
ENSG00000242265	708	25	8	16	27	27	19
ENSG00000020922	708	35	28	28	36	29	24
ENSG00000070367	708	41	29	34	42	34	25
ENSG00000197168	708	35	19	28	38	39	15
ENSG00000088386	708	24	18	11	20	31	10
ENSG00000173114	708	32	22	21	36	23	17
ENSG00000090530	708	37	8	38	39	27	19
ENSG00000058600	708	39	26	26	39	22	20
ENSG00000178502	708	32	17	36	43	38	19
ENSG00000166439	708	38	22	26	33	5	13
ENSG00000112238	707	28	12	19	29	19	12
ENSG00000070269	707	31	10	20	29	32	8
ENSG00000033030	707	34	23	25	34	23	19
ENSG00000168763	707	37	8	23	29	25	14
ENSG00000160410	707	30	4	18	29	25	10
ENSG00000005100	707	39	17	22	36	23	21
ENSG00000100985	707	35	11	16	42	29	32
ENSG00000100258	707	22	5	16	17	34	1
ENSG00000109670	707	39	20	22	39	24	25
ENSG00000162129	707	38	17	31	37	27	17
ENSG00000116560	707	27	10	19	22	21	5
ENSG00000267680	707	42	32	37	39	45	15
ENSG00000172375	706	26	9	24	32	11	13
ENSG00000129353	706	28	13	17	23	38	10
ENSG00000148700	706	27	22	26	35	25	17
ENSG00000064102	706	44	27	37	41	21	19
ENSG00000092140	706	37	26	25	38	39	16
ENSG00000172890	706	27	10	21	35	30	18
ENSG00000068796	706	34	18	31	36	20	24
ENSG00000164930	706	33	17	21	30	34	13
ENSG00000131849	706	39	27	31	39	46	8
ENSG00000113916	706	37	15	24	34	29	13
ENSG00000166948	706	41	16	27	35	30	20
ENSG00000196517	706	19	2	8	12	33	6
ENSG00000163357	706	30	8	18	26	31	10
ENSG00000149292	705	39	23	33	37	19	17
ENSG00000134910	705	31	12	12	28	34	18
ENSG00000008056	705	28	15	11	18	17	16
ENSG00000159403	705	33	19	23	40	40	24
ENSG00000115295	705	39	25	15	31	18	19
ENSG00000126602	704	39	19	30	40	25	25
ENSG00000100982	704	32	15	41	45	25	10
ENSG00000159212	704	27	10	43	30	12	31
ENSG00000136536	704	30	3	18	33	19	17
ENSG00000123213	704	34	27	36	43	35	26
ENSG00000167257	703	32	27	23	24	6	9
ENSG00000101452	703	36	16	31	40	27	14
ENSG00000130307	703	24	5	38	36	9	10
ENSG00000182923	703	38	32	34	35	15	14
ENSG00000204172	703	26	16	23	28	13	14
ENSG00000197548	703	37	18	20	34	33	27
ENSG00000129347	703	26	21	30	27	29	23
ENSG00000111713	703	34	17	24	38	34	19
ENSG00000171812	703	22	10	10	22	11	8
ENSG00000108349	703	27	12	27	30	18	17
ENSG00000077942	703	31	9	26	34	22	17
ENSG00000213676	703	23	7	28	35	12	17
ENSG00000111700	702	28	19	8	15	35	7
ENSG00000204138	702	34	19	29	27	6	9
ENSG00000105388	702	25	5	13	27	33	9
ENSG00000114480	702	32	16	24	40	37	26
ENSG00000133980	702	34	14	21	26	24	5
ENSG00000135392	702	31	13	21	33	30	20
ENSG00000173588	701	31	41	45	42	12	13
ENSG00000131069	701	27	13	19	35	30	16
ENSG00000179477	701	36	13	20	36	32	22
ENSG00000145743	701	39	26	18	26	22	22
ENSG00000198689	701	20	4	14	19	29	14
ENSG00000100092	701	34	17	19	25	7	11
ENSG00000059378	701	34	19	18	37	34	19
ENSG00000129317	701	46	36	25	40	33	21
ENSG00000141434	701	24	9	22	38	33	25
ENSG00000145217	701	22	1	7	26	23	17
ENSG00000164161	700	39	16	22	42	36	20
ENSG00000263002	700	43	28	32	35	45	14
ENSG00000162909	700	33	21	32	43	42	21
ENSG00000107521	700	27	11	25	35	22	21
ENSG00000087008	700	39	22	21	36	34	20
ENSG00000132334	700	34	22	24	33	22	18
ENSG00000101057	700	38	31	22	31	21	18
ENSG00000106246	700	34	25	21	34	26	16
ENSG00000102098	700	40	25	19	38	31	28
ENSG00000177239	699	32	15	21	36	36	22
ENSG00000196597	699	29	30	33	36	44	9
ENSG00000036054	699	30	19	24	40	33	23
ENSG00000198382	699	38	26	21	36	24	13
ENSG00000106823	699	32	19	24	26	23	12
ENSG00000010165	699	38	15	28	40	26	20
ENSG00000122735	699	36	31	20	41	28	26
ENSG00000109182	699	26	13	16	23	33	11
ENSG00000138039	699	34	22	17	26	38	9
ENSG00000166197	699	40	35	13	16	8	6
ENSG00000130528	699	29	8	30	30	11	30
ENSG00000154493	699	43	22	23	33	19	19
ENSG00000131437	699	36	35	33	34	17	24
ENSG00000127241	699	30	17	25	31	36	25
ENSG00000151726	698	36	20	26	43	36	24
ENSG00000128805	698	34	14	31	33	20	13
ENSG00000119392	698	31	25	30	43	22	20
ENSG00000091513	698	40	34	20	35	36	29
ENSG00000165661	698	40	19	20	32	27	20
ENSG00000084092	698	37	17	19	27	27	17
ENSG00000161640	698	26	7	19	31	28	11
ENSG00000124275	698	27	20	24	38	24	23
ENSG00000168778	697	30	14	18	28	27	17
ENSG00000142512	697	27	5	18	31	30	8
ENSG00000140987	697	39	25	34	38	29	9
ENSG00000146802	697	27	12	16	29	42	10
ENSG00000164398	697	36	21	15	36	37	20
ENSG00000278311	697	30	20	34	41	21	25
ENSG00000135338	697	35	40	33	38	20	20
ENSG00000112365	697	28	25	29	42	23	12
ENSG00000126583	697	36	16	24	44	36	22
ENSG00000167483	697	35	3	19	31	21	19
ENSG00000157502	696	34	25	39	44	23	29
ENSG00000198182	696	42	32	34	33	48	7
ENSG00000173905	696	38	20	34	30	14	21
ENSG00000178235	696	31	19	18	33	30	24
ENSG00000187231	696	33	22	32	45	22	35
ENSG00000143324	696	31	20	21	26	28	12
ENSG00000165837	696	33	32	19	29	28	10
ENSG00000149596	696	29	14	30	39	15	10
ENSG00000072422	696	38	20	21	30	31	17
ENSG00000157617	696	25	16	23	35	14	12
ENSG00000132801	696	37	22	28	43	26	24
ENSG00000107404	695	31	12	20	34	22	21
ENSG00000153294	695	32	22	21	29	28	7
ENSG00000106012	695	33	20	23	31	11	18
ENSG00000117013	695	29	13	11	25	27	12
ENSG00000184788	695	29	5	6	21	7	18
ENSG00000078053	695	27	22	29	40	20	23
ENSG00000197976	695	32	37	28	34	14	19
ENSG00000164187	695	23	12	20	25	34	13
ENSG00000179134	694	25	15	25	27	18	8
ENSG00000109458	694	28	12	17	40	23	34
ENSG00000089169	694	35	25	23	30	19	20
ENSG00000144191	694	31	21	21	36	25	23
ENSG00000050344	694	18	9	22	39	20	32
ENSG00000120802	694	34	25	31	41	12	18
ENSG00000177283	694	29	9	11	20	27	6
ENSG00000214717	694	30	24	27	34	37	16
ENSG00000139354	694	39	29	18	29	12	17
ENSG00000189367	694	41	31	27	35	25	18
ENSG00000184205	693	21	6	26	22	22	18
ENSG00000215186	693	27	24	44	40	8	16
ENSG00000205336	693	26	10	13	24	30	11
ENSG00000132405	693	26	17	23	41	24	23
ENSG00000055208	693	22	7	12	22	21	14
ENSG00000160741	693	18	6	12	28	14	17
ENSG00000159289	693	28	24	45	41	8	16
ENSG00000236287	693	36	27	23	40	28	22
ENSG00000167195	693	28	24	45	41	8	16
ENSG00000125780	693	40	18	16	31	33	24
ENSG00000140478	693	28	24	45	41	8	14
ENSG00000105127	692	24	16	29	34	26	27
ENSG00000174004	692	29	3	12	35	27	23
ENSG00000167384	692	44	29	29	32	40	13
ENSG00000160602	692	24	12	21	40	21	12
ENSG00000132600	692	21	3	26	41	30	27
ENSG00000187510	691	40	21	29	39	30	20
ENSG00000134538	691	32	17	12	15	33	5
ENSG00000147174	691	18	18	27	23	11	16
ENSG00000121749	691	35	28	28	43	31	33
ENSG00000118564	691	30	20	18	31	33	20
ENSG00000197506	691	22	12	15	18	31	8
ENSG00000104866	691	28	18	26	33	13	18
ENSG00000162437	691	22	13	23	30	17	10
ENSG00000198146	691	31	35	18	21	38	4
ENSG00000012822	691	33	20	38	40	11	16
ENSG00000196678	691	33	29	20	24	26	10
ENSG00000166947	691	36	19	22	31	30	14
ENSG00000165259	690	32	15	26	31	21	17
ENSG00000136002	690	32	21	32	37	27	20
ENSG00000197948	690	31	11	30	37	25	14
ENSG00000164116	690	34	27	24	36	30	19
ENSG00000135773	690	35	19	32	44	44	26
ENSG00000162618	690	27	16	12	25	38	9
ENSG00000139517	690	25	15	25	43	16	18
ENSG00000083807	690	28	3	19	29	30	14
ENSG00000157765	690	25	16	13	19	26	17
ENSG00000148019	689	28	23	15	38	14	18
ENSG00000147394	689	38	13	30	41	16	22
ENSG00000049089	689	34	21	13	26	2	5
ENSG00000172009	689	36	21	30	44	35	28
ENSG00000154930	689	30	14	18	30	20	20
ENSG00000120029	689	29	19	27	38	30	20
ENSG00000132300	689	35	22	29	43	36	23
ENSG00000146834	689	31	14	21	28	18	14
ENSG00000173020	689	36	21	29	40	31	25
ENSG00000136155	688	46	38	28	43	14	29
ENSG00000100077	688	37	29	29	38	34	21
ENSG00000182326	688	24	15	22	39	34	23
ENSG00000151466	688	42	34	44	42	13	11
ENSG00000068354	688	22	6	19	40	32	33
ENSG00000197050	688	41	24	30	32	50	8
ENSG00000115761	688	33	26	25	37	26	28
ENSG00000204859	688	33	21	30	36	23	6
ENSG00000164663	688	41	25	26	28	24	8
ENSG00000135250	688	29	24	25	34	24	24
ENSG00000101251	688	37	32	18	36	32	13
ENSG00000198959	687	32	18	25	33	30	20
ENSG00000198301	687	36	30	28	33	28	16
ENSG00000184908	687	24	8	18	24	28	4
ENSG00000257046	687	29	19	10	17	37	8
ENSG00000100105	687	34	18	19	39	23	17
ENSG00000186510	687	24	7	15	19	29	3
ENSG00000131941	686	40	29	20	35	28	18
ENSG00000137266	686	29	11	16	23	33	7
ENSG00000163508	686	27	14	11	25	30	9
ENSG00000147789	686	37	24	37	39	37	13
ENSG00000196437	686	41	33	34	35	52	7
ENSG00000111058	686	37	23	18	29	27	12
ENSG00000141076	686	32	19	11	32	35	24
ENSG00000168806	686	28	3	24	36	28	13
ENSG00000009724	686	30	16	21	31	36	18
ENSG00000137821	686	34	17	27	33	20	21
ENSG00000204267	686	26	7	15	27	30	13
ENSG00000165072	686	32	15	26	40	50	19
ENSG00000132622	686	39	8	33	41	31	15
ENSG00000140527	686	29	25	25	35	24	16
ENSG00000129595	686	38	27	25	34	23	21
ENSG00000172650	686	25	9	25	30	18	14
ENSG00000127870	685	37	2	27	27	19	16
ENSG00000138079	685	34	19	21	41	42	32
ENSG00000145632	685	39	23	26	42	29	24
ENSG00000167323	685	33	20	28	38	16	20
ENSG00000150991	685	44	36	37	28	18	29
ENSG00000128917	685	25	3	17	30	30	18
ENSG00000054983	685	29	19	14	28	39	19
ENSG00000179119	685	34	21	18	22	12	6
ENSG00000239305	685	24	15	22	32	42	20
ENSG00000130783	684	39	35	41	37	9	23
ENSG00000164440	684	29	23	45	43	6	18
ENSG00000092758	684	23	13	14	25	1	13
ENSG00000120696	684	33	12	19	33	37	24
ENSG00000185294	684	21	7	13	24	23	14
ENSG00000121957	684	34	22	28	36	21	30
ENSG00000163810	684	38	21	22	33	32	16
ENSG00000184178	684	29	14	20	30	22	15
ENSG00000107815	684	34	13	20	33	36	21
ENSG00000112339	684	38	23	30	41	28	23
ENSG00000136603	684	36	27	26	33	13	15
ENSG00000119203	684	34	17	28	37	30	18
ENSG00000100350	684	32	7	18	35	37	20
ENSG00000143554	683	22	3	15	25	32	11
ENSG00000185518	683	24	14	16	24	26	17
ENSG00000150764	683	36	23	26	37	20	23
ENSG00000027075	683	32	25	24	31	37	23
ENSG00000173210	683	42	19	24	37	35	18
ENSG00000120708	683	30	15	23	33	22	14
ENSG00000136108	683	35	34	28	38	10	13
ENSG00000081386	683	36	35	33	40	46	6
ENSG00000077454	683	31	3	16	27	12	16
ENSG00000197142	683	31	17	19	37	42	19
ENSG00000086544	683	30	15	36	42	31	24
ENSG00000117360	683	32	33	37	37	19	17
ENSG00000006194	683	37	13	41	39	29	9
ENSG00000131459	682	41	21	29	38	22	19
ENSG00000140262	682	27	11	15	27	12	16
ENSG00000136535	682	32	12	10	25	24	22
ENSG00000170631	682	33	25	29	35	40	13
ENSG00000124459	682	44	24	28	31	43	10
ENSG00000166669	682	36	30	41	45	13	12
ENSG00000185340	681	39	2	14	34	12	14
ENSG00000104413	681	30	14	27	37	35	22
ENSG00000168306	681	36	12	17	34	37	19
ENSG00000137843	681	31	15	20	36	21	22
ENSG00000152942	681	30	23	26	33	27	15
ENSG00000124383	681	27	24	36	33	21	25
ENSG00000155393	680	32	21	30	34	16	16
ENSG00000059145	680	27	13	22	31	17	16
ENSG00000198870	680	28	14	30	42	19	15
ENSG00000137166	680	23	9	14	19	12	10
ENSG00000073712	680	37	32	28	38	25	24
ENSG00000135365	680	30	28	16	23	10	6
ENSG00000073282	680	28	11	22	34	26	17
ENSG00000198185	680	41	34	27	32	42	6
ENSG00000144136	679	21	14	12	20	25	15
ENSG00000183423	679	29	11	17	36	23	20
ENSG00000168754	679	28	4	23	39	20	14
ENSG00000141576	679	21	9	25	33	21	21
ENSG00000034533	679	35	23	17	31	25	15
ENSG00000166928	679	29	21	18	28	15	16
ENSG00000099812	679	33	7	27	36	17	16
ENSG00000113013	679	38	30	25	36	20	28
ENSG00000100441	678	39	19	25	38	24	19
ENSG00000183087	678	34	11	26	39	28	24
ENSG00000115840	678	35	16	21	43	30	19
ENSG00000160179	678	28	14	18	28	28	16
ENSG00000085465	678	39	20	18	33	21	12
ENSG00000108771	678	39	18	23	41	21	16
ENSG00000197497	678	40	34	39	44	48	12
ENSG00000130023	678	37	15	34	36	36	11
ENSG00000127948	677	37	19	32	39	36	21
ENSG00000168795	677	24	8	24	27	22	13
ENSG00000101311	677	33	26	26	36	26	29
ENSG00000114742	677	34	23	11	43	27	38
ENSG00000185024	677	29	14	27	33	16	14
ENSG00000142784	677	36	18	23	41	27	30
ENSG00000073150	677	40	19	20	38	17	22
ENSG00000163811	677	34	26	21	32	25	14
ENSG00000114861	677	23	14	17	18	11	5
ENSG00000060491	677	25	7	33	35	15	21
ENSG00000170266	677	24	13	13	35	36	19
ENSG00000089199	677	38	29	37	34	19	26
ENSG00000163932	676	38	35	29	39	30	19
ENSG00000144791	676	30	12	16	35	18	24
ENSG00000184500	676	30	21	25	38	24	22
ENSG00000033327	676	31	10	24	32	29	17
ENSG00000158008	676	28	5	19	32	31	14
ENSG00000179593	676	33	12	24	37	34	13
ENSG00000159650	676	29	8	24	33	26	17
ENSG00000122970	676	40	43	41	41	22	9
ENSG00000196724	676	39	29	32	38	43	4
ENSG00000141002	676	27	11	32	35	21	13
ENSG00000053918	676	28	10	15	23	30	11
ENSG00000004864	675	30	18	25	45	30	18
ENSG00000165868	675	36	23	23	41	36	26
ENSG00000124143	675	31	20	22	31	11	19
ENSG00000183111	675	34	16	26	39	26	14
ENSG00000173852	675	27	18	9	20	42	7
ENSG00000162614	675	30	33	36	32	27	16
ENSG00000102010	675	39	33	21	40	31	14
ENSG00000158865	675	21	10	11	25	33	11
ENSG00000072415	675	40	29	32	38	16	28
ENSG00000160360	675	36	11	34	39	20	26
ENSG00000165572	674	34	14	16	31	33	20
ENSG00000126500	674	32	15	13	30	20	21
ENSG00000100583	674	39	33	30	23	18	20
ENSG00000087074	674	33	9	22	22	13	14
ENSG00000104859	674	19	16	19	24	24	15
ENSG00000185800	674	29	8	21	32	23	15
ENSG00000108370	674	41	25	16	28	27	17
ENSG00000012779	674	34	19	25	34	28	18
ENSG00000132436	674	38	24	26	35	26	20
ENSG00000122121	674	31	7	27	38	35	18
ENSG00000058804	674	25	14	13	24	34	9
ENSG00000143921	673	25	12	12	20	30	12
ENSG00000141200	673	35	27	25	41	17	20
ENSG00000187867	673	30	18	28	28	4	8
ENSG00000129245	673	36	8	29	32	21	21
ENSG00000197043	673	43	29	34	35	23	29
ENSG00000197647	673	40	29	29	32	40	2
ENSG00000168140	673	19	3	21	30	10	10
ENSG00000114098	673	40	27	15	32	16	16
ENSG00000109906	673	32	20	28	37	22	13
ENSG00000237649	673	39	19	26	31	9	9
ENSG00000162571	673	29	17	17	27	23	11
ENSG00000118689	673	19	9	11	23	13	17
ENSG00000088899	673	29	14	26	32	12	12
ENSG00000165209	672	40	33	20	25	15	14
ENSG00000081760	672	30	22	23	40	33	18
ENSG00000142330	672	36	5	27	36	36	19
ENSG00000177485	672	33	24	22	34	22	24
ENSG00000171241	672	35	21	38	37	28	20
ENSG00000154229	672	32	31	22	39	31	27
ENSG00000204815	672	38	34	41	44	29	21
ENSG00000140675	672	15	4	7	15	32	8
ENSG00000120896	671	34	8	17	29	22	19
ENSG00000173805	671	30	9	29	35	18	11
ENSG00000167674	671	34	24	24	30	8	20
ENSG00000165566	671	35	17	17	23	4	18
ENSG00000170265	671	32	11	31	38	21	19
ENSG00000174780	671	32	26	27	36	17	16
ENSG00000185532	671	35	26	27	36	32	24
ENSG00000102362	671	37	28	30	35	23	16
ENSG00000166501	671	34	31	25	40	34	22
ENSG00000198169	671	42	22	33	37	36	6
ENSG00000137275	671	31	27	27	36	28	14
ENSG00000180855	671	41	31	22	29	42	8
ENSG00000133246	670	42	30	37	40	18	17
ENSG00000157578	670	35	38	25	37	15	19
ENSG00000159915	670	43	27	28	39	30	25
ENSG00000169683	670	40	21	36	40	5	12
ENSG00000088205	670	33	29	30	35	24	9
ENSG00000118217	670	28	14	23	29	16	14
ENSG00000266338	670	27	18	35	37	19	25
ENSG00000131653	670	38	16	14	33	34	25
ENSG00000198780	670	24	15	31	33	21	26
ENSG00000158106	670	34	8	24	37	19	10
ENSG00000167625	670	19	5	23	23	17	5
ENSG00000105479	670	31	24	21	30	15	23
ENSG00000013523	670	16	4	21	37	31	24
ENSG00000162949	669	33	16	23	39	33	21
ENSG00000124440	669	23	6	22	35	24	17
ENSG00000102996	669	25	8	20	34	31	24
ENSG00000100226	669	28	17	18	30	22	21
ENSG00000111319	669	29	10	13	21	27	12
ENSG00000185246	669	32	17	37	38	26	20
ENSG00000115419	669	34	23	20	36	25	25
ENSG00000100429	669	20	1	18	34	18	14
ENSG00000141627	669	25	8	19	30	30	8
ENSG00000107816	669	34	4	28	27	12	9
ENSG00000175894	669	30	7	22	26	40	16
ENSG00000104853	669	25	11	12	25	29	21
ENSG00000073169	669	30	6	26	38	25	12
ENSG00000239306	669	23	5	10	20	46	11
ENSG00000151806	669	35	26	32	41	22	22
ENSG00000132950	669	31	31	24	34	26	19
ENSG00000277149	668	30	22	30	31	35	17
ENSG00000127325	668	27	11	15	29	33	15
ENSG00000160767	668	23	10	13	32	17	14
ENSG00000273976	668	33	48	18	19	15	6
ENSG00000132016	668	22	7	27	31	5	22
ENSG00000186111	668	22	11	28	31	21	17
ENSG00000149480	668	40	20	15	27	24	17
ENSG00000013725	668	23	1	25	30	24	9
ENSG00000137822	667	29	21	23	37	38	24
ENSG00000159263	667	29	15	17	27	29	9
ENSG00000135506	667	32	21	27	29	18	20
ENSG00000163701	667	33	8	16	29	26	19
ENSG00000101871	667	30	20	23	38	27	21
ENSG00000197599	667	39	24	39	38	12	7
ENSG00000196628	667	24	9	9	22	16	12
ENSG00000137868	667	21	9	5	11	30	9
ENSG00000197935	666	34	31	28	33	31	13
ENSG00000223547	666	34	28	29	35	33	7
ENSG00000130377	666	28	26	27	33	34	12
ENSG00000077420	666	21	14	20	31	22	24
ENSG00000058404	666	30	15	25	34	20	21
ENSG00000188807	666	24	8	11	18	23	8
ENSG00000174292	666	29	9	21	32	19	15
ENSG00000133104	666	29	22	25	33	19	12
ENSG00000138623	666	34	13	25	35	33	13
ENSG00000185163	666	33	8	18	27	20	9
ENSG00000166477	666	32	23	41	24	10	35
ENSG00000104290	666	33	8	15	32	33	14
ENSG00000079616	665	36	17	28	34	12	15
ENSG00000189144	665	36	26	30	27	52	5
ENSG00000005175	665	33	33	29	39	27	22
ENSG00000160961	665	34	14	32	30	35	16
ENSG00000117115	665	28	19	27	32	36	22
ENSG00000147010	665	35	29	28	31	10	24
ENSG00000111266	665	30	21	20	31	24	16
ENSG00000063601	665	32	19	28	44	26	18
ENSG00000171115	665	41	35	32	33	22	16
ENSG00000124535	665	26	12	16	27	22	17
ENSG00000125864	665	30	17	33	36	14	18
ENSG00000163006	665	39	32	29	40	26	17
ENSG00000170881	664	24	6	11	22	33	9
ENSG00000136044	664	39	22	27	35	29	19
ENSG00000073578	664	31	14	24	34	26	19
ENSG00000072609	664	30	17	21	41	22	20
ENSG00000160789	664	41	22	29	29	12	20
ENSG00000183862	664	27	16	21	34	29	24
ENSG00000137760	664	37	18	26	38	25	20
ENSG00000140548	664	22	21	22	23	24	13
ENSG00000100170	664	20	11	13	20	35	8
ENSG00000048405	664	32	32	21	27	21	14
ENSG00000152583	664	33	23	27	35	14	23
ENSG00000204149	663	26	9	22	27	15	13
ENSG00000108839	663	38	12	22	33	29	19
ENSG00000125304	663	19	7	13	22	37	12
ENSG00000163645	663	31	23	21	30	25	15
ENSG00000159339	663	26	19	17	33	24	24
ENSG00000124092	663	32	27	32	38	26	6
ENSG00000146376	663	43	34	27	35	22	16
ENSG00000145860	663	23	9	15	20	35	8
ENSG00000147642	663	26	10	27	36	14	19
ENSG00000102034	663	9	6	21	25	12	16
ENSG00000163362	663	31	9	29	39	19	7
ENSG00000142623	663	26	18	22	36	30	26
ENSG00000076864	663	32	26	28	42	23	20
ENSG00000188234	663	27	11	20	25	15	13
ENSG00000197857	663	35	28	24	33	40	11
ENSG00000165102	663	21	9	11	21	28	8
ENSG00000157601	662	33	25	32	44	19	23
ENSG00000102445	662	29	21	31	38	30	22
ENSG00000131067	662	23	5	21	34	25	21
ENSG00000178075	662	37	25	31	41	22	24
ENSG00000215301	662	39	18	25	40	35	26
ENSG00000124279	662	35	27	27	35	31	7
ENSG00000108599	662	31	16	30	39	24	25
ENSG00000161905	662	38	18	17	30	27	19
ENSG00000140287	662	30	17	19	26	26	15
ENSG00000104369	661	32	25	26	33	16	9
ENSG00000162923	661	29	10	17	34	27	22
ENSG00000174611	661	29	17	28	43	26	19
ENSG00000197779	661	33	32	30	39	41	13
ENSG00000091127	661	35	31	22	29	28	24
ENSG00000095713	661	25	5	16	28	31	26
ENSG00000143278	661	32	20	27	40	36	12
ENSG00000134061	661	18	11	12	25	23	13
ENSG00000185664	661	15	5	13	29	21	12
ENSG00000139350	660	31	23	12	28	25	19
ENSG00000067048	660	42	17	29	39	33	23
ENSG00000160746	660	26	21	25	29	28	9
ENSG00000170264	660	27	30	34	33	27	14
ENSG00000113643	660	37	30	29	41	27	32
ENSG00000141568	660	27	14	6	15	14	7
ENSG00000161533	660	30	15	27	35	33	11
ENSG00000169891	660	31	19	24	29	17	7
ENSG00000165995	660	30	15	24	28	16	17
ENSG00000085998	660	33	20	22	27	38	23
ENSG00000171817	660	35	32	29	38	39	8
ENSG00000087245	660	33	18	20	40	35	27
ENSG00000176624	659	17	7	18	24	19	12
ENSG00000104907	659	34	8	25	39	23	18
ENSG00000236609	659	13	3	34	37	7	2
ENSG00000117528	659	36	25	23	31	33	14
ENSG00000010671	659	43	36	26	38	33	17
ENSG00000172830	659	29	7	19	25	16	10
ENSG00000181666	659	40	23	31	33	35	2
ENSG00000131845	659	40	24	29	33	43	8
ENSG00000101624	659	35	13	27	39	26	17
ENSG00000106991	658	20	8	25	31	13	8
ENSG00000176293	658	42	18	34	38	43	7
ENSG00000041802	658	34	19	28	32	26	24
ENSG00000157184	658	35	22	17	38	37	28
ENSG00000018510	658	34	19	26	38	28	19
ENSG00000137860	658	17	9	13	19	35	4
ENSG00000186952	657	36	28	28	32	35	14
ENSG00000084110	657	34	19	34	43	28	16
ENSG00000153233	657	31	19	22	35	22	10
ENSG00000221994	657	43	30	27	34	42	13
ENSG00000156876	657	36	31	28	36	14	18
ENSG00000141452	657	26	18	24	36	36	18
ENSG00000134109	657	30	17	17	33	34	26
ENSG00000133103	657	32	18	30	40	16	23
ENSG00000109586	657	35	20	30	39	35	19
ENSG00000079134	657	37	27	28	33	30	14
ENSG00000105072	657	29	17	24	34	13	23
ENSG00000070214	657	30	20	11	20	34	10
ENSG00000182944	656	17	4	7	20	28	12
ENSG00000154832	656	26	16	23	28	18	18
ENSG00000168096	656	34	8	25	37	18	17
ENSG00000125450	656	30	15	25	36	26	19
ENSG00000203668	656	33	20	26	35	28	23
ENSG00000177000	656	32	19	32	43	24	21
ENSG00000096063	655	27	18	28	37	21	20
ENSG00000103056	655	28	10	17	31	33	22
ENSG00000146192	655	39	14	27	37	32	16
ENSG00000146072	655	36	20	21	32	17	17
ENSG00000171385	655	25	11	19	21	22	9
ENSG00000140854	655	33	19	19	43	18	23
ENSG00000109758	655	25	4	13	31	27	20
ENSG00000118777	655	27	18	16	26	27	10
ENSG00000175520	655	22	6	22	43	16	19
ENSG00000072778	655	41	19	33	38	30	8
ENSG00000017797	655	29	16	34	30	17	17
ENSG00000182261	655	35	21	31	39	21	16
ENSG00000122224	655	25	9	24	32	29	16
ENSG00000003096	655	41	21	20	35	34	20
ENSG00000150907	655	23	13	6	17	16	11
ENSG00000122335	654	34	22	25	35	24	20
ENSG00000071564	654	18	10	15	26	16	15
ENSG00000163521	654	31	15	11	32	38	19
ENSG00000185215	654	36	11	35	41	20	13
ENSG00000125846	654	35	19	33	34	33	4
ENSG00000151092	654	34	23	37	41	27	15
ENSG00000082068	654	31	25	14	32	23	23
ENSG00000044574	654	32	23	27	38	23	29
ENSG00000129993	653	29	15	27	27	10	16
ENSG00000119401	653	36	18	22	33	22	20
ENSG00000135631	653	35	14	23	34	15	13
ENSG00000182255	653	23	9	21	29	24	16
ENSG00000172765	653	32	24	21	31	11	15
ENSG00000188419	653	32	15	23	36	26	22
ENSG00000166105	653	39	22	24	30	34	14
ENSG00000127415	653	31	5	14	28	29	20
ENSG00000171606	653	26	15	33	34	25	22
ENSG00000143036	653	22	13	9	20	30	10
ENSG00000157060	653	25	20	33	40	22	19
ENSG00000144460	653	34	18	18	31	12	17
ENSG00000111885	653	30	21	32	35	34	16
ENSG00000164077	652	36	5	22	34	26	14
ENSG00000256087	652	37	30	44	44	35	5
ENSG00000185245	652	23	10	21	30	13	9
ENSG00000073921	652	22	13	14	35	24	21
ENSG00000131355	652	18	13	15	14	34	10
ENSG00000125810	652	23	13	20	27	19	11
ENSG00000168575	652	20	10	7	15	30	8
ENSG00000189325	652	27	21	31	38	10	18
ENSG00000182957	652	26	20	27	30	26	22
ENSG00000185585	652	29	20	20	36	21	19
ENSG00000136883	651	40	3	15	22	13	7
ENSG00000085721	651	39	20	15	28	29	21
ENSG00000133961	651	20	8	19	29	27	14
ENSG00000181588	651	19	6	15	29	14	17
ENSG00000183035	651	23	27	28	33	14	23
ENSG00000180257	651	39	29	37	41	39	6
ENSG00000166164	651	31	21	29	34	22	28
ENSG00000169919	651	23	14	19	35	37	19
ENSG00000033800	651	27	16	15	29	16	19
ENSG00000083544	651	36	30	26	40	21	18
ENSG00000165304	651	36	30	21	39	30	25
ENSG00000176393	650	32	15	29	34	30	18
ENSG00000089057	650	17	10	8	15	32	10
ENSG00000206579	650	17	8	10	20	27	13
ENSG00000105290	650	31	6	29	36	13	13
ENSG00000185104	650	26	14	30	34	25	19
ENSG00000141994	650	33	16	33	37	23	19
ENSG00000163719	650	28	13	17	37	31	27
ENSG00000156222	649	24	8	19	22	42	7
ENSG00000092096	649	12	1	12	25	21	13
ENSG00000198431	649	32	24	26	38	31	13
ENSG00000125848	649	35	17	14	28	28	18
ENSG00000154127	649	30	21	20	32	28	15
ENSG00000273756	649	34	50	19	20	15	6
ENSG00000004700	649	34	30	28	39	28	17
ENSG00000113758	649	24	11	33	33	16	18
ENSG00000105699	649	28	6	12	22	31	16
ENSG00000125746	649	29	12	16	40	38	33
ENSG00000105778	648	30	20	19	27	23	20
ENSG00000080608	648	33	29	23	39	24	23
ENSG00000151229	648	20	6	16	23	30	9
ENSG00000163673	648	34	32	26	34	18	18
ENSG00000104946	648	22	8	29	37	26	17
ENSG00000160072	648	35	21	30	37	22	10
ENSG00000132155	648	37	21	16	40	25	15
ENSG00000080007	648	39	22	17	32	24	16
ENSG00000189042	647	41	34	37	40	44	6
ENSG00000161036	647	31	17	16	36	23	21
ENSG00000157240	647	24	12	19	25	28	5
ENSG00000102057	647	28	7	17	20	22	11
ENSG00000156050	647	28	20	30	27	19	16
ENSG00000125319	647	30	7	15	19	12	11
ENSG00000112877	647	32	21	45	43	13	13
ENSG00000185621	647	28	14	22	32	25	17
ENSG00000150768	647	32	20	15	23	18	17
ENSG00000095787	647	25	20	13	21	9	10
ENSG00000106683	647	37	16	24	44	28	23
ENSG00000011243	646	24	14	21	32	22	30
ENSG00000166483	646	32	14	19	33	25	21
ENSG00000173846	646	33	14	15	30	31	15
ENSG00000113593	646	35	30	24	44	33	26
ENSG00000172350	646	25	12	16	21	29	7
ENSG00000076706	646	32	15	29	31	15	11
ENSG00000165655	646	17	8	4	15	8	9
ENSG00000109971	646	33	23	25	37	23	32
ENSG00000155660	645	38	32	28	34	33	28
ENSG00000020256	645	33	24	15	32	20	21
ENSG00000105705	645	31	29	23	29	23	15
ENSG00000189132	645	36	23	32	39	17	21
ENSG00000114670	645	29	22	34	36	20	19
ENSG00000158560	645	20	9	26	32	24	23
ENSG00000117593	645	37	11	28	43	32	22
ENSG00000125966	645	29	18	21	31	23	17
ENSG00000181804	645	19	10	19	24	35	13
ENSG00000139973	645	29	19	26	38	21	18
ENSG00000163219	645	41	23	26	41	24	21
ENSG00000162613	644	30	15	17	35	16	21
ENSG00000185052	644	15	6	17	27	27	16
ENSG00000185915	644	40	2	19	31	28	11
ENSG00000122882	644	27	19	28	33	30	19
ENSG00000167768	644	31	17	23	23	20	18
ENSG00000198453	644	41	27	31	32	40	6
ENSG00000113889	644	35	28	21	35	23	16
ENSG00000181220	644	22	14	20	34	24	17
ENSG00000090621	644	31	27	20	26	24	14
ENSG00000148384	644	34	11	16	34	20	26
ENSG00000185252	644	40	21	34	36	35	10
ENSG00000100304	644	33	8	26	43	27	23
ENSG00000137842	643	27	12	6	19	34	11
ENSG00000087053	643	31	15	27	40	26	15
ENSG00000105641	643	19	5	4	14	27	12
ENSG00000159461	643	25	4	22	26	22	19
ENSG00000181191	643	26	12	30	27	20	16
ENSG00000167377	643	35	26	31	32	39	3
ENSG00000173110	643	37	21	22	36	24	29
ENSG00000197763	643	33	22	28	37	28	10
ENSG00000174640	643	23	9	4	13	34	5
ENSG00000165509	643	27	15	23	36	29	17
ENSG00000130775	643	31	14	23	30	21	13
ENSG00000196466	643	38	29	22	31	42	8
ENSG00000138381	643	33	19	24	37	24	13
ENSG00000120658	643	29	20	29	39	18	17
ENSG00000167114	643	35	12	18	31	34	15
ENSG00000092108	642	32	21	20	34	21	22
ENSG00000197771	642	32	14	22	33	27	15
ENSG00000187961	642	29	9	19	39	28	14
ENSG00000101337	642	19	8	17	23	32	11
ENSG00000196110	642	36	28	32	34	43	10
ENSG00000105708	642	38	29	31	31	42	3
ENSG00000116679	642	30	11	19	30	38	18
ENSG00000268104	642	15	11	10	18	35	4
ENSG00000084463	641	25	19	19	20	9	15
ENSG00000072134	641	18	13	18	32	23	14
ENSG00000204388	641	32	20	21	37	25	31
ENSG00000204389	641	32	20	21	37	25	31
ENSG00000196458	641	35	30	32	37	43	8
ENSG00000140451	641	34	7	11	20	16	12
ENSG00000204390	641	34	22	22	37	25	31
ENSG00000197782	641	39	29	31	31	42	8
ENSG00000172673	641	33	25	28	38	25	17
ENSG00000198162	641	28	19	23	35	34	17
ENSG00000242852	641	37	25	28	27	42	2
ENSG00000149260	640	33	22	22	38	32	24
ENSG00000023330	640	35	23	14	32	23	24
ENSG00000176531	640	29	6	31	37	10	12
ENSG00000118513	640	24	24	22	33	25	17
ENSG00000169344	640	28	7	15	29	28	23
ENSG00000168447	640	26	8	23	35	30	15
ENSG00000121406	640	30	25	37	41	34	6
ENSG00000148948	640	25	8	22	26	23	11
ENSG00000157168	640	29	13	29	34	16	7
ENSG00000126261	640	29	17	26	35	17	21
ENSG00000214193	640	31	24	20	26	6	20
ENSG00000100889	640	35	9	21	26	23	18
ENSG00000162654	640	29	25	24	30	17	13
ENSG00000096093	640	37	25	22	35	29	30
ENSG00000131386	639	25	10	26	33	24	16
ENSG00000198087	639	37	33	33	28	15	12
ENSG00000172867	639	39	22	24	25	22	16
ENSG00000168066	639	14	10	18	25	15	9
ENSG00000140694	639	29	31	20	29	27	23
ENSG00000126803	639	35	26	27	38	24	32
ENSG00000100083	639	21	17	24	37	14	16
ENSG00000131183	639	25	6	9	19	18	6
ENSG00000143079	639	36	26	28	31	8	11
ENSG00000147118	639	40	28	34	38	41	10
ENSG00000139197	639	29	8	30	32	30	21
ENSG00000112319	639	17	12	15	26	27	15
ENSG00000143195	639	31	13	19	30	31	23
ENSG00000125851	638	23	15	19	39	28	23
ENSG00000237452	638	27	19	22	32	17	19
ENSG00000182541	638	33	16	33	44	31	24
ENSG00000196427	638	26	20	25	30	11	24
ENSG00000077380	638	19	12	27	37	21	22
ENSG00000172244	638	38	21	26	40	29	12
ENSG00000132481	638	30	6	24	30	18	14
ENSG00000166478	638	25	19	26	38	18	22
ENSG00000166006	638	23	8	22	31	29	13
ENSG00000213512	638	29	20	29	31	21	13
ENSG00000186086	638	27	20	25	30	11	24
ENSG00000112964	638	18	15	26	29	20	23
ENSG00000166432	638	28	19	29	36	29	15
ENSG00000185069	638	36	18	19	24	21	11
ENSG00000100462	637	32	21	25	33	29	16
ENSG00000001084	637	30	18	25	36	34	22
ENSG00000131242	637	33	21	30	32	21	26
ENSG00000130035	637	30	18	25	33	25	19
ENSG00000029153	636	27	16	24	32	21	12
ENSG00000011083	636	18	3	7	15	31	8
ENSG00000124615	636	36	13	23	27	17	10
ENSG00000149328	636	24	15	17	33	36	21
ENSG00000122417	636	39	41	39	40	12	9
ENSG00000197863	636	28	26	32	35	42	10
ENSG00000145901	636	26	23	32	36	11	13
ENSG00000078900	636	25	11	19	28	28	10
ENSG00000184939	636	30	14	31	34	37	12
ENSG00000070756	636	31	27	20	25	25	11
ENSG00000204851	635	21	15	24	28	7	22
ENSG00000138074	635	14	3	3	9	29	6
ENSG00000165025	635	36	27	26	35	35	18
ENSG00000173621	635	25	1	12	27	19	15
ENSG00000099960	635	12	3	7	15	34	5
ENSG00000116685	634	20	8	13	20	24	12
ENSG00000112419	634	25	21	20	29	13	11
ENSG00000162542	634	26	9	15	30	17	14
ENSG00000158286	634	34	13	28	34	17	23
ENSG00000185522	634	27	11	33	36	9	10
ENSG00000105662	634	12	6	11	23	15	13
ENSG00000107937	634	33	30	18	30	16	22
ENSG00000174358	634	11	3	9	21	31	11
ENSG00000073050	633	28	17	24	26	20	20
ENSG00000167491	633	36	16	24	25	8	6
ENSG00000125944	633	34	24	23	29	28	22
ENSG00000178773	633	34	19	21	32	32	14
ENSG00000249115	633	32	7	25	35	7	12
ENSG00000166855	633	40	31	25	30	12	15
ENSG00000142794	633	29	10	25	29	17	24
ENSG00000138780	633	24	15	27	35	20	12
ENSG00000115339	633	25	19	29	29	30	14
ENSG00000183347	633	33	27	33	32	20	12
ENSG00000186908	632	24	13	13	28	33	20
ENSG00000180884	632	38	27	32	35	30	14
ENSG00000184867	632	21	14	19	26	14	11
ENSG00000112144	632	36	19	18	26	22	12
ENSG00000180488	632	34	15	24	31	30	12
ENSG00000132164	632	16	9	17	25	32	3
ENSG00000049283	632	20	12	20	35	22	18
ENSG00000197385	632	40	32	29	34	39	11
ENSG00000160999	632	26	6	20	29	19	21
ENSG00000161800	632	33	23	25	37	18	23
ENSG00000102081	632	34	20	27	35	21	25
ENSG00000135605	631	37	28	25	35	36	17
ENSG00000023892	631	32	19	28	33	16	15
ENSG00000125633	631	36	27	36	36	17	11
ENSG00000128482	631	36	16	18	28	15	11
ENSG00000144451	631	27	19	28	46	22	34
ENSG00000151846	631	34	28	20	25	24	12
ENSG00000136270	631	32	16	18	29	21	13
ENSG00000118705	631	22	16	20	28	30	17
ENSG00000135100	631	15	10	20	24	12	5
ENSG00000175265	631	30	27	29	32	5	11
ENSG00000075399	631	29	13	29	38	11	7
ENSG00000187164	631	38	37	33	28	5	15
ENSG00000164754	631	26	18	26	26	17	18
ENSG00000117643	630	29	14	32	35	35	10
ENSG00000146063	630	30	5	25	34	19	14
ENSG00000121060	630	32	23	26	35	26	13
ENSG00000184408	630	22	7	20	21	25	10
ENSG00000108576	630	18	6	11	19	34	9
ENSG00000183977	630	31	28	22	30	30	14
ENSG00000137817	630	32	19	21	28	36	13
ENSG00000136866	630	34	26	26	33	26	9
ENSG00000086232	630	26	15	25	32	23	12
ENSG00000102024	630	38	29	23	38	28	23
ENSG00000138738	630	30	31	29	40	30	15
ENSG00000120756	629	33	25	23	34	24	21
ENSG00000197380	629	22	2	17	27	12	8
ENSG00000104936	629	23	4	29	33	21	22
ENSG00000139514	629	17	8	12	20	31	8
ENSG00000005801	629	38	30	30	34	37	14
ENSG00000203965	629	35	25	31	38	32	18
ENSG00000105204	629	27	8	17	33	24	18
ENSG00000162594	629	20	20	23	32	32	13
ENSG00000173705	629	28	10	26	33	18	21
ENSG00000129691	628	28	23	25	32	28	26
ENSG00000197705	628	31	12	12	31	33	18
ENSG00000074527	628	27	19	15	31	26	24
ENSG00000187244	628	30	8	25	33	16	14
ENSG00000178996	628	21	12	19	30	37	18
ENSG00000188986	628	32	16	32	38	22	18
ENSG00000126243	628	27	1	10	26	16	15
ENSG00000131788	628	25	12	18	23	17	13
ENSG00000189369	628	28	20	23	37	23	17
ENSG00000011258	628	26	17	14	23	28	16
ENSG00000163545	628	27	9	27	32	21	14
ENSG00000135108	628	23	13	20	31	28	12
ENSG00000164363	628	22	6	8	16	29	9
ENSG00000186300	628	34	23	32	29	39	6
ENSG00000136167	627	38	20	27	39	28	22
ENSG00000169018	627	35	16	21	30	22	22
ENSG00000138101	627	31	12	22	36	22	14
ENSG00000198342	627	35	23	23	27	36	9
ENSG00000204524	627	27	17	28	39	37	8
ENSG00000101204	627	32	13	15	26	22	16
ENSG00000185453	627	32	9	25	34	26	24
ENSG00000101997	627	36	10	34	37	13	12
ENSG00000167881	627	36	25	30	31	23	15
ENSG00000152454	627	39	28	24	28	37	8
ENSG00000136870	626	43	29	36	35	32	8
ENSG00000119508	626	18	14	17	28	20	11
ENSG00000198720	626	32	11	33	41	16	15
ENSG00000198909	626	36	19	20	36	28	19
ENSG00000095321	626	27	20	16	35	36	21
ENSG00000105695	626	22	5	22	31	30	12
ENSG00000101347	626	35	25	26	39	31	24
ENSG00000158055	626	33	29	24	35	28	23
ENSG00000152969	626	32	25	44	38	7	22
ENSG00000164707	626	14	11	14	18	27	6
ENSG00000133597	626	36	13	21	29	23	8
ENSG00000092470	626	31	17	20	32	24	11
ENSG00000198756	626	26	22	29	31	29	20
ENSG00000133794	626	24	18	19	40	14	26
ENSG00000114757	626	28	16	32	32	22	14
ENSG00000196263	626	39	23	27	32	45	4
ENSG00000134070	625	31	10	22	33	16	14
ENSG00000083307	625	32	30	28	39	31	25
ENSG00000188316	625	26	23	26	30	16	10
ENSG00000084734	625	30	13	23	32	16	9
ENSG00000113282	625	21	21	17	28	18	22
ENSG00000099899	625	32	16	19	28	16	12
ENSG00000184545	625	29	11	11	28	18	15
ENSG00000131263	624	28	3	31	32	13	9
ENSG00000079999	624	34	9	14	27	34	14
ENSG00000188021	624	14	3	18	28	14	6
ENSG00000138801	624	32	17	22	33	34	15
ENSG00000078795	624	21	14	17	24	42	11
ENSG00000113163	624	35	22	19	31	31	23
ENSG00000255561	624	26	18	21	36	26	22
ENSG00000162620	624	27	32	27	31	26	12
ENSG00000167378	623	23	6	21	34	12	12
ENSG00000154655	623	29	16	22	33	22	20
ENSG00000176595	623	27	0	19	34	25	18
ENSG00000171403	623	26	14	17	22	25	13
ENSG00000170852	623	29	12	20	34	36	19
ENSG00000108039	623	33	19	28	41	34	26
ENSG00000168661	623	39	27	27	27	39	4
ENSG00000135316	623	32	25	20	32	29	24
ENSG00000163931	623	28	22	14	36	20	21
ENSG00000033050	623	32	28	23	27	21	25
ENSG00000183258	622	42	23	26	31	22	14
ENSG00000139629	622	26	14	24	27	25	17
ENSG00000165434	622	33	31	19	32	26	19
ENSG00000102854	622	28	13	19	37	16	15
ENSG00000139926	622	33	19	17	30	22	21
ENSG00000180210	622	31	13	27	32	29	21
ENSG00000162227	622	28	9	15	31	25	16
ENSG00000186105	622	31	16	13	22	29	6
ENSG00000159588	622	29	1	25	38	18	11
ENSG00000174996	622	37	26	29	38	11	20
ENSG00000221829	622	35	14	27	34	21	18
ENSG00000272514	622	33	23	27	38	17	20
ENSG00000124253	622	33	22	24	26	25	16
ENSG00000130309	622	33	22	29	37	24	18
ENSG00000185306	622	35	20	25	28	30	10
ENSG00000084444	622	24	10	16	23	18	14
ENSG00000177054	622	21	15	7	18	26	12
ENSG00000091073	622	20	9	15	20	27	10
ENSG00000105821	621	31	27	28	35	15	19
ENSG00000177646	621	35	19	28	32	29	13
ENSG00000169093	621	29	15	26	34	25	17
ENSG00000078043	621	27	17	17	30	16	17
ENSG00000112234	621	28	11	20	31	25	15
ENSG00000128923	621	16	8	28	32	18	15
ENSG00000081177	621	37	24	17	35	22	24
ENSG00000105656	621	35	18	10	34	20	27
ENSG00000198954	621	31	28	32	35	21	15
ENSG00000157119	621	30	9	22	33	30	21
ENSG00000178404	621	33	21	26	35	16	9
ENSG00000197858	621	19	4	13	20	24	7
ENSG00000172578	621	39	18	28	35	30	17
ENSG00000114416	621	29	17	32	29	15	18
ENSG00000092203	621	15	8	17	25	13	19
ENSG00000206432	621	30	9	9	24	9	13
ENSG00000174332	620	17	10	13	25	17	15
ENSG00000131389	620	17	8	14	20	33	6
ENSG00000186231	620	25	4	27	39	32	11
ENSG00000074356	620	27	25	28	31	11	22
ENSG00000142319	620	18	9	8	20	32	8
ENSG00000198901	620	30	21	32	30	13	8
ENSG00000135144	620	29	7	14	25	21	12
ENSG00000176619	620	37	22	30	29	12	22
ENSG00000182087	620	20	5	13	20	15	10
ENSG00000145332	620	39	17	16	23	33	15
ENSG00000169783	620	24	9	11	28	25	15
ENSG00000166596	620	32	14	19	37	26	20
ENSG00000130177	620	26	22	29	32	32	22
ENSG00000140284	620	30	20	12	26	33	18
ENSG00000061918	619	37	18	22	31	24	21
ENSG00000169967	619	28	25	23	37	22	23
ENSG00000113396	619	32	23	16	27	31	16
ENSG00000140577	619	17	2	13	27	18	17
ENSG00000162231	619	30	14	14	35	25	20
ENSG00000148737	619	20	16	11	23	16	15
ENSG00000137171	619	38	14	33	33	11	12
ENSG00000168010	619	27	13	19	42	21	20
ENSG00000120690	619	20	13	21	21	11	18
ENSG00000115085	619	36	22	24	40	30	15
ENSG00000137656	619	37	19	13	31	14	28
ENSG00000162924	619	22	12	25	30	25	20
ENSG00000110042	619	31	15	12	24	20	15
ENSG00000118197	619	33	23	26	30	11	18
ENSG00000167394	619	32	20	23	31	28	6
ENSG00000110330	618	33	21	27	34	27	21
ENSG00000180035	618	32	21	28	40	23	19
ENSG00000134317	618	32	28	22	38	28	23
ENSG00000126858	618	31	20	20	30	23	19
ENSG00000140983	618	26	12	24	32	24	16
ENSG00000148942	618	17	9	7	16	26	6
ENSG00000103546	617	15	6	9	20	30	9
ENSG00000102195	617	13	6	9	16	22	11
ENSG00000198642	617	36	16	20	36	33	23
ENSG00000184056	617	36	19	27	33	36	19
ENSG00000171503	617	32	21	23	30	35	18
ENSG00000187239	617	29	29	34	36	28	21
ENSG00000114573	617	33	14	21	35	25	25
ENSG00000159905	617	34	26	36	37	38	7
ENSG00000138604	617	30	28	14	28	32	15
ENSG00000171951	617	38	26	34	31	23	16
ENSG00000198346	617	40	27	35	38	40	8
ENSG00000162298	617	22	8	8	15	16	7
ENSG00000176024	617	32	30	24	36	35	11
ENSG00000146411	617	17	12	10	16	22	5
ENSG00000151065	617	28	15	22	30	14	10
ENSG00000145780	617	30	23	15	34	18	24
ENSG00000215695	617	21	13	28	37	6	18
ENSG00000123454	617	27	9	26	35	38	10
ENSG00000177613	616	28	4	17	23	7	12
ENSG00000021574	616	38	24	20	28	12	12
ENSG00000135686	616	31	10	23	37	37	22
ENSG00000132383	616	26	24	22	31	29	21
ENSG00000133943	616	27	15	23	32	18	15
ENSG00000141655	616	23	7	21	29	20	17
ENSG00000197217	616	32	12	20	28	30	13
ENSG00000143390	616	38	24	29	31	7	12
ENSG00000013374	615	27	18	33	36	20	20
ENSG00000160117	615	30	3	23	32	16	16
ENSG00000169635	615	23	12	25	30	22	9
ENSG00000167107	615	24	15	15	25	20	13
ENSG00000143815	615	22	14	14	22	25	12
ENSG00000198933	615	27	7	20	26	17	10
ENSG00000167487	615	35	3	25	32	34	14
ENSG00000131187	615	28	7	15	27	21	10
ENSG00000012211	615	25	5	26	31	24	16
ENSG00000161914	615	18	10	27	35	19	12
ENSG00000128564	615	31	6	27	28	8	10
ENSG00000161692	615	26	13	18	26	19	12
ENSG00000188895	614	23	18	25	28	15	10
ENSG00000126368	614	27	12	15	29	20	11
ENSG00000132680	614	21	13	16	23	17	8
ENSG00000111181	614	15	9	14	21	33	5
ENSG00000164512	614	29	8	18	29	16	18
ENSG00000198682	614	32	24	26	34	32	22
ENSG00000266412	614	29	23	32	39	24	17
ENSG00000176371	614	32	13	34	34	33	10
ENSG00000158805	614	32	16	15	29	19	13
ENSG00000117155	614	33	26	24	29	22	14
ENSG00000108654	614	33	21	22	31	25	19
ENSG00000103365	613	24	18	22	34	22	13
ENSG00000167182	613	11	12	6	14	9	6
ENSG00000162729	613	24	4	27	35	21	12
ENSG00000198863	613	31	14	25	31	15	18
ENSG00000146112	613	28	14	37	37	9	4
ENSG00000085831	613	30	20	25	33	28	9
ENSG00000156709	613	30	21	22	34	13	18
ENSG00000130037	613	21	5	16	29	16	18
ENSG00000170775	613	26	8	18	30	23	8
ENSG00000079931	613	25	13	21	30	38	16
ENSG00000145012	612	20	10	14	27	23	13
ENSG00000129636	612	18	13	13	25	38	17
ENSG00000178338	612	37	26	36	36	39	9
ENSG00000169299	612	34	30	20	31	28	16
ENSG00000213380	612	30	3	21	31	28	14
ENSG00000183826	612	30	9	22	31	26	17
ENSG00000005469	612	33	18	26	40	36	21
ENSG00000163982	612	20	10	6	17	26	5
ENSG00000122484	612	29	22	27	25	18	8
ENSG00000182359	612	36	29	21	41	35	24
ENSG00000158691	611	30	22	35	35	33	11
ENSG00000086848	611	21	10	11	19	33	10
ENSG00000111144	611	34	28	28	41	31	13
ENSG00000063046	611	25	16	17	26	16	18
ENSG00000158467	611	30	19	24	33	21	21
ENSG00000166801	611	30	24	29	33	25	12
ENSG00000139767	611	27	18	19	20	13	6
ENSG00000187583	611	26	7	23	32	16	11
ENSG00000136504	611	28	20	26	33	23	17
ENSG00000163885	611	27	29	30	29	12	15
ENSG00000184271	611	10	6	16	13	10	3
ENSG00000163995	611	33	17	14	33	23	25
ENSG00000085274	610	30	23	27	32	30	19
ENSG00000164674	610	36	24	18	26	23	14
ENSG00000153132	610	25	23	22	26	30	34
ENSG00000198046	610	37	30	20	23	30	2
ENSG00000165675	610	28	16	25	32	16	15
ENSG00000133895	610	28	10	23	38	22	22
ENSG00000007908	610	21	14	29	31	25	5
ENSG00000042445	610	30	20	18	26	28	10
ENSG00000179846	610	33	6	13	24	25	16
ENSG00000227057	610	29	16	19	28	23	15
ENSG00000185013	610	36	18	17	25	26	16
ENSG00000174840	609	25	13	26	33	24	14
ENSG00000076321	609	36	8	16	27	28	17
ENSG00000081051	609	33	23	30	35	24	10
ENSG00000163631	609	37	37	39	40	21	24
ENSG00000158292	609	21	2	12	20	28	17
ENSG00000189164	609	41	24	29	36	41	8
ENSG00000068831	609	33	16	14	19	22	11
ENSG00000196419	609	33	29	22	35	33	26
ENSG00000182010	609	34	31	21	31	21	18
ENSG00000105245	609	22	9	17	22	18	9
ENSG00000143157	609	25	18	20	32	24	21
ENSG00000154174	608	32	28	28	31	25	16
ENSG00000161594	608	37	19	21	31	38	14
ENSG00000182446	608	28	23	23	34	29	23
ENSG00000178234	608	31	18	16	23	26	16
ENSG00000042088	608	42	30	24	40	33	21
ENSG00000174839	608	29	19	16	32	18	24
ENSG00000142453	608	20	10	11	26	24	13
ENSG00000119977	607	16	6	5	21	28	10
ENSG00000163785	607	21	9	23	32	20	19
ENSG00000110328	607	27	11	23	24	21	11
ENSG00000176177	607	21	22	22	33	19	18
ENSG00000101442	607	25	14	21	27	21	13
ENSG00000163902	607	36	26	31	35	18	14
ENSG00000085978	607	31	23	23	40	16	28
ENSG00000204590	607	31	8	19	28	17	18
ENSG00000138698	607	31	22	25	30	10	19
ENSG00000156103	607	24	21	13	31	29	24
ENSG00000138161	607	22	17	16	33	27	18
ENSG00000162390	607	30	14	22	34	30	13
ENSG00000161847	606	20	8	13	20	14	11
ENSG00000135341	606	30	18	28	36	23	12
ENSG00000102316	606	28	20	24	33	14	17
ENSG00000071127	606	31	21	9	42	30	40
ENSG00000204130	606	34	27	37	40	9	19
ENSG00000239474	606	30	18	23	33	33	26
ENSG00000119688	606	25	8	18	26	29	18
ENSG00000100926	606	22	6	13	18	36	8
ENSG00000181045	606	19	6	11	23	20	6
ENSG00000149050	606	32	19	28	27	40	5
ENSG00000174482	606	24	10	16	23	27	14
ENSG00000078061	606	30	18	12	34	21	17
ENSG00000173611	606	33	15	21	32	22	18
ENSG00000198740	606	31	26	25	27	19	9
ENSG00000168077	606	27	16	17	28	16	15
ENSG00000137942	605	30	25	35	36	26	26
ENSG00000166167	605	35	15	16	40	34	24
ENSG00000025770	605	25	12	32	35	24	14
ENSG00000170613	605	24	24	20	29	8	9
ENSG00000141644	605	25	18	17	30	16	12
ENSG00000172932	605	25	8	33	37	17	9
ENSG00000099769	605	24	2	16	27	29	16
ENSG00000158555	605	16	4	11	21	26	8
ENSG00000171004	605	27	14	17	26	24	10
ENSG00000170836	605	29	19	15	29	16	18
ENSG00000116044	605	15	10	28	34	18	25
ENSG00000040275	605	32	30	35	33	11	11
ENSG00000171595	605	27	18	24	30	22	27
ENSG00000114631	605	16	5	23	27	10	12
ENSG00000036672	605	27	15	18	28	29	16
ENSG00000169131	605	36	28	30	33	38	8
ENSG00000174010	604	31	16	19	31	39	22
ENSG00000151376	604	34	19	17	26	26	16
ENSG00000078699	604	32	18	25	25	15	8
ENSG00000079102	604	30	15	21	26	13	20
ENSG00000023445	604	29	18	22	33	26	16
ENSG00000198018	604	28	7	16	26	26	18
ENSG00000145908	604	41	28	24	35	41	14
ENSG00000213462	604	23	16	19	30	33	12
ENSG00000073756	604	29	15	17	29	26	15
ENSG00000065320	604	29	15	7	32	22	21
ENSG00000170954	603	31	22	26	34	31	11
ENSG00000164574	603	30	12	23	33	23	21
ENSG00000171100	603	36	19	26	34	24	16
ENSG00000166851	603	34	20	18	31	25	17
ENSG00000127720	603	32	23	27	40	25	16
ENSG00000120798	603	29	20	19	37	26	22
ENSG00000175787	603	35	20	30	33	35	9
ENSG00000214367	603	31	27	23	29	18	16
ENSG00000177051	603	23	7	24	37	17	21
ENSG00000215252	603	25	26	31	31	6	8
ENSG00000172432	602	25	17	27	33	17	11
ENSG00000106780	602	16	10	15	24	10	8
ENSG00000066557	602	38	19	25	38	16	12
ENSG00000136026	602	38	21	30	36	8	18
ENSG00000178177	602	27	22	23	34	19	17
ENSG00000135423	602	30	20	17	30	22	16
ENSG00000112640	602	28	20	24	27	33	9
ENSG00000158296	602	11	8	13	16	28	4
ENSG00000092607	602	21	11	12	28	21	20
ENSG00000114200	602	28	21	22	28	36	10
ENSG00000160803	601	17	6	21	30	14	11
ENSG00000213988	601	34	37	23	27	43	11
ENSG00000127334	601	34	19	16	33	17	11
ENSG00000184428	601	34	30	36	40	25	19
ENSG00000174473	601	31	17	30	34	27	24
ENSG00000137713	601	30	19	29	39	15	20
ENSG00000125733	601	27	15	28	35	19	19
ENSG00000163376	601	39	21	18	29	33	17
ENSG00000100281	601	21	21	29	32	8	17
ENSG00000127054	600	28	24	22	37	24	18
ENSG00000096872	600	40	32	35	35	13	15
ENSG00000115648	600	29	18	28	24	11	15
ENSG00000163431	600	27	30	29	30	6	22
ENSG00000161849	600	37	14	25	28	17	13
ENSG00000070526	600	33	19	13	23	20	15
ENSG00000111364	600	33	25	31	33	25	9
ENSG00000104177	600	25	16	20	30	19	17
ENSG00000114796	600	32	11	25	31	34	13
ENSG00000148358	600	25	19	14	25	21	17
ENSG00000226372	600	25	7	20	32	27	29
ENSG00000105085	600	27	14	14	33	7	17
ENSG00000100033	600	36	11	26	36	26	13
ENSG00000042317	599	40	34	22	24	24	13
ENSG00000180801	599	22	14	11	21	27	7
ENSG00000163874	599	32	15	22	37	20	16
ENSG00000198569	599	20	8	9	16	17	7
ENSG00000125817	599	20	12	23	27	13	13
ENSG00000183647	599	34	20	27	29	40	10
ENSG00000073792	599	27	18	26	31	17	8
ENSG00000115607	599	25	24	18	29	27	12
ENSG00000088876	599	28	21	35	43	39	7
ENSG00000139496	599	14	10	11	12	19	3
ENSG00000095303	599	27	13	21	28	29	14
ENSG00000126733	599	20	8	15	22	6	11
ENSG00000157103	599	17	8	6	15	27	6
ENSG00000079557	599	37	31	26	31	29	22
ENSG00000278053	599	28	21	15	30	30	15
ENSG00000164163	599	29	24	23	31	25	21
ENSG00000014138	598	23	14	23	32	27	16
ENSG00000067191	598	25	17	17	27	16	17
ENSG00000153234	598	17	13	14	30	26	13
ENSG00000134030	598	36	16	29	36	17	21
ENSG00000174989	598	24	7	22	39	27	23
ENSG00000153046	598	24	24	16	29	14	14
ENSG00000170482	598	18	10	10	16	32	10
ENSG00000185274	598	34	23	27	31	21	11
ENSG00000173226	598	30	22	23	30	22	10
ENSG00000114654	598	34	4	27	29	9	17
ENSG00000123358	598	22	13	19	30	20	17
ENSG00000110057	597	13	8	9	10	25	5
ENSG00000188566	597	21	3	18	31	29	17
ENSG00000172159	597	24	22	23	26	28	9
ENSG00000162413	597	25	2	19	35	32	21
ENSG00000108651	597	36	27	28	30	37	11
ENSG00000261609	597	38	13	25	33	33	18
ENSG00000111880	597	31	21	21	34	34	21
ENSG00000028310	597	25	18	25	31	17	26
ENSG00000132716	597	30	10	24	36	19	22
ENSG00000114107	597	33	21	29	34	19	21
ENSG00000065427	597	28	23	31	36	23	21
ENSG00000123838	597	30	17	22	32	25	15
ENSG00000094880	597	33	25	30	32	29	12
ENSG00000176160	596	13	5	16	23	19	7
ENSG00000163558	596	22	15	26	31	31	20
ENSG00000173848	596	31	15	21	29	16	19
ENSG00000090376	596	29	19	27	37	29	18
ENSG00000154025	596	14	4	6	20	31	7
ENSG00000163110	596	30	16	14	23	18	11
ENSG00000007350	596	27	12	16	33	22	23
ENSG00000061337	596	33	22	21	32	18	16
ENSG00000101306	596	30	21	23	34	20	14
ENSG00000132394	596	28	17	19	35	16	15
ENSG00000177463	596	33	18	18	38	20	24
ENSG00000089041	595	31	18	15	33	26	12
ENSG00000111679	595	36	18	27	41	21	18
ENSG00000141448	595	15	6	7	15	20	4
ENSG00000130340	595	23	17	26	37	31	18
ENSG00000171295	595	27	22	26	30	37	6
ENSG00000091831	595	24	15	20	31	23	16
ENSG00000167123	595	24	4	19	32	30	19
ENSG00000120949	595	24	8	22	27	10	17
ENSG00000105750	595	37	34	27	29	39	7
ENSG00000081800	595	8	6	9	19	25	6
ENSG00000117226	595	30	27	21	31	20	14
ENSG00000061455	595	27	7	14	19	19	8
ENSG00000181444	595	20	7	21	31	22	10
ENSG00000186575	595	35	32	26	34	22	16
ENSG00000130803	595	30	31	24	31	35	14
ENSG00000198003	595	33	31	35	32	8	12
ENSG00000101361	594	31	22	25	31	19	10
ENSG00000106070	594	26	13	16	30	20	18
ENSG00000148082	594	33	16	14	28	17	17
ENSG00000148584	594	28	17	19	27	27	11
ENSG00000130487	594	25	1	14	25	21	12
ENSG00000145216	594	21	14	20	23	9	15
ENSG00000128683	594	22	19	19	36	34	16
ENSG00000173421	594	26	22	18	28	22	13
ENSG00000196843	594	31	17	23	26	18	7
ENSG00000221886	594	28	21	25	43	23	22
ENSG00000136854	594	31	27	26	34	23	22
ENSG00000016391	594	34	13	18	33	26	17
ENSG00000174842	594	31	23	24	31	26	11
ENSG00000183576	594	35	21	31	36	26	15
ENSG00000057935	594	32	18	16	24	24	17
ENSG00000162771	594	22	19	19	27	9	12
ENSG00000079335	594	34	17	11	18	22	11
ENSG00000148343	593	24	9	22	29	22	8
ENSG00000006756	593	28	7	11	20	29	10
ENSG00000169410	593	32	20	20	32	29	12
ENSG00000136717	593	28	23	26	36	20	17
ENSG00000160801	593	22	7	13	20	25	9
ENSG00000076944	593	33	19	26	34	20	18
ENSG00000109381	593	24	18	24	26	8	11
ENSG00000030582	593	22	6	11	33	18	28
ENSG00000143614	593	30	15	21	25	7	9
ENSG00000116017	593	24	10	15	16	7	9
ENSG00000174483	593	31	15	21	27	19	11
ENSG00000124772	593	30	12	15	23	26	17
ENSG00000213171	593	20	5	10	27	20	16
ENSG00000121671	593	27	9	22	30	25	12
ENSG00000160191	593	30	19	22	29	23	24
ENSG00000247626	593	30	7	22	34	28	15
ENSG00000179295	593	39	20	31	35	20	17
ENSG00000198758	593	32	10	27	36	18	11
ENSG00000163694	593	21	9	21	28	27	11
ENSG00000185220	592	26	15	17	29	25	16
ENSG00000089234	592	33	20	24	31	17	18
ENSG00000119608	592	30	15	15	31	14	9
ENSG00000270647	592	30	6	9	41	49	34
ENSG00000117228	592	28	25	24	30	19	14
ENSG00000220008	592	25	3	19	27	13	12
ENSG00000067606	592	26	18	25	29	33	21
ENSG00000172987	592	29	18	5	26	24	16
ENSG00000007216	592	14	9	10	14	24	3
ENSG00000126467	592	30	12	26	31	8	11
ENSG00000005206	592	27	11	9	25	30	15
ENSG00000127022	592	23	17	23	26	26	29
ENSG00000156869	592	26	14	12	22	33	15
ENSG00000164197	592	27	16	16	28	32	12
ENSG00000138363	592	37	24	12	24	27	19
ENSG00000116266	592	30	24	24	34	25	24
ENSG00000130669	591	23	11	19	36	14	17
ENSG00000173638	591	22	7	9	16	23	7
ENSG00000021852	591	28	17	23	30	30	13
ENSG00000153237	591	27	26	28	34	24	22
ENSG00000221944	591	34	34	25	29	25	18
ENSG00000171793	591	28	17	28	29	27	18
ENSG00000154380	591	23	13	13	19	10	9
ENSG00000162645	591	28	28	21	29	21	17
ENSG00000089159	591	28	10	27	31	20	14
ENSG00000105609	590	24	8	13	22	17	10
ENSG00000133019	590	15	14	10	14	28	9
ENSG00000198873	590	29	22	26	31	31	12
ENSG00000101158	590	24	13	29	35	25	20
ENSG00000162430	590	21	6	22	27	21	10
ENSG00000267508	590	30	25	26	36	36	16
ENSG00000171813	590	32	9	22	33	12	15
ENSG00000076513	590	27	17	36	36	23	22
ENSG00000183779	590	20	11	9	17	8	7
ENSG00000186081	590	31	15	21	24	22	15
ENSG00000189001	590	32	18	30	32	17	7
ENSG00000077147	589	19	10	11	12	32	9
ENSG00000183655	589	38	19	21	29	31	22
ENSG00000163904	589	31	23	20	35	24	16
ENSG00000130584	589	29	14	16	28	21	19
ENSG00000138439	589	27	14	8	16	7	8
ENSG00000135625	589	17	4	18	32	15	17
ENSG00000124429	589	27	21	31	33	19	16
ENSG00000151176	589	25	8	9	29	24	15
ENSG00000157399	589	24	6	18	25	30	10
ENSG00000116120	589	32	26	22	35	26	19
ENSG00000104824	589	21	15	16	27	32	16
ENSG00000135018	589	13	3	19	30	14	8
ENSG00000153896	588	33	19	33	36	33	5
ENSG00000173406	588	19	14	19	27	23	22
ENSG00000086288	588	31	22	31	38	25	18
ENSG00000205045	588	29	24	28	37	29	13
ENSG00000100029	588	29	18	22	28	22	11
ENSG00000110931	588	31	13	26	29	12	15
ENSG00000137699	588	35	21	28	31	25	15
ENSG00000250510	588	26	3	15	19	28	8
ENSG00000136877	587	27	5	18	29	21	11
ENSG00000168264	587	29	12	16	28	12	8
ENSG00000173988	587	24	12	23	31	23	9
ENSG00000146021	587	28	16	17	35	24	21
ENSG00000204852	587	20	9	11	25	27	16
ENSG00000100401	587	27	22	28	30	15	12
ENSG00000148411	587	25	7	16	28	19	13
ENSG00000211456	587	33	16	8	29	32	22
ENSG00000160688	587	31	8	21	37	30	12
ENSG00000008405	586	30	18	18	26	27	16
ENSG00000005187	586	33	21	14	30	32	13
ENSG00000184640	586	38	28	30	41	14	14
ENSG00000160219	586	32	14	20	32	20	16
ENSG00000047230	586	30	23	24	28	29	16
ENSG00000092820	586	34	35	32	37	22	22
ENSG00000162994	586	36	28	28	31	25	22
ENSG00000122550	586	34	24	22	31	28	23
ENSG00000099998	586	23	5	9	23	15	10
ENSG00000113368	586	35	28	32	30	12	19
ENSG00000164609	586	34	35	32	37	22	21
ENSG00000185156	586	20	9	13	17	25	8
ENSG00000154451	586	30	20	21	26	21	17
ENSG00000197785	586	35	21	30	33	19	12
ENSG00000182405	585	27	24	14	29	23	17
ENSG00000178662	585	14	5	26	28	12	15
ENSG00000156858	585	23	7	17	23	10	12
ENSG00000205593	585	28	14	14	28	20	18
ENSG00000108679	585	26	7	20	34	29	22
ENSG00000142556	585	35	31	31	34	32	6
ENSG00000136750	585	22	16	13	32	31	19
ENSG00000161647	585	35	18	32	37	17	19
ENSG00000004866	585	26	16	26	35	29	11
ENSG00000153283	585	19	16	18	28	27	12
ENSG00000144895	585	33	23	15	29	31	11
ENSG00000123411	585	29	11	21	28	17	17
ENSG00000133789	585	38	33	33	32	19	13
ENSG00000062725	585	30	24	24	35	30	20
ENSG00000163251	585	21	7	15	19	30	5
ENSG00000162391	585	22	6	17	24	18	13
ENSG00000167995	585	26	12	13	19	27	11
ENSG00000148541	585	23	14	30	38	9	25
ENSG00000163207	585	33	33	33	32	0	4
ENSG00000082212	584	28	16	22	33	24	16
ENSG00000197928	584	35	26	28	35	38	9
ENSG00000143486	584	31	21	14	35	15	18
ENSG00000064787	584	30	29	24	33	2	24
ENSG00000089060	584	15	2	4	13	27	5
ENSG00000169340	584	32	29	24	28	24	12
ENSG00000170604	584	34	11	22	30	19	9
ENSG00000178951	584	17	8	11	33	12	23
ENSG00000186395	584	26	12	17	22	16	14
ENSG00000111801	584	22	14	26	30	22	12
ENSG00000197429	584	29	13	19	25	33	16
ENSG00000120526	583	31	18	28	36	28	25
ENSG00000149243	583	30	3	25	36	23	13
ENSG00000160691	583	27	7	19	30	13	16
ENSG00000119787	583	23	13	21	29	25	18
ENSG00000116191	583	33	22	21	23	21	12
ENSG00000101846	583	24	8	14	21	26	14
ENSG00000129484	583	27	23	21	29	20	17
ENSG00000244754	583	28	17	22	31	24	20
ENSG00000168234	583	30	20	23	29	20	16
ENSG00000100890	583	33	26	14	28	32	18
ENSG00000170017	583	27	17	21	32	21	17
ENSG00000143337	583	32	18	23	27	20	15
ENSG00000118094	583	26	13	22	36	35	16
ENSG00000205403	583	27	23	17	27	27	17
ENSG00000140955	583	23	4	14	24	20	8
ENSG00000130764	583	27	15	29	35	4	18
ENSG00000137710	583	33	34	28	35	20	16
ENSG00000162664	582	27	16	15	24	22	15
ENSG00000129946	582	28	4	16	27	16	15
ENSG00000284308	582	25	5	20	32	19	13
ENSG00000166188	582	23	17	33	39	30	8
ENSG00000147649	582	25	21	28	36	12	16
ENSG00000091664	582	22	10	11	13	26	4
ENSG00000174720	582	31	35	27	29	12	15
ENSG00000107951	582	27	17	21	28	28	11
ENSG00000130119	582	33	23	21	27	13	18
ENSG00000108061	582	21	20	19	29	6	10
ENSG00000135148	582	22	7	27	29	10	17
ENSG00000272886	582	22	14	17	27	10	13
ENSG00000138286	582	31	12	23	26	18	13
ENSG00000157227	582	21	16	20	28	27	16
ENSG00000124157	582	34	32	25	33	16	13
ENSG00000141756	582	34	11	16	29	17	22
ENSG00000111432	581	28	13	16	25	28	11
ENSG00000175946	581	32	15	16	29	29	14
ENSG00000110446	581	16	2	10	17	26	4
ENSG00000109171	581	27	8	5	12	9	9
ENSG00000158828	581	30	7	19	26	18	6
ENSG00000103671	581	28	18	27	30	21	19
ENSG00000119514	581	24	9	31	29	23	14
ENSG00000119943	581	26	12	16	26	23	12
ENSG00000251192	581	31	26	27	28	40	12
ENSG00000197818	581	17	9	11	24	24	12
ENSG00000274211	581	23	9	14	24	13	11
ENSG00000172061	581	20	3	10	16	26	6
ENSG00000150667	581	28	28	31	37	12	22
ENSG00000106336	580	33	16	16	23	29	12
ENSG00000090061	580	18	9	9	20	18	12
ENSG00000168564	580	32	26	22	29	10	10
ENSG00000112137	580	27	11	22	25	13	12
ENSG00000129071	580	37	32	25	32	25	20
ENSG00000240771	580	26	10	24	32	22	13
ENSG00000136237	580	32	21	26	33	33	25
ENSG00000215009	580	29	17	13	27	28	11
ENSG00000185404	580	40	28	24	32	19	18
ENSG00000185666	580	29	12	5	15	18	11
ENSG00000134253	580	34	26	22	24	18	17
ENSG00000173137	580	34	10	14	28	31	17
ENSG00000162068	580	29	3	7	30	14	18
ENSG00000090674	580	24	7	8	24	30	12
ENSG00000144647	580	26	11	18	30	29	8
ENSG00000101224	580	32	17	24	26	18	13
ENSG00000146826	580	31	8	15	23	23	8
ENSG00000080709	579	25	14	11	20	19	9
ENSG00000188487	579	25	4	24	33	11	14
ENSG00000174738	579	28	23	20	33	24	9
ENSG00000260903	579	24	7	12	22	23	7
ENSG00000136231	579	29	28	29	28	14	7
ENSG00000205916	579	15	9	12	14	23	0
ENSG00000198492	579	17	18	8	22	19	14
ENSG00000154803	579	30	11	20	25	23	10
ENSG00000198105	579	33	31	32	30	40	15
ENSG00000124160	579	18	5	10	17	15	9
ENSG00000197580	579	27	19	19	30	28	21
ENSG00000213420	579	26	4	19	27	21	9
ENSG00000203786	579	17	2	19	20	18	5
ENSG00000119227	579	19	0	7	12	32	5
ENSG00000117480	579	23	5	13	25	24	10
ENSG00000104856	579	29	8	18	29	15	19
ENSG00000185480	579	33	28	18	35	20	24
ENSG00000183549	579	33	12	16	27	25	11
ENSG00000188991	579	22	8	9	12	34	4
ENSG00000183307	578	16	0	3	8	14	2
ENSG00000153975	578	34	24	26	37	25	16
ENSG00000198315	578	35	16	34	32	23	6
ENSG00000088298	578	21	11	20	32	30	18
ENSG00000131373	578	28	16	20	29	26	11
ENSG00000168297	578	23	16	17	30	19	8
ENSG00000146282	578	36	22	19	31	22	15
ENSG00000131378	578	28	19	24	26	20	16
ENSG00000125388	578	30	20	25	27	27	17
ENSG00000172123	578	32	24	28	34	32	15
ENSG00000189182	578	31	13	23	25	19	14
ENSG00000066813	577	33	16	19	31	31	13
ENSG00000159217	577	30	26	27	28	14	6
ENSG00000004809	577	21	15	12	19	29	6
ENSG00000126746	577	20	16	9	17	14	6
ENSG00000183747	577	32	15	16	30	31	13
ENSG00000166743	577	32	17	16	27	26	16
ENSG00000150477	577	38	28	21	34	11	14
ENSG00000101849	577	25	9	15	32	22	17
ENSG00000147065	577	34	33	30	35	19	21
ENSG00000144736	577	24	18	24	32	20	14
ENSG00000124214	577	30	19	23	28	13	6
ENSG00000123240	577	33	30	29	30	4	14
ENSG00000174579	577	25	15	14	17	15	9
ENSG00000115942	577	30	25	21	33	22	25
ENSG00000105509	577	34	4	11	19	31	8
ENSG00000101811	577	23	4	19	23	7	10
ENSG00000176946	577	21	19	21	35	12	14
ENSG00000139370	577	18	8	5	13	28	3
ENSG00000149646	576	34	30	25	31	30	17
ENSG00000161031	576	25	4	9	30	20	21
ENSG00000159579	576	24	14	32	38	21	21
ENSG00000198055	576	28	17	27	32	26	13
ENSG00000121058	576	26	19	19	27	15	14
ENSG00000150054	576	28	23	28	39	19	20
ENSG00000103460	576	13	7	11	20	11	13
ENSG00000063245	576	13	13	18	31	21	17
ENSG00000108852	576	32	12	26	35	17	15
ENSG00000173875	576	35	27	27	31	38	3
ENSG00000125731	576	22	3	20	30	19	11
ENSG00000196705	576	35	36	24	24	41	4
ENSG00000152359	575	26	19	21	29	16	15
ENSG00000146700	575	25	2	17	26	21	12
ENSG00000144649	575	30	6	16	27	9	21
ENSG00000149476	575	29	14	15	23	10	9
ENSG00000111252	575	25	4	27	36	19	14
ENSG00000177272	575	23	5	15	22	22	14
ENSG00000080802	575	24	15	14	24	19	14
ENSG00000068323	575	18	8	17	19	6	14
ENSG00000179314	575	32	8	19	30	28	15
ENSG00000278129	575	37	17	29	31	26	10
ENSG00000033170	575	30	12	23	32	27	19
ENSG00000178726	575	10	2	18	27	18	14
ENSG00000198466	575	34	27	28	33	35	8
ENSG00000136250	575	26	19	12	33	29	16
ENSG00000151929	575	28	10	28	34	11	14
ENSG00000007341	575	23	15	30	31	28	8
ENSG00000144868	575	18	3	8	16	11	6
ENSG00000011132	575	17	2	26	29	10	14
ENSG00000173480	575	35	28	28	33	34	8
ENSG00000129038	574	24	3	13	24	32	11
ENSG00000113595	574	27	15	27	38	15	21
ENSG00000161956	574	21	12	10	26	23	21
ENSG00000115998	574	30	24	21	29	21	16
ENSG00000143627	574	33	8	23	30	19	12
ENSG00000135318	574	27	18	19	32	28	19
ENSG00000104549	574	25	19	19	24	24	12
ENSG00000114648	574	20	5	14	31	34	21
ENSG00000107954	574	21	10	7	28	20	22
ENSG00000215568	574	23	6	19	25	22	11
ENSG00000097046	574	33	21	18	30	21	17
ENSG00000065970	574	15	12	6	22	17	11
ENSG00000056972	574	25	11	15	25	15	11
ENSG00000155760	574	18	4	11	22	27	7
ENSG00000110436	574	21	12	11	21	14	16
ENSG00000185670	574	17	5	24	33	19	15
ENSG00000173548	574	21	12	24	25	36	13
ENSG00000144381	573	33	27	23	33	6	26
ENSG00000256223	573	29	24	17	25	40	12
ENSG00000162419	573	20	14	16	27	10	16
ENSG00000135127	573	29	16	34	31	2	23
ENSG00000126214	573	35	31	28	29	13	12
ENSG00000158161	573	14	12	12	22	19	16
ENSG00000136052	573	17	11	7	20	24	11
ENSG00000166183	573	20	1	24	32	19	15
ENSG00000092964	572	30	16	17	32	19	21
ENSG00000179399	572	26	12	18	33	24	17
ENSG00000171873	572	14	6	12	20	16	7
ENSG00000188011	572	19	11	12	25	25	15
ENSG00000159840	572	19	13	18	22	14	11
ENSG00000172771	572	33	26	19	33	19	20
ENSG00000107164	572	31	12	19	37	12	17
ENSG00000121274	572	27	20	12	25	21	18
ENSG00000151640	572	30	13	10	29	18	18
ENSG00000065833	572	26	15	21	28	22	16
ENSG00000072832	572	31	20	13	27	25	16
ENSG00000188282	571	30	13	20	29	17	14
ENSG00000101331	571	28	2	22	36	24	24
ENSG00000070759	571	28	14	19	32	31	20
ENSG00000147596	571	27	19	26	35	22	16
ENSG00000197841	571	30	26	30	32	36	7
ENSG00000138449	571	14	7	9	21	24	9
ENSG00000143641	571	32	22	17	28	20	18
ENSG00000172828	571	20	8	19	33	27	17
ENSG00000068308	571	18	8	18	20	16	11
ENSG00000100593	571	25	12	24	34	10	23
ENSG00000065029	570	21	17	21	29	23	16
ENSG00000125779	570	32	13	14	24	23	11
ENSG00000136631	570	32	20	26	30	26	17
ENSG00000165168	570	27	11	22	24	29	9
ENSG00000270379	570	32	29	26	28	18	9
ENSG00000142494	570	15	4	8	11	23	5
ENSG00000196323	570	16	12	24	30	23	17
ENSG00000125459	570	21	5	12	26	26	17
ENSG00000040341	570	33	27	28	29	19	4
ENSG00000118620	570	36	34	24	27	37	12
ENSG00000113657	570	29	21	11	30	19	20
ENSG00000122642	570	24	13	15	31	28	23
ENSG00000186660	570	23	17	20	27	11	9
ENSG00000154920	570	30	18	30	35	11	17
ENSG00000196083	570	30	14	24	27	28	12
ENSG00000125863	570	24	15	15	28	12	10
ENSG00000184949	570	27	28	25	29	22	14
ENSG00000006555	569	27	13	22	35	24	24
ENSG00000183876	569	16	6	11	27	33	12
ENSG00000144962	569	30	19	28	34	26	18
ENSG00000198440	569	36	21	29	31	37	2
ENSG00000100031	569	23	9	16	23	22	11
ENSG00000134389	569	23	19	25	27	32	11
ENSG00000115594	569	31	27	17	30	26	15
ENSG00000242732	569	23	8	19	20	16	10
ENSG00000177548	569	33	11	35	35	2	12
ENSG00000197721	569	26	11	15	30	26	12
ENSG00000167703	569	14	9	9	16	35	9
ENSG00000183496	569	18	5	16	22	15	13
ENSG00000106617	569	32	24	9	25	28	15
ENSG00000103148	569	25	10	19	28	23	12
ENSG00000179930	568	28	11	20	30	21	12
ENSG00000110911	568	10	6	12	19	23	8
ENSG00000014824	568	26	17	21	23	19	11
ENSG00000124784	568	26	19	29	28	19	23
ENSG00000198816	568	18	11	11	15	16	11
ENSG00000131323	568	38	28	26	34	20	16
ENSG00000171843	568	21	17	29	33	12	11
ENSG00000141485	568	17	11	11	18	31	5
ENSG00000166224	568	25	20	14	27	26	15
ENSG00000100949	567	37	13	20	32	22	20
ENSG00000031823	567	22	12	22	30	6	16
ENSG00000214022	567	30	10	18	29	23	7
ENSG00000112511	567	29	9	17	29	20	15
ENSG00000104951	567	27	16	19	29	25	18
ENSG00000101445	567	24	19	26	28	19	17
ENSG00000243943	567	24	28	19	23	20	3
ENSG00000153933	567	26	15	16	25	32	17
ENSG00000198848	567	30	20	18	32	26	12
ENSG00000214102	567	30	25	22	28	19	10
ENSG00000169762	567	27	12	18	27	24	15
ENSG00000154330	567	31	13	16	29	27	21
ENSG00000215912	566	30	3	21	28	9	16
ENSG00000114646	566	14	4	23	25	15	13
ENSG00000159069	566	24	4	14	31	25	27
ENSG00000149635	566	23	4	9	18	20	8
ENSG00000187147	566	23	12	17	30	18	18
ENSG00000178233	566	23	2	19	23	21	7
ENSG00000156521	566	20	0	14	21	18	6
ENSG00000198429	566	29	21	24	26	40	9
ENSG00000167080	566	26	20	19	25	22	12
ENSG00000093009	566	24	15	13	27	28	24
ENSG00000169220	566	32	15	24	38	9	13
ENSG00000153898	566	24	18	15	24	29	18
ENSG00000159147	566	29	14	16	20	16	11
ENSG00000204544	566	3	0	23	27	6	1
ENSG00000187994	566	27	6	20	28	12	20
ENSG00000168348	566	25	9	25	32	14	6
ENSG00000110934	565	24	13	24	25	16	8
ENSG00000180340	565	20	7	14	21	28	4
ENSG00000168743	565	32	17	10	21	24	14
ENSG00000196510	565	29	19	14	29	15	20
ENSG00000110786	565	27	7	23	24	19	13
ENSG00000168883	565	28	25	19	28	28	18
ENSG00000177030	565	19	14	21	28	9	12
ENSG00000075035	565	31	18	16	26	27	16
ENSG00000143258	565	30	11	15	21	19	9
ENSG00000221926	564	26	21	27	33	20	14
ENSG00000105143	564	17	2	13	17	23	3
ENSG00000170465	564	30	15	21	23	19	16
ENSG00000157851	564	28	17	15	35	17	23
ENSG00000134905	564	23	8	17	31	26	13
ENSG00000185479	564	30	15	21	23	19	16
ENSG00000121417	564	34	20	20	24	30	7
ENSG00000100129	564	29	24	22	32	32	16
ENSG00000205420	564	30	15	22	23	19	15
ENSG00000139117	564	29	13	13	24	30	17
ENSG00000068120	564	17	9	16	23	25	13
ENSG00000125912	563	25	7	15	29	26	15
ENSG00000204296	563	36	28	30	27	8	6
ENSG00000132792	563	24	19	26	27	13	22
ENSG00000234284	563	32	19	31	31	37	3
ENSG00000159423	563	29	20	18	30	30	20
ENSG00000197808	563	33	22	26	25	33	2
ENSG00000226887	563	28	15	9	20	31	6
ENSG00000197712	563	21	16	30	26	8	13
ENSG00000197901	563	19	4	13	16	20	3
ENSG00000186020	563	30	24	35	40	31	15
ENSG00000131844	563	29	13	15	25	21	15
ENSG00000166340	563	22	3	12	24	33	9
ENSG00000185974	563	24	18	21	31	34	19
ENSG00000106261	563	26	17	29	29	19	12
ENSG00000283154	563	30	18	21	23	9	16
ENSG00000114993	563	28	10	19	24	12	14
ENSG00000127804	562	25	15	25	31	17	13
ENSG00000143398	562	24	14	15	27	22	14
ENSG00000154027	562	26	17	27	31	21	16
ENSG00000142765	562	24	5	18	29	17	20
ENSG00000104368	562	31	8	17	31	32	13
ENSG00000079739	562	33	20	17	29	25	22
ENSG00000218891	562	23	6	14	18	10	3
ENSG00000173065	562	13	8	5	15	10	8
ENSG00000197714	562	14	11	32	35	32	9
ENSG00000183034	562	14	5	5	19	23	9
ENSG00000173744	562	17	12	5	16	32	9
ENSG00000161609	562	26	7	29	31	11	11
ENSG00000008516	562	22	3	14	26	25	21
ENSG00000182134	561	24	15	23	27	17	15
ENSG00000102901	561	21	5	19	27	8	10
ENSG00000160908	561	33	23	30	36	27	13
ENSG00000087266	561	26	15	18	24	24	10
ENSG00000182022	561	28	19	15	27	25	14
ENSG00000146842	561	24	13	11	22	23	9
ENSG00000179361	561	27	17	13	16	7	10
ENSG00000129810	561	28	26	16	31	14	18
ENSG00000177058	561	20	10	6	14	32	10
ENSG00000172824	561	27	13	12	24	31	11
ENSG00000075407	561	29	20	26	29	40	4
ENSG00000173253	561	23	14	20	31	19	14
ENSG00000070669	561	31	23	21	37	27	22
ENSG00000076685	561	25	13	15	32	27	21
ENSG00000100842	561	21	1	11	22	17	16
ENSG00000197177	560	18	4	10	19	22	8
ENSG00000196150	560	33	16	27	32	30	8
ENSG00000130363	560	24	9	20	24	18	16
ENSG00000141582	560	25	22	17	24	13	8
ENSG00000169026	560	13	2	8	14	23	4
ENSG00000104888	560	19	7	5	9	22	1
ENSG00000148702	560	17	17	15	24	24	18
ENSG00000188306	560	22	22	21	30	19	9
ENSG00000275700	560	19	15	19	28	17	24
ENSG00000164306	560	27	19	27	32	31	19
ENSG00000094804	560	27	23	20	30	6	10
ENSG00000177873	560	30	20	22	27	23	7
ENSG00000196378	560	32	19	28	31	30	5
ENSG00000162383	560	18	6	12	20	17	9
ENSG00000163380	560	30	18	24	31	14	14
ENSG00000122741	559	27	8	13	31	21	20
ENSG00000162065	559	27	13	21	36	26	16
ENSG00000011143	559	21	7	30	36	30	15
ENSG00000144815	559	26	16	9	32	25	18
ENSG00000141429	559	28	15	22	27	16	19
ENSG00000130382	559	20	19	28	33	11	14
ENSG00000077264	559	25	18	26	37	17	16
ENSG00000120458	559	22	12	25	31	22	11
ENSG00000198814	559	27	14	17	31	28	11
ENSG00000149150	559	17	7	9	16	33	6
ENSG00000172831	559	19	8	15	26	28	12
ENSG00000113600	559	26	17	20	32	28	18
ENSG00000204361	559	26	19	15	26	29	13
ENSG00000179950	559	23	16	13	20	12	8
ENSG00000136122	559	24	12	19	26	22	21
ENSG00000112290	559	18	12	19	24	8	14
ENSG00000007923	559	27	14	17	23	21	12
ENSG00000010295	559	22	12	20	25	11	21
ENSG00000159259	559	25	17	11	30	22	20
ENSG00000132356	559	26	18	19	34	32	28
ENSG00000125962	558	25	26	28	31	16	9
ENSG00000205944	558	9	5	7	8	24	0
ENSG00000204427	558	29	9	21	29	22	12
ENSG00000076258	558	29	21	18	23	27	18
ENSG00000158169	558	27	13	21	27	22	11
ENSG00000105655	558	20	7	20	28	23	15
ENSG00000188452	558	24	11	19	20	21	9
ENSG00000152939	558	26	14	21	24	30	15
ENSG00000100626	558	28	15	18	31	16	17
ENSG00000148660	558	24	16	23	30	20	19
ENSG00000126653	558	22	30	32	25	11	14
ENSG00000128567	558	21	14	12	18	7	13
ENSG00000148672	558	31	20	20	28	27	15
ENSG00000182890	558	31	21	20	25	25	12
ENSG00000196141	558	32	29	26	30	8	12
ENSG00000105220	558	24	23	18	35	27	18
ENSG00000198513	558	28	17	22	31	29	13
ENSG00000142166	557	35	31	10	22	27	16
ENSG00000100884	557	31	8	13	27	25	15
ENSG00000113141	557	23	25	27	25	22	19
ENSG00000136828	557	26	19	16	27	17	16
ENSG00000196353	557	28	21	20	28	25	14
ENSG00000059691	557	29	15	22	31	14	11
ENSG00000137221	557	28	11	24	26	10	13
ENSG00000082512	557	33	22	21	28	27	18
ENSG00000113300	557	27	16	24	36	24	15
ENSG00000275410	557	17	14	14	20	12	7
ENSG00000011304	557	20	13	6	18	20	12
ENSG00000166233	557	26	15	23	28	19	15
ENSG00000011260	556	27	18	15	25	23	13
ENSG00000144278	556	28	17	27	28	19	19
ENSG00000120438	556	31	21	21	32	11	17
ENSG00000076716	556	24	15	22	27	21	18
ENSG00000177455	556	20	7	14	20	28	16
ENSG00000049860	556	27	15	18	31	27	22
ENSG00000244588	556	20	16	25	25	18	17
ENSG00000146477	556	16	5	11	21	26	6
ENSG00000140992	556	25	18	25	34	31	14
ENSG00000149929	556	28	22	25	27	7	12
ENSG00000087157	556	22	5	14	25	26	11
ENSG00000115602	556	32	22	14	24	30	13
ENSG00000118308	555	34	19	25	27	9	13
ENSG00000088826	555	24	7	25	23	22	14
ENSG00000153214	555	24	14	9	18	24	12
ENSG00000112499	555	21	6	12	23	27	6
ENSG00000138767	555	27	19	21	37	24	19
ENSG00000162769	555	15	9	5	15	23	6
ENSG00000103978	555	28	19	15	20	27	8
ENSG00000183098	555	25	12	23	26	25	18
ENSG00000165355	555	20	5	17	25	21	12
ENSG00000087111	555	23	11	19	28	30	10
ENSG00000214357	555	21	2	11	29	21	18
ENSG00000180644	555	26	2	10	30	19	16
ENSG00000120915	555	29	15	24	34	28	15
ENSG00000153721	555	29	16	20	37	25	20
ENSG00000177932	554	31	21	35	35	33	7
ENSG00000130818	554	31	21	22	27	37	7
ENSG00000122386	554	30	17	19	20	20	8
ENSG00000136770	554	27	19	19	28	20	18
ENSG00000069943	554	24	9	11	16	29	6
ENSG00000175003	554	20	11	10	25	25	12
ENSG00000223569	553	27	19	16	22	16	11
ENSG00000249709	553	36	23	16	26	38	9
ENSG00000055813	553	34	16	28	36	8	9
ENSG00000151006	553	12	0	14	23	16	5
ENSG00000168454	553	33	27	32	17	7	26
ENSG00000166263	553	29	19	29	36	18	13
ENSG00000083812	553	31	8	21	26	27	5
ENSG00000127483	553	27	29	16	16	9	3
ENSG00000121316	553	21	18	7	31	29	16
ENSG00000065325	553	18	12	12	19	28	7
ENSG00000016402	553	17	14	24	26	22	13
ENSG00000198759	553	32	20	14	21	22	14
ENSG00000169696	553	27	8	17	24	11	10
ENSG00000103044	553	28	10	9	16	30	7
ENSG00000197891	553	16	1	4	15	20	7
ENSG00000158715	553	8	1	9	16	27	8
ENSG00000114124	553	27	20	25	30	24	19
ENSG00000152234	553	31	17	17	28	15	19
ENSG00000055732	553	26	15	13	25	31	15
ENSG00000140632	553	28	22	21	36	20	18
ENSG00000196475	553	27	14	21	30	29	11
ENSG00000172296	552	28	17	19	26	25	15
ENSG00000006611	552	33	23	31	27	14	21
ENSG00000176222	552	28	25	25	25	37	5
ENSG00000058729	552	23	19	30	30	26	14
ENSG00000141646	552	19	8	15	27	17	14
ENSG00000162409	552	24	15	16	30	30	23
ENSG00000154479	552	29	28	27	25	22	15
ENSG00000167930	552	19	3	15	24	17	14
ENSG00000073060	552	22	10	13	23	29	8
ENSG00000175866	552	36	24	22	30	25	14
ENSG00000135677	552	25	15	12	20	18	16
ENSG00000197658	552	17	8	8	15	20	6
ENSG00000102858	552	25	12	21	27	21	21
ENSG00000160200	551	26	10	17	32	14	17
ENSG00000121940	551	28	22	24	28	23	18
ENSG00000171206	551	22	15	24	27	21	8
ENSG00000197208	551	16	3	12	18	34	10
ENSG00000274391	551	26	23	17	26	31	17
ENSG00000172732	551	23	9	21	26	13	10
ENSG00000173039	551	20	8	16	24	19	17
ENSG00000100385	551	24	4	19	26	26	13
ENSG00000055332	551	21	18	27	29	28	19
ENSG00000172940	551	16	7	14	21	25	8
ENSG00000268500	551	24	9	16	21	22	10
ENSG00000111605	551	17	10	13	16	13	13
ENSG00000170454	551	29	13	21	24	18	15
ENSG00000009790	551	34	25	23	28	9	11
ENSG00000179133	551	29	27	17	26	15	13
ENSG00000136161	551	17	7	15	18	20	11
ENSG00000186417	551	29	14	16	25	19	16
ENSG00000213085	551	32	34	30	28	10	14
ENSG00000099260	551	23	17	31	34	15	19
ENSG00000144407	550	23	9	7	17	21	12
ENSG00000168065	550	21	6	8	16	24	5
ENSG00000204033	550	19	12	11	19	23	13
ENSG00000018280	550	9	4	8	13	30	6
ENSG00000085733	550	27	28	22	30	28	21
ENSG00000161298	550	34	32	32	31	34	7
ENSG00000070413	550	16	3	19	30	28	19
ENSG00000155545	550	15	11	30	30	18	23
ENSG00000057252	550	21	12	13	20	25	9
ENSG00000135736	550	24	13	30	30	6	12
ENSG00000290292	550	20	8	21	28	12	11
ENSG00000010404	550	19	6	17	34	26	21
ENSG00000140543	550	28	7	18	34	31	21
ENSG00000274419	549	26	13	20	30	19	17
ENSG00000198944	549	26	5	14	25	11	13
ENSG00000274512	549	26	13	20	30	19	17
ENSG00000183018	549	18	6	2	12	24	9
ENSG00000274808	549	26	13	20	30	19	17
ENSG00000278599	549	27	13	20	30	19	17
ENSG00000163938	549	24	22	23	27	11	5
ENSG00000274611	549	26	13	20	30	19	17
ENSG00000182885	549	19	9	5	15	22	8
ENSG00000177707	549	17	16	14	22	17	16
ENSG00000274226	549	26	13	20	30	19	17
ENSG00000273513	549	26	13	20	30	19	17
ENSG00000274933	549	26	13	20	30	19	17
ENSG00000164896	549	25	4	14	25	14	8
ENSG00000278299	549	26	13	20	30	19	17
ENSG00000214300	549	31	17	15	20	15	9
ENSG00000260287	549	26	13	20	30	19	17
ENSG00000140993	549	30	26	22	33	27	13
ENSG00000198208	549	26	4	19	33	16	9
ENSG00000174652	549	32	23	24	30	35	8
ENSG00000154957	549	24	20	28	29	20	14
ENSG00000169359	549	21	15	8	18	25	13
ENSG00000153303	549	33	6	24	32	14	14
ENSG00000100353	548	24	17	16	32	32	25
ENSG00000134440	548	22	12	29	31	23	18
ENSG00000147573	548	24	17	30	31	15	9
ENSG00000161013	548	27	12	27	31	26	20
ENSG00000166111	548	17	4	18	17	26	6
ENSG00000140848	548	23	13	17	28	26	20
ENSG00000156261	548	37	28	25	34	15	16
ENSG00000105722	548	21	11	12	17	16	10
ENSG00000110768	548	28	21	20	32	26	17
ENSG00000198276	548	30	14	11	30	15	21
ENSG00000141499	548	19	1	15	30	24	19
ENSG00000137204	548	25	3	11	17	25	5
ENSG00000196600	547	16	7	9	16	23	5
ENSG00000170807	547	30	17	23	25	10	6
ENSG00000147256	547	24	11	16	22	17	12
ENSG00000105270	547	32	15	10	27	11	21
ENSG00000103642	547	23	18	17	21	18	7
ENSG00000136271	547	30	16	22	28	15	14
ENSG00000103111	547	30	5	18	26	20	12
ENSG00000116171	547	25	21	18	25	30	11
ENSG00000076662	547	25	3	11	20	23	8
ENSG00000134014	547	31	12	20	32	20	19
ENSG00000163393	547	15	5	12	15	30	5
ENSG00000106415	547	23	12	9	21	10	11
ENSG00000095110	547	25	17	10	23	27	15
ENSG00000100918	547	31	5	23	23	14	4
ENSG00000150510	546	24	5	14	25	21	18
ENSG00000115241	546	23	11	19	28	9	25
ENSG00000084652	546	24	24	35	34	5	12
ENSG00000145103	546	21	4	12	25	22	16
ENSG00000162598	546	28	23	23	33	15	15
ENSG00000134186	546	17	23	18	19	7	8
ENSG00000204946	546	33	9	25	26	14	7
ENSG00000094914	546	26	4	12	24	31	10
ENSG00000100897	546	22	6	12	31	30	27
ENSG00000132781	546	22	5	21	29	16	7
ENSG00000167513	546	28	11	20	25	12	10
ENSG00000105556	545	18	9	31	34	20	25
ENSG00000123352	545	28	19	24	29	13	13
ENSG00000139531	545	25	9	15	30	26	13
ENSG00000125744	545	27	5	15	18	18	15
ENSG00000149269	545	24	17	25	37	18	17
ENSG00000166133	545	29	12	23	29	14	16
ENSG00000163468	545	31	18	20	34	9	22
ENSG00000153012	545	30	15	10	27	34	23
ENSG00000187626	545	30	19	26	32	21	9
ENSG00000121075	545	22	12	18	32	24	9
ENSG00000143067	545	26	12	27	31	22	11
ENSG00000175691	545	35	18	22	27	28	7
ENSG00000178772	545	22	7	11	21	32	11
ENSG00000198648	545	21	19	21	30	13	17
ENSG00000168263	545	17	5	17	22	25	8
ENSG00000214029	544	36	26	24	25	35	5
ENSG00000138231	544	20	9	18	29	25	21
ENSG00000123815	544	29	7	17	33	17	20
ENSG00000087253	544	28	14	17	25	22	8
ENSG00000176473	544	26	13	12	26	34	16
ENSG00000174606	544	25	11	18	24	23	15
ENSG00000145911	544	29	11	27	29	16	9
ENSG00000149380	544	24	11	18	31	28	16
ENSG00000249471	544	30	9	19	30	28	7
ENSG00000137634	544	26	17	8	23	26	12
ENSG00000196653	544	38	23	34	33	35	3
ENSG00000149231	544	23	25	25	28	17	17
ENSG00000155016	544	29	10	16	23	23	13
ENSG00000197037	544	28	13	32	32	23	6
ENSG00000125734	543	23	12	13	18	27	7
ENSG00000135355	543	21	8	16	18	21	11
ENSG00000168439	543	36	34	25	30	23	28
ENSG00000147905	543	22	19	22	21	19	13
ENSG00000144567	543	11	2	14	24	11	18
ENSG00000110925	543	14	5	20	24	7	17
ENSG00000178149	543	26	7	16	29	16	13
ENSG00000275004	543	22	14	23	26	19	13
ENSG00000168389	543	17	6	8	16	29	5
ENSG00000178917	543	32	20	26	28	36	3
ENSG00000135624	543	31	21	18	31	12	17
ENSG00000120738	543	11	5	9	18	18	12
ENSG00000024422	543	30	16	22	29	23	15
ENSG00000176105	543	23	15	26	33	34	16
ENSG00000277586	543	35	25	27	25	12	11
ENSG00000112406	543	24	9	13	27	20	16
ENSG00000111644	543	28	14	19	30	19	10
ENSG00000138061	543	29	8	9	28	22	14
ENSG00000183765	543	25	18	23	29	22	16
ENSG00000072803	542	32	13	17	36	30	22
ENSG00000146373	542	19	10	14	21	15	6
ENSG00000079215	542	15	7	17	20	16	6
ENSG00000169826	542	31	18	29	30	22	13
ENSG00000143889	542	32	21	12	22	28	13
ENSG00000197020	542	33	31	23	24	36	7
ENSG00000013375	542	29	18	20	32	25	22
ENSG00000161328	542	25	2	20	32	7	15
ENSG00000183814	542	25	19	21	27	24	11
ENSG00000132604	542	25	16	22	32	14	11
ENSG00000142700	542	13	2	9	21	7	9
ENSG00000149452	542	20	5	9	13	29	5
ENSG00000087263	542	24	19	32	32	25	18
ENSG00000116729	541	19	11	15	18	26	11
ENSG00000174607	541	25	18	11	21	34	9
ENSG00000113389	541	28	8	22	32	25	16
ENSG00000163933	541	22	6	11	16	27	1
ENSG00000105499	541	22	16	17	26	20	13
ENSG00000197496	541	13	3	6	13	20	5
ENSG00000105281	541	16	7	13	19	14	9
ENSG00000115604	541	26	20	23	28	25	9
ENSG00000163795	541	26	7	16	21	19	6
ENSG00000185019	541	24	12	23	23	14	10
ENSG00000160282	541	27	13	23	32	15	15
ENSG00000116833	541	22	21	21	34	21	13
ENSG00000108950	541	26	7	14	34	21	18
ENSG00000103966	541	30	18	22	29	25	17
ENSG00000181894	541	29	18	25	34	32	6
ENSG00000150753	541	34	21	31	36	11	16
ENSG00000182810	540	33	10	16	26	12	15
ENSG00000050767	540	27	17	18	29	0	17
ENSG00000115290	540	25	10	14	28	22	15
ENSG00000157211	540	18	6	13	22	24	9
ENSG00000176834	540	12	3	17	21	21	8
ENSG00000143369	540	30	8	24	32	22	12
ENSG00000107242	540	19	15	23	27	27	16
ENSG00000169957	540	30	13	22	28	39	7
ENSG00000136738	540	20	22	19	20	16	14
ENSG00000111596	540	22	11	16	21	19	17
ENSG00000105926	540	33	25	25	34	17	20
ENSG00000186049	540	29	21	24	23	18	9
ENSG00000175322	540	31	25	29	31	38	4
ENSG00000168216	540	16	14	7	13	22	8
ENSG00000104312	540	26	17	25	36	21	15
ENSG00000109667	540	16	7	10	18	29	5
ENSG00000116996	540	18	7	10	27	20	16
ENSG00000088888	540	16	7	17	21	9	11
ENSG00000103264	539	24	7	21	33	22	15
ENSG00000160685	539	12	7	21	32	14	13
ENSG00000234127	539	27	20	25	31	21	16
ENSG00000114054	539	30	13	10	29	18	23
ENSG00000115484	539	32	20	15	25	7	11
ENSG00000104059	539	11	5	15	26	10	9
ENSG00000164904	539	24	18	20	32	27	9
ENSG00000196357	539	38	16	27	27	33	9
ENSG00000172554	539	26	13	14	29	24	19
ENSG00000196911	539	23	12	20	28	20	14
ENSG00000100802	538	25	14	25	31	18	12
ENSG00000163071	538	24	14	19	26	18	16
ENSG00000180881	538	27	26	18	27	21	20
ENSG00000172164	538	30	15	18	31	19	12
ENSG00000189298	538	29	21	28	30	18	11
ENSG00000095485	538	28	26	18	29	28	11
ENSG00000141858	538	18	6	18	21	6	8
ENSG00000187902	538	28	3	11	20	17	4
ENSG00000147813	538	23	3	20	29	17	9
ENSG00000188321	538	33	28	25	28	36	4
ENSG00000114030	538	19	12	21	29	23	11
ENSG00000117222	538	25	15	17	33	20	26
ENSG00000103522	538	14	6	18	28	26	20
ENSG00000169515	538	34	10	27	22	11	17
ENSG00000184887	538	24	10	18	21	25	9
ENSG00000100433	538	20	15	15	28	20	12
ENSG00000129474	538	28	9	15	27	16	16
ENSG00000116747	538	29	21	20	32	21	15
ENSG00000165084	538	31	16	22	25	11	15
ENSG00000172006	538	31	16	24	29	29	6
ENSG00000064655	538	17	12	10	20	27	13
ENSG00000167216	538	31	19	24	29	21	20
ENSG00000204920	538	27	25	26	29	33	14
ENSG00000049656	538	21	14	8	21	26	16
ENSG00000130202	538	21	9	17	28	17	10
ENSG00000005238	538	19	5	12	18	16	6
ENSG00000107165	537	20	3	15	27	24	19
ENSG00000010810	537	28	13	22	34	31	17
ENSG00000164951	537	32	14	20	28	26	20
ENSG00000164038	537	13	6	6	15	17	5
ENSG00000174804	537	17	14	10	17	24	8
ENSG00000169347	537	23	1	16	28	21	19
ENSG00000105483	537	21	14	25	27	21	19
ENSG00000153902	537	24	3	8	19	28	14
ENSG00000085719	537	26	19	15	22	27	12
ENSG00000127903	537	32	13	23	32	26	7
ENSG00000196456	537	29	6	22	25	19	3
ENSG00000214078	537	16	9	10	22	26	14
ENSG00000100603	536	25	28	23	26	13	23
ENSG00000183309	536	35	25	25	31	26	8
ENSG00000119333	536	19	5	13	20	25	9
ENSG00000123360	536	26	11	26	30	26	20
ENSG00000197122	536	24	12	23	36	29	17
ENSG00000093217	536	25	11	15	30	27	15
ENSG00000025800	536	22	12	20	27	23	13
ENSG00000177628	536	27	13	9	29	20	12
ENSG00000271271	536	18	14	15	29	27	12
ENSG00000163424	536	28	13	21	36	16	25
ENSG00000171827	536	34	18	27	26	36	3
ENSG00000025156	536	20	17	20	25	15	13
ENSG00000187796	536	27	18	31	34	10	19
ENSG00000164291	536	24	19	19	27	29	12
ENSG00000171150	536	22	10	13	30	20	19
ENSG00000112039	536	30	14	22	27	8	14
ENSG00000092068	535	16	9	9	14	24	4
ENSG00000119711	535	27	18	16	26	19	9
ENSG00000013016	535	28	15	24	31	21	19
ENSG00000115216	535	15	11	28	34	17	9
ENSG00000163283	535	28	7	15	23	22	19
ENSG00000198464	535	31	21	33	34	34	7
ENSG00000115252	535	26	21	21	30	27	18
ENSG00000185640	535	28	16	22	23	14	14
ENSG00000170677	535	22	9	13	25	17	17
ENSG00000073861	535	24	6	20	27	21	16
ENSG00000094963	535	31	21	18	24	24	18
ENSG00000204767	535	25	14	25	27	9	10
ENSG00000105176	535	21	15	22	25	12	19
ENSG00000072682	535	29	13	23	28	27	15
ENSG00000112294	535	25	16	18	27	16	7
ENSG00000071073	535	26	24	28	29	29	13
ENSG00000166226	535	32	19	22	34	10	19
ENSG00000159593	534	24	15	26	26	26	14
ENSG00000125834	534	34	18	21	25	17	11
ENSG00000122884	534	27	21	20	27	26	23
ENSG00000188848	534	26	14	13	21	18	13
ENSG00000188549	534	24	9	21	28	4	6
ENSG00000107897	534	26	16	23	27	13	20
ENSG00000186141	534	31	17	18	25	21	17
ENSG00000123444	534	28	14	18	31	30	17
ENSG00000213213	534	32	23	25	34	11	14
ENSG00000103855	534	18	3	10	26	19	22
ENSG00000187801	534	32	22	26	28	31	6
ENSG00000153395	534	21	7	21	25	17	16
ENSG00000186812	534	33	23	27	28	29	8
ENSG00000083814	534	29	20	21	27	29	10
ENSG00000110047	534	29	19	22	30	21	19
ENSG00000108344	534	34	22	14	20	24	17
ENSG00000188785	533	30	22	28	29	33	9
ENSG00000160190	533	14	10	8	18	17	11
ENSG00000135454	533	28	6	17	28	23	16
ENSG00000204231	533	25	17	13	22	13	13
ENSG00000196605	533	32	24	27	28	30	6
ENSG00000059377	533	26	12	21	26	24	15
ENSG00000131781	533	29	15	17	25	23	13
ENSG00000198393	533	32	24	26	30	35	9
ENSG00000128268	533	26	8	23	27	28	12
ENSG00000142065	533	29	20	27	27	35	7
ENSG00000113273	533	25	13	11	20	25	12
ENSG00000041880	533	25	19	24	30	19	15
ENSG00000185271	533	20	1	11	18	24	8
ENSG00000092621	533	22	13	18	25	15	12
ENSG00000043462	533	23	14	15	25	18	16
ENSG00000167165	532	25	13	18	30	28	14
ENSG00000107779	532	25	14	15	27	22	15
ENSG00000007933	532	30	20	17	22	25	13
ENSG00000010932	532	24	18	14	23	26	11
ENSG00000141738	532	26	7	17	28	17	13
ENSG00000115902	532	18	8	9	16	14	6
ENSG00000162897	532	22	9	15	21	19	7
ENSG00000181007	532	30	24	24	24	39	6
ENSG00000184984	532	16	10	10	11	26	2
ENSG00000164323	532	27	23	16	20	11	15
ENSG00000132010	532	32	26	25	26	31	7
ENSG00000090339	532	22	11	21	28	12	7
ENSG00000256683	532	28	20	21	25	29	9
ENSG00000163286	532	27	7	15	24	25	20
ENSG00000173894	532	29	23	14	21	7	6
ENSG00000185238	531	23	21	23	30	15	18
ENSG00000257446	531	28	24	22	23	33	1
ENSG00000006712	531	29	21	22	22	9	16
ENSG00000067225	531	30	16	24	26	18	18
ENSG00000147206	531	22	12	16	34	19	20
ENSG00000167562	531	26	23	29	32	28	9
ENSG00000134371	531	34	25	18	26	18	18
ENSG00000171954	531	31	15	12	28	30	16
ENSG00000168724	531	21	19	25	24	15	18
ENSG00000213199	531	22	6	13	22	26	14
ENSG00000146731	531	26	24	18	29	10	18
ENSG00000152475	531	31	12	23	29	20	9
ENSG00000135929	531	27	12	16	20	17	8
ENSG00000117569	531	19	12	7	20	19	12
ENSG00000105321	531	23	13	24	25	12	11
ENSG00000177963	531	29	8	25	29	12	14
ENSG00000056487	531	21	14	14	17	7	6
ENSG00000155970	530	28	9	23	29	32	16
ENSG00000236125	530	23	17	18	25	16	11
ENSG00000132141	530	27	23	15	29	10	18
ENSG00000250844	530	23	18	16	21	15	10
ENSG00000227551	530	26	19	16	21	15	10
ENSG00000131831	530	16	14	25	27	14	9
ENSG00000167925	530	24	2	11	17	13	12
ENSG00000197888	530	23	18	18	30	24	14
ENSG00000106701	530	30	23	24	31	23	22
ENSG00000063761	530	29	15	18	26	21	18
ENSG00000159374	530	20	10	17	21	18	11
ENSG00000148814	530	28	23	19	28	6	11
ENSG00000140009	530	24	17	20	27	18	11
ENSG00000249104	530	24	17	16	21	15	10
ENSG00000231396	530	24	15	16	21	14	10
ENSG00000250745	530	24	17	16	21	15	10
ENSG00000248920	530	26	19	16	21	15	10
ENSG00000101216	530	14	10	10	21	8	17
ENSG00000248933	530	26	19	16	21	15	10
ENSG00000227140	530	25	17	16	21	15	10
ENSG00000196620	530	22	17	17	30	24	14
ENSG00000226430	530	26	20	16	22	19	10
ENSG00000237038	530	23	17	16	21	16	9
ENSG00000144031	530	29	12	12	22	18	14
ENSG00000164985	530	29	29	24	22	7	18
ENSG00000155744	530	23	13	21	23	19	9
ENSG00000165802	530	30	15	25	26	26	8
ENSG00000131051	530	24	16	22	22	15	13
ENSG00000249811	530	24	17	16	21	15	10
ENSG00000225327	530	25	18	18	25	17	11
ENSG00000233136	530	24	17	16	21	15	10
ENSG00000223443	530	26	18	14	23	17	11
ENSG00000196371	530	26	4	9	20	27	14
ENSG00000168710	530	28	19	19	29	23	17
ENSG00000230549	530	25	18	18	25	17	11
ENSG00000232399	530	24	17	17	21	15	10
ENSG00000196358	530	26	6	18	27	22	15
ENSG00000182481	529	20	9	20	34	14	17
ENSG00000168003	529	28	17	16	28	17	19
ENSG00000180938	529	32	21	35	36	34	8
ENSG00000171234	529	20	15	16	31	31	17
ENSG00000035499	529	32	21	26	32	22	11
ENSG00000175066	529	24	16	12	27	30	16
ENSG00000166145	529	23	12	22	26	22	13
ENSG00000110955	529	29	11	19	28	17	13
ENSG00000172840	529	25	3	19	30	23	19
ENSG00000144057	529	24	11	10	19	21	9
ENSG00000188033	529	29	21	25	26	29	7
ENSG00000204539	529	10	6	3	9	13	6
ENSG00000143147	529	18	8	10	12	22	6
ENSG00000128298	529	27	10	24	27	19	6
ENSG00000185122	529	17	10	15	26	14	15
ENSG00000000938	529	25	15	24	35	31	21
ENSG00000213614	529	25	11	22	33	34	16
ENSG00000135226	529	21	16	14	30	29	13
ENSG00000077498	529	25	9	15	25	25	14
ENSG00000120594	529	23	6	6	19	23	14
ENSG00000213759	529	22	16	14	31	30	15
ENSG00000119636	529	32	35	27	30	14	18
ENSG00000055044	529	24	21	23	28	10	8
ENSG00000162927	529	28	17	22	26	17	11
ENSG00000170484	529	29	20	26	26	14	12
ENSG00000160972	528	18	12	24	31	7	18
ENSG00000169682	528	13	0	6	24	25	11
ENSG00000188171	528	31	29	22	24	31	8
ENSG00000092978	528	31	17	17	19	10	16
ENSG00000130348	528	26	16	16	30	22	16
ENSG00000163295	528	23	5	15	24	21	19
ENSG00000180176	528	31	12	21	28	22	18
ENSG00000086712	528	25	26	28	31	7	6
ENSG00000130175	528	17	14	25	25	19	12
ENSG00000134684	528	36	33	28	30	18	16
ENSG00000182827	528	19	12	21	22	11	12
ENSG00000159618	528	15	5	7	11	26	3
ENSG00000189045	528	29	17	16	28	19	15
ENSG00000156096	528	23	17	19	33	32	17
ENSG00000185049	528	23	19	17	24	11	13
ENSG00000109181	528	21	18	15	31	28	13
ENSG00000087095	527	23	14	13	25	21	13
ENSG00000169981	527	32	24	22	23	29	4
ENSG00000160877	527	23	10	12	24	17	13
ENSG00000284770	527	33	26	21	26	15	17
ENSG00000112763	527	24	9	20	26	22	9
ENSG00000173610	527	21	13	14	29	27	14
ENSG00000172939	527	25	20	27	30	11	15
ENSG00000100479	527	24	15	21	25	21	11
ENSG00000163378	527	25	14	20	34	27	21
ENSG00000135220	527	24	13	19	29	28	12
ENSG00000121691	527	29	16	16	34	31	19
ENSG00000189221	527	26	15	22	25	27	11
ENSG00000178199	527	31	7	15	31	17	20
ENSG00000116701	526	30	26	21	28	24	12
ENSG00000119686	526	8	5	3	9	25	3
ENSG00000198846	526	11	7	11	21	16	15
ENSG00000089280	526	13	6	6	18	33	16
ENSG00000109680	526	23	10	23	31	26	11
ENSG00000030419	526	22	14	20	26	17	15
ENSG00000101336	526	26	18	23	34	33	18
ENSG00000244234	526	32	16	15	24	18	14
ENSG00000187098	526	18	13	13	23	7	11
ENSG00000182173	526	21	6	16	27	23	9
ENSG00000163947	526	28	16	21	27	16	16
ENSG00000187815	526	34	24	30	29	32	6
ENSG00000079385	526	15	7	12	22	16	8
ENSG00000124557	526	27	9	19	28	19	16
ENSG00000159063	526	16	10	7	15	32	7
ENSG00000166886	525	22	9	27	32	11	12
ENSG00000124422	525	24	17	11	26	22	12
ENSG00000113905	525	22	7	16	22	13	15
ENSG00000036565	525	14	8	6	16	27	6
ENSG00000115145	525	22	22	19	16	14	8
ENSG00000089692	525	14	2	10	21	20	8
ENSG00000181450	525	33	33	27	27	36	4
ENSG00000171208	525	27	16	13	21	21	18
ENSG00000185615	525	28	9	25	29	28	12
ENSG00000167916	525	29	14	21	29	15	17
ENSG00000145476	525	29	15	23	23	26	9
ENSG00000198746	525	26	4	16	20	22	9
ENSG00000198142	525	30	11	17	26	19	12
ENSG00000180346	525	24	23	20	23	17	15
ENSG00000141337	525	22	7	10	21	31	13
ENSG00000108443	525	20	13	18	25	24	14
ENSG00000106789	525	23	18	20	34	24	15
ENSG00000152595	525	32	26	24	23	16	17
ENSG00000101438	525	19	8	7	13	30	9
ENSG00000165688	525	28	11	19	26	19	17
ENSG00000176454	524	21	2	8	20	21	7
ENSG00000162600	524	30	23	16	26	24	11
ENSG00000078304	524	24	18	21	23	30	10
ENSG00000183340	524	25	21	19	23	17	19
ENSG00000184470	524	24	9	17	29	22	15
ENSG00000186204	524	30	13	12	23	30	14
ENSG00000197746	524	29	25	21	29	14	17
ENSG00000176083	524	19	16	7	18	15	11
ENSG00000137269	524	26	7	26	31	10	21
ENSG00000166181	524	25	19	19	31	19	16
ENSG00000286140	524	23	0	1	4	4	3
ENSG00000163581	524	12	8	7	13	33	4
ENSG00000173218	524	28	13	17	24	25	13
ENSG00000106688	524	18	11	14	22	18	12
ENSG00000180370	524	23	18	21	34	18	16
ENSG00000107758	524	25	11	20	27	23	12
ENSG00000162551	524	27	14	14	25	20	18
ENSG00000171903	524	30	12	11	22	31	13
ENSG00000103356	523	27	8	21	31	19	13
ENSG00000069667	523	24	18	24	34	20	17
ENSG00000059758	523	28	19	25	28	19	14
ENSG00000186675	523	28	9	23	31	22	17
ENSG00000168237	523	14	4	13	24	8	10
ENSG00000124508	523	24	6	22	27	26	8
ENSG00000171962	523	27	20	25	30	16	27
ENSG00000121390	523	19	11	21	24	16	10
ENSG00000130876	523	9	1	8	9	19	2
ENSG00000110013	523	26	11	8	28	31	13
ENSG00000169814	523	21	12	18	25	25	17
ENSG00000108932	523	17	13	16	16	24	4
ENSG00000136295	523	17	3	15	27	25	12
ENSG00000166123	523	26	12	20	28	16	9
ENSG00000169758	523	19	7	17	28	19	18
ENSG00000115084	523	14	9	8	15	19	8
ENSG00000186280	523	28	13	19	21	19	8
ENSG00000115211	523	24	14	21	22	16	8
ENSG00000215440	523	19	10	13	29	23	19
ENSG00000139648	523	29	21	24	24	15	9
ENSG00000167771	523	25	15	17	22	13	13
ENSG00000144635	523	28	21	16	25	17	18
ENSG00000168671	523	23	16	16	26	32	13
ENSG00000145626	523	22	12	12	26	24	18
ENSG00000175104	522	24	14	24	29	19	17
ENSG00000141012	522	23	5	16	25	25	13
ENSG00000162951	522	22	9	10	22	27	14
ENSG00000139211	522	26	14	8	24	18	17
ENSG00000213024	522	10	11	10	11	17	8
ENSG00000119487	522	25	17	20	27	19	17
ENSG00000092377	522	24	12	14	33	19	16
ENSG00000104687	522	22	17	16	28	20	10
ENSG00000178187	522	27	21	30	32	35	9
ENSG00000164430	522	29	25	18	27	15	10
ENSG00000132640	522	21	14	14	19	27	10
ENSG00000166839	522	29	6	16	22	11	13
ENSG00000117143	522	31	17	18	31	24	20
ENSG00000145723	522	23	16	23	33	24	16
ENSG00000028528	522	23	21	23	26	20	12
ENSG00000197822	522	16	9	14	19	31	17
ENSG00000136875	522	29	21	11	32	18	14
ENSG00000179456	522	31	14	19	28	15	19
ENSG00000100225	522	15	5	15	32	22	18
ENSG00000166819	522	27	8	18	22	11	10
ENSG00000179051	522	27	18	18	27	18	13
ENSG00000149182	521	26	12	16	25	17	12
ENSG00000003400	521	22	19	23	22	20	14
ENSG00000140459	521	28	13	17	30	28	14
ENSG00000180902	521	23	6	15	24	22	10
ENSG00000162738	521	27	17	14	23	24	11
ENSG00000116604	521	14	7	12	13	15	10
ENSG00000005302	521	30	19	26	29	17	11
ENSG00000102753	521	16	13	14	26	14	19
ENSG00000151812	521	18	10	11	14	19	5
ENSG00000124813	521	17	4	3	14	20	14
ENSG00000178597	521	30	13	18	32	13	11
ENSG00000186432	521	15	10	16	28	11	18
ENSG00000136451	521	17	17	10	17	9	6
ENSG00000065615	521	33	25	18	28	28	19
ENSG00000122591	521	25	12	16	20	18	1
ENSG00000144644	521	32	22	21	27	27	12
ENSG00000039650	521	29	12	16	30	25	11
ENSG00000138814	521	23	15	20	27	21	15
ENSG00000164296	521	26	20	12	24	18	17
ENSG00000124334	521	11	0	20	23	20	9
ENSG00000135426	521	22	11	20	26	18	19
ENSG00000186529	520	27	10	13	22	30	12
ENSG00000182389	520	27	16	14	23	13	14
ENSG00000158480	520	33	19	17	29	16	15
ENSG00000112972	520	24	16	19	24	27	21
ENSG00000170423	520	29	16	24	26	15	7
ENSG00000111785	520	25	19	24	35	18	20
ENSG00000158062	520	25	7	22	28	11	18
ENSG00000019169	520	27	19	15	25	16	8
ENSG00000168268	520	28	10	18	31	33	24
ENSG00000160401	520	33	24	29	30	14	11
ENSG00000105771	520	19	10	19	26	17	12
ENSG00000100023	520	29	19	14	22	25	19
ENSG00000185436	520	16	6	17	21	24	10
ENSG00000104731	520	22	9	17	24	16	13
ENSG00000182158	520	23	15	21	22	12	11
ENSG00000143797	520	18	6	9	17	27	7
ENSG00000138600	520	15	13	9	19	26	6
ENSG00000186115	520	29	10	13	22	28	14
ENSG00000069535	520	27	16	16	22	27	11
ENSG00000010219	520	31	26	18	29	23	14
ENSG00000173262	520	11	4	11	13	24	2
ENSG00000166246	520	25	12	22	25	8	17
ENSG00000164542	520	29	26	10	23	23	12
ENSG00000115827	520	31	11	18	24	25	15
ENSG00000170525	520	35	21	24	29	24	14
ENSG00000083720	520	26	19	19	29	20	15
ENSG00000146453	520	25	18	13	22	35	15
ENSG00000221978	520	21	18	16	29	12	10
ENSG00000170477	520	28	21	21	23	14	9
ENSG00000186526	520	28	11	9	18	30	15
ENSG00000164483	520	25	20	25	34	28	17
ENSG00000157613	519	23	13	23	21	17	18
ENSG00000164287	519	28	16	11	29	20	16
ENSG00000166046	519	26	13	22	22	19	10
ENSG00000140463	519	23	20	15	23	27	7
ENSG00000065485	519	26	26	21	21	25	12
ENSG00000147647	519	24	18	17	34	22	22
ENSG00000101782	519	26	19	21	24	24	10
ENSG00000185811	519	25	14	21	27	14	16
ENSG00000012174	519	12	7	4	18	21	10
ENSG00000002549	519	32	20	17	28	20	16
ENSG00000174827	519	29	26	28	30	9	20
ENSG00000120784	519	27	20	28	26	39	6
ENSG00000080166	519	21	9	12	26	22	16
ENSG00000164125	519	27	16	14	26	16	14
ENSG00000172530	519	17	11	20	27	7	22
ENSG00000171163	519	22	11	25	27	13	5
ENSG00000115282	519	27	11	16	27	11	11
ENSG00000148308	519	32	20	15	26	23	22
ENSG00000205302	519	26	21	28	27	19	17
ENSG00000138400	518	27	23	22	28	25	15
ENSG00000138614	518	25	16	21	29	21	17
ENSG00000173275	518	24	15	25	24	24	8
ENSG00000124602	518	20	4	15	24	25	9
ENSG00000115239	518	18	10	23	31	23	13
ENSG00000104835	518	30	4	18	30	25	11
ENSG00000164073	518	15	5	9	11	29	5
ENSG00000182240	518	17	7	19	25	27	11
ENSG00000130150	518	26	20	24	30	21	17
ENSG00000089225	518	23	16	17	23	26	7
ENSG00000107669	518	23	21	19	27	23	12
ENSG00000152443	518	28	22	24	29	34	9
ENSG00000119812	518	22	15	15	26	16	7
ENSG00000204599	518	27	18	27	31	15	14
ENSG00000128918	518	21	13	21	27	23	10
ENSG00000141569	517	20	5	19	28	12	11
ENSG00000124232	517	22	8	17	28	20	13
ENSG00000212657	517	8	2	18	21	6	3
ENSG00000149054	517	23	21	25	27	24	13
ENSG00000172273	517	23	16	21	31	25	15
ENSG00000111275	517	22	12	16	27	24	13
ENSG00000159166	517	30	15	26	30	6	6
ENSG00000269113	517	14	5	16	28	22	20
ENSG00000168631	517	20	18	13	26	11	8
ENSG00000110400	517	22	9	16	23	23	10
ENSG00000139154	517	20	6	13	18	11	10
ENSG00000135093	517	23	11	10	16	18	9
ENSG00000018869	517	26	15	30	29	38	7
ENSG00000169991	517	19	14	22	23	15	22
ENSG00000147481	517	23	16	15	28	23	18
ENSG00000128059	517	23	13	24	29	21	10
ENSG00000054611	517	23	6	19	29	20	17
ENSG00000137124	517	21	12	20	27	24	12
ENSG00000139445	517	15	9	8	21	16	14
ENSG00000125651	517	20	18	24	25	17	9
ENSG00000198754	517	22	12	18	25	16	19
ENSG00000116133	516	20	12	23	26	29	8
ENSG00000140505	516	24	12	11	28	26	13
ENSG00000136925	516	27	17	25	31	27	15
ENSG00000178605	516	27	11	15	29	12	14
ENSG00000167766	516	28	20	32	31	35	2
ENSG00000131089	516	24	17	19	31	27	24
ENSG00000185467	516	16	8	22	31	8	13
ENSG00000242247	516	27	18	13	25	25	22
ENSG00000066117	515	28	17	17	23	16	17
ENSG00000197472	515	27	28	25	25	35	5
ENSG00000160211	515	34	6	23	29	27	19
ENSG00000087338	515	29	13	15	22	18	13
ENSG00000166073	515	15	7	14	17	24	5
ENSG00000112394	515	11	7	5	11	26	6
ENSG00000137075	515	12	4	11	19	21	9
ENSG00000197601	515	27	20	16	21	26	6
ENSG00000081791	515	28	7	12	24	18	11
ENSG00000103174	515	27	5	15	29	17	15
ENSG00000174177	515	25	9	20	28	17	8
ENSG00000163518	515	20	7	23	29	18	13
ENSG00000064763	515	27	16	13	20	29	9
ENSG00000103064	515	11	3	9	15	27	5
ENSG00000131233	515	21	9	14	20	22	6
ENSG00000178035	514	21	16	8	27	16	19
ENSG00000130413	514	28	30	22	30	20	9
ENSG00000031698	514	26	19	28	26	27	17
ENSG00000106348	514	20	14	16	27	14	13
ENSG00000135114	514	27	14	19	27	30	16
ENSG00000165646	514	13	7	5	18	26	8
ENSG00000185028	514	25	4	14	24	10	10
ENSG00000019186	514	28	17	27	29	25	9
ENSG00000113492	514	33	13	13	22	19	9
ENSG00000171566	514	28	14	12	31	20	19
ENSG00000172361	514	24	33	28	25	9	10
ENSG00000130826	514	29	21	19	32	12	16
ENSG00000105856	514	24	19	11	21	24	16
ENSG00000181472	514	20	10	15	24	17	15
ENSG00000111110	514	22	12	14	28	18	12
ENSG00000177565	514	21	12	11	31	20	18
ENSG00000102543	514	28	15	19	27	15	11
ENSG00000189127	514	30	21	15	26	9	14
ENSG00000139173	514	15	13	12	25	26	17
ENSG00000138443	513	17	8	12	15	21	10
ENSG00000026950	513	25	14	22	28	22	11
ENSG00000172977	513	28	18	21	28	12	14
ENSG00000161850	513	32	16	26	28	12	8
ENSG00000150636	513	22	24	27	31	8	16
ENSG00000254402	513	24	1	14	22	14	8
ENSG00000186918	513	12	10	16	18	17	5
ENSG00000121989	513	23	15	23	31	23	15
ENSG00000136826	513	11	9	10	24	21	12
ENSG00000116039	513	26	10	17	29	18	17
ENSG00000171045	513	31	14	19	27	13	8
ENSG00000204713	513	23	9	24	29	19	12
ENSG00000153162	513	19	7	12	23	13	10
ENSG00000122692	513	26	11	20	33	23	21
ENSG00000026559	513	17	3	11	20	24	12
ENSG00000137675	513	23	18	11	27	24	22
ENSG00000112299	513	21	8	16	29	26	12
ENSG00000133065	513	12	3	10	17	19	9
ENSG00000168228	513	29	14	19	28	19	11
ENSG00000152592	513	18	10	27	19	5	23
ENSG00000198804	513	5	2	3	11	26	2
ENSG00000197241	512	13	4	11	15	18	3
ENSG00000198160	512	23	18	23	21	21	18
ENSG00000182557	512	13	1	9	14	23	7
ENSG00000140995	512	25	9	17	22	21	17
ENSG00000120910	512	24	15	20	29	20	16
ENSG00000173702	512	16	11	8	23	12	17
ENSG00000254087	512	28	23	22	36	31	18
ENSG00000169989	512	29	25	25	30	20	19
ENSG00000117036	512	24	15	13	16	18	10
ENSG00000145864	512	20	8	6	27	19	20
ENSG00000107560	512	27	22	14	30	28	14
ENSG00000114739	512	25	8	21	33	27	13
ENSG00000104983	512	27	8	23	27	12	9
ENSG00000108684	512	18	8	23	23	21	15
ENSG00000003137	512	25	14	16	26	21	11
ENSG00000184254	512	24	16	21	27	20	11
ENSG00000140465	512	27	10	13	25	25	16
ENSG00000146054	511	30	10	26	29	15	9
ENSG00000147416	511	25	10	21	30	17	17
ENSG00000142973	511	27	14	12	23	26	15
ENSG00000240038	511	24	9	12	27	31	20
ENSG00000119574	511	19	5	15	21	14	9
ENSG00000155465	511	10	3	8	16	26	5
ENSG00000170486	511	33	21	25	25	11	11
ENSG00000237763	511	24	11	12	28	31	21
ENSG00000129159	511	19	3	14	21	25	9
ENSG00000174876	511	24	11	12	28	31	21
ENSG00000183323	511	29	23	23	28	12	16
ENSG00000243480	511	24	9	12	27	31	20
ENSG00000169621	511	20	11	25	29	12	14
ENSG00000093072	511	28	19	21	29	27	15
ENSG00000006453	511	29	22	23	29	19	10
ENSG00000019485	511	27	21	26	32	15	22
ENSG00000187733	511	24	11	12	28	31	21
ENSG00000095139	511	26	19	29	33	19	13
ENSG00000074695	510	21	10	14	27	22	15
ENSG00000163053	510	12	9	7	9	21	6
ENSG00000138185	510	18	11	17	26	25	9
ENSG00000117877	510	15	6	24	21	5	6
ENSG00000158435	510	22	7	19	30	17	11
ENSG00000091483	510	25	16	18	25	13	8
ENSG00000121413	510	20	6	31	29	9	15
ENSG00000105229	510	23	17	18	27	16	12
ENSG00000186376	510	30	27	29	30	24	6
ENSG00000143217	510	28	2	21	27	16	8
ENSG00000132773	510	20	16	20	29	17	16
ENSG00000102837	510	22	9	13	21	22	15
ENSG00000105136	510	29	23	31	34	31	4
ENSG00000244405	510	19	10	22	26	25	13
ENSG00000100078	509	21	4	13	25	22	11
ENSG00000181856	509	9	1	11	13	23	3
ENSG00000039987	509	23	7	16	18	30	10
ENSG00000162599	509	19	11	10	18	18	11
ENSG00000091140	509	22	17	12	22	17	10
ENSG00000165449	509	16	14	7	15	25	8
ENSG00000125398	509	12	11	14	19	15	11
ENSG00000161405	509	28	18	21	28	18	12
ENSG00000182986	509	32	23	26	33	33	11
ENSG00000176148	509	27	16	23	29	17	18
ENSG00000182866	509	23	7	24	32	29	16
ENSG00000126814	509	36	27	18	31	20	13
ENSG00000185686	509	22	10	15	24	21	11
ENSG00000170445	509	28	22	23	31	21	19
ENSG00000077327	509	27	16	18	32	13	13
ENSG00000117477	509	23	24	25	21	11	18
ENSG00000187522	509	27	16	20	33	16	20
ENSG00000107338	509	25	12	17	23	20	7
ENSG00000106304	509	18	12	12	25	26	13
ENSG00000186377	509	26	18	9	28	26	18
ENSG00000001630	509	26	18	14	20	22	9
ENSG00000146166	509	20	12	18	23	23	11
ENSG00000115170	509	17	9	14	28	20	14
ENSG00000048740	508	17	11	6	13	16	6
ENSG00000185624	508	35	28	27	29	27	19
ENSG00000112658	508	10	4	8	12	8	4
ENSG00000099992	508	29	13	21	26	17	9
ENSG00000028116	508	25	26	21	28	27	14
ENSG00000166262	508	25	23	27	31	27	13
ENSG00000147697	508	24	14	25	33	26	19
ENSG00000129696	508	22	11	22	25	18	9
ENSG00000134240	508	22	12	13	26	24	18
ENSG00000181284	508	19	4	20	30	16	17
ENSG00000136754	508	18	7	11	18	21	9
ENSG00000162069	508	25	7	28	25	3	10
ENSG00000144224	508	14	14	27	25	15	13
ENSG00000145975	508	26	22	13	23	19	13
ENSG00000179115	508	22	10	20	26	23	12
ENSG00000153914	508	9	14	17	18	4	16
ENSG00000141905	508	22	10	12	21	13	17
ENSG00000165370	508	17	9	11	7	22	6
ENSG00000169764	508	28	29	20	32	22	17
ENSG00000148795	508	25	16	14	25	21	18
ENSG00000179151	508	29	15	14	21	20	15
ENSG00000068305	507	13	8	10	13	14	10
ENSG00000188263	507	26	6	8	17	19	10
ENSG00000114544	507	12	4	9	15	20	6
ENSG00000135443	507	33	13	21	26	12	7
ENSG00000139910	507	21	16	13	17	10	3
ENSG00000179455	507	22	7	21	23	19	10
ENSG00000166816	507	21	7	19	27	15	13
ENSG00000178202	507	31	16	21	32	23	23
ENSG00000007264	507	25	13	23	31	24	13
ENSG00000197355	507	28	7	20	32	22	15
ENSG00000103257	507	16	11	5	9	21	2
ENSG00000170385	507	19	9	18	27	15	11
ENSG00000100299	507	14	2	11	23	16	12
ENSG00000196236	507	23	9	19	31	20	19
ENSG00000160326	507	16	2	6	8	26	6
ENSG00000150656	507	25	15	19	30	29	21
ENSG00000138750	507	27	19	21	22	14	8
ENSG00000088035	507	19	11	5	18	29	9
ENSG00000134077	507	25	14	16	29	21	19
ENSG00000175662	507	21	13	20	25	8	19
ENSG00000175985	506	25	21	21	21	14	4
ENSG00000147117	506	28	17	24	25	33	5
ENSG00000163072	506	28	29	25	20	18	6
ENSG00000198929	506	28	12	21	30	12	19
ENSG00000102287	506	18	8	14	24	13	10
ENSG00000166446	506	19	20	17	25	15	15
ENSG00000166402	506	19	13	16	28	17	15
ENSG00000138152	506	31	26	17	26	26	10
ENSG00000235268	506	16	6	16	19	22	7
ENSG00000172817	506	25	16	21	26	26	15
ENSG00000112855	506	27	19	23	30	26	13
ENSG00000134294	506	12	7	7	13	25	5
ENSG00000166428	506	18	5	11	21	21	12
ENSG00000136098	506	24	18	20	23	18	8
ENSG00000108465	506	25	17	27	26	19	16
ENSG00000123836	505	35	22	23	25	29	11
ENSG00000065491	505	28	10	19	30	22	13
ENSG00000116005	505	23	15	14	30	29	10
ENSG00000167004	505	27	22	23	26	31	19
ENSG00000198093	505	26	25	25	24	22	7
ENSG00000100220	505	25	18	9	21	19	17
ENSG00000155367	505	25	7	17	31	16	16
ENSG00000184481	505	16	9	15	17	10	4
ENSG00000135503	505	21	5	17	27	20	12
ENSG00000122359	505	19	12	13	16	15	13
ENSG00000115966	505	17	13	14	23	8	8
ENSG00000256394	505	19	15	16	22	29	6
ENSG00000004660	505	29	17	16	24	20	19
ENSG00000087448	505	21	2	20	30	27	10
ENSG00000164823	505	18	12	13	25	27	12
ENSG00000132170	505	19	21	25	31	23	19
ENSG00000140718	505	29	17	18	28	21	16
ENSG00000132000	505	23	0	10	18	10	5
ENSG00000055147	505	31	29	25	23	9	7
ENSG00000106299	505	22	13	10	19	9	13
ENSG00000205426	505	27	11	22	27	12	8
ENSG00000111816	505	32	18	25	31	27	19
ENSG00000080644	505	23	13	11	24	26	15
ENSG00000186854	505	18	10	16	23	23	15
ENSG00000136573	505	30	15	25	34	30	14
ENSG00000101400	505	25	11	22	32	18	18
ENSG00000167600	504	21	6	11	18	22	7
ENSG00000182199	504	29	9	14	25	20	19
ENSG00000180773	504	20	10	12	19	22	5
ENSG00000102580	504	24	17	19	21	19	25
ENSG00000188917	504	26	10	18	25	22	6
ENSG00000198053	504	25	10	23	31	16	9
ENSG00000034971	504	27	7	23	32	21	15
ENSG00000177666	504	21	4	19	23	20	9
ENSG00000205639	504	11	7	6	11	17	2
ENSG00000110107	504	18	12	11	34	20	19
ENSG00000127418	504	21	16	3	19	16	15
ENSG00000100324	504	24	8	18	30	15	22
ENSG00000104892	504	28	11	23	28	7	9
ENSG00000175920	504	17	3	15	32	17	12
ENSG00000176399	504	24	8	9	15	13	9
ENSG00000100883	504	30	26	14	24	15	19
ENSG00000119547	504	17	7	13	21	12	6
ENSG00000100156	504	13	1	12	14	20	5
ENSG00000010282	504	22	6	10	22	30	10
ENSG00000172748	504	26	21	22	21	26	4
ENSG00000137693	504	17	6	14	18	10	15
ENSG00000127419	504	14	0	9	12	24	9
ENSG00000095261	504	27	9	28	33	12	9
ENSG00000185507	503	17	4	17	27	17	9
ENSG00000101280	503	28	12	19	26	16	8
ENSG00000187690	503	22	3	14	19	7	10
ENSG00000185278	503	25	8	18	24	15	11
ENSG00000186094	503	25	14	11	29	25	20
ENSG00000106799	503	24	10	18	26	17	13
ENSG00000124678	503	23	18	17	25	10	12
ENSG00000139567	503	23	6	17	30	13	13
ENSG00000021461	503	23	18	16	28	23	21
ENSG00000134897	503	27	18	12	23	22	10
ENSG00000106459	503	10	7	22	25	13	10
ENSG00000138050	503	30	24	21	30	26	18
ENSG00000161904	503	29	9	13	17	18	10
ENSG00000115935	503	21	4	6	14	5	5
ENSG00000160868	503	23	19	20	27	25	17
ENSG00000137869	503	29	21	20	23	16	12
ENSG00000179142	503	28	10	20	28	24	6
ENSG00000160882	503	27	6	21	29	22	7
ENSG00000181523	502	21	3	9	28	23	19
ENSG00000268235	502	23	16	23	26	10	14
ENSG00000091732	502	27	16	24	32	13	18
ENSG00000178467	502	19	1	22	29	18	10
ENSG00000175344	502	15	7	14	25	24	17
ENSG00000134901	502	33	23	18	34	26	21
ENSG00000155111	502	21	15	13	23	24	16
ENSG00000180787	502	31	15	27	27	25	3
ENSG00000008441	502	21	11	7	18	18	18
ENSG00000015285	502	21	5	7	19	10	10
ENSG00000132970	502	16	9	14	21	10	15
ENSG00000165006	502	22	15	14	19	14	12
ENSG00000056736	502	22	11	13	25	25	12
ENSG00000215029	502	23	16	23	26	10	14
ENSG00000206199	502	29	26	15	23	25	11
ENSG00000065457	502	26	20	14	28	18	12
ENSG00000184560	501	20	4	9	14	18	8
ENSG00000275183	501	23	2	12	20	12	5
ENSG00000056998	501	16	10	12	17	16	11
ENSG00000134955	501	9	2	7	14	17	8
ENSG00000110435	501	22	21	15	25	12	18
ENSG00000186104	501	25	11	20	22	31	10
ENSG00000164076	501	23	14	16	33	18	20
ENSG00000185189	501	24	8	23	25	20	15
ENSG00000127191	501	26	17	19	28	18	12
ENSG00000162989	501	19	16	11	28	19	15
ENSG00000142583	501	11	6	10	12	30	2
ENSG00000170175	501	23	4	14	21	25	16
ENSG00000115866	501	36	17	21	26	19	18
ENSG00000186318	501	17	5	18	22	29	12
ENSG00000110455	501	28	13	16	30	24	21
ENSG00000198768	501	20	3	14	22	18	7
ENSG00000125965	501	24	20	12	21	14	15
ENSG00000105676	501	22	10	15	24	11	16
ENSG00000162944	501	25	16	22	24	19	14
ENSG00000165092	501	22	17	15	24	22	12
ENSG00000183431	501	23	16	26	29	25	16
ENSG00000168214	500	19	14	18	27	23	12
ENSG00000221890	500	20	7	12	23	13	14
ENSG00000161381	500	23	5	14	27	21	23
ENSG00000113303	500	25	12	18	27	24	11
ENSG00000185880	500	33	31	24	34	18	14
ENSG00000149131	500	23	15	13	24	13	12
ENSG00000101670	500	22	16	15	28	32	15
ENSG00000156853	500	25	3	17	22	20	9
ENSG00000149218	500	24	12	12	20	21	12
ENSG00000146232	500	27	3	16	24	5	14
ENSG00000188803	500	26	8	16	20	16	10
ENSG00000155380	500	12	7	5	10	23	5
ENSG00000101190	500	16	9	23	25	4	13
ENSG00000183044	500	32	20	13	24	20	11
ENSG00000121005	500	26	10	10	15	25	8
ENSG00000146833	500	27	17	23	27	20	8
ENSG00000198914	500	9	7	7	14	12	7
ENSG00000166037	500	24	22	19	25	6	8
ENSG00000124212	500	26	6	21	25	23	19
ENSG00000177125	500	25	12	17	22	16	17
ENSG00000162885	500	23	12	9	22	27	15
ENSG00000121350	500	17	16	24	27	25	9
ENSG00000103342	499	24	20	17	30	18	15
ENSG00000239961	499	21	5	17	22	17	5
ENSG00000176444	499	19	8	19	28	30	15
ENSG00000148798	499	32	11	25	28	12	11
ENSG00000117399	499	21	8	14	25	19	12
ENSG00000164089	499	26	20	22	31	22	17
ENSG00000105366	499	17	7	9	19	17	10
ENSG00000011485	499	25	17	23	31	27	18
ENSG00000099937	499	26	23	16	24	27	12
ENSG00000145349	499	24	15	20	26	21	20
ENSG00000177301	499	18	6	12	21	23	13
ENSG00000105618	499	21	19	16	21	15	11
ENSG00000214652	499	27	27	20	28	34	10
ENSG00000171291	499	20	20	23	26	34	7
ENSG00000164626	499	13	11	18	20	22	8
ENSG00000130024	498	21	14	25	26	17	16
ENSG00000132274	498	25	16	16	24	16	16
ENSG00000174945	498	23	5	20	29	17	15
ENSG00000106328	498	22	5	10	17	27	11
ENSG00000120729	498	27	15	13	25	18	16
ENSG00000196152	498	31	17	27	25	29	3
ENSG00000139437	498	27	18	28	26	10	4
ENSG00000128604	498	21	8	14	22	19	9
ENSG00000154188	498	31	18	22	25	19	8
ENSG00000158195	498	16	6	15	21	10	16
ENSG00000174586	498	29	13	28	34	24	4
ENSG00000197124	498	27	24	24	22	35	4
ENSG00000152465	498	24	18	21	22	21	16
ENSG00000146039	497	10	5	3	11	26	6
ENSG00000196505	497	25	16	18	25	25	18
ENSG00000068971	497	24	16	22	24	23	6
ENSG00000117479	497	9	4	8	15	26	4
ENSG00000116151	497	19	4	18	29	17	11
ENSG00000089195	497	28	19	18	26	14	15
ENSG00000101966	497	31	14	24	30	23	15
ENSG00000100197	497	23	2	12	24	25	18
ENSG00000103196	497	24	16	14	21	21	6
ENSG00000159322	497	17	7	17	30	20	13
ENSG00000109738	497	22	11	12	28	22	16
ENSG00000136448	496	20	17	20	21	22	10
ENSG00000204532	496	21	13	27	30	14	11
ENSG00000135917	496	9	4	7	15	23	4
ENSG00000162510	496	27	17	11	27	19	16
ENSG00000104205	496	19	13	21	29	28	19
ENSG00000242875	496	27	6	17	25	27	21
ENSG00000105255	496	25	15	18	25	22	16
ENSG00000242389	496	27	6	17	25	26	21
ENSG00000105928	496	25	15	22	26	8	18
ENSG00000059804	496	10	4	12	14	26	2
ENSG00000091879	496	28	20	24	24	21	12
ENSG00000272031	496	23	4	19	25	8	10
ENSG00000146094	496	22	6	21	31	8	13
ENSG00000105325	496	28	15	14	28	20	10
ENSG00000102225	496	28	18	25	33	18	20
ENSG00000131848	496	25	18	29	31	14	15
ENSG00000126003	496	17	19	14	24	14	10
ENSG00000133460	496	14	4	13	13	21	1
ENSG00000234414	496	27	6	17	25	26	21
ENSG00000137509	496	20	15	12	21	26	16
ENSG00000244395	496	27	6	17	25	26	21
ENSG00000167701	496	22	6	21	32	16	9
ENSG00000159658	495	27	23	23	29	12	17
ENSG00000168079	495	30	10	18	29	12	22
ENSG00000182901	495	22	19	21	31	24	24
ENSG00000188833	495	14	3	13	26	20	6
ENSG00000181027	495	23	1	14	21	24	10
ENSG00000138587	495	33	33	30	27	17	9
ENSG00000110448	495	24	8	12	18	23	7
ENSG00000169291	495	25	19	20	24	14	13
ENSG00000070950	495	31	25	22	24	10	14
ENSG00000273274	495	20	10	14	22	15	16
ENSG00000111262	495	21	7	9	20	18	13
ENSG00000185347	495	25	2	24	30	11	7
ENSG00000143536	495	25	3	31	28	6	8
ENSG00000054179	495	18	3	5	19	18	13
ENSG00000083635	495	20	19	16	26	17	17
ENSG00000121410	495	15	5	15	24	26	15
ENSG00000119599	495	20	8	9	27	21	15
ENSG00000197213	495	29	16	23	32	13	16
ENSG00000231852	495	25	10	14	24	20	11
ENSG00000117625	495	24	18	13	19	17	11
ENSG00000170260	495	23	14	26	25	16	3
ENSG00000168259	494	32	23	21	30	23	21
ENSG00000164236	494	22	6	14	21	7	10
ENSG00000109814	494	27	15	22	30	25	17
ENSG00000181619	494	14	2	4	11	18	1
ENSG00000145414	494	9	9	22	22	16	11
ENSG00000101298	494	24	9	16	27	9	16
ENSG00000197838	494	32	19	13	24	29	13
ENSG00000186814	494	29	18	24	26	21	4
ENSG00000198077	494	29	17	13	25	29	14
ENSG00000143149	494	24	14	23	25	25	7
ENSG00000145882	494	17	7	10	22	28	7
ENSG00000162975	494	22	13	16	21	17	9
ENSG00000213390	494	27	18	14	24	21	14
ENSG00000255974	494	31	16	15	25	30	14
ENSG00000101557	494	25	19	16	24	24	15
ENSG00000187242	494	25	10	20	23	10	20
ENSG00000116350	494	14	22	17	22	10	13
ENSG00000047056	494	27	10	7	24	17	20
ENSG00000152518	494	17	8	11	16	16	8
ENSG00000132256	493	31	20	21	27	20	15
ENSG00000167264	493	33	17	22	29	12	13
ENSG00000139631	493	25	13	14	26	24	15
ENSG00000151445	493	27	16	20	22	31	13
ENSG00000103150	493	29	13	20	27	18	6
ENSG00000115380	493	23	5	13	18	23	10
ENSG00000075618	493	28	15	17	26	29	21
ENSG00000160959	493	26	0	17	25	11	10
ENSG00000113119	493	13	2	24	25	8	2
ENSG00000167619	493	14	9	6	14	25	9
ENSG00000054392	493	16	5	9	11	24	4
ENSG00000100979	493	22	7	15	23	15	10
ENSG00000136859	493	30	13	18	24	20	13
ENSG00000124299	493	22	7	21	29	20	15
ENSG00000162878	493	16	3	15	19	19	10
ENSG00000170523	493	27	11	23	28	12	8
ENSG00000167741	493	11	1	7	17	3	6
ENSG00000130649	493	25	16	9	17	28	13
ENSG00000181754	493	21	9	12	24	20	11
ENSG00000154040	493	18	16	27	30	8	11
ENSG00000123612	493	23	10	19	29	16	10
ENSG00000104228	493	30	13	18	27	21	12
ENSG00000104635	492	13	6	12	22	22	12
ENSG00000137218	492	26	7	19	29	14	10
ENSG00000100284	492	18	10	24	26	8	19
ENSG00000135720	492	24	16	21	26	16	17
ENSG00000184012	492	16	11	9	24	24	13
ENSG00000139620	492	21	12	26	28	15	13
ENSG00000176978	492	23	4	15	28	23	21
ENSG00000104967	492	19	13	13	16	11	0
ENSG00000126775	492	18	12	20	25	17	10
ENSG00000130299	492	20	0	15	19	4	19
ENSG00000117394	492	13	4	14	16	25	3
ENSG00000163564	492	26	22	21	22	14	9
ENSG00000126856	492	22	8	15	17	21	8
ENSG00000011677	492	27	14	8	19	25	11
ENSG00000186765	492	25	10	11	24	31	18
ENSG00000253710	492	15	11	17	19	23	6
ENSG00000157703	492	19	8	10	15	20	3
ENSG00000131013	492	25	16	19	25	23	27
ENSG00000121775	492	21	11	6	18	23	6
ENSG00000127080	491	25	18	17	28	26	10
ENSG00000161513	491	30	12	13	19	16	12
ENSG00000180611	491	28	17	16	28	21	17
ENSG00000105879	491	19	9	10	18	13	9
ENSG00000134802	491	14	5	4	9	28	3
ENSG00000143294	491	15	14	15	20	11	7
ENSG00000164484	491	22	14	13	25	13	13
ENSG00000167711	491	18	9	17	24	20	12
ENSG00000197408	491	24	16	17	24	22	12
ENSG00000104375	491	27	23	22	35	13	20
ENSG00000182318	491	29	17	27	26	23	7
ENSG00000165046	491	27	18	20	26	16	7
ENSG00000183580	491	25	10	18	24	14	14
ENSG00000135679	491	18	10	21	20	15	18
ENSG00000170745	491	14	12	11	15	21	11
ENSG00000105835	491	28	23	20	25	28	16
ENSG00000171564	491	29	16	13	25	21	16
ENSG00000116194	491	24	19	19	26	22	12
ENSG00000197343	491	26	27	22	23	23	11
ENSG00000186625	491	31	24	25	30	13	16
ENSG00000166173	491	29	16	15	21	13	11
ENSG00000165929	490	28	22	15	26	24	11
ENSG00000053254	490	23	13	12	21	19	11
ENSG00000119917	490	24	20	22	28	20	16
ENSG00000053770	490	17	16	18	30	26	14
ENSG00000143502	490	13	5	16	28	22	16
ENSG00000164651	490	11	8	5	15	12	9
ENSG00000171490	490	22	21	17	22	10	4
ENSG00000198625	490	22	17	17	19	13	24
ENSG00000105983	490	12	3	13	14	16	2
ENSG00000115593	490	24	16	24	29	22	10
ENSG00000176435	490	25	7	19	22	14	10
ENSG00000157214	490	27	13	7	19	26	7
ENSG00000241839	490	21	12	21	29	10	14
ENSG00000138115	490	28	20	9	21	19	12
ENSG00000179335	490	22	13	28	30	26	11
ENSG00000105223	490	18	6	12	25	23	13
ENSG00000139287	490	29	24	24	30	25	15
ENSG00000126351	490	28	20	20	29	12	16
ENSG00000138109	490	24	17	12	20	20	9
ENSG00000165841	490	29	17	13	23	18	11
ENSG00000125409	490	26	15	21	29	17	21
ENSG00000197951	489	32	18	29	29	30	6
ENSG00000132768	489	20	2	15	26	18	11
ENSG00000105819	489	26	9	21	29	16	12
ENSG00000010072	489	28	23	19	20	15	8
ENSG00000197128	489	21	17	22	24	32	7
ENSG00000163960	489	21	14	24	30	17	21
ENSG00000027697	489	16	9	24	26	21	10
ENSG00000172725	489	19	12	14	29	22	17
ENSG00000185000	488	15	5	7	16	19	5
ENSG00000100565	488	29	19	19	29	21	17
ENSG00000099953	488	20	3	12	23	22	16
ENSG00000115107	488	20	8	7	15	23	7
ENSG00000175048	488	17	4	10	15	18	9
ENSG00000169087	488	21	10	16	26	22	12
ENSG00000176142	488	21	8	5	16	22	6
ENSG00000121236	488	26	12	21	22	21	11
ENSG00000136630	488	13	7	7	13	9	11
ENSG00000120647	488	23	21	29	27	13	15
ENSG00000141096	488	20	1	12	23	14	9
ENSG00000138279	488	19	6	15	21	14	13
ENSG00000251247	488	30	18	23	25	34	5
ENSG00000196591	488	21	14	20	24	22	17
ENSG00000124191	488	15	7	9	17	12	14
ENSG00000182858	488	20	5	5	10	24	3
ENSG00000171522	488	16	2	9	16	12	5
ENSG00000125508	488	19	11	21	33	24	9
ENSG00000101425	487	19	14	11	17	17	8
ENSG00000146755	487	27	9	22	27	15	12
ENSG00000107789	487	25	12	14	24	20	15
ENSG00000101109	487	26	22	23	32	15	24
ENSG00000138386	487	26	17	25	34	16	13
ENSG00000196639	487	17	13	11	17	21	10
ENSG00000111371	487	17	13	7	12	31	7
ENSG00000118514	487	23	14	21	25	24	9
ENSG00000164180	487	21	10	11	17	17	4
ENSG00000139178	487	19	8	17	25	23	13
ENSG00000151967	487	27	13	15	18	9	15
ENSG00000168679	487	11	7	5	12	19	4
ENSG00000174915	487	18	5	12	25	28	14
ENSG00000011590	487	24	7	12	18	12	4
ENSG00000171649	487	25	18	19	26	24	7
ENSG00000021488	487	11	6	5	8	25	2
ENSG00000117009	486	28	17	8	16	23	9
ENSG00000171469	486	27	21	18	19	30	5
ENSG00000149187	486	16	10	8	11	16	7
ENSG00000066027	486	24	21	22	24	31	6
ENSG00000100266	486	23	19	29	29	22	21
ENSG00000167261	486	27	5	12	24	16	10
ENSG00000113108	486	22	9	10	24	18	18
ENSG00000170442	486	31	11	22	27	11	8
ENSG00000110074	486	18	9	21	24	20	11
ENSG00000165752	486	20	5	20	25	20	19
ENSG00000187191	486	9	5	7	8	21	0
ENSG00000101489	486	13	8	8	13	17	7
ENSG00000197093	486	28	9	3	16	21	13
ENSG00000162722	486	25	8	23	27	20	11
ENSG00000147119	486	28	5	11	25	12	16
ENSG00000169057	486	23	25	26	26	6	8
ENSG00000169660	486	22	6	19	21	17	9
ENSG00000180353	486	18	18	24	24	20	14
ENSG00000073536	485	24	9	11	35	28	24
ENSG00000196660	485	16	10	13	24	13	13
ENSG00000121864	485	22	16	20	31	21	21
ENSG00000089902	485	24	21	16	22	14	14
ENSG00000099968	485	21	12	28	29	9	8
ENSG00000256525	485	23	13	16	31	19	12
ENSG00000112130	485	24	20	24	31	13	8
ENSG00000168612	485	25	13	15	26	18	11
ENSG00000137098	485	23	7	15	21	18	6
ENSG00000123992	485	24	8	19	29	14	8
ENSG00000101940	485	23	2	13	24	20	17
ENSG00000161551	485	28	16	22	30	24	7
ENSG00000161082	485	15	10	10	16	16	10
ENSG00000072210	485	21	17	18	27	23	11
ENSG00000090470	485	17	6	18	21	11	8
ENSG00000159714	485	18	8	9	18	15	6
ENSG00000167333	485	23	16	24	24	23	13
ENSG00000144115	484	28	8	19	31	17	12
ENSG00000116754	484	12	14	12	16	4	14
ENSG00000174080	484	26	14	13	20	21	12
ENSG00000239900	484	24	16	19	26	18	17
ENSG00000013441	484	24	19	23	27	27	22
ENSG00000165195	484	24	13	13	23	24	9
ENSG00000217236	484	17	11	8	15	17	4
ENSG00000136929	484	20	21	24	25	10	15
ENSG00000197586	484	22	16	16	24	22	11
ENSG00000213214	484	18	6	25	22	8	12
ENSG00000107882	484	19	6	20	26	21	12
ENSG00000204099	484	16	0	10	25	20	13
ENSG00000125999	484	25	17	10	22	11	15
ENSG00000175832	484	15	7	25	32	26	15
ENSG00000104518	484	16	5	23	30	14	10
ENSG00000101353	483	25	11	21	28	17	10
ENSG00000116726	483	26	10	21	26	15	11
ENSG00000108588	483	20	19	17	23	18	18
ENSG00000105671	483	27	13	17	22	16	11
ENSG00000176974	483	25	19	15	29	23	14
ENSG00000142657	483	22	19	18	26	30	18
ENSG00000186335	483	18	11	8	15	21	7
ENSG00000170421	483	29	20	23	22	16	13
ENSG00000105723	483	17	9	16	23	16	7
ENSG00000119673	483	30	13	22	26	21	6
ENSG00000170653	483	17	11	14	19	7	6
ENSG00000196391	483	29	20	26	32	29	6
ENSG00000003147	483	29	24	21	28	19	17
ENSG00000125351	483	18	22	20	13	6	14
ENSG00000164402	483	21	17	18	24	21	10
ENSG00000082014	483	28	19	14	23	16	20
ENSG00000110367	483	25	13	10	23	17	13
ENSG00000047249	483	25	20	23	24	23	6
ENSG00000109832	483	25	16	15	26	21	17
ENSG00000068912	483	27	20	20	26	23	5
ENSG00000122574	483	22	12	6	13	5	6
ENSG00000152778	482	23	21	18	22	23	13
ENSG00000137992	482	25	25	13	19	21	15
ENSG00000064726	482	22	7	17	24	27	11
ENSG00000122674	482	31	22	17	27	24	15
ENSG00000175634	482	16	8	14	22	20	12
ENSG00000146574	482	31	22	17	27	24	15
ENSG00000025708	482	24	6	15	26	4	15
ENSG00000138757	482	24	10	18	26	8	6
ENSG00000143507	482	19	12	9	16	11	9
ENSG00000205268	482	23	4	15	25	26	14
ENSG00000178386	482	26	19	21	26	26	16
ENSG00000089916	482	23	16	20	22	16	13
ENSG00000171860	482	12	2	5	15	28	12
ENSG00000116478	482	23	14	16	22	23	16
ENSG00000163596	482	21	17	18	25	18	14
ENSG00000162520	482	25	7	26	23	11	11
ENSG00000204613	481	28	8	27	28	12	12
ENSG00000147894	481	22	13	19	24	19	7
ENSG00000038210	481	32	13	18	21	22	16
ENSG00000102794	481	21	18	13	26	23	11
ENSG00000140488	481	15	8	6	15	16	10
ENSG00000106302	481	20	11	9	21	21	16
ENSG00000105221	481	30	16	25	27	28	15
ENSG00000170075	481	14	4	13	21	15	4
ENSG00000113240	481	23	11	25	26	25	21
ENSG00000135914	481	15	12	7	13	19	6
ENSG00000135537	481	25	18	17	26	27	17
ENSG00000165312	481	14	7	19	23	16	16
ENSG00000106351	481	13	4	5	10	24	2
ENSG00000100344	481	26	12	11	19	15	11
ENSG00000129988	481	14	9	17	28	19	7
ENSG00000122435	481	29	20	23	33	14	12
ENSG00000110060	481	29	16	18	29	24	11
ENSG00000188629	481	28	28	22	22	27	13
ENSG00000115325	481	23	10	17	28	19	15
ENSG00000198915	481	23	12	16	27	17	12
ENSG00000103647	480	24	14	22	33	21	15
ENSG00000155893	480	22	13	11	23	24	12
ENSG00000166033	480	19	11	20	22	8	11
ENSG00000161091	480	13	1	3	7	17	2
ENSG00000173124	480	22	15	8	20	21	11
ENSG00000132437	480	22	14	20	26	22	14
ENSG00000179348	480	13	7	6	10	17	4
ENSG00000164176	480	26	15	8	23	26	16
ENSG00000130703	480	27	17	21	19	20	8
ENSG00000130766	480	24	6	23	25	17	15
ENSG00000103199	480	25	6	22	24	13	8
ENSG00000142208	480	29	15	29	27	27	15
ENSG00000010256	480	24	8	19	24	18	15
ENSG00000126254	480	13	6	12	19	9	8
ENSG00000114491	480	27	17	22	30	12	16
ENSG00000064601	480	18	12	14	21	26	11
ENSG00000103423	480	22	13	12	21	20	13
ENSG00000132463	480	27	11	17	22	24	15
ENSG00000003402	480	26	15	20	29	20	21
ENSG00000170549	480	18	12	11	17	13	8
ENSG00000167595	480	11	6	15	25	11	11
ENSG00000064545	479	20	3	9	15	19	6
ENSG00000279804	479	28	10	24	29	18	11
ENSG00000188916	479	23	17	22	28	13	9
ENSG00000204480	479	26	11	26	30	17	10
ENSG00000157349	479	27	23	21	28	16	16
ENSG00000132467	479	13	19	18	21	10	15
ENSG00000140519	479	11	2	4	14	21	7
ENSG00000157554	479	23	12	13	28	23	16
ENSG00000127585	479	20	9	12	19	11	10
ENSG00000161940	479	24	6	16	23	16	4
ENSG00000172239	479	17	6	20	19	19	11
ENSG00000115112	479	20	12	15	28	29	12
ENSG00000165695	479	28	9	19	24	19	16
ENSG00000028277	479	13	10	8	13	10	9
ENSG00000155252	479	29	15	12	23	19	13
ENSG00000180720	479	12	9	5	7	18	2
ENSG00000122863	479	22	10	19	28	14	11
ENSG00000117020	479	28	18	23	27	26	22
ENSG00000064012	479	25	16	18	27	26	18
ENSG00000148680	479	14	8	10	21	22	9
ENSG00000138032	479	22	8	18	25	16	16
ENSG00000185745	478	27	19	25	25	21	12
ENSG00000166736	478	18	5	13	30	26	15
ENSG00000168872	478	28	22	21	28	16	16
ENSG00000109072	478	19	7	20	27	24	17
ENSG00000111142	478	23	19	14	23	13	18
ENSG00000266524	478	27	9	15	24	14	18
ENSG00000070808	478	23	13	22	25	21	18
ENSG00000138760	478	21	13	19	26	25	16
ENSG00000251692	478	21	3	18	28	15	11
ENSG00000118596	478	10	10	7	11	22	5
ENSG00000187140	478	10	6	11	12	13	5
ENSG00000182050	478	25	18	18	26	27	17
ENSG00000114626	478	25	7	15	24	28	24
ENSG00000105373	478	12	9	19	22	7	12
ENSG00000204347	478	21	1	11	20	21	8
ENSG00000197417	478	20	3	8	22	15	12
ENSG00000122375	478	13	4	7	11	26	2
ENSG00000010244	478	6	6	3	5	10	4
ENSG00000126903	477	12	4	7	9	17	5
ENSG00000112186	477	25	17	20	25	20	8
ENSG00000057704	477	27	23	16	26	14	13
ENSG00000143224	477	24	3	20	23	14	5
ENSG00000156486	477	19	10	13	19	22	12
ENSG00000139131	477	26	15	9	22	15	14
ENSG00000182447	477	18	18	15	19	15	13
ENSG00000112796	477	18	14	6	21	30	19
ENSG00000171103	477	25	13	16	18	16	13
ENSG00000162931	477	25	7	23	31	18	6
ENSG00000043591	477	10	2	6	15	15	8
ENSG00000149968	477	23	16	22	27	23	20
ENSG00000103495	477	15	13	7	19	10	7
ENSG00000177238	477	23	9	21	28	12	10
ENSG00000137513	477	23	12	24	28	23	7
ENSG00000136856	477	14	2	8	11	21	3
ENSG00000133055	477	20	6	16	28	16	14
ENSG00000134138	477	12	4	8	20	16	15
ENSG00000169676	477	12	1	7	15	23	12
ENSG00000085491	477	26	19	20	26	18	11
ENSG00000173545	477	25	22	14	20	18	12
ENSG00000135744	476	18	9	8	21	25	15
ENSG00000188868	476	27	17	12	17	28	6
ENSG00000106066	476	23	13	16	28	28	17
ENSG00000196151	476	21	19	11	26	21	18
ENSG00000100056	476	23	16	20	21	14	7
ENSG00000127328	476	19	13	23	26	15	12
ENSG00000137251	476	31	24	18	21	20	10
ENSG00000107745	476	27	21	18	22	24	19
ENSG00000188747	476	25	2	13	23	21	13
ENSG00000007237	476	19	14	24	27	20	10
ENSG00000103245	476	26	10	21	27	19	16
ENSG00000161249	476	16	7	13	19	11	6
ENSG00000109472	476	24	15	14	25	25	13
ENSG00000166670	476	25	13	22	26	18	17
ENSG00000134216	476	15	8	7	14	23	8
ENSG00000169495	476	22	5	7	20	12	8
ENSG00000146038	476	22	18	19	26	12	19
ENSG00000101654	476	25	24	24	27	17	14
ENSG00000123643	476	15	4	8	16	22	5
ENSG00000087077	476	21	4	16	27	13	11
ENSG00000141198	476	13	10	16	26	13	14
ENSG00000068394	476	29	9	15	23	10	15
ENSG00000174279	476	13	6	11	15	13	2
ENSG00000169062	476	22	19	21	26	6	11
ENSG00000155636	476	25	11	18	22	25	11
ENSG00000172893	475	12	10	3	17	25	12
ENSG00000128610	475	25	20	8	18	20	4
ENSG00000146433	475	18	12	6	14	25	6
ENSG00000074935	475	19	11	10	21	23	18
ENSG00000179300	475	7	4	22	25	17	10
ENSG00000164010	475	24	13	16	23	18	10
ENSG00000170684	475	19	9	15	21	14	5
ENSG00000132109	475	26	16	19	25	17	13
ENSG00000119457	475	15	4	2	10	23	3
ENSG00000135521	475	19	15	23	20	15	15
ENSG00000162396	475	24	13	17	22	17	13
ENSG00000143303	475	25	4	18	24	16	6
ENSG00000133313	475	26	22	16	27	24	15
ENSG00000198246	475	14	2	7	9	22	4
ENSG00000137473	475	19	17	26	28	25	19
ENSG00000154438	475	20	14	23	28	8	15
ENSG00000084073	475	19	17	14	25	26	11
ENSG00000114767	475	24	12	12	30	16	15
ENSG00000063244	475	15	15	7	22	15	17
ENSG00000130638	475	27	13	23	31	14	18
ENSG00000148925	475	22	12	19	29	15	12
ENSG00000188283	475	26	16	23	22	34	3
ENSG00000145014	475	22	6	4	14	19	11
ENSG00000131236	475	28	24	19	26	16	12
ENSG00000142273	474	22	5	17	26	14	14
ENSG00000130734	474	24	8	11	25	20	16
ENSG00000101076	474	18	10	19	30	14	17
ENSG00000155875	474	29	19	18	28	22	16
ENSG00000124766	474	10	10	10	15	12	10
ENSG00000204510	474	25	11	21	27	14	14
ENSG00000145321	474	28	26	26	24	20	17
ENSG00000166788	474	24	16	25	28	18	16
ENSG00000277758	474	24	11	14	20	16	13
ENSG00000004948	474	9	5	8	15	25	4
ENSG00000100983	474	27	10	25	30	15	11
ENSG00000138029	474	26	18	9	22	20	12
ENSG00000117266	474	26	12	23	28	24	12
ENSG00000204010	474	32	24	26	26	24	11
ENSG00000211899	474	24	12	15	26	18	12
ENSG00000182330	474	25	11	21	27	14	14
ENSG00000110880	474	21	17	10	28	21	21
ENSG00000013561	474	22	15	17	20	24	10
ENSG00000181982	474	25	23	25	23	5	14
ENSG00000108091	474	21	14	17	16	9	4
ENSG00000159592	474	25	17	15	18	20	7
ENSG00000105053	474	24	16	13	23	24	12
ENSG00000188305	473	20	1	11	15	15	7
ENSG00000089022	473	24	23	17	25	14	16
ENSG00000186832	473	31	11	23	24	12	14
ENSG00000105784	473	22	14	21	28	14	17
ENSG00000090054	473	21	15	19	27	21	7
ENSG00000103037	473	23	9	21	23	16	4
ENSG00000139133	473	18	10	4	10	23	2
ENSG00000130810	473	21	15	14	22	9	9
ENSG00000138670	473	25	14	20	28	23	12
ENSG00000081189	473	14	7	12	16	11	12
ENSG00000185739	473	23	19	21	25	23	14
ENSG00000213588	473	20	12	9	18	15	7
ENSG00000062194	473	24	17	14	19	18	14
ENSG00000142959	473	18	3	11	18	24	10
ENSG00000169718	473	24	15	23	29	17	9
ENSG00000156471	473	19	10	9	17	27	8
ENSG00000166529	473	28	19	25	29	22	4
ENSG00000159496	473	17	7	18	21	15	6
ENSG00000068001	473	14	2	14	26	26	11
ENSG00000152495	473	29	18	20	22	19	14
ENSG00000175548	473	18	10	4	8	23	2
ENSG00000132824	473	19	11	6	10	19	4
ENSG00000158402	473	24	19	19	30	14	20
ENSG00000183783	473	18	14	17	26	12	19
ENSG00000188782	472	16	3	18	21	16	7
ENSG00000130054	472	16	6	14	22	16	9
ENSG00000125505	472	18	6	3	7	19	6
ENSG00000129514	472	11	7	10	16	17	8
ENSG00000166359	472	30	19	11	32	23	26
ENSG00000130741	472	23	16	16	27	12	9
ENSG00000135218	472	16	12	19	23	28	12
ENSG00000064218	472	24	10	16	20	12	7
ENSG00000104324	472	19	15	17	26	18	11
ENSG00000118432	472	18	13	6	17	24	12
ENSG00000165495	472	8	4	7	12	7	11
ENSG00000140474	472	23	10	27	32	13	15
ENSG00000101574	472	25	22	22	27	23	16
ENSG00000143416	472	31	15	17	28	24	18
ENSG00000182732	472	20	15	19	30	21	24
ENSG00000186190	472	19	11	12	19	10	7
ENSG00000017483	472	17	6	6	10	25	2
ENSG00000141946	472	27	26	23	28	31	11
ENSG00000153015	472	19	18	24	28	15	17
ENSG00000119922	472	27	18	22	27	17	10
ENSG00000137103	472	15	1	10	19	24	2
ENSG00000186847	472	30	14	19	25	11	18
ENSG00000162777	471	19	15	21	22	25	6
ENSG00000137745	471	27	17	17	24	22	19
ENSG00000147140	471	19	10	21	21	15	6
ENSG00000196123	471	24	8	13	23	18	12
ENSG00000151116	471	28	20	14	25	20	13
ENSG00000170561	471	15	12	14	15	14	10
ENSG00000166140	471	27	9	18	23	12	10
ENSG00000102468	471	18	12	9	14	20	8
ENSG00000008382	471	16	8	8	19	14	12
ENSG00000155304	471	23	18	17	25	16	14
ENSG00000149532	471	20	10	15	19	13	10
ENSG00000140105	471	24	16	13	25	24	20
ENSG00000176979	471	29	19	17	27	21	11
ENSG00000140807	470	27	10	19	23	10	15
ENSG00000175084	470	31	10	23	24	17	14
ENSG00000137824	470	21	14	21	23	16	12
ENSG00000115234	470	24	12	17	23	18	9
ENSG00000071553	470	19	4	13	23	23	15
ENSG00000125945	470	26	12	24	24	31	11
ENSG00000117174	470	32	26	24	21	15	15
ENSG00000135406	470	31	13	26	24	12	10
ENSG00000076604	470	28	12	17	25	17	13
ENSG00000198963	470	23	17	25	29	20	11
ENSG00000175514	470	8	0	9	18	15	12
ENSG00000169905	470	23	20	20	26	13	18
ENSG00000135480	469	29	14	23	23	12	13
ENSG00000148339	469	28	15	20	25	19	8
ENSG00000112473	469	8	5	12	20	15	8
ENSG00000075234	469	24	13	15	31	19	24
ENSG00000112539	469	26	24	25	27	14	10
ENSG00000101276	469	7	0	8	14	21	5
ENSG00000241058	469	24	14	14	24	17	12
ENSG00000150593	469	23	17	18	25	17	19
ENSG00000182631	469	12	8	7	11	22	10
ENSG00000106628	469	22	8	9	21	21	18
ENSG00000174516	469	18	2	9	21	16	10
ENSG00000100347	469	27	14	20	28	25	13
ENSG00000058091	469	24	16	22	27	22	14
ENSG00000018189	469	26	20	24	32	10	16
ENSG00000114268	469	31	12	20	23	25	12
ENSG00000109775	469	22	10	18	32	26	16
ENSG00000183763	469	25	16	19	23	13	12
ENSG00000183260	469	22	4	13	19	19	2
ENSG00000186393	468	23	10	25	27	14	17
ENSG00000125648	468	28	10	21	23	17	9
ENSG00000106069	468	24	17	21	31	16	14
ENSG00000078549	468	14	9	12	15	23	9
ENSG00000140688	468	18	7	10	14	17	9
ENSG00000167470	468	16	6	11	19	4	9
ENSG00000119723	468	17	7	4	21	25	15
ENSG00000154370	468	22	4	27	33	16	11
ENSG00000186951	468	15	17	16	25	14	14
ENSG00000179292	468	24	3	12	14	19	8
ENSG00000168792	468	23	0	18	19	23	3
ENSG00000169684	468	26	19	10	16	23	12
ENSG00000197930	468	24	13	24	26	23	13
ENSG00000093000	468	25	22	14	21	13	15
ENSG00000139192	468	15	4	16	21	18	10
ENSG00000196214	468	23	23	22	25	30	7
ENSG00000104689	468	20	8	13	20	9	14
ENSG00000104112	468	24	25	22	27	13	26
ENSG00000006534	468	20	6	12	22	19	7
ENSG00000142910	467	21	3	13	26	18	16
ENSG00000147576	467	20	11	5	19	16	17
ENSG00000118113	467	20	13	14	26	25	14
ENSG00000112305	467	10	9	10	12	13	10
ENSG00000182256	467	14	10	11	25	24	16
ENSG00000154781	467	20	18	19	22	12	22
ENSG00000120693	467	21	9	14	23	23	9
ENSG00000175387	467	18	8	21	25	22	6
ENSG00000117595	467	21	15	17	24	21	10
ENSG00000043514	467	27	16	20	21	16	13
ENSG00000076344	467	20	11	15	28	19	15
ENSG00000080815	467	18	7	12	17	16	12
ENSG00000154001	467	21	18	21	23	30	7
ENSG00000203837	467	26	17	17	29	27	13
ENSG00000169155	467	20	12	19	23	23	16
ENSG00000168995	467	15	5	9	20	18	9
ENSG00000156925	467	12	8	13	24	22	10
ENSG00000107968	467	25	14	18	27	22	17
ENSG00000086619	467	24	18	19	24	23	11
ENSG00000177352	467	24	18	5	8	6	3
ENSG00000146926	467	26	2	15	26	5	11
ENSG00000001036	467	25	15	21	30	22	11
ENSG00000178028	467	26	22	17	24	14	13
ENSG00000062485	466	19	15	15	24	20	8
ENSG00000160051	466	24	13	22	25	14	11
ENSG00000181072	466	10	8	7	11	15	10
ENSG00000173171	466	24	10	8	13	18	2
ENSG00000141699	466	16	0	16	16	20	14
ENSG00000077514	466	25	27	14	16	9	6
ENSG00000133063	466	21	13	10	25	28	10
ENSG00000026025	466	32	13	23	21	16	17
ENSG00000137770	466	20	17	19	26	14	13
ENSG00000178342	466	19	1	11	15	13	4
ENSG00000120907	466	17	15	5	12	16	6
ENSG00000179163	466	20	15	19	27	24	13
ENSG00000146090	466	21	10	23	27	21	10
ENSG00000129295	466	25	20	27	29	13	17
ENSG00000145907	466	20	7	12	21	9	14
ENSG00000010310	466	22	2	11	14	20	3
ENSG00000130830	466	24	15	23	31	16	12
ENSG00000263155	466	30	21	24	21	8	11
ENSG00000100146	466	12	8	12	19	15	12
ENSG00000079101	466	23	14	27	26	16	14
ENSG00000113658	465	22	12	14	22	21	8
ENSG00000151892	465	19	14	9	22	18	17
ENSG00000181404	465	17	7	16	28	12	13
ENSG00000185345	465	27	10	17	28	15	11
ENSG00000115919	465	25	19	16	25	17	14
ENSG00000102359	465	21	4	11	19	20	13
ENSG00000169856	465	15	6	13	22	9	5
ENSG00000141526	465	15	9	4	12	22	5
ENSG00000170365	465	22	11	15	23	21	8
ENSG00000163285	465	15	9	10	23	21	16
ENSG00000133101	465	22	11	16	26	21	11
ENSG00000175535	465	23	15	13	23	27	13
ENSG00000164188	465	20	18	15	21	17	12
ENSG00000112079	465	23	20	26	32	21	15
ENSG00000170854	465	20	17	14	30	24	15
ENSG00000159409	465	13	11	10	13	16	12
ENSG00000112343	465	19	16	21	29	19	13
ENSG00000106266	465	23	17	19	27	22	13
ENSG00000154743	465	29	18	22	26	18	15
ENSG00000169836	465	12	8	4	10	24	6
ENSG00000079277	465	18	14	16	26	18	12
ENSG00000106633	465	19	8	26	26	21	15
ENSG00000118855	465	12	3	4	9	19	5
ENSG00000109089	465	25	14	25	29	7	11
ENSG00000099875	465	20	8	14	26	19	14
ENSG00000168546	464	22	8	13	27	17	18
ENSG00000033011	464	19	9	12	19	24	12
ENSG00000143740	464	29	7	25	29	14	14
ENSG00000126522	464	24	14	18	24	20	18
ENSG00000109339	464	22	18	14	28	19	18
ENSG00000241484	464	24	10	15	21	24	7
ENSG00000173908	464	26	11	19	26	11	12
ENSG00000138180	464	26	26	28	27	11	9
ENSG00000164074	464	23	19	14	26	20	12
ENSG00000164049	464	20	14	10	26	27	14
ENSG00000211455	464	24	20	26	32	20	17
ENSG00000117601	464	27	21	18	20	24	13
ENSG00000171757	464	22	14	17	27	21	13
ENSG00000126391	464	21	5	20	22	16	10
ENSG00000274523	464	23	6	10	22	24	14
ENSG00000188295	464	22	12	20	21	29	7
ENSG00000104897	464	14	10	15	14	9	5
ENSG00000167792	464	24	14	15	25	20	14
ENSG00000144744	463	24	14	18	23	19	11
ENSG00000136143	463	27	21	12	26	12	16
ENSG00000165119	463	24	10	13	26	9	20
ENSG00000198354	463	23	10	12	27	22	8
ENSG00000198889	463	26	8	13	27	20	11
ENSG00000109861	463	21	12	15	28	21	13
ENSG00000183837	463	23	5	21	25	17	6
ENSG00000087299	463	25	8	11	23	19	13
ENSG00000164530	463	17	8	19	23	15	8
ENSG00000124449	463	23	7	18	26	11	13
ENSG00000129450	463	14	2	8	16	15	9
ENSG00000158864	463	25	10	12	27	20	12
ENSG00000143171	463	23	15	11	19	16	12
ENSG00000101210	463	19	15	13	26	17	16
ENSG00000183207	463	26	15	19	21	13	15
ENSG00000257103	463	19	9	12	16	16	14
ENSG00000138785	462	18	14	15	16	4	8
ENSG00000110169	462	22	9	11	20	18	13
ENSG00000124233	462	29	25	19	26	15	9
ENSG00000165030	462	27	24	24	24	14	9
ENSG00000167554	462	27	19	27	30	26	6
ENSG00000131650	462	18	1	6	19	24	14
ENSG00000257008	462	19	6	6	13	17	6
ENSG00000184160	462	10	5	8	16	18	4
ENSG00000187778	462	26	18	14	24	15	15
ENSG00000047932	462	25	20	17	23	8	18
ENSG00000186350	462	23	17	11	20	15	11
ENSG00000102387	462	19	10	19	21	9	16
ENSG00000119004	462	27	18	22	27	26	8
ENSG00000156508	462	19	15	10	28	19	22
ENSG00000112874	462	27	18	17	21	20	11
ENSG00000103042	462	13	5	6	13	28	6
ENSG00000172469	462	16	11	12	25	24	19
ENSG00000133247	462	28	9	11	20	15	11
ENSG00000115758	461	17	14	16	20	21	19
ENSG00000140682	461	23	7	14	21	14	8
ENSG00000198551	461	22	18	17	18	28	4
ENSG00000023191	461	26	7	24	24	5	17
ENSG00000130720	461	16	3	12	22	14	16
ENSG00000151090	461	21	23	22	32	17	14
ENSG00000139508	461	8	4	9	13	23	2
ENSG00000064989	461	10	5	13	18	24	10
ENSG00000028137	461	11	5	16	24	10	9
ENSG00000115718	461	17	12	18	29	19	17
ENSG00000198939	461	28	17	26	25	30	2
ENSG00000102879	461	20	16	18	32	21	20
ENSG00000152683	461	14	4	5	13	28	8
ENSG00000102312	461	10	3	8	12	21	2
ENSG00000104805	461	28	18	23	22	13	14
ENSG00000182040	461	18	9	11	19	15	15
ENSG00000120725	461	21	14	16	20	19	10
ENSG00000137825	461	24	5	15	21	19	14
ENSG00000106692	461	24	21	15	21	28	13
ENSG00000117461	461	27	22	18	30	23	26
ENSG00000160214	461	25	10	21	25	11	11
ENSG00000060566	461	17	8	16	25	10	16
ENSG00000163624	461	19	4	10	12	17	5
ENSG00000156860	460	15	6	8	14	21	2
ENSG00000072135	460	24	5	14	26	19	13
ENSG00000132855	460	22	19	20	28	24	11
ENSG00000250799	460	24	4	18	22	15	6
ENSG00000183137	460	23	19	25	27	7	10
ENSG00000124217	460	25	9	14	23	14	13
ENSG00000131408	460	17	10	18	30	14	9
ENSG00000198001	460	29	21	22	28	22	20
ENSG00000132912	460	19	12	18	27	18	13
ENSG00000008196	460	19	9	11	23	15	12
ENSG00000138821	460	5	5	13	17	25	5
ENSG00000168539	460	12	9	6	14	19	6
ENSG00000116213	460	24	11	8	27	27	19
ENSG00000109917	459	24	15	27	30	18	17
ENSG00000172967	459	20	10	8	15	23	3
ENSG00000161558	459	23	10	15	19	17	5
ENSG00000107159	459	14	3	13	21	14	10
ENSG00000004478	459	29	25	24	21	20	8
ENSG00000198886	459	9	5	4	6	25	1
ENSG00000163481	459	19	12	26	24	12	6
ENSG00000164088	459	20	4	12	22	14	14
ENSG00000076351	459	10	4	5	11	28	4
ENSG00000168685	459	15	8	20	26	18	16
ENSG00000085644	459	23	7	23	29	21	14
ENSG00000151093	459	21	12	13	21	19	12
ENSG00000171446	459	25	12	20	26	10	13
ENSG00000164253	459	24	13	18	32	17	17
ENSG00000204366	459	26	10	11	16	13	5
ENSG00000103550	458	23	23	19	22	9	14
ENSG00000132677	458	11	3	6	13	22	4
ENSG00000129158	458	17	10	13	21	17	11
ENSG00000196482	458	19	19	16	25	19	15
ENSG00000078898	458	17	2	6	16	12	8
ENSG00000115317	458	22	1	11	21	16	12
ENSG00000102977	458	15	2	14	22	8	10
ENSG00000157429	458	29	15	25	24	24	9
ENSG00000125703	458	24	17	13	23	29	16
ENSG00000234438	458	26	1	13	24	31	16
ENSG00000196793	458	28	17	23	27	22	10
ENSG00000147432	458	22	18	12	18	26	15
ENSG00000166575	458	26	17	9	19	32	3
ENSG00000156958	458	21	14	17	24	20	9
ENSG00000182156	458	20	6	11	18	23	12
ENSG00000010610	458	17	18	15	19	16	6
ENSG00000204442	458	20	10	21	23	16	10
ENSG00000134283	458	23	13	18	25	18	17
ENSG00000132004	458	24	5	7	30	16	23
ENSG00000198855	458	23	12	20	26	17	8
ENSG00000204175	458	17	1	15	20	4	6
ENSG00000171401	458	28	12	20	20	13	12
ENSG00000114812	457	22	9	7	8	25	3
ENSG00000156735	457	12	5	10	21	17	10
ENSG00000100604	457	20	16	19	19	2	14
ENSG00000110721	457	21	10	21	23	17	9
ENSG00000244005	457	24	13	15	24	12	12
ENSG00000196923	457	22	13	13	21	16	11
ENSG00000185100	457	23	14	14	26	20	11
ENSG00000096060	457	28	24	25	22	21	9
ENSG00000112494	457	8	4	3	10	23	3
ENSG00000102554	457	15	6	12	20	20	9
ENSG00000125798	457	9	7	12	19	17	6
ENSG00000196387	457	27	21	22	24	28	8
ENSG00000138435	457	19	12	13	20	24	12
ENSG00000035687	456	21	13	13	26	21	14
ENSG00000158669	456	22	14	10	14	22	10
ENSG00000175395	456	25	20	21	23	31	4
ENSG00000165792	456	22	9	13	21	19	7
ENSG00000244038	456	20	8	11	19	20	15
ENSG00000186038	456	15	6	9	17	24	9
ENSG00000146409	456	10	3	10	14	26	2
ENSG00000119703	456	19	14	19	25	14	7
ENSG00000132275	456	23	12	9	20	11	16
ENSG00000139974	456	17	9	6	10	22	3
ENSG00000171346	456	30	11	22	23	15	15
ENSG00000022355	456	25	10	9	23	22	13
ENSG00000101938	456	23	13	16	25	13	7
ENSG00000174669	456	12	5	2	4	21	3
ENSG00000095585	456	21	12	17	21	12	12
ENSG00000112759	456	14	6	7	10	20	3
ENSG00000145388	456	16	13	15	22	22	20
ENSG00000197170	456	25	26	21	25	22	16
ENSG00000140950	456	19	8	16	23	19	12
ENSG00000175792	456	20	17	19	20	12	13
ENSG00000124019	455	27	12	14	23	14	8
ENSG00000257093	455	24	8	19	20	24	11
ENSG00000168528	455	9	3	5	12	15	6
ENSG00000197079	455	29	9	20	20	11	10
ENSG00000067182	455	19	6	17	25	12	11
ENSG00000140839	455	21	3	10	20	26	8
ENSG00000143819	455	22	15	18	22	29	13
ENSG00000108578	455	26	21	19	27	29	16
ENSG00000077092	455	15	15	11	22	14	9
ENSG00000213782	455	20	14	15	19	15	12
ENSG00000156466	455	21	7	13	23	16	11
ENSG00000178425	455	22	15	13	24	28	15
ENSG00000131370	455	24	15	29	29	7	17
ENSG00000178952	455	31	14	16	27	13	12
ENSG00000177427	454	19	3	15	23	15	13
ENSG00000132635	454	16	4	13	26	26	15
ENSG00000166479	454	21	18	16	22	23	18
ENSG00000104611	454	21	20	23	29	18	12
ENSG00000069399	454	21	3	6	18	3	11
ENSG00000188211	454	22	11	13	19	21	13
ENSG00000105088	454	18	6	14	20	19	12
ENSG00000140743	454	23	21	34	35	13	13
ENSG00000172819	454	20	14	13	23	19	10
ENSG00000137944	454	22	19	14	19	24	10
ENSG00000100034	454	22	7	15	24	15	18
ENSG00000250305	454	22	14	25	31	24	11
ENSG00000157181	454	24	15	12	19	17	13
ENSG00000154727	454	19	11	23	26	14	16
ENSG00000157954	454	19	12	13	22	21	13
ENSG00000167657	454	19	19	25	24	20	13
ENSG00000119125	454	28	17	14	25	22	14
ENSG00000119402	454	22	14	10	31	26	21
ENSG00000136997	454	13	11	16	26	11	19
ENSG00000164404	454	21	12	11	21	19	12
ENSG00000164649	454	26	15	17	22	19	21
ENSG00000186522	454	21	20	19	25	21	14
ENSG00000105492	453	14	5	8	13	15	7
ENSG00000221838	453	25	10	17	25	23	12
ENSG00000092020	453	27	19	18	25	22	17
ENSG00000175470	453	18	14	15	25	24	21
ENSG00000126947	453	24	16	17	20	10	8
ENSG00000001561	453	17	11	10	25	25	13
ENSG00000121104	453	26	6	9	19	13	5
ENSG00000161664	453	20	1	19	26	9	7
ENSG00000183840	453	17	5	8	12	18	2
ENSG00000198876	453	26	12	10	27	24	13
ENSG00000119689	453	21	17	17	15	14	10
ENSG00000166126	453	15	2	10	17	14	15
ENSG00000188167	453	12	5	11	14	16	6
ENSG00000167104	453	23	17	11	22	16	10
ENSG00000108423	453	22	16	13	20	20	8
ENSG00000176928	453	26	20	16	25	22	11
ENSG00000108602	453	21	13	13	24	18	8
ENSG00000170801	453	16	6	10	19	10	15
ENSG00000143363	453	20	12	20	26	13	17
ENSG00000145863	453	23	15	11	17	23	9
ENSG00000147457	453	23	13	16	20	11	16
ENSG00000171557	453	27	20	11	18	24	12
ENSG00000140740	453	19	10	11	18	23	6
ENSG00000172594	453	21	15	4	21	26	15
ENSG00000159216	453	19	6	5	13	14	11
ENSG00000111897	453	17	7	6	7	19	1
ENSG00000101958	452	14	13	9	23	22	14
ENSG00000151702	452	21	13	16	26	25	16
ENSG00000187730	452	19	4	8	20	17	14
ENSG00000106144	452	24	18	17	23	16	13
ENSG00000139438	452	16	8	7	13	9	5
ENSG00000139163	452	19	12	16	18	19	10
ENSG00000167612	452	15	3	7	17	9	10
ENSG00000166333	452	24	13	16	29	17	18
ENSG00000204952	452	27	15	15	18	30	6
ENSG00000070785	452	23	15	16	26	13	15
ENSG00000220948	452	20	15	16	26	24	13
ENSG00000182054	452	23	19	10	21	20	15
ENSG00000139083	452	20	8	23	30	16	16
ENSG00000148399	452	18	7	13	27	14	16
ENSG00000104980	452	29	21	21	23	20	14
ENSG00000153347	452	27	24	22	32	11	13
ENSG00000171759	452	29	16	25	31	24	19
ENSG00000137959	452	21	16	10	22	17	19
ENSG00000124900	452	19	13	18	29	25	16
ENSG00000121064	452	17	16	11	24	26	14
ENSG00000171161	452	24	6	15	21	19	3
ENSG00000144559	452	25	15	10	18	19	10
ENSG00000115806	452	13	4	20	23	12	9
ENSG00000163898	451	23	14	6	21	26	18
ENSG00000145506	451	24	9	25	26	8	14
ENSG00000167552	451	21	13	15	22	25	16
ENSG00000137265	451	22	12	20	27	27	14
ENSG00000101213	451	27	14	26	32	26	14
ENSG00000159885	451	26	23	17	22	27	13
ENSG00000143751	451	24	20	19	24	8	10
ENSG00000131462	451	21	8	15	19	19	14
ENSG00000006652	451	20	11	15	23	13	14
ENSG00000101162	451	21	6	12	19	20	14
ENSG00000037042	451	21	8	14	18	19	14
ENSG00000038945	451	29	18	18	20	15	11
ENSG00000183476	451	20	8	19	27	19	13
ENSG00000123416	451	21	13	15	22	25	16
ENSG00000156097	451	11	0	11	12	19	4
ENSG00000145982	451	21	8	14	28	21	14
ENSG00000137767	450	29	21	13	18	23	12
ENSG00000167614	450	10	1	8	12	21	5
ENSG00000135063	450	15	3	12	19	12	11
ENSG00000114520	450	26	17	22	25	20	13
ENSG00000087510	450	16	9	16	20	12	6
ENSG00000075886	450	21	13	15	22	25	16
ENSG00000198033	450	21	13	15	22	25	16
ENSG00000182175	450	19	5	11	21	19	15
ENSG00000143498	450	27	25	15	21	26	7
ENSG00000152086	450	21	13	15	23	23	16
ENSG00000083838	450	17	6	24	24	12	4
ENSG00000214891	450	21	11	16	27	23	17
ENSG00000171408	450	23	6	12	24	20	13
ENSG00000103653	450	27	18	22	34	27	20
ENSG00000198839	450	22	13	25	26	17	16
ENSG00000214414	450	18	12	17	23	25	9
ENSG00000175309	450	21	14	14	26	23	16
ENSG00000126581	450	20	15	13	18	17	15
ENSG00000132434	450	21	13	15	23	21	16
ENSG00000258947	450	19	9	13	19	23	18
ENSG00000125618	450	15	4	6	18	11	9
ENSG00000204897	450	23	10	18	26	10	16
ENSG00000274286	450	14	8	5	11	18	2
ENSG00000183785	449	21	13	15	22	26	16
ENSG00000126945	449	18	7	16	25	30	15
ENSG00000146576	449	18	11	10	16	18	8
ENSG00000106333	449	18	9	13	21	18	7
ENSG00000169045	449	19	7	16	25	30	15
ENSG00000204450	449	17	7	13	25	24	17
ENSG00000134326	449	21	7	17	25	11	11
ENSG00000092931	449	6	2	8	11	25	6
ENSG00000171067	449	12	6	9	15	4	8
ENSG00000155906	449	27	21	21	27	15	11
ENSG00000120885	449	19	9	23	24	20	10
ENSG00000189253	449	19	7	11	25	24	17
ENSG00000198081	449	23	21	25	23	20	18
ENSG00000167553	449	21	13	15	22	25	15
ENSG00000184937	449	14	10	7	16	25	7
ENSG00000127824	448	21	13	15	22	26	15
ENSG00000179918	448	13	4	15	24	15	8
ENSG00000235608	448	7	4	12	14	7	7
ENSG00000143178	448	10	6	9	16	15	7
ENSG00000185862	448	15	10	9	14	13	15
ENSG00000135960	448	21	14	25	22	19	11
ENSG00000198883	448	25	14	24	28	10	13
ENSG00000186818	448	17	7	18	17	13	10
ENSG00000140092	448	17	1	13	14	18	13
ENSG00000143458	448	17	11	18	29	5	11
ENSG00000137764	448	21	10	17	28	15	10
ENSG00000155096	448	15	15	20	21	20	18
ENSG00000231925	448	9	1	15	21	12	4
ENSG00000174015	448	26	14	23	25	9	12
ENSG00000203879	447	24	19	18	24	20	16
ENSG00000074211	447	19	15	13	24	22	25
ENSG00000025434	447	19	11	22	30	15	10
ENSG00000111203	447	22	10	17	29	17	17
ENSG00000151292	447	26	15	17	24	17	15
ENSG00000112029	447	25	19	12	23	12	12
ENSG00000166170	447	24	22	27	27	13	8
ENSG00000152977	447	12	7	12	22	22	7
ENSG00000168282	447	21	13	13	25	17	14
ENSG00000182484	447	15	9	16	26	9	12
ENSG00000103852	447	28	21	20	24	16	8
ENSG00000221914	447	21	18	16	25	25	20
ENSG00000144010	446	19	14	15	24	23	8
ENSG00000160818	446	27	25	25	24	4	8
ENSG00000157322	446	22	3	11	20	25	8
ENSG00000136436	446	25	22	22	27	8	20
ENSG00000166526	446	29	19	20	22	24	10
ENSG00000157335	446	22	3	11	19	25	6
ENSG00000070540	446	16	8	15	22	20	9
ENSG00000108309	446	22	16	20	26	15	12
ENSG00000176014	446	19	8	13	19	23	17
ENSG00000175463	446	22	3	22	22	13	7
ENSG00000105447	446	18	3	15	26	24	17
ENSG00000114126	446	14	12	13	20	17	12
ENSG00000008130	446	15	10	15	20	21	11
ENSG00000187792	446	24	18	22	22	27	6
ENSG00000159387	446	22	5	22	24	11	6
ENSG00000144015	446	20	14	16	23	23	7
ENSG00000164221	446	23	26	20	22	18	8
ENSG00000178462	446	24	10	21	22	22	17
ENSG00000164934	445	24	16	18	33	24	20
ENSG00000167914	445	24	18	20	22	9	12
ENSG00000113924	445	20	10	18	27	28	14
ENSG00000175029	445	18	7	17	23	10	13
ENSG00000174206	445	25	19	16	24	22	11
ENSG00000113194	445	23	7	22	26	18	15
ENSG00000101290	445	16	5	5	11	19	8
ENSG00000148481	445	16	12	22	22	23	10
ENSG00000057608	445	27	22	18	24	19	13
ENSG00000131748	445	21	9	18	22	23	7
ENSG00000248098	445	24	4	18	23	28	10
ENSG00000137285	445	19	9	13	19	23	17
ENSG00000137267	445	19	9	13	19	23	17
ENSG00000221968	445	16	6	11	14	26	7
ENSG00000131446	445	19	5	11	19	16	16
ENSG00000164244	445	11	6	12	17	14	8
ENSG00000185803	445	7	1	3	4	14	0
ENSG00000120662	445	25	11	16	24	14	14
ENSG00000104408	445	28	14	17	27	19	14
ENSG00000188229	445	19	9	13	19	23	17
ENSG00000132330	445	24	11	18	23	15	7
ENSG00000117650	445	23	19	22	28	17	15
ENSG00000119541	444	25	20	19	25	18	15
ENSG00000166881	444	19	11	9	13	25	7
ENSG00000166068	444	21	10	15	23	26	20
ENSG00000136280	444	25	8	21	25	17	16
ENSG00000124507	444	25	19	27	32	20	19
ENSG00000104833	444	19	9	13	19	23	17
ENSG00000134824	444	18	11	13	17	21	7
ENSG00000137965	444	26	16	15	25	22	16
ENSG00000261456	444	19	7	12	20	23	20
ENSG00000167840	444	29	16	27	27	19	2
ENSG00000137252	444	17	11	9	11	18	5
ENSG00000149485	444	21	13	7	14	25	5
ENSG00000129167	444	25	22	21	27	24	15
ENSG00000196230	444	19	9	12	19	23	18
ENSG00000047597	444	22	7	8	12	22	2
ENSG00000135119	444	21	10	7	14	22	8
ENSG00000083454	444	19	15	12	17	20	11
ENSG00000173213	444	16	6	12	20	22	20
ENSG00000006695	443	14	8	5	8	18	6
ENSG00000166200	443	22	22	20	22	24	14
ENSG00000196436	443	21	15	8	20	11	12
ENSG00000156475	443	19	15	17	24	22	21
ENSG00000149295	443	9	6	7	15	17	6
ENSG00000135678	443	22	12	14	26	26	14
ENSG00000172986	443	24	10	12	20	24	7
ENSG00000172638	443	21	0	17	19	23	11
ENSG00000107485	443	14	7	2	8	13	5
ENSG00000104714	443	18	9	28	18	4	13
ENSG00000105997	443	8	8	8	14	16	3
ENSG00000178665	443	25	13	20	20	23	8
ENSG00000102572	443	22	20	19	26	19	17
ENSG00000154080	443	23	25	17	23	22	11
ENSG00000106648	443	20	9	17	17	20	7
ENSG00000121774	443	12	8	13	12	10	8
ENSG00000132199	443	25	17	13	26	17	16
ENSG00000124532	443	24	9	13	23	17	15
ENSG00000082213	442	15	9	17	24	19	16
ENSG00000152620	442	26	10	19	23	14	10
ENSG00000151338	442	28	18	30	30	7	11
ENSG00000176390	442	17	7	19	25	16	13
ENSG00000182985	442	20	8	12	21	10	14
ENSG00000136160	442	21	14	8	16	18	5
ENSG00000162512	442	13	5	11	14	9	6
ENSG00000106785	442	27	7	22	28	15	16
ENSG00000130300	442	22	16	16	24	13	12
ENSG00000112773	442	16	11	18	25	22	16
ENSG00000152439	442	28	20	26	29	26	4
ENSG00000162576	442	24	3	15	22	24	18
ENSG00000136444	442	23	3	23	28	14	8
ENSG00000113851	442	21	13	13	20	15	11
ENSG00000167778	442	18	11	8	25	23	21
ENSG00000136574	442	11	4	6	11	20	4
ENSG00000214706	442	16	4	15	23	9	11
ENSG00000078246	442	17	11	11	24	20	16
ENSG00000128607	442	20	8	11	13	25	6
ENSG00000137804	441	26	24	17	19	11	6
ENSG00000176095	441	22	14	20	27	18	10
ENSG00000166979	441	26	13	12	20	18	13
ENSG00000176887	441	16	9	14	12	12	10
ENSG00000136932	441	19	8	18	26	15	17
ENSG00000160963	441	18	4	10	13	7	9
ENSG00000112033	441	20	15	14	24	20	10
ENSG00000171448	441	25	18	15	24	16	17
ENSG00000160062	441	23	14	15	25	14	18
ENSG00000198298	441	25	16	20	24	26	3
ENSG00000134954	441	18	14	19	23	23	20
ENSG00000003509	441	26	17	13	21	23	12
ENSG00000185924	441	18	8	8	15	18	8
ENSG00000074266	441	24	15	10	23	20	20
ENSG00000126821	441	16	6	5	18	16	11
ENSG00000167671	441	18	11	20	27	11	11
ENSG00000099957	441	16	8	13	21	22	7
ENSG00000170412	441	11	6	9	14	27	3
ENSG00000186998	441	15	5	10	12	13	2
ENSG00000123106	441	21	24	24	24	6	8
ENSG00000149305	441	14	3	13	19	30	12
ENSG00000185917	440	23	15	20	28	18	6
ENSG00000126861	440	17	11	6	20	13	7
ENSG00000143870	440	17	9	16	21	21	14
ENSG00000114745	440	6	3	21	27	12	18
ENSG00000159692	440	19	7	11	21	8	12
ENSG00000094755	440	21	7	18	25	20	11
ENSG00000100764	440	26	21	17	21	12	17
ENSG00000180008	440	19	16	13	24	17	20
ENSG00000120889	440	18	10	17	22	4	14
ENSG00000080293	440	15	5	13	14	24	5
ENSG00000136319	440	23	13	13	22	11	11
ENSG00000174226	440	25	9	15	27	20	16
ENSG00000104679	440	20	8	18	19	12	17
ENSG00000152749	440	14	8	9	13	22	6
ENSG00000158748	440	8	0	3	8	16	6
ENSG00000198520	440	27	15	14	22	18	8
ENSG00000164303	440	23	16	8	23	28	12
ENSG00000171475	440	27	10	5	13	4	6
ENSG00000161011	440	15	8	26	29	13	13
ENSG00000152377	439	20	18	14	24	18	20
ENSG00000170122	439	18	5	10	15	14	6
ENSG00000255181	439	22	1	17	20	6	6
ENSG00000140259	439	19	16	15	15	11	15
ENSG00000127220	439	12	6	14	18	15	9
ENSG00000112337	439	9	3	2	6	22	4
ENSG00000123130	439	25	20	18	22	23	9
ENSG00000182013	439	17	12	24	21	10	7
ENSG00000153767	439	20	11	23	24	19	20
ENSG00000165916	439	26	20	21	23	15	20
ENSG00000127951	439	21	16	15	25	18	14
ENSG00000100461	439	18	9	14	16	11	11
ENSG00000175220	439	24	16	14	19	21	14
ENSG00000112996	439	17	8	10	23	21	16
ENSG00000131044	439	21	17	15	20	25	13
ENSG00000065154	439	16	12	11	21	14	16
ENSG00000123737	439	16	13	24	26	9	14
ENSG00000188603	438	9	1	7	13	16	8
ENSG00000253598	438	17	13	8	15	22	6
ENSG00000106018	438	19	10	6	11	30	2
ENSG00000103269	438	13	5	8	14	22	9
ENSG00000105607	438	20	7	13	19	22	9
ENSG00000175600	438	18	14	14	21	21	11
ENSG00000214160	438	17	3	7	12	18	3
ENSG00000183760	438	19	6	11	21	26	8
ENSG00000140297	438	29	20	11	19	23	11
ENSG00000172421	438	26	22	7	25	18	24
ENSG00000164168	438	13	6	10	10	21	5
ENSG00000170153	438	9	8	12	17	14	16
ENSG00000108963	438	25	7	17	27	18	14
ENSG00000167528	438	14	9	23	23	19	15
ENSG00000198092	438	19	9	8	17	21	9
ENSG00000179909	437	27	20	21	24	28	5
ENSG00000101412	437	17	6	20	21	10	15
ENSG00000152291	437	22	22	23	22	4	19
ENSG00000061656	437	20	7	15	21	14	8
ENSG00000007968	437	13	12	18	20	12	17
ENSG00000132591	437	22	15	13	19	12	8
ENSG00000204936	437	13	4	8	14	13	8
ENSG00000137203	437	18	9	13	21	13	11
ENSG00000120705	437	24	22	22	21	25	13
ENSG00000179046	437	22	12	25	29	14	10
ENSG00000144642	437	10	8	4	14	15	8
ENSG00000101052	437	17	12	21	25	19	12
ENSG00000257365	437	11	7	15	23	26	11
ENSG00000148158	437	24	18	22	29	18	19
ENSG00000145248	437	8	6	4	8	15	6
ENSG00000189241	437	22	7	16	21	11	8
ENSG00000132612	437	26	17	19	24	17	15
ENSG00000104852	437	17	11	17	17	12	21
ENSG00000147872	437	26	20	12	21	10	11
ENSG00000074706	437	18	16	15	25	13	13
ENSG00000122545	437	22	17	20	28	14	7
ENSG00000254772	437	25	12	20	21	22	7
ENSG00000112578	437	26	13	20	23	12	7
ENSG00000137648	437	18	12	6	20	12	17
ENSG00000179431	437	19	1	17	27	21	13
ENSG00000108306	436	24	11	10	22	12	18
ENSG00000118162	436	14	3	19	27	21	16
ENSG00000137270	436	18	15	12	21	19	16
ENSG00000137709	436	15	10	10	12	9	6
ENSG00000152256	436	25	11	13	24	18	15
ENSG00000146281	436	18	9	21	24	22	8
ENSG00000160199	436	12	8	11	17	7	11
ENSG00000115947	436	25	16	20	25	13	10
ENSG00000138134	436	18	14	21	27	16	10
ENSG00000197183	436	15	7	20	23	6	14
ENSG00000176571	436	17	13	11	19	23	4
ENSG00000181896	436	23	19	18	21	24	4
ENSG00000166734	436	25	18	18	21	11	18
ENSG00000175161	435	12	7	16	23	15	11
ENSG00000114378	435	15	2	5	20	25	11
ENSG00000187003	435	22	14	12	21	15	8
ENSG00000007866	435	17	9	16	19	24	8
ENSG00000135083	435	16	7	6	15	17	7
ENSG00000161203	435	26	20	20	25	23	9
ENSG00000198774	435	20	20	19	22	14	20
ENSG00000101464	435	10	5	8	15	22	7
ENSG00000196182	435	25	15	8	21	12	17
ENSG00000165689	435	15	7	19	23	14	11
ENSG00000148426	435	20	4	20	21	10	7
ENSG00000121743	435	16	7	11	19	12	4
ENSG00000111321	435	9	5	11	15	10	7
ENSG00000170848	435	22	11	12	18	18	5
ENSG00000138395	435	20	11	19	21	23	9
ENSG00000164458	435	10	8	7	16	19	8
ENSG00000163060	435	31	11	25	26	9	14
ENSG00000089775	435	20	8	15	22	12	10
ENSG00000166448	435	19	6	8	16	23	8
ENSG00000155463	435	14	7	11	16	17	2
ENSG00000196396	435	27	18	19	23	17	11
ENSG00000167693	435	21	5	21	24	17	11
ENSG00000164815	435	25	15	17	26	23	14
ENSG00000072756	434	26	16	16	26	21	12
ENSG00000138678	434	22	12	12	17	23	9
ENSG00000105355	434	26	12	22	31	7	15
ENSG00000197905	434	11	7	18	18	23	7
ENSG00000167081	434	15	11	12	18	16	8
ENSG00000108515	434	19	18	19	24	17	10
ENSG00000111674	434	20	13	16	23	19	15
ENSG00000111726	434	23	20	19	20	13	11
ENSG00000125354	434	20	17	21	25	19	14
ENSG00000198732	434	20	11	12	21	14	16
ENSG00000143194	434	22	12	11	26	25	12
ENSG00000074800	434	22	18	20	25	19	11
ENSG00000178015	434	18	0	4	11	15	5
ENSG00000165487	434	20	15	18	23	23	7
ENSG00000111011	434	14	17	25	18	10	9
ENSG00000135482	434	14	9	12	14	11	8
ENSG00000127837	434	14	11	8	27	24	26
ENSG00000143499	433	18	14	17	19	20	10
ENSG00000197070	433	12	6	9	19	15	6
ENSG00000180532	433	17	8	21	23	19	6
ENSG00000134057	433	20	18	15	22	16	9
ENSG00000173456	433	15	1	7	16	14	6
ENSG00000260458	433	18	6	12	20	23	9
ENSG00000196233	433	19	13	12	18	7	10
ENSG00000161057	433	26	19	21	26	16	17
ENSG00000147113	433	17	9	6	23	17	16
ENSG00000121634	433	20	15	15	18	15	2
ENSG00000162062	433	20	6	17	22	5	5
ENSG00000118046	433	18	18	20	27	19	15
ENSG00000171262	433	22	16	17	23	16	16
ENSG00000100600	433	19	10	15	23	16	16
ENSG00000160310	433	17	8	16	21	19	14
ENSG00000184185	433	18	6	12	20	23	9
ENSG00000145386	432	22	17	14	20	20	11
ENSG00000128422	432	29	12	21	25	7	15
ENSG00000196177	432	22	16	22	27	26	9
ENSG00000146083	432	11	1	9	11	16	8
ENSG00000255524	432	22	18	12	21	12	10
ENSG00000076641	432	17	12	23	23	9	17
ENSG00000204612	432	10	7	4	12	11	5
ENSG00000171246	432	21	15	18	27	16	12
ENSG00000181481	432	21	9	12	20	17	13
ENSG00000239264	432	23	14	16	21	19	8
ENSG00000196993	432	22	18	12	21	13	10
ENSG00000179715	432	20	5	11	21	20	12
ENSG00000131095	432	30	11	24	23	10	12
ENSG00000101444	432	22	17	13	26	19	16
ENSG00000157593	432	16	7	7	10	22	1
ENSG00000071539	432	24	16	16	21	14	13
ENSG00000108848	432	19	23	16	24	5	16
ENSG00000171148	432	20	17	22	23	8	19
ENSG00000155324	432	25	15	19	23	10	8
ENSG00000172340	432	28	22	14	22	16	15
ENSG00000154997	432	20	18	18	24	21	13
ENSG00000065268	432	18	4	11	25	19	19
ENSG00000151014	431	23	10	9	15	17	15
ENSG00000170374	431	15	12	7	21	14	11
ENSG00000204889	431	17	6	24	24	6	14
ENSG00000049768	431	24	12	7	14	13	6
ENSG00000158711	431	13	13	9	16	15	10
ENSG00000132718	431	16	12	11	22	11	15
ENSG00000118515	431	20	13	13	22	22	10
ENSG00000122861	431	25	17	11	21	22	11
ENSG00000100664	431	22	21	21	25	13	14
ENSG00000179058	431	28	11	12	21	12	8
ENSG00000111261	431	15	8	14	20	19	9
ENSG00000266173	431	23	11	16	29	24	15
ENSG00000144847	431	10	2	4	11	10	5
ENSG00000120093	431	8	9	7	17	17	6
ENSG00000106236	431	20	11	17	27	14	12
ENSG00000101138	431	17	7	12	29	20	17
ENSG00000130159	431	22	6	17	22	18	10
ENSG00000170802	431	16	14	18	19	17	8
ENSG00000188886	431	17	1	11	14	12	3
ENSG00000186867	431	21	14	9	10	25	2
ENSG00000178217	431	18	15	21	25	23	13
ENSG00000111057	430	24	12	19	25	8	13
ENSG00000211898	430	18	9	10	14	15	4
ENSG00000144029	430	25	15	12	14	15	7
ENSG00000115361	430	17	14	17	25	22	8
ENSG00000188739	430	26	21	20	23	12	10
ENSG00000148734	430	13	0	7	10	18	2
ENSG00000179630	430	18	9	8	21	22	11
ENSG00000160058	430	17	14	22	25	13	13
ENSG00000204304	430	19	10	15	21	16	6
ENSG00000124091	430	23	17	16	24	24	9
ENSG00000136279	430	20	12	16	22	15	9
ENSG00000185630	430	15	10	12	19	16	10
ENSG00000092850	430	27	17	18	26	6	19
ENSG00000125166	430	26	17	10	22	23	14
ENSG00000181744	430	19	12	20	25	18	18
ENSG00000100341	429	19	5	11	23	22	9
ENSG00000151304	429	25	26	24	27	11	12
ENSG00000263761	429	25	19	8	19	18	14
ENSG00000138758	429	19	18	17	24	19	12
ENSG00000186866	429	23	8	15	23	24	18
ENSG00000180998	429	10	3	4	9	19	4
ENSG00000137700	429	12	5	4	9	20	2
ENSG00000124256	429	16	9	20	27	9	9
ENSG00000114446	429	24	16	22	24	15	12
ENSG00000136518	429	18	9	16	26	19	15
ENSG00000163534	429	17	5	16	23	17	7
ENSG00000168884	429	22	8	25	26	7	12
ENSG00000143653	429	20	16	12	22	19	7
ENSG00000102393	429	25	6	10	20	25	16
ENSG00000084070	429	15	12	9	12	16	8
ENSG00000130305	429	26	12	11	22	14	11
ENSG00000063587	429	26	21	19	22	22	6
ENSG00000054938	429	21	8	18	24	12	9
ENSG00000221826	428	22	12	11	19	18	7
ENSG00000169379	428	20	18	19	20	7	9
ENSG00000185420	428	18	11	17	22	14	16
ENSG00000187210	428	29	18	17	27	19	12
ENSG00000183775	428	23	13	17	24	15	18
ENSG00000171720	428	23	2	8	18	27	13
ENSG00000162139	428	21	0	17	21	22	4
ENSG00000126767	428	12	5	11	16	8	8
ENSG00000144320	428	21	9	13	10	12	7
ENSG00000144130	428	18	9	11	23	20	14
ENSG00000133135	428	14	3	12	17	12	11
ENSG00000154511	428	22	19	13	23	15	13
ENSG00000198563	428	21	12	19	18	20	14
ENSG00000162836	428	20	12	15	21	23	7
ENSG00000109684	428	28	17	12	22	14	11
ENSG00000187097	428	20	13	15	21	21	8
ENSG00000132589	428	26	18	25	31	5	13
ENSG00000129009	428	13	3	14	22	14	13
ENSG00000116212	428	24	20	19	26	17	14
ENSG00000107643	427	20	16	16	24	16	16
ENSG00000213762	427	25	21	15	21	23	5
ENSG00000075239	427	24	15	14	18	11	9
ENSG00000179841	427	19	17	21	20	4	18
ENSG00000143882	427	27	21	20	28	14	20
ENSG00000177192	427	29	18	9	15	19	9
ENSG00000174444	427	17	20	4	10	15	3
ENSG00000102032	427	19	6	21	29	17	13
ENSG00000126456	427	20	6	18	23	15	16
ENSG00000100665	427	24	13	13	22	20	13
ENSG00000234444	427	24	25	16	21	31	10
ENSG00000137312	427	28	16	24	25	9	8
ENSG00000064300	427	14	5	17	21	9	16
ENSG00000104783	427	17	12	10	17	17	5
ENSG00000123136	427	21	12	18	19	21	15
ENSG00000123700	427	14	10	14	22	21	9
ENSG00000151617	427	18	11	8	15	23	7
ENSG00000134574	427	21	13	5	21	23	17
ENSG00000182983	426	22	14	22	24	21	10
ENSG00000140968	426	25	13	18	22	21	12
ENSG00000019505	426	19	9	17	21	12	7
ENSG00000110218	426	17	14	13	20	18	10
ENSG00000115694	426	21	19	21	24	18	13
ENSG00000162746	426	12	4	9	21	16	6
ENSG00000005981	426	17	14	12	15	19	9
ENSG00000155729	426	16	10	15	18	17	9
ENSG00000068745	426	23	17	19	20	19	11
ENSG00000171596	426	12	1	5	11	18	6
ENSG00000139344	426	20	9	21	26	16	13
ENSG00000128928	426	22	14	14	26	24	13
ENSG00000101665	426	21	9	12	19	14	11
ENSG00000135766	426	23	14	13	20	13	11
ENSG00000182103	426	13	3	9	18	8	12
ENSG00000124467	426	23	11	13	21	20	6
ENSG00000065548	426	24	14	17	17	17	16
ENSG00000171466	426	25	17	18	21	25	5
ENSG00000151164	426	18	13	20	26	18	12
ENSG00000077080	426	18	10	17	26	19	16
ENSG00000183668	426	26	14	12	18	20	7
ENSG00000172409	425	18	10	12	20	22	11
ENSG00000128050	425	19	17	17	18	22	10
ENSG00000204616	425	21	19	22	26	14	8
ENSG00000166949	425	19	7	18	24	19	6
ENSG00000198156	425	22	18	12	21	11	10
ENSG00000142408	425	12	3	9	13	14	4
ENSG00000136560	425	17	12	16	29	9	20
ENSG00000140526	425	23	15	10	19	23	11
ENSG00000121764	425	15	9	7	9	18	3
ENSG00000172264	425	17	13	20	21	8	19
ENSG00000198556	425	26	17	19	23	24	7
ENSG00000213892	425	19	5	14	24	10	4
ENSG00000102054	425	15	8	14	27	24	24
ENSG00000181104	425	13	6	6	12	21	6
ENSG00000273559	425	20	22	15	18	11	7
ENSG00000168497	425	18	17	18	19	4	8
ENSG00000141295	425	13	3	17	27	16	10
ENSG00000162521	425	13	8	16	28	23	24
ENSG00000109576	425	19	11	10	21	19	13
ENSG00000012963	425	22	15	23	26	13	20
ENSG00000169499	425	22	13	16	18	16	8
ENSG00000275111	425	24	17	20	25	24	13
ENSG00000132872	425	20	18	20	19	11	10
ENSG00000145604	424	22	12	17	27	14	14
ENSG00000050748	424	20	13	14	24	19	18
ENSG00000109911	424	23	16	14	20	10	10
ENSG00000124356	424	21	12	17	26	14	13
ENSG00000186130	424	23	20	18	20	18	10
ENSG00000188372	424	15	4	10	25	14	16
ENSG00000167981	424	17	14	25	23	20	8
ENSG00000121361	424	15	10	10	18	13	6
ENSG00000138459	424	15	10	6	10	26	7
ENSG00000144306	424	18	13	21	27	19	19
ENSG00000158792	424	19	2	16	25	19	13
ENSG00000124302	424	15	8	7	20	20	13
ENSG00000143368	424	12	7	5	12	13	11
ENSG00000107742	424	20	14	18	24	12	16
ENSG00000060971	424	18	11	11	22	6	13
ENSG00000159792	424	21	14	10	22	24	13
ENSG00000198049	424	16	2	0	6	15	5
ENSG00000171431	424	28	18	22	25	10	14
ENSG00000253309	424	14	7	13	27	21	7
ENSG00000165912	424	22	10	25	26	21	18
ENSG00000154114	424	22	14	22	22	16	14
ENSG00000066926	423	25	15	13	18	14	7
ENSG00000138442	423	22	22	10	28	20	20
ENSG00000072958	423	25	19	21	23	27	8
ENSG00000198113	423	25	3	18	19	16	11
ENSG00000130544	423	25	19	21	22	23	6
ENSG00000173153	423	20	14	15	20	12	7
ENSG00000080618	423	20	10	14	23	20	6
ENSG00000171766	423	25	11	16	29	19	18
ENSG00000185112	423	21	7	15	20	7	8
ENSG00000100271	423	24	18	15	22	23	17
ENSG00000196136	423	20	13	11	21	21	15
ENSG00000143315	423	18	9	3	9	23	1
ENSG00000164300	423	18	7	4	8	19	6
ENSG00000087128	423	21	11	11	18	21	13
ENSG00000178802	423	14	13	18	27	17	13
ENSG00000116221	423	29	15	12	21	17	10
ENSG00000153558	423	26	13	10	22	8	17
ENSG00000135587	423	22	10	16	18	21	12
ENSG00000069998	423	20	5	15	20	16	8
ENSG00000141030	423	25	20	17	23	17	14
ENSG00000128242	423	20	5	12	18	21	12
ENSG00000067715	422	20	15	14	17	19	12
ENSG00000125149	422	19	10	10	20	19	11
ENSG00000178394	422	10	6	8	15	16	6
ENSG00000108244	422	27	17	18	21	15	12
ENSG00000137070	422	12	2	7	18	11	11
ENSG00000006530	422	21	18	18	23	20	11
ENSG00000160392	422	22	16	14	22	6	8
ENSG00000060140	422	24	11	20	25	16	6
ENSG00000171097	422	14	9	12	20	21	12
ENSG00000162676	422	22	10	13	21	18	13
ENSG00000179627	422	25	5	10	20	11	13
ENSG00000108671	422	27	21	21	22	17	14
ENSG00000212123	422	10	7	18	21	12	8
ENSG00000153487	422	22	6	14	12	14	10
ENSG00000177842	422	21	9	18	18	24	6
ENSG00000189319	422	20	8	12	20	17	14
ENSG00000006016	422	23	7	9	21	11	10
ENSG00000160714	422	18	15	10	16	12	13
ENSG00000148300	422	25	22	21	24	5	10
ENSG00000251369	422	23	11	21	23	22	7
ENSG00000007372	422	13	6	11	14	14	7
ENSG00000165807	422	28	18	16	24	14	12
ENSG00000171574	421	24	14	18	24	26	11
ENSG00000100227	421	24	20	8	15	5	11
ENSG00000129654	421	12	4	14	20	13	12
ENSG00000173227	421	23	12	11	21	18	15
ENSG00000177465	421	22	9	19	22	22	4
ENSG00000100416	421	28	14	14	26	21	15
ENSG00000148331	421	27	8	21	26	11	17
ENSG00000204176	421	21	11	12	19	14	14
ENSG00000183186	421	21	10	14	20	8	8
ENSG00000137343	421	23	6	13	19	8	10
ENSG00000162373	421	26	16	17	27	13	16
ENSG00000100312	421	21	12	5	8	18	4
ENSG00000135269	421	24	18	21	23	18	14
ENSG00000117054	421	20	16	20	27	25	13
ENSG00000166908	421	19	10	10	21	25	13
ENSG00000136197	421	20	16	18	22	11	10
ENSG00000109046	421	20	12	6	24	18	19
ENSG00000169154	421	16	11	15	25	20	10
ENSG00000180198	421	17	8	13	26	9	12
ENSG00000173786	421	28	25	13	24	22	15
ENSG00000184227	421	25	11	22	26	19	7
ENSG00000205669	421	22	9	20	27	20	12
ENSG00000185973	421	27	14	13	26	24	11
ENSG00000183780	421	14	10	7	11	16	4
ENSG00000171861	420	18	12	16	23	18	12
ENSG00000082701	420	21	10	15	25	16	13
ENSG00000147036	420	16	5	13	20	23	6
ENSG00000204179	420	20	11	19	24	21	13
ENSG00000115652	420	16	10	10	14	19	8
ENSG00000173011	420	16	11	19	27	18	15
ENSG00000204618	420	24	6	20	25	16	9
ENSG00000088448	420	8	4	11	17	8	10
ENSG00000172795	420	21	16	9	21	20	16
ENSG00000089123	420	15	8	19	25	9	7
ENSG00000131400	420	13	5	10	24	15	13
ENSG00000086589	420	22	13	13	18	18	9
ENSG00000198056	420	26	24	13	21	24	16
ENSG00000070081	420	21	22	21	16	16	17
ENSG00000144591	420	17	6	18	23	18	7
ENSG00000147862	420	19	12	11	19	11	17
ENSG00000256061	420	20	22	19	22	14	11
ENSG00000163703	420	20	11	13	19	24	10
ENSG00000146242	420	18	2	11	22	12	12
ENSG00000152795	420	21	12	9	15	10	13
ENSG00000160094	420	19	14	10	18	9	3
ENSG00000139946	420	18	7	14	19	21	7
ENSG00000147421	420	16	9	16	14	8	6
ENSG00000187773	419	18	5	9	18	16	10
ENSG00000074582	419	24	6	11	21	20	9
ENSG00000112078	419	19	8	21	29	12	14
ENSG00000100116	419	17	4	12	17	13	10
ENSG00000113269	419	20	10	12	19	14	12
ENSG00000120457	419	13	9	16	24	20	9
ENSG00000221878	419	21	11	12	21	20	7
ENSG00000164086	419	13	8	9	15	15	10
ENSG00000205476	419	17	11	18	26	8	13
ENSG00000143858	419	21	16	16	17	16	12
ENSG00000136261	419	27	21	16	22	21	16
ENSG00000112218	419	12	7	2	8	22	1
ENSG00000243137	419	22	12	10	18	17	4
ENSG00000091704	419	22	14	14	21	25	14
ENSG00000160752	419	17	6	16	21	23	9
ENSG00000076984	419	21	14	15	26	15	15
ENSG00000152192	419	14	8	9	13	7	5
ENSG00000128708	419	15	10	21	25	26	14
ENSG00000131730	419	20	14	9	23	15	15
ENSG00000103876	419	21	12	9	22	23	14
ENSG00000231924	419	22	12	14	22	20	7
ENSG00000137054	419	22	17	13	19	17	12
ENSG00000104221	419	18	6	12	23	13	11
ENSG00000171016	419	12	5	9	21	18	8
ENSG00000158516	419	19	12	15	20	27	10
ENSG00000171724	419	21	18	15	19	15	15
ENSG00000123094	419	26	19	20	21	6	9
ENSG00000269335	419	23	16	24	24	5	7
ENSG00000169282	419	22	13	22	23	13	4
ENSG00000082153	419	25	22	19	23	22	9
ENSG00000133627	418	20	8	18	24	17	13
ENSG00000137486	418	19	15	19	22	14	12
ENSG00000151611	418	23	18	17	20	14	10
ENSG00000013275	418	21	14	18	22	19	18
ENSG00000140450	418	21	11	21	25	16	6
ENSG00000187054	418	19	13	7	14	18	11
ENSG00000119471	418	27	23	10	20	14	11
ENSG00000082146	418	21	6	8	17	18	11
ENSG00000197329	418	16	7	15	20	21	8
ENSG00000157999	418	24	10	9	14	7	3
ENSG00000071243	418	16	11	18	15	14	10
ENSG00000164209	418	19	7	13	17	26	6
ENSG00000266094	418	22	11	17	23	17	17
ENSG00000167858	418	27	22	24	27	10	15
ENSG00000185009	418	22	14	12	23	18	14
ENSG00000197249	418	23	19	16	19	21	11
ENSG00000149257	418	23	16	13	20	13	12
ENSG00000132386	418	21	14	12	20	17	12
ENSG00000171823	418	20	11	5	19	10	13
ENSG00000005249	418	21	10	21	24	21	13
ENSG00000153822	418	17	11	14	24	19	13
ENSG00000186017	418	21	13	19	19	29	5
ENSG00000115091	418	21	11	17	25	17	16
ENSG00000153802	418	12	5	9	20	17	8
ENSG00000198369	418	17	11	15	23	21	18
ENSG00000010361	418	19	1	13	18	13	3
ENSG00000070718	418	22	12	12	23	16	14
ENSG00000278195	418	11	5	6	8	16	2
ENSG00000115525	418	23	16	18	25	19	12
ENSG00000135632	418	15	6	17	24	17	6
ENSG00000136881	418	13	8	18	21	24	7
ENSG00000141380	418	3	3	5	11	15	7
ENSG00000149809	418	11	4	6	10	19	4
ENSG00000163605	417	21	12	21	19	7	15
ENSG00000179218	417	19	19	17	21	22	23
ENSG00000113597	417	20	7	18	22	16	9
ENSG00000187010	417	8	4	5	10	18	2
ENSG00000134812	417	11	8	12	19	16	5
ENSG00000073008	417	10	0	12	20	20	5
ENSG00000135925	417	24	4	15	18	6	9
ENSG00000153002	417	26	10	17	24	20	8
ENSG00000187559	417	18	5	8	10	14	4
ENSG00000163751	417	23	16	21	26	20	16
ENSG00000167100	417	20	12	11	23	9	12
ENSG00000138073	417	18	6	6	21	17	11
ENSG00000175311	417	16	13	19	15	15	13
ENSG00000178150	417	25	16	19	25	16	15
ENSG00000173264	417	14	0	1	8	18	6
ENSG00000186792	417	15	1	5	11	22	6
ENSG00000185896	417	19	10	2	11	14	7
ENSG00000188672	417	12	4	3	6	16	2
ENSG00000075891	417	14	2	10	17	11	14
ENSG00000180543	417	19	12	14	22	10	7
ENSG00000105707	417	16	3	9	20	17	14
ENSG00000273514	417	18	5	8	10	14	4
ENSG00000170950	417	26	24	13	25	15	16
ENSG00000079459	417	22	9	14	15	20	14
ENSG00000081692	417	20	3	12	23	22	15
ENSG00000102144	417	25	24	17	25	16	14
ENSG00000104960	416	23	10	7	13	16	2
ENSG00000132906	416	14	4	19	22	16	17
ENSG00000075975	416	21	11	20	24	20	11
ENSG00000189420	416	22	18	19	22	22	4
ENSG00000198771	416	20	11	18	16	7	4
ENSG00000184659	416	21	5	8	11	14	4
ENSG00000151151	416	26	18	19	23	21	11
ENSG00000140368	416	23	10	21	21	16	11
ENSG00000165478	416	18	4	10	15	13	12
ENSG00000213923	416	22	11	13	22	14	10
ENSG00000119523	416	19	8	13	24	22	16
ENSG00000182747	416	12	4	8	11	21	6
ENSG00000155666	416	23	11	17	23	15	14
ENSG00000134602	416	24	18	18	26	17	19
ENSG00000101474	416	21	10	18	25	19	17
ENSG00000163884	416	12	9	8	13	14	6
ENSG00000196405	416	21	8	12	16	9	7
ENSG00000078081	416	17	13	5	10	16	7
ENSG00000204779	416	20	5	8	11	14	4
ENSG00000181786	416	21	7	14	22	16	9
ENSG00000094796	416	24	7	19	21	5	8
ENSG00000073605	416	23	18	25	23	18	15
ENSG00000056558	416	20	12	19	23	16	11
ENSG00000197632	415	17	11	19	21	23	10
ENSG00000123561	415	22	19	12	22	18	12
ENSG00000151498	415	25	10	11	22	17	14
ENSG00000163710	415	20	9	7	19	19	10
ENSG00000204386	415	20	4	11	21	27	11
ENSG00000132911	415	12	3	6	9	20	2
ENSG00000148459	415	24	10	8	19	13	11
ENSG00000165660	415	16	10	17	21	19	11
ENSG00000174684	415	15	4	17	23	21	9
ENSG00000151576	415	16	10	19	24	13	13
ENSG00000101882	415	15	13	20	20	9	6
ENSG00000123977	415	23	17	7	27	22	17
ENSG00000141551	415	22	9	12	22	14	10
ENSG00000020633	415	15	5	6	9	14	9
ENSG00000183150	415	11	7	5	11	21	4
ENSG00000100151	415	20	15	16	31	14	21
ENSG00000175354	415	26	17	15	22	19	15
ENSG00000170819	415	25	11	22	22	6	8
ENSG00000148156	415	19	10	18	24	17	8
ENSG00000133275	415	19	14	19	23	17	12
ENSG00000120088	415	16	6	4	10	20	4
ENSG00000169813	415	15	9	17	24	26	13
ENSG00000138413	414	25	18	18	22	19	15
ENSG00000146285	414	20	13	4	17	17	9
ENSG00000119760	414	12	6	16	22	15	14
ENSG00000172954	414	21	13	17	19	21	6
ENSG00000243284	414	13	6	8	14	19	12
ENSG00000187189	414	21	10	16	22	11	6
ENSG00000128694	414	16	13	12	25	9	9
ENSG00000164736	414	8	6	12	23	10	12
ENSG00000165501	414	19	14	10	19	12	11
ENSG00000100605	414	16	8	19	22	16	13
ENSG00000136213	414	19	13	13	17	23	11
ENSG00000120948	414	13	8	8	16	14	12
ENSG00000136193	414	16	9	16	20	15	14
ENSG00000100811	414	16	14	13	18	13	11
ENSG00000233232	414	18	14	9	17	10	9
ENSG00000186153	414	23	9	11	21	25	12
ENSG00000164543	414	12	6	15	16	20	11
ENSG00000113048	414	25	16	13	15	20	13
ENSG00000114455	414	13	7	15	21	23	10
ENSG00000164855	413	15	3	9	13	16	2
ENSG00000198964	413	19	11	8	16	21	7
ENSG00000137414	413	19	4	9	13	10	6
ENSG00000130956	413	19	6	17	16	16	9
ENSG00000023041	413	14	12	10	13	20	8
ENSG00000165626	413	22	17	13	20	11	14
ENSG00000120053	413	22	13	16	25	19	13
ENSG00000089682	413	25	19	21	24	17	7
ENSG00000146250	413	17	15	10	18	17	14
ENSG00000102145	413	11	5	9	14	10	7
ENSG00000147443	412	16	5	13	23	19	13
ENSG00000164684	412	16	10	12	18	13	11
ENSG00000188818	412	14	10	4	8	14	5
ENSG00000102984	412	17	10	22	25	7	12
ENSG00000128271	412	7	4	12	11	19	1
ENSG00000130707	412	21	18	25	27	27	13
ENSG00000168917	412	11	9	11	15	18	5
ENSG00000165917	412	27	10	16	19	16	6
ENSG00000134107	412	21	16	18	23	11	11
ENSG00000272636	412	20	17	15	19	14	14
ENSG00000103066	412	19	8	12	24	21	14
ENSG00000103507	412	20	7	9	22	16	16
ENSG00000160193	412	18	7	14	23	19	13
ENSG00000107829	412	14	5	5	21	22	15
ENSG00000183741	412	17	14	13	19	9	7
ENSG00000254004	412	23	20	19	18	25	1
ENSG00000266967	412	21	7	21	28	10	17
ENSG00000110876	412	10	5	23	24	3	8
ENSG00000068383	412	23	17	21	23	24	21
ENSG00000105701	412	18	14	13	20	10	10
ENSG00000122971	412	19	9	16	22	20	13
ENSG00000117984	412	19	13	6	22	20	16
ENSG00000141101	412	21	9	11	21	16	13
ENSG00000069345	412	20	13	21	19	13	17
ENSG00000165480	412	22	17	19	16	16	16
ENSG00000004799	411	20	10	13	26	19	15
ENSG00000198728	411	14	6	13	19	21	8
ENSG00000141543	411	22	14	11	22	21	19
ENSG00000162819	411	18	20	20	22	18	8
ENSG00000178928	411	6	2	5	5	4	3
ENSG00000135702	411	17	3	8	19	15	8
ENSG00000155256	411	13	9	18	20	18	6
ENSG00000135709	411	20	15	18	23	19	14
ENSG00000073584	411	19	14	15	14	11	8
ENSG00000015413	411	22	6	11	18	13	13
ENSG00000198951	411	17	7	7	25	23	18
ENSG00000164051	411	21	9	12	18	10	9
ENSG00000134046	411	18	13	13	18	6	9
ENSG00000115307	410	19	7	9	19	12	8
ENSG00000253293	410	12	7	12	21	11	6
ENSG00000198176	410	13	11	13	16	16	8
ENSG00000085449	410	24	13	8	25	16	20
ENSG00000131351	410	17	13	24	26	5	13
ENSG00000167524	410	16	8	13	22	18	10
ENSG00000007168	410	24	16	13	32	18	18
ENSG00000161896	410	23	11	14	25	14	6
ENSG00000152455	410	21	15	12	21	22	14
ENSG00000115649	410	10	2	9	17	15	10
ENSG00000185187	410	19	6	14	17	15	11
ENSG00000127526	410	15	5	3	10	14	7
ENSG00000163293	410	10	9	8	14	22	2
ENSG00000005893	410	18	11	8	20	21	11
ENSG00000178021	410	19	6	19	21	10	14
ENSG00000163536	410	19	13	20	25	21	7
ENSG00000111405	410	23	13	19	18	22	12
ENSG00000014919	410	19	6	8	11	22	2
ENSG00000115841	410	21	21	20	19	19	7
ENSG00000144583	410	10	6	12	18	14	6
ENSG00000105173	410	19	14	16	20	18	10
ENSG00000139372	410	10	13	17	22	20	11
ENSG00000241878	409	25	12	11	22	20	6
ENSG00000156017	409	17	10	14	24	23	14
ENSG00000184307	409	15	10	7	13	15	7
ENSG00000188883	409	17	4	15	20	8	4
ENSG00000268629	409	19	9	18	21	15	8
ENSG00000119318	409	13	8	16	17	10	7
ENSG00000155792	409	21	16	13	20	12	11
ENSG00000146267	409	20	15	13	23	24	10
ENSG00000112077	409	6	4	6	10	16	5
ENSG00000198948	409	21	13	11	14	13	12
ENSG00000163322	409	20	16	16	23	17	12
ENSG00000158201	409	14	6	9	19	22	6
ENSG00000114656	409	18	19	18	24	14	10
ENSG00000116199	409	19	5	13	23	20	17
ENSG00000162066	409	16	4	10	22	15	14
ENSG00000138385	408	22	24	20	21	19	15
ENSG00000243989	408	22	9	18	27	22	11
ENSG00000172269	408	9	2	6	9	18	0
ENSG00000116497	408	17	14	18	19	10	13
ENSG00000155755	408	11	6	7	12	17	7
ENSG00000152467	408	19	9	16	19	7	8
ENSG00000144959	408	21	8	7	18	22	13
ENSG00000105679	408	18	10	10	24	17	10
ENSG00000164749	408	18	11	13	25	15	16
ENSG00000125378	408	17	3	15	20	11	5
ENSG00000149346	408	22	14	20	23	8	13
ENSG00000169951	408	21	6	15	26	19	9
ENSG00000196376	408	9	4	8	13	13	4
ENSG00000184492	408	17	7	9	9	16	4
ENSG00000142864	408	19	13	14	15	13	20
ENSG00000152315	408	19	4	11	14	17	7
ENSG00000188778	408	11	0	6	11	11	3
ENSG00000156976	407	22	17	18	23	24	13
ENSG00000138311	407	23	14	18	23	11	9
ENSG00000115353	407	12	5	9	10	18	4
ENSG00000198792	407	12	6	9	14	13	5
ENSG00000204977	407	23	16	20	22	21	12
ENSG00000105643	407	19	5	14	21	16	8
ENSG00000130706	407	11	11	13	15	12	7
ENSG00000111145	407	16	10	11	15	14	9
ENSG00000176746	407	17	10	16	27	12	20
ENSG00000071626	407	10	6	8	15	18	11
ENSG00000140986	407	22	24	8	14	20	5
ENSG00000135414	407	16	7	14	17	13	5
ENSG00000183067	407	16	6	11	15	12	9
ENSG00000005882	407	22	17	15	25	18	15
ENSG00000103343	407	23	15	22	24	14	2
ENSG00000163563	407	20	19	15	22	16	12
ENSG00000178935	407	26	17	20	24	25	5
ENSG00000164087	407	17	10	13	27	20	16
ENSG00000184517	407	23	18	18	19	29	9
ENSG00000076067	407	10	8	3	13	15	10
ENSG00000198715	406	7	1	6	12	16	8
ENSG00000235109	406	21	11	26	23	19	8
ENSG00000163348	406	11	3	11	14	14	4
ENSG00000101181	406	20	10	11	15	14	9
ENSG00000123576	406	11	1	9	10	7	7
ENSG00000188488	406	20	9	10	21	18	11
ENSG00000122557	406	9	5	11	15	9	5
ENSG00000111962	406	24	10	12	17	19	7
ENSG00000087191	406	24	18	24	26	12	12
ENSG00000023318	406	18	14	14	26	25	24
ENSG00000161960	406	22	15	15	22	20	14
ENSG00000165516	406	26	8	11	21	25	13
ENSG00000138663	406	26	17	25	29	20	8
ENSG00000204227	406	12	8	17	22	8	7
ENSG00000111666	406	10	7	7	14	19	6
ENSG00000145692	406	21	12	20	26	20	6
ENSG00000101199	406	18	9	15	19	21	12
ENSG00000073849	406	20	15	10	23	19	14
ENSG00000143839	406	16	12	12	24	24	17
ENSG00000067992	406	21	18	14	26	19	13
ENSG00000197776	406	25	15	8	20	22	13
ENSG00000257017	406	20	17	17	28	24	14
ENSG00000153976	406	20	10	16	25	13	11
ENSG00000188227	406	20	16	21	29	26	7
ENSG00000169507	406	8	4	4	10	20	7
ENSG00000129515	406	21	18	20	23	19	17
ENSG00000151790	406	25	20	18	20	18	5
ENSG00000001461	406	10	8	9	12	20	4
ENSG00000150867	406	18	12	13	25	23	18
ENSG00000273706	406	15	13	13	22	15	11
ENSG00000183287	406	17	8	11	12	10	9
ENSG00000167772	406	16	8	11	13	14	8
ENSG00000062716	406	9	6	15	14	24	3
ENSG00000158856	405	22	13	17	24	9	8
ENSG00000189339	405	17	8	8	13	19	6
ENSG00000116761	405	20	15	11	23	16	8
ENSG00000170099	405	17	5	4	16	22	18
ENSG00000143994	405	11	2	9	17	20	8
ENSG00000130561	405	22	13	16	25	15	13
ENSG00000130560	405	22	9	21	21	11	20
ENSG00000176387	405	18	4	10	17	15	6
ENSG00000181392	404	14	1	18	22	10	9
ENSG00000176871	404	14	9	8	22	19	11
ENSG00000101850	404	11	4	9	10	16	5
ENSG00000141314	404	11	5	7	13	17	6
ENSG00000100364	404	23	13	16	24	16	17
ENSG00000187954	404	18	14	17	20	11	6
ENSG00000172548	404	14	7	10	16	18	4
ENSG00000081307	404	14	8	18	22	12	11
ENSG00000168061	404	18	1	12	17	8	10
ENSG00000006059	404	28	7	19	22	5	10
ENSG00000114302	404	24	13	26	24	18	16
ENSG00000107679	404	22	15	14	21	15	12
ENSG00000089006	404	22	22	19	22	20	14
ENSG00000204305	404	11	5	14	19	11	2
ENSG00000175305	404	18	16	18	23	20	11
ENSG00000137752	404	19	10	16	28	15	22
ENSG00000131738	404	26	5	21	23	9	8
ENSG00000067365	404	18	7	12	22	15	16
ENSG00000090659	404	26	20	16	19	20	5
ENSG00000171862	403	17	13	18	17	23	14
ENSG00000178078	403	21	15	10	18	16	9
ENSG00000174276	403	20	2	16	18	13	4
ENSG00000188026	403	23	15	22	18	7	15
ENSG00000040633	403	16	7	13	15	7	13
ENSG00000070495	403	14	8	17	21	17	13
ENSG00000100316	403	20	21	10	12	19	8
ENSG00000011347	403	20	12	12	20	11	11
ENSG00000131203	403	22	21	10	22	22	17
ENSG00000213186	403	17	13	19	20	16	8
ENSG00000162928	403	14	5	9	15	20	7
ENSG00000145020	403	20	9	14	20	10	11
ENSG00000167191	403	10	4	9	16	18	5
ENSG00000087586	403	22	11	17	17	15	6
ENSG00000166707	403	20	16	17	20	13	4
ENSG00000213339	403	17	4	8	24	17	13
ENSG00000174173	403	26	21	18	25	15	11
ENSG00000125875	403	21	9	14	26	17	21
ENSG00000165152	403	20	4	13	16	30	5
ENSG00000172803	403	21	16	21	23	17	14
ENSG00000100003	403	18	14	14	29	24	15
ENSG00000118922	402	15	11	12	19	8	11
ENSG00000269343	402	24	17	20	24	26	5
ENSG00000237172	402	19	3	6	22	18	16
ENSG00000205238	402	18	18	10	12	18	6
ENSG00000106366	402	19	11	10	19	21	13
ENSG00000153446	402	21	7	14	20	18	14
ENSG00000230358	402	17	19	10	12	19	6
ENSG00000152433	402	16	15	20	20	22	5
ENSG00000167785	402	23	17	18	18	20	4
ENSG00000083828	402	26	18	21	22	26	6
ENSG00000174460	402	20	8	19	20	13	6
ENSG00000204930	402	18	8	16	20	10	10
ENSG00000181315	402	24	18	23	31	27	5
ENSG00000144681	402	24	18	13	22	11	13
ENSG00000054277	402	10	5	4	13	18	8
ENSG00000260097	402	18	19	10	12	18	6
ENSG00000187664	402	23	2	6	19	15	15
ENSG00000119411	402	20	6	11	18	11	8
ENSG00000173678	402	18	18	10	12	18	6
ENSG00000170092	402	17	19	11	13	18	5
ENSG00000183801	402	22	10	11	21	21	12
ENSG00000188647	402	24	12	18	23	13	11
ENSG00000111846	402	23	12	12	23	21	7
ENSG00000171302	401	22	13	13	18	24	15
ENSG00000135052	401	25	14	19	17	7	10
ENSG00000175203	401	20	13	17	25	9	11
ENSG00000170275	401	24	13	19	17	23	13
ENSG00000156966	401	17	7	13	20	21	9
ENSG00000164761	401	24	23	14	24	15	9
ENSG00000139289	401	17	7	15	14	8	3
ENSG00000134453	401	23	20	18	16	12	11
ENSG00000124786	401	11	13	5	13	14	7
ENSG00000107021	400	25	12	17	24	23	14
ENSG00000163162	400	17	6	14	18	14	13
ENSG00000008256	400	20	10	19	21	21	20
ENSG00000112038	400	9	5	3	12	16	7
ENSG00000126231	400	19	11	11	19	18	8
ENSG00000170876	400	21	7	10	18	18	9
ENSG00000167508	400	18	6	11	24	11	14
ENSG00000146013	400	14	3	8	19	14	9
ENSG00000197471	400	13	6	12	16	2	3
ENSG00000171345	400	31	8	18	21	11	17
ENSG00000117475	400	24	15	19	21	4	6
ENSG00000089127	400	16	11	15	20	25	10
ENSG00000100012	400	21	15	17	27	25	17
ENSG00000122733	400	19	5	18	22	12	15
ENSG00000025039	400	17	15	19	17	19	15
ENSG00000162889	400	22	16	14	16	20	7
ENSG00000126934	400	16	12	22	22	10	14
ENSG00000138303	400	16	10	13	24	19	15
ENSG00000018408	400	13	3	10	16	10	11
ENSG00000144026	400	25	13	20	22	27	3
ENSG00000198223	400	19	7	11	21	22	12
ENSG00000114354	400	12	8	10	11	18	9
ENSG00000187531	400	21	8	16	22	8	7
ENSG00000105443	400	20	8	19	21	20	16
ENSG00000197312	399	20	5	17	26	10	17
ENSG00000177685	399	18	0	19	19	10	6
ENSG00000115365	399	17	13	10	20	21	10
ENSG00000235098	399	27	1	9	15	4	8
ENSG00000118729	399	16	12	22	22	23	19
ENSG00000166848	399	20	14	14	20	15	12
ENSG00000151689	399	15	10	16	20	16	10
ENSG00000114771	399	21	11	12	21	19	13
ENSG00000213066	399	16	14	21	26	4	10
ENSG00000211896	399	17	14	11	17	15	10
ENSG00000142082	399	16	3	10	18	15	10
ENSG00000127989	399	25	15	15	20	14	7
ENSG00000008952	399	16	10	14	16	14	14
ENSG00000138795	399	15	12	12	14	11	9
ENSG00000107798	399	12	11	10	18	25	11
ENSG00000116954	399	19	15	15	18	21	12
ENSG00000126226	399	29	19	12	17	20	8
ENSG00000235961	399	22	1	24	26	15	7
ENSG00000104938	399	25	17	15	20	18	9
ENSG00000164494	399	26	16	12	19	17	10
ENSG00000077585	399	15	7	1	9	22	5
ENSG00000155659	399	17	10	8	20	21	16
ENSG00000065559	399	23	13	13	24	12	15
ENSG00000101844	398	15	10	11	18	22	16
ENSG00000067221	398	15	6	7	21	10	15
ENSG00000169914	398	20	13	20	24	11	12
ENSG00000175707	398	15	5	15	25	11	19
ENSG00000148488	398	23	15	9	22	21	6
ENSG00000168000	398	13	1	10	9	15	7
ENSG00000211895	398	14	6	10	17	15	5
ENSG00000100342	398	19	11	9	22	10	12
ENSG00000154252	398	24	3	11	23	21	6
ENSG00000174417	398	14	8	4	7	20	7
ENSG00000157456	398	23	17	10	18	17	9
ENSG00000174137	398	21	8	10	14	12	9
ENSG00000101307	398	22	9	17	26	12	9
ENSG00000214782	398	4	1	1	6	12	2
ENSG00000122188	398	15	7	16	23	13	16
ENSG00000132676	398	22	17	16	26	17	10
ENSG00000168495	398	20	14	14	19	4	14
ENSG00000162706	398	15	10	14	18	15	13
ENSG00000182333	398	13	7	5	12	27	10
ENSG00000180739	398	15	1	4	14	12	6
ENSG00000116014	398	13	0	1	6	14	4
ENSG00000086062	398	16	5	3	16	15	10
ENSG00000115590	398	18	5	11	14	24	10
ENSG00000188659	398	23	17	9	21	25	11
ENSG00000100997	398	21	13	7	17	18	13
ENSG00000156642	398	20	10	13	17	14	11
ENSG00000186283	397	23	5	17	21	22	8
ENSG00000177191	397	19	3	6	13	22	8
ENSG00000078328	397	10	7	9	17	16	9
ENSG00000006210	397	20	5	12	16	12	2
ENSG00000164251	397	10	9	1	3	18	3
ENSG00000140403	397	22	19	19	20	16	13
ENSG00000109991	397	24	20	10	20	24	10
ENSG00000143355	397	17	14	7	19	14	12
ENSG00000234965	397	15	1	6	14	12	7
ENSG00000234719	397	22	17	12	21	7	6
ENSG00000120437	397	16	8	13	19	7	8
ENSG00000086061	397	19	11	20	20	16	16
ENSG00000155975	397	12	14	12	17	9	7
ENSG00000128886	397	18	5	15	19	14	7
ENSG00000138018	397	8	4	1	8	21	6
ENSG00000242550	397	24	18	18	22	23	10
ENSG00000170340	397	23	12	12	21	26	13
ENSG00000167315	397	20	14	11	20	11	13
ENSG00000184402	396	5	3	9	10	17	2
ENSG00000170967	396	19	6	14	23	7	11
ENSG00000254415	396	21	3	14	16	15	6
ENSG00000125967	396	19	3	13	17	13	15
ENSG00000108666	396	23	15	20	22	17	5
ENSG00000100749	396	19	15	17	18	21	17
ENSG00000138430	396	25	20	16	19	25	18
ENSG00000075089	396	18	12	21	26	24	11
ENSG00000196188	396	5	2	7	22	19	17
ENSG00000102100	396	12	3	3	7	21	2
ENSG00000211892	396	15	12	14	20	18	8
ENSG00000143318	396	9	7	19	16	21	20
ENSG00000135972	396	24	18	18	22	20	9
ENSG00000146457	396	21	12	19	20	7	8
ENSG00000110921	396	17	10	9	15	7	11
ENSG00000104957	396	22	15	19	20	12	15
ENSG00000090316	396	23	18	14	23	15	13
ENSG00000162851	396	24	18	15	25	17	14
ENSG00000139572	396	16	5	6	9	21	4
ENSG00000182308	396	16	6	3	18	22	11
ENSG00000204348	396	17	4	12	21	23	11
ENSG00000163877	396	18	9	14	21	11	12
ENSG00000154889	396	16	9	16	16	16	9
ENSG00000130347	396	23	19	10	19	15	10
ENSG00000110244	396	25	14	27	25	10	13
ENSG00000172785	395	17	14	17	24	12	15
ENSG00000145309	395	18	15	22	21	11	22
ENSG00000136682	395	17	14	17	24	12	15
ENSG00000010539	395	20	16	17	20	13	9
ENSG00000168906	395	19	11	12	21	15	15
ENSG00000148341	395	18	8	20	24	18	12
ENSG00000176566	395	13	6	5	19	23	12
ENSG00000142892	395	20	9	7	17	20	15
ENSG00000177683	395	18	18	16	21	12	8
ENSG00000196873	395	17	14	17	24	10	15
ENSG00000103023	395	16	9	11	22	18	11
ENSG00000158156	395	12	1	6	11	23	3
ENSG00000104763	395	21	14	11	21	21	14
ENSG00000196131	395	13	5	0	8	18	6
ENSG00000215126	395	17	14	16	24	9	17
ENSG00000211893	395	14	11	11	19	15	8
ENSG00000112715	395	18	6	14	16	8	6
ENSG00000147996	395	17	14	17	24	10	15
ENSG00000151224	395	17	11	10	23	15	17
ENSG00000102738	395	22	18	19	20	15	10
ENSG00000161835	395	19	8	15	17	12	6
ENSG00000151789	395	18	15	5	11	8	4
ENSG00000104064	395	10	10	16	25	5	10
ENSG00000069966	395	19	11	7	28	23	20
ENSG00000166925	395	17	4	11	17	7	10
ENSG00000100288	395	22	11	21	24	15	11
ENSG00000166455	395	21	14	13	19	9	11
ENSG00000183134	395	17	0	3	9	16	2
ENSG00000183196	395	17	1	11	21	15	8
ENSG00000177673	395	12	3	9	20	6	10
ENSG00000143578	395	14	9	17	19	10	11
ENSG00000102967	395	23	11	17	22	12	11
ENSG00000091542	394	18	14	17	24	14	14
ENSG00000131737	394	23	9	19	22	6	8
ENSG00000160593	394	17	11	13	21	16	10
ENSG00000111218	394	21	17	14	20	17	16
ENSG00000100055	394	21	12	20	23	23	19
ENSG00000137185	394	23	17	26	22	17	6
ENSG00000143452	394	23	18	17	22	15	14
ENSG00000186193	394	23	3	19	27	6	7
ENSG00000170515	394	22	19	15	20	12	13
ENSG00000197054	394	21	16	18	19	28	7
ENSG00000104419	394	12	4	7	17	11	12
ENSG00000148154	394	18	8	4	17	19	13
ENSG00000164902	394	18	12	18	14	13	13
ENSG00000198721	394	17	11	15	25	17	11
ENSG00000138071	394	13	16	17	22	17	8
ENSG00000090661	394	19	2	7	16	18	6
ENSG00000163472	394	19	3	12	11	16	9
ENSG00000187871	394	18	15	9	17	15	10
ENSG00000167103	394	21	6	13	20	24	10
ENSG00000169032	393	16	11	21	24	13	15
ENSG00000145916	393	20	8	16	20	17	10
ENSG00000189157	393	20	20	18	18	11	7
ENSG00000108828	393	16	6	10	15	12	8
ENSG00000136982	393	19	18	22	22	14	11
ENSG00000162728	393	14	3	14	19	19	12
ENSG00000184860	393	17	4	17	23	21	10
ENSG00000177830	393	20	12	8	19	18	13
ENSG00000158104	393	25	18	23	23	17	11
ENSG00000168397	393	16	6	9	18	19	15
ENSG00000175137	393	22	9	23	23	5	7
ENSG00000213928	393	15	11	14	17	16	9
ENSG00000161048	393	22	14	13	26	21	15
ENSG00000158850	393	20	3	7	14	23	6
ENSG00000141510	393	18	10	13	13	11	7
ENSG00000162639	393	19	10	15	20	13	11
ENSG00000067829	393	16	9	13	19	11	9
ENSG00000169618	393	14	9	7	14	23	4
ENSG00000132323	392	23	16	12	28	13	19
ENSG00000111845	392	20	17	19	25	18	13
ENSG00000163389	392	23	12	17	22	25	14
ENSG00000172482	392	19	4	11	20	17	11
ENSG00000120709	392	14	8	8	14	16	8
ENSG00000086475	392	12	7	12	21	16	13
ENSG00000158006	392	24	11	16	22	20	6
ENSG00000117335	392	12	8	11	16	20	7
ENSG00000105552	392	17	10	12	18	22	7
ENSG00000108479	392	18	2	17	23	13	8
ENSG00000163512	392	21	16	23	23	11	12
ENSG00000139624	392	16	6	5	15	18	8
ENSG00000106686	392	22	11	12	21	15	10
ENSG00000187905	392	17	6	16	19	11	9
ENSG00000163064	392	13	6	5	12	6	6
ENSG00000144228	392	18	18	19	24	16	13
ENSG00000222011	392	22	14	10	19	8	13
ENSG00000146963	392	18	18	14	19	8	11
ENSG00000083123	392	16	7	18	25	23	9
ENSG00000149557	392	15	12	25	23	19	17
ENSG00000170748	392	21	7	10	22	15	16
ENSG00000118960	392	14	8	14	19	9	12
ENSG00000175575	392	16	7	6	25	14	22
ENSG00000172613	391	18	5	9	16	14	7
ENSG00000168398	391	10	5	7	14	20	5
ENSG00000139874	391	10	4	5	9	21	6
ENSG00000107185	391	21	4	13	16	19	5
ENSG00000101266	391	18	11	16	21	16	15
ENSG00000265972	391	21	15	13	17	14	12
ENSG00000128283	391	19	3	5	14	10	11
ENSG00000187109	391	13	11	19	14	14	14
ENSG00000183508	391	20	9	17	26	17	16
ENSG00000051108	391	13	7	12	12	6	5
ENSG00000107614	391	22	15	15	23	21	8
ENSG00000177181	391	16	8	9	23	8	13
ENSG00000197641	391	21	16	19	20	20	11
ENSG00000211890	391	14	5	10	21	15	9
ENSG00000151704	391	11	9	13	17	22	10
ENSG00000254598	391	20	11	16	21	17	15
ENSG00000153561	391	22	13	13	22	17	13
ENSG00000133884	391	21	14	16	17	14	14
ENSG00000147274	391	26	7	7	21	15	15
ENSG00000151575	391	21	17	19	21	6	12
ENSG00000196092	391	11	2	6	14	9	11
ENSG00000105329	390	20	7	15	21	16	7
ENSG00000064886	390	18	14	13	21	24	12
ENSG00000177469	390	13	13	18	23	3	10
ENSG00000206073	390	21	18	18	23	21	12
ENSG00000074319	390	16	12	11	14	16	14
ENSG00000158517	390	24	18	13	23	13	9
ENSG00000100320	390	11	6	9	14	16	6
ENSG00000057149	390	22	18	18	22	21	11
ENSG00000131828	390	22	9	16	20	15	14
ENSG00000100294	390	22	8	15	16	16	3
ENSG00000149564	390	18	5	6	9	7	3
ENSG00000145990	390	18	7	9	21	21	14
ENSG00000050628	390	11	3	3	8	20	2
ENSG00000134489	390	14	6	2	8	21	4
ENSG00000164118	390	18	15	19	22	10	11
ENSG00000143621	390	19	11	13	19	14	11
ENSG00000197961	390	19	17	20	19	28	4
ENSG00000135312	390	8	7	4	13	16	8
ENSG00000140398	390	21	11	16	24	12	11
ENSG00000187486	390	13	7	8	15	14	7
ENSG00000213516	390	27	7	7	20	17	14
ENSG00000162894	390	17	8	12	16	11	2
ENSG00000143995	390	17	4	7	18	11	16
ENSG00000174939	390	16	2	8	13	13	6
ENSG00000143367	390	20	13	20	20	6	10
ENSG00000235173	390	23	2	13	17	9	13
ENSG00000185813	389	23	13	17	25	23	13
ENSG00000141570	389	20	9	14	22	10	13
ENSG00000100519	389	20	13	17	22	18	18
ENSG00000277462	389	25	18	16	18	26	5
ENSG00000169884	389	22	8	12	16	8	7
ENSG00000171848	389	24	13	22	21	23	8
ENSG00000174016	389	19	16	17	21	19	11
ENSG00000103707	389	25	14	10	14	17	7
ENSG00000156219	389	21	19	16	18	19	9
ENSG00000137494	389	27	20	13	19	14	14
ENSG00000068903	389	21	10	14	20	17	15
ENSG00000141469	389	10	5	3	8	19	6
ENSG00000137409	389	18	8	6	10	17	5
ENSG00000171872	389	9	4	20	23	9	9
ENSG00000116885	389	24	14	18	27	25	10
ENSG00000118420	389	22	11	17	20	16	6
ENSG00000100601	389	19	12	11	17	14	15
ENSG00000187987	389	23	12	23	21	19	1
ENSG00000163636	389	25	15	20	26	18	19
ENSG00000027869	389	17	2	12	19	19	5
ENSG00000158488	388	9	5	10	18	18	5
ENSG00000177692	388	24	22	14	22	17	12
ENSG00000147509	388	21	4	13	20	10	11
ENSG00000152601	388	12	10	8	13	14	6
ENSG00000186654	388	20	11	17	15	12	9
ENSG00000163114	388	19	13	15	20	16	12
ENSG00000164270	388	9	1	5	11	20	6
ENSG00000115194	388	14	0	9	19	20	5
ENSG00000120500	388	15	11	10	18	13	12
ENSG00000132671	388	6	3	4	8	17	3
ENSG00000049883	388	20	18	15	22	12	8
ENSG00000256713	388	4	3	8	24	21	18
ENSG00000171056	388	8	6	15	18	10	13
ENSG00000187151	388	16	11	12	19	18	11
ENSG00000229183	388	4	3	8	24	21	18
ENSG00000229859	388	4	3	6	24	21	18
ENSG00000096088	388	4	3	10	22	24	7
ENSG00000204160	388	16	2	5	10	16	6
ENSG00000116691	388	19	4	11	24	11	7
ENSG00000135124	388	17	15	7	17	18	12
ENSG00000101346	388	16	13	14	24	25	13
ENSG00000145949	388	19	14	18	25	24	15
ENSG00000123575	388	10	9	15	18	11	10
ENSG00000105767	388	15	4	11	17	15	9
ENSG00000179388	387	9	5	11	21	12	15
ENSG00000149043	387	12	1	12	19	11	11
ENSG00000255398	387	17	8	7	14	22	7
ENSG00000011332	387	23	11	11	17	18	7
ENSG00000129151	387	20	11	14	20	20	18
ENSG00000140545	387	24	12	8	17	18	6
ENSG00000164776	387	21	13	14	16	19	8
ENSG00000243725	387	22	14	18	14	15	15
ENSG00000101842	387	6	4	11	15	9	7
ENSG00000182687	387	9	1	4	5	19	1
ENSG00000108823	387	14	1	15	24	16	14
ENSG00000158428	387	17	11	17	23	19	15
ENSG00000099864	387	23	13	23	23	0	13
ENSG00000179526	387	16	1	18	22	9	7
ENSG00000162627	387	21	21	21	23	16	13
ENSG00000140006	387	18	9	10	22	18	18
ENSG00000105793	387	25	22	12	21	14	14
ENSG00000032389	387	15	4	10	26	17	21
ENSG00000086696	387	19	11	7	16	19	12
ENSG00000014257	386	16	9	13	22	17	7
ENSG00000100263	386	7	1	13	13	12	4
ENSG00000214517	386	17	16	12	13	10	11
ENSG00000110031	386	15	10	14	19	13	13
ENSG00000164024	386	20	7	14	17	14	13
ENSG00000006831	386	10	4	7	12	21	3
ENSG00000136100	386	24	14	23	23	10	7
ENSG00000140835	386	21	8	11	22	19	10
ENSG00000198130	386	24	19	13	17	19	11
ENSG00000142182	386	15	5	11	17	16	14
ENSG00000103154	386	22	9	15	17	11	9
ENSG00000243811	386	17	10	15	20	20	7
ENSG00000129990	386	21	12	10	18	15	12
ENSG00000180891	386	10	4	12	20	11	17
ENSG00000196344	386	20	18	10	21	10	10
ENSG00000060982	386	15	12	14	19	18	16
ENSG00000143845	386	22	9	13	20	20	8
ENSG00000152684	385	21	9	20	21	14	14
ENSG00000146410	385	20	13	15	23	10	9
ENSG00000132746	385	16	7	8	18	18	8
ENSG00000234602	385	17	5	9	20	9	16
ENSG00000141098	385	16	0	9	20	18	9
ENSG00000101365	385	21	9	8	20	17	10
ENSG00000172270	385	15	9	13	20	15	10
ENSG00000167800	385	19	10	8	16	11	7
ENSG00000117151	385	19	13	6	22	25	21
ENSG00000159208	385	16	10	7	14	12	7
ENSG00000112333	385	20	12	10	18	15	9
ENSG00000147613	385	18	10	12	21	23	8
ENSG00000162374	385	20	8	5	15	18	7
ENSG00000149657	385	15	9	10	15	11	10
ENSG00000183049	385	18	13	16	20	22	14
ENSG00000099956	385	19	12	16	20	15	11
ENSG00000178074	385	22	13	8	15	18	9
ENSG00000107672	385	20	4	18	20	10	12
ENSG00000127838	385	16	7	8	20	14	12
ENSG00000283706	385	20	7	7	16	15	8
ENSG00000183208	385	18	3	15	23	16	14
ENSG00000133316	385	22	8	12	22	14	10
ENSG00000174059	385	8	4	14	17	11	3
ENSG00000120832	385	20	18	14	17	19	3
ENSG00000130829	384	18	3	8	12	15	7
ENSG00000198488	384	17	3	8	16	19	8
ENSG00000186795	384	14	8	12	14	12	6
ENSG00000081059	384	13	12	15	15	9	5
ENSG00000100024	384	20	7	12	19	16	11
ENSG00000117481	384	14	7	11	19	17	11
ENSG00000131043	384	18	11	19	22	19	9
ENSG00000184361	384	17	9	16	18	5	9
ENSG00000239713	384	26	12	17	23	19	9
ENSG00000144648	384	10	5	6	8	19	7
ENSG00000101292	384	13	8	7	13	22	4
ENSG00000129221	384	17	12	24	22	15	4
ENSG00000269058	384	21	15	11	17	22	16
ENSG00000125337	384	21	8	12	21	7	7
ENSG00000213822	384	15	3	7	25	17	15
ENSG00000157837	384	8	5	1	12	21	10
ENSG00000182185	384	14	8	16	22	15	5
ENSG00000172292	384	15	5	8	14	18	5
ENSG00000162881	384	13	2	2	4	21	2
ENSG00000176170	384	11	2	12	13	17	4
ENSG00000158019	383	18	12	13	22	21	11
ENSG00000104361	383	9	7	2	8	18	6
ENSG00000125991	383	12	11	12	23	22	16
ENSG00000151748	383	24	5	12	22	23	10
ENSG00000116218	383	19	12	16	20	10	3
ENSG00000185559	383	12	4	13	19	13	8
ENSG00000120314	383	20	10	9	22	13	19
ENSG00000171462	383	12	0	6	15	11	12
ENSG00000103248	383	19	10	11	19	9	14
ENSG00000150687	383	19	16	3	18	20	8
ENSG00000196227	383	19	14	12	18	7	6
ENSG00000154227	383	13	9	11	14	21	3
ENSG00000128408	382	22	16	17	24	13	16
ENSG00000174740	382	23	19	9	18	20	13
ENSG00000242110	382	17	8	15	25	20	18
ENSG00000100614	382	21	11	15	22	11	16
ENSG00000124702	382	20	5	6	19	24	13
ENSG00000011478	382	14	2	10	17	15	9
ENSG00000142409	382	14	8	13	15	12	4
ENSG00000155097	382	27	24	16	24	16	15
ENSG00000170989	382	16	11	5	14	22	6
ENSG00000099866	382	10	0	13	15	5	8
ENSG00000204381	382	15	7	13	18	15	16
ENSG00000167994	382	20	10	17	18	6	9
ENSG00000152661	382	19	11	7	20	17	7
ENSG00000090512	382	15	11	11	21	12	9
ENSG00000118276	382	17	11	17	20	27	7
ENSG00000111615	381	18	22	24	27	12	8
ENSG00000171989	381	19	17	10	14	14	6
ENSG00000082996	381	11	10	12	21	17	14
ENSG00000146535	381	21	15	16	23	22	15
ENSG00000010318	381	17	11	13	16	18	12
ENSG00000166165	381	16	8	10	18	14	13
ENSG00000122085	381	23	12	16	20	11	5
ENSG00000141404	381	19	11	16	23	17	21
ENSG00000168005	381	19	8	21	24	3	13
ENSG00000115459	381	20	12	12	18	21	9
ENSG00000250722	381	17	10	16	19	10	5
ENSG00000142871	381	26	17	13	14	11	4
ENSG00000188191	381	17	14	19	21	19	10
ENSG00000176407	381	15	3	10	12	9	9
ENSG00000168878	381	13	3	9	19	11	12
ENSG00000139318	381	13	7	14	16	19	9
ENSG00000180828	381	12	4	11	12	8	4
ENSG00000108946	381	19	13	19	21	19	10
ENSG00000163661	381	18	4	23	26	13	7
ENSG00000196352	381	22	8	15	19	13	5
ENSG00000171659	381	15	8	2	7	23	3
ENSG00000104879	381	20	14	11	20	17	15
ENSG00000189376	380	24	18	17	22	16	9
ENSG00000241697	380	18	11	11	19	13	11
ENSG00000071051	380	22	12	10	16	20	13
ENSG00000170345	380	9	8	16	21	9	13
ENSG00000198099	380	19	18	8	18	11	10
ENSG00000011295	380	21	11	14	19	7	7
ENSG00000138629	380	12	8	8	17	8	12
ENSG00000131591	380	14	2	6	11	11	4
ENSG00000183484	380	14	5	2	8	23	6
ENSG00000198727	380	4	2	1	8	22	5
ENSG00000143418	380	15	4	10	14	18	2
ENSG00000106819	380	18	12	13	19	14	7
ENSG00000234224	380	11	1	4	12	9	5
ENSG00000114388	380	23	14	18	23	14	13
ENSG00000166396	380	23	20	18	22	21	10
ENSG00000122122	380	12	9	17	17	9	12
ENSG00000112031	380	16	10	19	21	7	6
ENSG00000134817	380	14	6	4	8	22	5
ENSG00000115488	380	17	2	7	20	18	10
ENSG00000097021	380	20	10	12	20	12	6
ENSG00000168496	380	19	15	16	23	15	10
ENSG00000082556	380	9	6	5	11	15	9
ENSG00000125753	380	17	11	11	15	11	3
ENSG00000204316	380	20	3	13	19	18	9
ENSG00000204356	380	19	11	18	16	9	15
ENSG00000177511	380	22	14	8	16	20	7
ENSG00000120253	380	12	1	12	18	16	12
ENSG00000180694	380	11	4	5	8	16	0
ENSG00000021355	379	19	14	11	22	21	13
ENSG00000273604	379	18	3	11	16	6	5
ENSG00000177807	379	11	9	10	18	12	9
ENSG00000102882	379	22	7	17	24	19	11
ENSG00000213930	379	16	4	15	22	16	12
ENSG00000102401	379	19	10	15	20	10	4
ENSG00000175193	379	15	9	7	11	21	3
ENSG00000168522	379	16	10	17	18	14	15
ENSG00000184584	379	16	4	12	14	13	4
ENSG00000197774	379	18	1	14	20	9	5
ENSG00000205111	379	13	13	9	16	15	10
ENSG00000145220	379	18	17	20	21	9	12
ENSG00000106003	379	17	4	10	20	16	11
ENSG00000164031	379	18	17	11	19	18	12
ENSG00000167098	379	19	9	11	16	14	11
ENSG00000128253	378	14	5	10	23	14	17
ENSG00000185291	378	20	10	10	18	20	8
ENSG00000145850	378	16	8	9	17	12	11
ENSG00000176383	378	19	6	5	9	18	6
ENSG00000204687	378	10	5	7	9	16	3
ENSG00000170144	378	19	12	8	13	16	13
ENSG00000205683	378	20	9	14	17	13	11
ENSG00000126353	378	13	7	6	11	20	5
ENSG00000168269	378	11	9	6	12	18	9
ENSG00000026652	378	20	10	12	15	19	7
ENSG00000235863	378	11	4	11	16	15	7
ENSG00000176597	378	17	13	7	20	24	13
ENSG00000117010	378	19	15	18	16	24	5
ENSG00000177082	378	22	6	8	23	18	14
ENSG00000105401	378	15	20	16	19	16	12
ENSG00000128294	377	15	9	11	22	14	11
ENSG00000171307	377	14	4	3	7	18	3
ENSG00000196290	377	19	8	11	21	11	11
ENSG00000164219	377	19	6	9	19	21	10
ENSG00000165526	377	19	14	7	15	9	5
ENSG00000142655	377	15	10	11	10	4	4
ENSG00000159251	377	20	13	16	23	15	10
ENSG00000107796	377	20	13	16	23	15	10
ENSG00000145283	377	4	2	6	8	12	1
ENSG00000213996	377	11	4	2	8	20	6
ENSG00000148334	377	24	13	10	16	21	5
ENSG00000139180	377	25	13	11	11	12	9
ENSG00000087502	377	18	8	13	17	21	13
ENSG00000196954	377	23	13	21	22	18	16
ENSG00000100427	377	12	4	8	12	14	7
ENSG00000147099	377	14	12	12	16	20	15
ENSG00000167536	377	18	6	11	14	15	6
ENSG00000158092	377	19	13	14	15	19	11
ENSG00000101294	377	14	10	5	9	15	5
ENSG00000120063	377	24	15	18	24	23	16
ENSG00000188582	377	12	2	5	10	18	4
ENSG00000171195	377	9	7	8	11	5	1
ENSG00000169717	377	19	15	12	25	16	12
ENSG00000099999	377	17	8	7	16	8	10
ENSG00000143632	377	20	13	16	23	15	10
ENSG00000159352	377	14	5	17	18	7	14
ENSG00000118816	377	21	14	11	17	18	9
ENSG00000175591	377	16	0	5	7	22	8
ENSG00000180011	377	19	10	11	18	18	9
ENSG00000198917	376	19	8	14	17	15	12
ENSG00000120688	376	12	12	21	24	12	13
ENSG00000138107	376	19	14	16	24	20	16
ENSG00000143156	376	20	11	20	22	21	14
ENSG00000250571	376	18	5	16	15	16	2
ENSG00000170638	376	20	10	13	12	9	9
ENSG00000172543	376	19	8	6	18	14	10
ENSG00000165443	376	19	15	16	23	14	15
ENSG00000139637	376	20	2	18	18	21	9
ENSG00000165417	376	5	3	3	6	8	8
ENSG00000169105	376	19	5	10	16	14	8
ENSG00000196408	376	21	3	14	21	9	9
ENSG00000162695	376	14	4	6	20	17	11
ENSG00000101638	376	19	11	9	14	22	3
ENSG00000178184	376	14	4	11	22	8	13
ENSG00000123165	376	21	15	12	22	15	9
ENSG00000169067	376	21	12	17	23	15	11
ENSG00000166965	376	19	3	16	19	10	6
ENSG00000185627	376	26	16	17	22	16	12
ENSG00000163017	376	18	11	16	23	15	10
ENSG00000183770	376	11	10	10	11	14	2
ENSG00000124570	376	21	16	14	18	21	10
ENSG00000170542	376	22	16	19	24	17	8
ENSG00000187758	375	17	16	10	20	12	11
ENSG00000170458	375	16	2	12	14	6	4
ENSG00000264717	375	7	5	10	11	15	1
ENSG00000198890	375	14	1	21	19	17	11
ENSG00000170837	375	14	1	2	5	13	4
ENSG00000214435	375	26	23	18	21	15	12
ENSG00000164850	375	7	3	8	9	17	6
ENSG00000157551	375	17	13	12	16	14	9
ENSG00000101079	375	15	4	7	17	9	16
ENSG00000248144	375	19	16	12	20	12	11
ENSG00000148719	375	16	12	11	19	18	10
ENSG00000115392	375	19	9	14	21	18	8
ENSG00000126091	375	20	12	13	22	18	11
ENSG00000105419	375	12	3	13	19	13	12
ENSG00000196616	375	18	16	10	18	13	12
ENSG00000138379	375	17	16	13	16	15	11
ENSG00000184009	375	20	13	16	23	15	10
ENSG00000204174	375	7	5	10	11	15	1
ENSG00000133661	375	14	10	18	18	7	7
ENSG00000205531	375	16	13	18	15	13	17
ENSG00000124795	375	21	20	15	16	8	4
ENSG00000140557	375	19	13	9	14	16	6
ENSG00000172687	375	23	22	10	15	24	6
ENSG00000206075	375	22	23	17	20	20	13
ENSG00000075624	375	20	13	16	23	15	10
ENSG00000125046	375	23	9	17	21	17	7
ENSG00000112486	374	13	11	8	9	20	4
ENSG00000105717	374	16	9	11	16	10	5
ENSG00000185730	374	24	10	18	23	18	2
ENSG00000166401	374	21	16	18	18	20	8
ENSG00000144455	374	12	6	11	17	16	9
ENSG00000244165	374	17	5	1	8	21	4
ENSG00000121807	374	11	5	5	8	18	4
ENSG00000135722	374	19	1	12	22	11	8
ENSG00000198522	374	13	4	12	16	14	8
ENSG00000177459	374	23	15	23	18	2	6
ENSG00000197894	374	16	18	15	21	15	7
ENSG00000149100	374	19	19	13	20	17	17
ENSG00000105963	374	20	16	13	24	21	10
ENSG00000130383	374	18	7	11	21	18	6
ENSG00000110660	374	14	7	5	9	15	5
ENSG00000179071	374	24	24	21	20	6	9
ENSG00000060558	374	22	15	19	26	21	13
ENSG00000083750	374	17	8	15	21	20	16
ENSG00000144339	374	18	9	13	21	13	14
ENSG00000067167	374	11	5	9	13	18	3
ENSG00000205301	374	24	19	13	15	17	8
ENSG00000155307	373	20	12	9	19	11	15
ENSG00000144182	373	17	15	12	17	17	11
ENSG00000169860	373	14	7	3	8	22	7
ENSG00000046774	373	13	6	20	21	15	8
ENSG00000174600	373	10	3	3	4	23	4
ENSG00000147383	373	23	12	15	18	19	12
ENSG00000137090	373	12	4	8	11	9	2
ENSG00000116353	373	13	7	4	16	11	10
ENSG00000109881	373	16	14	10	13	5	2
ENSG00000034693	373	16	8	11	15	13	11
ENSG00000042286	373	19	12	10	17	16	3
ENSG00000169744	373	13	7	12	17	16	8
ENSG00000124104	373	14	4	12	18	11	11
ENSG00000221947	373	13	8	5	10	20	5
ENSG00000123405	373	9	2	15	22	12	11
ENSG00000162458	373	16	7	18	19	14	10
ENSG00000106477	373	19	7	13	16	12	10
ENSG00000135821	373	13	9	16	23	23	14
ENSG00000164144	373	20	16	17	19	16	10
ENSG00000188266	373	18	17	19	25	23	7
ENSG00000203857	373	14	10	15	20	19	8
ENSG00000178573	373	9	7	10	11	6	8
ENSG00000163870	373	10	2	8	12	18	6
ENSG00000060138	372	15	4	6	11	10	10
ENSG00000188404	372	10	9	9	19	21	8
ENSG00000184574	372	14	0	1	10	16	7
ENSG00000184979	372	13	11	12	21	16	17
ENSG00000135486	372	18	9	7	14	20	12
ENSG00000136807	372	18	15	13	17	16	5
ENSG00000136933	372	20	7	8	20	20	12
ENSG00000135973	372	12	4	4	10	18	5
ENSG00000230797	372	12	10	17	16	16	9
ENSG00000112699	372	26	18	18	21	20	10
ENSG00000107443	372	13	2	9	13	14	6
ENSG00000130429	372	18	12	8	22	19	14
ENSG00000160683	372	14	3	7	11	19	2
ENSG00000179913	372	14	4	5	16	16	5
ENSG00000116329	372	10	3	3	12	15	8
ENSG00000171806	372	17	18	18	18	14	13
ENSG00000198783	372	17	16	17	17	5	12
ENSG00000184378	372	18	13	12	22	15	12
ENSG00000099284	372	19	18	12	14	6	7
ENSG00000103089	372	21	7	6	15	19	6
ENSG00000121897	372	18	14	15	22	18	11
ENSG00000163644	372	18	7	14	23	12	17
ENSG00000203859	372	12	10	15	21	19	8
ENSG00000122756	372	12	3	11	16	16	10
ENSG00000197702	372	16	11	14	17	8	9
ENSG00000124171	372	14	9	12	21	12	12
ENSG00000117411	372	18	5	7	17	20	8
ENSG00000081320	372	9	9	14	22	16	13
ENSG00000180096	372	24	12	14	20	11	16
ENSG00000165915	371	12	3	12	15	16	4
ENSG00000163435	371	14	11	14	20	22	15
ENSG00000163428	371	17	5	9	16	8	4
ENSG00000167654	371	12	3	16	14	16	12
ENSG00000173085	371	7	3	2	11	18	8
ENSG00000126457	371	20	19	16	21	15	14
ENSG00000213699	371	11	3	6	11	16	3
ENSG00000016864	371	20	9	7	13	21	11
ENSG00000178719	371	4	2	2	11	19	5
ENSG00000007392	371	18	13	12	20	10	16
ENSG00000183570	371	15	6	13	19	4	3
ENSG00000136352	371	10	5	3	10	10	6
ENSG00000165795	371	15	5	8	18	12	10
ENSG00000206077	371	19	11	4	6	15	3
ENSG00000181135	371	22	13	12	20	21	9
ENSG00000177291	370	21	3	7	13	12	6
ENSG00000134072	370	15	14	16	20	21	16
ENSG00000152484	370	17	11	15	17	19	8
ENSG00000084090	370	23	8	12	16	18	10
ENSG00000169122	370	23	14	14	17	8	5
ENSG00000088833	370	21	8	17	24	13	12
ENSG00000157782	370	23	3	14	16	7	12
ENSG00000119973	370	9	2	2	5	20	2
ENSG00000065308	370	16	7	14	15	24	3
ENSG00000120137	370	21	14	10	18	19	10
ENSG00000147145	370	14	4	5	10	15	4
ENSG00000171497	370	24	21	16	19	11	15
ENSG00000241685	370	21	14	11	25	24	15
ENSG00000166159	370	14	3	10	18	10	15
ENSG00000136404	370	10	3	5	11	23	7
ENSG00000101323	370	19	15	10	20	15	16
ENSG00000135069	370	20	17	11	19	23	11
ENSG00000170962	370	20	10	8	13	17	11
ENSG00000181240	370	16	7	10	14	12	4
ENSG00000169902	370	18	17	12	21	17	10
ENSG00000113648	369	16	16	7	11	10	6
ENSG00000254852	369	18	13	11	22	7	9
ENSG00000183889	369	16	12	13	23	6	10
ENSG00000214940	369	15	10	13	23	6	10
ENSG00000124260	369	10	3	16	18	13	13
ENSG00000177558	369	18	9	11	14	16	7
ENSG00000100380	369	13	17	12	11	10	13
ENSG00000095059	369	20	12	12	19	16	8
ENSG00000214967	369	15	10	13	23	6	10
ENSG00000132423	369	16	13	9	12	17	8
ENSG00000147168	369	12	6	19	22	16	4
ENSG00000099377	369	17	3	13	18	21	5
ENSG00000180616	369	8	6	3	6	17	6
ENSG00000164756	369	13	8	8	16	15	7
ENSG00000169435	369	21	18	24	25	16	13
ENSG00000128203	369	17	6	12	21	18	9
ENSG00000102230	369	23	13	13	19	16	10
ENSG00000037757	369	20	5	8	16	10	8
ENSG00000184702	369	19	19	15	21	12	17
ENSG00000205089	369	18	5	10	17	11	9
ENSG00000166405	369	20	16	16	13	12	12
ENSG00000120370	369	15	12	17	20	6	8
ENSG00000173585	369	10	8	8	13	21	6
ENSG00000141127	369	23	10	16	22	10	8
ENSG00000174599	369	10	5	8	12	16	3
ENSG00000167011	369	16	5	9	15	10	11
ENSG00000157036	368	17	10	14	22	20	9
ENSG00000196932	368	17	6	10	14	21	5
ENSG00000172466	368	21	11	24	24	14	9
ENSG00000141985	368	19	15	19	21	14	18
ENSG00000143756	368	18	9	15	20	4	9
ENSG00000186810	368	10	1	2	8	16	8
ENSG00000172955	368	16	17	13	16	12	7
ENSG00000172782	368	19	3	9	13	14	5
ENSG00000116981	368	19	7	12	17	21	8
ENSG00000182492	368	17	10	14	19	12	12
ENSG00000157470	368	22	17	20	26	4	13
ENSG00000154945	368	15	7	17	18	9	9
ENSG00000127993	367	16	17	16	20	15	10
ENSG00000168904	367	25	12	14	21	14	4
ENSG00000145192	367	13	8	9	19	10	11
ENSG00000126088	367	16	7	11	21	16	12
ENSG00000130711	367	17	7	16	16	15	6
ENSG00000124194	367	17	11	16	17	13	9
ENSG00000188130	367	19	11	20	26	19	16
ENSG00000161217	367	23	11	17	21	19	12
ENSG00000122254	367	20	6	10	16	13	8
ENSG00000104219	367	18	11	6	15	14	10
ENSG00000101049	367	15	9	11	19	19	13
ENSG00000185721	367	23	17	11	18	14	11
ENSG00000069424	367	17	10	14	17	16	6
ENSG00000104415	367	18	3	6	14	16	12
ENSG00000163623	367	13	7	9	11	8	2
ENSG00000148225	367	17	9	6	22	17	15
ENSG00000144230	367	14	4	5	12	15	3
ENSG00000142025	367	15	6	6	10	8	1
ENSG00000212122	367	20	20	15	23	16	9
ENSG00000213638	367	21	5	12	22	11	8
ENSG00000196361	367	17	9	5	17	19	9
ENSG00000243709	366	19	3	19	22	12	5
ENSG00000166411	366	20	12	8	20	15	13
ENSG00000204022	366	10	10	6	11	26	7
ENSG00000137996	366	19	15	14	16	12	7
ENSG00000165113	366	20	18	16	19	7	14
ENSG00000139546	366	14	7	16	22	7	5
ENSG00000053328	366	14	5	7	17	19	13
ENSG00000179097	366	11	11	9	12	16	5
ENSG00000145391	366	15	8	16	22	21	18
ENSG00000108798	366	16	3	13	20	10	10
ENSG00000143768	366	18	3	19	22	12	5
ENSG00000109189	366	17	10	17	16	17	6
ENSG00000175182	366	14	3	16	22	12	13
ENSG00000123999	366	15	1	9	13	10	4
ENSG00000149582	366	15	1	9	17	13	6
ENSG00000102172	366	20	12	13	22	18	20
ENSG00000197111	365	16	5	14	20	6	4
ENSG00000180776	365	17	12	9	15	17	6
ENSG00000168830	365	9	7	8	13	16	7
ENSG00000071246	365	22	10	14	16	9	13
ENSG00000115596	365	15	3	9	15	8	4
ENSG00000179041	365	20	18	12	14	5	8
ENSG00000165416	365	21	16	16	19	18	14
ENSG00000164023	365	18	14	7	12	14	2
ENSG00000186912	365	15	1	3	7	21	7
ENSG00000097033	365	15	8	19	21	14	13
ENSG00000088002	365	19	10	13	17	21	10
ENSG00000156531	365	21	17	14	17	13	11
ENSG00000213999	365	13	4	6	10	12	10
ENSG00000071282	365	25	19	12	20	12	9
ENSG00000154639	365	24	15	9	12	16	7
ENSG00000241852	365	18	4	16	18	8	8
ENSG00000156711	365	21	15	13	25	20	17
ENSG00000104870	365	14	9	13	15	20	6
ENSG00000077279	365	20	18	4	12	12	9
ENSG00000122034	365	16	15	17	25	19	9
ENSG00000188706	364	13	5	7	11	17	4
ENSG00000149925	364	22	14	15	20	13	7
ENSG00000184344	364	14	10	6	17	19	9
ENSG00000181830	364	14	7	3	5	18	4
ENSG00000164048	364	16	7	24	25	17	6
ENSG00000170681	364	14	12	21	23	5	10
ENSG00000205502	364	22	3	11	17	6	6
ENSG00000136872	364	18	14	14	17	14	6
ENSG00000006047	364	17	6	6	8	5	7
ENSG00000172500	364	20	8	9	20	15	14
ENSG00000113249	364	13	6	9	12	12	6
ENSG00000108591	364	22	18	11	16	14	7
ENSG00000109107	364	22	14	14	20	15	11
ENSG00000240694	364	18	11	21	23	14	7
ENSG00000182149	364	11	9	17	18	15	13
ENSG00000173933	364	18	9	12	18	14	10
ENSG00000214866	364	21	19	10	18	15	15
ENSG00000215012	364	12	1	13	19	9	12
ENSG00000188677	364	19	12	17	19	8	12
ENSG00000119919	364	12	6	8	10	11	8
ENSG00000167525	364	15	4	12	16	8	10
ENSG00000121577	364	13	6	6	12	17	8
ENSG00000105383	364	15	5	7	17	10	8
ENSG00000005486	364	10	3	7	8	16	1
ENSG00000155189	364	19	12	8	12	19	8
ENSG00000185386	364	16	8	14	26	20	13
ENSG00000154553	364	16	7	11	18	10	13
ENSG00000179262	363	13	9	18	19	9	3
ENSG00000155269	363	11	5	2	8	14	5
ENSG00000163918	363	21	17	20	21	9	15
ENSG00000124787	363	19	17	21	23	21	9
ENSG00000196476	363	18	15	16	20	10	8
ENSG00000116863	363	15	4	13	15	19	11
ENSG00000182782	363	13	6	6	13	20	8
ENSG00000132840	363	21	10	20	21	20	13
ENSG00000141642	363	16	11	13	17	12	13
ENSG00000196839	363	20	14	18	22	18	13
ENSG00000164900	363	12	9	13	13	11	3
ENSG00000092036	363	25	17	26	23	10	12
ENSG00000092871	363	13	8	16	17	9	7
ENSG00000106392	363	16	14	17	20	16	10
ENSG00000106852	363	20	11	11	18	12	7
ENSG00000144476	362	7	3	3	9	17	4
ENSG00000135097	362	13	11	6	11	16	5
ENSG00000037749	362	17	6	17	18	17	11
ENSG00000074696	362	15	10	10	12	16	4
ENSG00000156110	362	20	11	15	18	19	10
ENSG00000105982	362	16	13	10	18	16	9
ENSG00000105610	362	9	5	11	14	13	8
ENSG00000184451	362	11	0	3	5	12	3
ENSG00000177464	362	14	1	6	11	16	6
ENSG00000131969	362	21	11	12	18	19	11
ENSG00000139977	362	18	6	15	22	8	10
ENSG00000185787	362	16	17	15	23	17	10
ENSG00000234745	362	18	4	17	19	18	10
ENSG00000134640	362	7	2	4	7	19	2
ENSG00000172031	362	20	11	7	16	20	6
ENSG00000111802	362	16	7	17	21	12	12
ENSG00000169857	362	20	9	13	17	7	12
ENSG00000078808	362	16	14	19	16	18	13
ENSG00000130204	361	10	6	7	15	12	5
ENSG00000115828	361	15	2	6	12	13	8
ENSG00000145687	361	10	3	7	13	8	7
ENSG00000148296	361	15	16	21	22	2	4
ENSG00000120159	361	11	10	17	19	4	10
ENSG00000138138	361	17	11	12	19	13	11
ENSG00000134321	361	19	15	16	16	19	11
ENSG00000169508	361	15	6	2	7	20	3
ENSG00000051128	361	20	11	16	18	12	3
ENSG00000171124	361	22	8	11	21	18	8
ENSG00000205838	361	22	11	17	18	15	7
ENSG00000162814	361	22	19	10	15	22	9
ENSG00000203880	361	18	14	15	17	16	11
ENSG00000256269	361	17	13	13	20	6	8
ENSG00000066427	361	14	5	16	19	9	9
ENSG00000134461	361	21	10	16	25	6	15
ENSG00000168385	361	20	15	14	18	12	11
ENSG00000119614	361	21	11	15	20	7	5
ENSG00000015676	361	22	14	18	23	9	11
ENSG00000059769	360	15	12	11	15	20	7
ENSG00000204531	360	10	8	13	15	14	6
ENSG00000180871	360	14	5	2	5	20	4
ENSG00000100030	360	22	14	15	22	19	12
ENSG00000155858	360	18	9	7	15	10	10
ENSG00000183813	360	6	2	10	11	21	4
ENSG00000068489	360	18	15	8	17	6	7
ENSG00000154165	360	15	6	5	10	24	10
ENSG00000105131	360	14	4	7	14	18	2
ENSG00000143851	360	19	5	16	20	14	5
ENSG00000169371	360	16	9	10	17	18	9
ENSG00000113621	360	15	3	12	16	14	9
ENSG00000172171	360	22	13	12	18	22	9
ENSG00000165887	360	21	9	17	19	8	15
ENSG00000173540	360	15	6	13	22	15	7
ENSG00000188822	360	12	7	3	11	13	5
ENSG00000116874	360	17	11	13	22	12	11
ENSG00000196998	360	17	11	8	20	14	16
ENSG00000163590	360	20	15	13	21	18	17
ENSG00000196704	360	18	8	13	21	17	10
ENSG00000140511	360	21	6	10	17	15	9
ENSG00000140157	360	11	8	5	10	18	3
ENSG00000115685	360	21	12	19	19	7	15
ENSG00000185324	360	20	13	18	23	13	5
ENSG00000085415	360	22	9	5	21	20	11
ENSG00000110104	360	17	12	20	23	3	3
ENSG00000166946	360	12	7	14	19	6	11
ENSG00000188760	360	12	0	5	9	13	7
ENSG00000105612	360	14	7	4	13	20	7
ENSG00000175110	360	24	13	20	24	23	7
ENSG00000112062	360	19	12	13	22	18	15
ENSG00000182162	359	10	1	4	7	16	3
ENSG00000163249	359	17	12	12	18	16	15
ENSG00000165555	359	16	10	9	16	17	6
ENSG00000095380	359	15	11	19	24	13	10
ENSG00000113532	359	20	14	10	18	20	11
ENSG00000186834	359	11	7	18	14	7	7
ENSG00000053371	359	17	5	13	19	11	9
ENSG00000005020	359	18	16	19	24	15	22
ENSG00000156413	359	19	6	11	19	19	4
ENSG00000011465	359	19	11	9	17	11	8
ENSG00000168229	359	12	2	3	6	14	6
ENSG00000168291	359	18	9	15	22	16	9
ENSG00000144891	359	11	9	2	8	19	5
ENSG00000099194	359	13	7	8	12	19	10
ENSG00000108733	359	17	7	8	11	10	6
ENSG00000115165	359	12	4	13	22	12	13
ENSG00000107105	359	16	9	5	16	17	9
ENSG00000050393	359	23	13	12	15	12	8
ENSG00000118518	359	14	5	12	19	6	16
ENSG00000137101	359	19	8	10	15	15	3
ENSG00000133265	359	18	3	11	13	7	2
ENSG00000013306	359	20	7	4	18	17	6
ENSG00000132185	359	9	3	12	20	13	10
ENSG00000088256	359	19	14	19	21	21	15
ENSG00000138813	359	20	11	16	19	7	2
ENSG00000136457	359	16	11	10	19	15	10
ENSG00000136842	359	17	11	15	18	9	11
ENSG00000113749	359	14	7	3	9	16	4
ENSG00000104331	359	15	11	11	12	12	11
ENSG00000156052	359	19	14	17	20	21	18
ENSG00000173914	359	19	9	14	18	14	10
ENSG00000141293	359	14	8	15	21	18	17
ENSG00000138744	359	19	6	9	18	19	10
ENSG00000102805	358	20	13	13	15	22	6
ENSG00000213906	358	11	3	3	5	15	1
ENSG00000185798	358	12	11	10	15	11	8
ENSG00000170464	358	16	11	14	20	19	12
ENSG00000219607	358	16	2	14	16	7	7
ENSG00000119383	358	18	17	18	20	18	9
ENSG00000245848	358	7	6	9	11	7	7
ENSG00000118804	358	25	8	14	21	10	9
ENSG00000183943	358	15	12	12	21	17	16
ENSG00000126249	358	16	4	11	17	18	10
ENSG00000138100	358	19	10	19	20	13	7
ENSG00000090520	358	17	11	12	17	16	18
ENSG00000101255	358	17	6	9	18	16	9
ENSG00000100167	358	17	15	15	17	13	8
ENSG00000204592	358	17	5	17	17	18	12
ENSG00000104381	358	12	11	13	13	14	8
ENSG00000265107	358	16	7	7	10	18	3
ENSG00000124613	358	24	16	16	22	21	4
ENSG00000013588	357	7	5	9	12	21	3
ENSG00000196544	357	16	0	15	16	2	8
ENSG00000144843	357	17	9	7	18	16	9
ENSG00000100490	357	21	15	12	23	16	14
ENSG00000163956	357	21	17	14	16	15	9
ENSG00000175390	357	15	5	7	14	12	12
ENSG00000168300	357	17	11	12	15	16	10
ENSG00000140263	357	22	12	9	12	4	6
ENSG00000184898	357	26	18	15	21	17	8
ENSG00000243667	357	19	16	12	21	19	10
ENSG00000060688	357	17	10	7	23	20	15
ENSG00000131482	357	9	7	1	11	22	5
ENSG00000158955	357	18	8	11	17	11	3
ENSG00000157219	357	9	7	3	9	17	3
ENSG00000127423	357	16	11	13	22	12	14
ENSG00000136999	357	19	9	10	15	9	7
ENSG00000164744	357	18	18	13	14	16	5
ENSG00000082497	356	16	7	16	16	18	5
ENSG00000179604	356	16	8	11	18	9	15
ENSG00000204438	356	21	4	14	16	12	8
ENSG00000149636	356	22	22	22	25	14	13
ENSG00000133119	356	22	15	20	20	8	6
ENSG00000145569	356	17	10	15	17	19	10
ENSG00000170298	356	15	6	6	13	18	8
ENSG00000111728	356	15	11	7	11	20	4
ENSG00000162992	356	11	7	10	13	15	8
ENSG00000169223	356	17	5	3	13	21	14
ENSG00000206559	356	16	13	19	17	14	9
ENSG00000171916	356	16	6	6	13	18	8
ENSG00000153936	356	18	12	15	20	17	11
ENSG00000115526	356	17	18	15	21	17	12
ENSG00000165283	356	18	7	15	26	9	12
ENSG00000169564	356	17	3	13	17	4	5
ENSG00000137074	356	18	12	14	23	7	9
ENSG00000181873	356	15	4	10	18	14	7
ENSG00000077463	355	18	11	14	18	12	8
ENSG00000126246	355	14	1	11	12	6	6
ENSG00000138668	355	13	10	15	17	9	9
ENSG00000156049	355	20	15	16	23	19	16
ENSG00000005421	355	15	10	12	16	16	6
ENSG00000168961	355	16	3	6	12	17	8
ENSG00000168329	355	14	5	6	7	20	4
ENSG00000123594	355	13	6	20	19	11	11
ENSG00000162032	355	16	10	6	14	15	11
ENSG00000183671	355	9	5	4	4	21	3
ENSG00000127528	355	11	6	7	14	13	7
ENSG00000128266	355	17	8	17	23	18	12
ENSG00000114353	355	17	12	15	23	19	18
ENSG00000130414	355	18	13	17	22	17	18
ENSG00000162236	355	18	12	10	15	10	9
ENSG00000167987	355	7	3	9	6	6	2
ENSG00000179934	355	8	6	5	9	18	4
ENSG00000183625	355	10	4	7	7	21	3
ENSG00000087258	354	17	9	17	23	19	20
ENSG00000065135	354	15	12	15	23	19	16
ENSG00000175318	354	23	13	7	14	14	6
ENSG00000159202	354	14	8	10	12	10	12
ENSG00000185909	354	15	2	7	11	20	7
ENSG00000126790	354	17	6	15	22	16	13
ENSG00000081181	354	13	7	7	22	12	15
ENSG00000198841	354	18	4	18	22	10	7
ENSG00000214415	354	18	12	17	24	19	15
ENSG00000049541	354	22	15	16	17	11	10
ENSG00000129226	354	7	2	2	10	11	3
ENSG00000115507	354	7	7	3	7	9	5
ENSG00000076770	354	10	9	7	12	11	7
ENSG00000140067	354	15	13	10	15	8	4
ENSG00000127955	354	15	12	13	23	20	15
ENSG00000103942	354	21	17	16	19	13	10
ENSG00000172260	354	13	5	7	15	19	10
ENSG00000183624	354	22	11	16	20	15	16
ENSG00000145681	354	22	10	4	22	18	16
ENSG00000177182	354	20	10	5	21	12	15
ENSG00000181631	354	14	12	6	13	16	3
ENSG00000152413	354	21	18	18	18	14	11
ENSG00000105854	354	13	12	8	21	12	11
ENSG00000165197	354	22	13	17	19	10	8
ENSG00000105852	354	19	12	12	20	17	10
ENSG00000074410	354	13	8	9	16	16	6
ENSG00000153531	354	16	8	18	21	19	10
ENSG00000124818	354	11	7	4	9	16	5
ENSG00000085741	354	20	13	9	19	10	8
ENSG00000036473	354	18	12	10	22	22	12
ENSG00000137504	354	19	6	12	18	6	10
ENSG00000100739	353	9	2	8	12	15	2
ENSG00000171055	353	16	9	21	22	11	15
ENSG00000066654	353	21	18	17	18	7	7
ENSG00000122566	353	19	9	8	14	17	9
ENSG00000105197	353	13	6	12	18	17	9
ENSG00000182704	353	10	1	8	20	7	11
ENSG00000180269	353	9	5	1	4	22	4
ENSG00000278619	353	17	3	11	17	9	5
ENSG00000143319	353	21	22	9	15	10	11
ENSG00000100558	353	20	15	10	15	19	6
ENSG00000267534	353	13	2	6	9	19	0
ENSG00000176903	353	18	7	22	22	16	9
ENSG00000184164	353	13	7	16	20	14	13
ENSG00000166321	352	16	8	7	10	15	3
ENSG00000171310	352	19	12	11	15	15	8
ENSG00000106927	352	16	7	11	16	15	5
ENSG00000185040	352	17	13	10	12	17	6
ENSG00000107295	352	15	12	20	21	14	14
ENSG00000139330	352	18	8	11	15	16	9
ENSG00000138594	352	19	17	20	20	12	12
ENSG00000120913	352	19	3	8	16	12	8
ENSG00000205482	352	17	13	10	12	16	6
ENSG00000150051	352	22	14	11	20	10	9
ENSG00000147677	352	20	15	10	19	13	8
ENSG00000116771	352	14	3	8	19	13	10
ENSG00000213903	352	13	0	4	5	13	0
ENSG00000169895	352	12	15	13	14	9	15
ENSG00000154124	352	22	9	15	18	14	10
ENSG00000103034	352	13	10	1	15	12	10
ENSG00000119718	351	18	9	17	17	13	3
ENSG00000156990	351	15	5	10	15	8	9
ENSG00000142875	351	18	14	15	23	24	11
ENSG00000128872	351	20	22	18	21	11	10
ENSG00000047579	351	11	7	26	22	7	9
ENSG00000100336	351	18	14	12	15	10	6
ENSG00000072062	351	18	14	15	23	24	11
ENSG00000171772	351	21	18	24	21	3	11
ENSG00000159720	351	16	11	18	24	15	14
ENSG00000156026	351	16	9	9	15	14	10
ENSG00000138036	351	15	14	13	20	15	15
ENSG00000116824	351	14	11	8	10	14	8
ENSG00000165943	351	17	10	21	22	11	10
ENSG00000061492	351	15	10	12	14	16	7
ENSG00000171049	351	12	2	3	9	17	4
ENSG00000048392	351	19	12	19	17	23	9
ENSG00000042813	351	21	8	15	17	15	2
ENSG00000128272	351	8	7	17	14	11	12
ENSG00000148483	351	13	5	9	12	13	3
ENSG00000123119	351	12	10	17	17	13	8
ENSG00000196418	351	17	16	16	18	23	4
ENSG00000126062	351	10	6	6	9	8	5
ENSG00000165059	351	16	11	11	22	20	11
ENSG00000140043	351	16	10	13	20	12	10
ENSG00000176896	351	16	11	16	18	13	9
ENSG00000149489	351	9	3	4	11	13	10
ENSG00000075290	351	18	5	12	16	16	5
ENSG00000117751	351	12	4	10	18	11	12
ENSG00000162552	351	19	10	13	15	13	6
ENSG00000051596	351	15	12	6	21	25	17
ENSG00000226479	350	18	5	5	9	19	4
ENSG00000224712	350	15	11	10	20	6	9
ENSG00000152669	350	19	7	10	18	7	7
ENSG00000065600	350	15	10	10	16	18	7
ENSG00000170608	350	8	4	7	12	16	6
ENSG00000163754	350	14	12	7	16	18	10
ENSG00000182220	350	15	9	13	19	17	9
ENSG00000102218	350	16	17	19	25	19	16
ENSG00000114349	350	16	11	15	20	17	16
ENSG00000171051	350	13	3	3	6	15	5
ENSG00000170502	350	17	13	14	16	16	11
ENSG00000099341	350	18	11	12	14	18	4
ENSG00000100036	350	10	0	5	6	11	2
ENSG00000151239	350	23	18	17	19	15	10
ENSG00000197405	350	11	5	2	8	23	3
ENSG00000088451	350	22	18	18	21	21	5
ENSG00000147614	350	16	10	19	23	18	13
ENSG00000157350	350	18	8	9	18	22	10
ENSG00000139269	350	17	2	7	10	9	4
ENSG00000163464	350	13	3	4	7	20	3
ENSG00000183793	350	15	11	12	21	6	9
ENSG00000050165	350	17	3	8	12	5	10
ENSG00000166130	350	21	19	12	19	11	14
ENSG00000137207	350	15	4	9	12	9	8
ENSG00000223802	350	14	5	4	11	18	6
ENSG00000143384	350	14	3	11	18	9	13
ENSG00000182264	350	15	14	21	20	13	10
ENSG00000269556	350	16	6	5	9	20	4
ENSG00000111325	350	15	4	15	16	14	10
ENSG00000165244	350	11	8	15	18	7	5
ENSG00000258484	350	14	13	18	21	9	7
ENSG00000023734	350	21	15	12	22	19	19
ENSG00000065911	350	21	11	8	14	5	9
ENSG00000183426	350	15	11	12	21	6	9
ENSG00000108523	350	9	4	6	13	15	8
ENSG00000185900	350	13	8	15	19	16	11
ENSG00000115956	350	11	9	15	20	19	15
ENSG00000120820	349	14	7	8	14	21	7
ENSG00000180423	349	15	5	14	21	14	10
ENSG00000188394	349	9	3	3	8	17	3
ENSG00000125827	349	14	8	13	12	13	10
ENSG00000205758	349	19	14	14	21	13	17
ENSG00000112232	349	14	8	15	11	12	9
ENSG00000016082	349	16	9	11	23	11	15
ENSG00000104626	349	12	13	12	17	14	8
ENSG00000165832	349	21	18	14	14	8	4
ENSG00000204315	349	19	9	13	17	7	10
ENSG00000100652	349	11	10	6	9	17	3
ENSG00000168310	349	11	8	15	21	13	12
ENSG00000162490	349	9	6	18	18	4	7
ENSG00000178913	349	18	12	16	14	5	21
ENSG00000117133	349	15	10	13	15	12	6
ENSG00000247596	349	21	16	11	18	13	11
ENSG00000167588	349	22	17	13	20	15	7
ENSG00000125355	349	10	2	6	13	16	4
ENSG00000154764	349	21	12	11	16	10	6
ENSG00000166135	349	15	9	17	20	14	12
ENSG00000222046	349	22	11	7	14	9	6
ENSG00000118523	349	24	11	9	18	9	12
ENSG00000165983	349	19	13	18	19	3	9
ENSG00000124469	349	13	2	6	13	13	5
ENSG00000130244	349	20	0	13	23	7	14
ENSG00000011198	349	16	9	5	10	23	7
ENSG00000179988	348	19	12	11	19	12	6
ENSG00000261701	348	20	15	12	21	21	9
ENSG00000204219	348	18	18	11	16	7	11
ENSG00000137094	348	17	12	10	21	13	16
ENSG00000104723	348	14	5	2	7	20	2
ENSG00000180667	348	16	7	13	20	12	11
ENSG00000176723	348	16	2	9	11	9	2
ENSG00000187550	348	13	1	8	17	14	10
ENSG00000118507	348	17	15	19	21	11	8
ENSG00000114686	348	16	14	5	15	16	10
ENSG00000163914	348	8	5	10	12	17	1
ENSG00000064547	348	14	2	10	14	14	1
ENSG00000261678	348	16	10	7	16	12	7
ENSG00000107566	348	20	14	13	18	13	7
ENSG00000198356	348	15	12	13	21	12	12
ENSG00000042493	348	14	10	16	22	13	10
ENSG00000196812	348	23	14	19	19	16	14
ENSG00000125255	348	6	4	3	6	16	3
ENSG00000142544	348	20	1	9	17	5	10
ENSG00000100218	348	20	14	15	19	9	6
ENSG00000100938	348	18	15	11	18	16	11
ENSG00000114988	348	16	8	4	14	17	13
ENSG00000010704	348	12	6	12	13	15	8
ENSG00000171223	347	13	9	6	11	9	6
ENSG00000177689	347	19	10	19	19	6	11
ENSG00000130522	347	12	8	12	15	3	6
ENSG00000156574	347	13	6	11	16	17	9
ENSG00000172733	347	14	16	15	18	14	9
ENSG00000001167	347	2	5	8	8	3	1
ENSG00000110887	347	11	6	15	21	20	9
ENSG00000214954	347	14	10	9	16	13	4
ENSG00000073754	347	18	7	13	15	17	11
ENSG00000105967	347	12	9	14	21	9	14
ENSG00000148288	347	15	5	14	17	22	4
ENSG00000178498	347	16	8	10	16	12	6
ENSG00000173302	347	10	2	0	5	20	2
ENSG00000163738	347	20	9	9	15	7	11
ENSG00000198663	347	14	8	16	15	17	6
ENSG00000188811	347	13	8	6	22	20	14
ENSG00000171236	347	17	6	5	21	15	14
ENSG00000140382	347	13	11	18	20	12	11
ENSG00000140600	347	20	17	18	20	17	13
ENSG00000109771	347	16	9	16	21	19	9
ENSG00000214107	347	19	12	16	15	17	7
ENSG00000213995	347	17	7	5	15	10	10
ENSG00000034152	347	23	11	14	25	12	16
ENSG00000087152	347	16	12	14	15	10	7
ENSG00000124074	346	19	7	15	21	5	7
ENSG00000163541	346	13	7	9	11	11	2
ENSG00000249853	346	20	17	16	15	13	2
ENSG00000106483	346	17	10	12	12	11	8
ENSG00000198798	346	22	20	10	19	9	6
ENSG00000038002	346	16	9	6	13	12	10
ENSG00000152207	346	14	3	3	7	17	2
ENSG00000124659	346	22	5	10	17	8	13
ENSG00000134058	346	18	11	12	19	15	11
ENSG00000056050	346	17	15	15	18	17	17
ENSG00000185897	346	8	2	5	8	17	4
ENSG00000090776	346	20	15	12	17	9	5
ENSG00000120289	346	21	10	14	20	15	7
ENSG00000112619	346	13	7	8	12	24	8
ENSG00000156345	346	19	6	12	17	14	10
ENSG00000186838	346	12	3	6	11	5	6
ENSG00000126251	346	8	2	5	8	17	4
ENSG00000182749	346	8	0	7	10	21	1
ENSG00000029639	346	21	13	11	18	17	9
ENSG00000131773	346	11	7	12	12	12	9
ENSG00000142230	346	22	15	13	22	10	13
ENSG00000185933	346	11	6	9	12	17	5
ENSG00000187398	346	18	18	19	21	4	8
ENSG00000178804	346	19	15	6	11	2	3
ENSG00000102981	346	16	2	7	16	6	13
ENSG00000135046	346	19	20	13	15	10	11
ENSG00000124466	346	16	4	2	14	8	7
ENSG00000180447	345	14	2	9	11	6	5
ENSG00000141232	345	12	10	9	12	12	8
ENSG00000124227	345	20	5	7	18	10	11
ENSG00000165678	345	14	6	1	7	21	3
ENSG00000109787	345	14	12	12	16	11	5
ENSG00000128617	345	14	6	5	7	14	2
ENSG00000170903	345	13	16	16	15	7	12
ENSG00000179241	345	7	1	7	12	16	8
ENSG00000107262	345	15	7	15	15	4	8
ENSG00000137198	345	17	16	11	20	15	10
ENSG00000095794	345	5	6	10	11	3	6
ENSG00000172216	345	11	11	12	14	12	6
ENSG00000114026	345	18	4	9	21	18	10
ENSG00000143412	345	23	8	14	24	9	13
ENSG00000111291	345	6	2	8	10	20	3
ENSG00000066294	345	18	11	12	14	18	6
ENSG00000145431	345	19	9	14	12	14	8
ENSG00000163157	345	16	7	18	22	6	13
ENSG00000091583	345	17	11	8	14	23	7
ENSG00000166579	345	22	16	14	15	13	10
ENSG00000101247	345	17	5	15	22	20	13
ENSG00000125871	344	20	14	14	19	17	10
ENSG00000104497	344	16	5	13	13	17	9
ENSG00000181350	344	18	5	8	15	7	11
ENSG00000124357	344	18	10	13	20	11	17
ENSG00000139679	344	12	4	2	8	20	6
ENSG00000121578	344	20	15	16	16	18	4
ENSG00000068028	344	22	13	10	15	16	12
ENSG00000138764	344	14	10	14	15	11	7
ENSG00000151332	344	20	10	13	18	10	10
ENSG00000134363	344	18	13	12	20	14	11
ENSG00000277258	344	14	15	10	12	12	12
ENSG00000183128	344	15	4	5	12	16	9
ENSG00000120334	344	17	17	13	18	16	9
ENSG00000121797	344	13	8	3	9	17	6
ENSG00000136247	344	11	3	5	8	14	4
ENSG00000086548	344	12	4	9	14	15	3
ENSG00000183864	344	12	7	10	13	17	8
ENSG00000178999	344	21	10	14	19	14	8
ENSG00000182667	344	17	8	13	17	13	9
ENSG00000166326	344	11	7	15	15	9	15
ENSG00000124193	344	16	14	9	11	10	11
ENSG00000071994	344	15	11	11	16	18	8
ENSG00000278224	344	16	5	12	17	14	10
ENSG00000180481	344	16	8	9	17	19	6
ENSG00000134882	344	17	6	7	13	15	5
ENSG00000105520	343	10	3	7	10	16	3
ENSG00000176920	343	16	2	5	11	24	8
ENSG00000271605	343	19	16	9	14	13	6
ENSG00000130822	343	15	6	14	16	19	11
ENSG00000052344	343	6	1	9	12	14	5
ENSG00000221963	343	12	16	8	7	11	3
ENSG00000244617	343	11	7	13	14	19	8
ENSG00000109851	343	15	5	4	12	9	5
ENSG00000161010	343	20	11	14	18	11	4
ENSG00000165935	343	16	15	17	12	9	11
ENSG00000163568	343	19	18	15	17	9	6
ENSG00000140254	343	6	2	7	7	18	3
ENSG00000010626	343	23	11	15	17	8	14
ENSG00000125352	343	17	16	14	19	13	15
ENSG00000182521	343	13	10	8	17	13	9
ENSG00000172935	343	9	2	6	12	16	5
ENSG00000071575	343	15	8	16	21	20	11
ENSG00000101546	343	16	7	17	18	14	12
ENSG00000161267	343	19	12	11	15	14	7
ENSG00000176774	343	15	9	17	21	12	12
ENSG00000170632	343	15	7	15	18	8	5
ENSG00000162460	343	14	1	6	12	16	5
ENSG00000142039	343	15	2	16	14	13	7
ENSG00000124120	342	17	10	11	22	14	12
ENSG00000180818	342	20	14	16	21	14	3
ENSG00000105696	342	11	3	10	18	15	9
ENSG00000170222	342	8	5	16	23	20	15
ENSG00000163001	342	15	12	18	22	10	6
ENSG00000035115	342	18	10	15	18	14	6
ENSG00000157693	342	8	0	10	15	10	6
ENSG00000143891	342	17	9	13	21	19	13
ENSG00000110025	342	15	5	16	21	13	13
ENSG00000165630	342	19	19	18	16	9	9
ENSG00000100439	342	19	9	5	16	21	9
ENSG00000116455	342	11	2	9	20	19	15
ENSG00000168958	342	16	2	12	20	6	9
ENSG00000136485	342	15	5	10	25	20	20
ENSG00000166272	342	9	5	14	15	5	11
ENSG00000143006	342	9	4	7	11	12	4
ENSG00000169313	342	14	9	4	7	18	5
ENSG00000169403	342	8	3	3	8	19	4
ENSG00000196209	342	16	7	10	18	14	12
ENSG00000135932	341	23	18	18	21	14	10
ENSG00000159527	341	10	6	6	15	18	8
ENSG00000077713	341	12	7	3	13	19	3
ENSG00000106384	341	9	4	7	12	15	3
ENSG00000112531	341	14	11	13	19	7	12
ENSG00000072163	341	17	12	17	21	14	4
ENSG00000131652	341	19	7	10	18	16	7
ENSG00000203797	341	17	6	11	17	13	7
ENSG00000108100	341	19	13	13	17	17	12
ENSG00000171794	341	16	2	8	16	6	13
ENSG00000010030	341	16	7	10	18	14	8
ENSG00000169217	341	14	5	10	16	9	12
ENSG00000132196	341	13	11	12	17	16	7
ENSG00000198807	341	17	8	3	10	13	4
ENSG00000163093	341	17	9	11	14	17	12
ENSG00000132254	341	16	10	15	19	15	9
ENSG00000125246	340	22	16	14	20	14	10
ENSG00000100206	340	17	15	10	15	16	9
ENSG00000105251	340	15	6	19	19	11	15
ENSG00000108947	340	19	1	10	15	5	6
ENSG00000167720	340	16	13	13	19	7	7
ENSG00000177425	340	11	6	11	15	4	12
ENSG00000160284	340	19	12	17	25	8	17
ENSG00000111664	340	13	6	6	25	14	18
ENSG00000157343	340	17	6	7	16	14	10
ENSG00000172354	340	13	3	1	25	14	22
ENSG00000078369	340	13	5	3	25	15	22
ENSG00000163959	340	9	7	6	6	18	2
ENSG00000133114	340	15	16	14	16	12	16
ENSG00000167371	340	12	5	11	12	2	7
ENSG00000111445	340	24	14	10	18	14	10
ENSG00000132702	340	20	2	4	13	14	6
ENSG00000178694	340	19	13	12	16	13	10
ENSG00000114450	340	14	4	1	25	14	22
ENSG00000206418	340	23	13	15	16	11	11
ENSG00000008513	340	18	11	12	16	17	12
ENSG00000120519	340	6	6	4	7	17	3
ENSG00000205693	340	12	11	5	16	14	10
ENSG00000144040	340	13	3	5	8	12	4
ENSG00000149547	340	12	8	4	10	14	4
ENSG00000132002	340	20	14	13	21	13	16
ENSG00000081721	340	19	9	16	17	15	7
ENSG00000118017	340	15	5	11	17	15	7
ENSG00000088053	339	14	6	6	13	11	6
ENSG00000100365	339	21	11	15	20	15	16
ENSG00000071859	339	16	14	14	17	11	7
ENSG00000182718	339	22	16	16	21	9	16
ENSG00000188735	339	13	7	6	6	12	1
ENSG00000130592	339	15	11	18	18	5	10
ENSG00000078589	339	15	5	4	8	18	4
ENSG00000100612	339	17	10	10	17	10	7
ENSG00000164647	339	17	13	7	6	17	3
ENSG00000112592	339	9	8	4	9	10	1
ENSG00000100104	339	12	9	18	20	13	7
ENSG00000148090	339	18	11	13	17	8	9
ENSG00000077458	339	19	19	15	18	10	6
ENSG00000145331	339	19	13	13	20	11	17
ENSG00000168566	339	17	15	11	19	15	18
ENSG00000164733	339	16	8	15	22	14	14
ENSG00000089289	339	19	11	15	16	14	13
ENSG00000170236	339	9	11	14	20	23	10
ENSG00000146399	339	13	8	4	13	18	5
ENSG00000130957	339	15	10	12	15	14	10
ENSG00000186665	339	22	2	10	19	5	6
ENSG00000144021	339	17	8	7	24	21	17
ENSG00000147475	339	21	15	14	20	16	10
ENSG00000185610	339	12	4	8	17	11	5
ENSG00000051180	339	16	8	19	24	17	11
ENSG00000165140	338	20	13	8	15	13	11
ENSG00000105849	338	12	8	11	16	15	9
ENSG00000091010	338	14	8	10	13	10	4
ENSG00000173890	338	10	5	3	8	17	3
ENSG00000111224	338	16	15	10	19	23	11
ENSG00000185650	338	13	7	8	17	15	8
ENSG00000174944	338	12	10	6	9	15	4
ENSG00000075303	338	14	12	7	15	16	3
ENSG00000169598	338	15	6	14	21	16	10
ENSG00000204632	338	19	3	16	19	18	8
ENSG00000186075	338	17	10	9	19	17	8
ENSG00000236398	338	6	6	5	7	12	4
ENSG00000090447	338	18	11	14	11	4	3
ENSG00000146701	338	20	14	9	14	7	7
ENSG00000147454	338	13	5	5	13	11	3
ENSG00000107537	338	18	17	9	18	15	8
ENSG00000154719	338	23	19	14	16	19	10
ENSG00000125740	338	8	5	10	16	15	8
ENSG00000114735	338	11	1	11	15	15	11
ENSG00000100591	338	22	14	24	21	15	9
ENSG00000139329	338	16	10	13	17	19	14
ENSG00000159128	337	11	5	6	13	19	6
ENSG00000162616	337	18	11	11	22	15	20
ENSG00000106560	337	18	14	9	11	18	7
ENSG00000134830	337	11	1	3	4	16	4
ENSG00000130958	337	8	5	3	5	18	3
ENSG00000117419	337	14	9	6	13	16	8
ENSG00000164600	337	17	13	12	17	14	3
ENSG00000135547	337	10	4	7	11	4	4
ENSG00000163686	337	18	12	5	16	13	7
ENSG00000106993	337	18	14	15	19	17	5
ENSG00000102547	337	20	18	20	20	14	10
ENSG00000173198	337	13	5	1	4	13	4
ENSG00000186205	337	18	10	10	16	10	9
ENSG00000154478	337	8	4	1	10	12	6
ENSG00000140030	337	12	7	3	8	20	8
ENSG00000102383	337	17	11	5	11	13	7
ENSG00000118298	337	10	5	10	13	19	5
ENSG00000128335	337	17	9	10	17	6	7
ENSG00000113712	337	19	12	11	20	15	11
ENSG00000139826	337	17	7	6	14	18	4
ENSG00000110063	337	18	9	16	22	14	13
ENSG00000183605	337	16	10	11	13	16	4
ENSG00000135569	337	12	4	2	9	17	5
ENSG00000136816	336	16	15	13	20	18	11
ENSG00000136206	336	17	16	7	10	17	6
ENSG00000139835	336	17	9	12	15	17	8
ENSG00000106049	336	13	9	2	10	11	8
ENSG00000139291	336	3	3	4	8	17	5
ENSG00000102471	336	13	1	13	13	8	8
ENSG00000182798	336	15	10	19	23	11	8
ENSG00000153086	336	13	11	9	16	15	12
ENSG00000213088	336	3	1	4	6	13	5
ENSG00000117069	336	12	4	7	16	12	12
ENSG00000171657	336	14	9	1	5	21	3
ENSG00000121680	336	16	5	10	16	10	7
ENSG00000240857	336	19	8	11	12	11	5
ENSG00000151465	336	16	11	13	19	18	13
ENSG00000185988	336	13	3	10	16	11	7
ENSG00000122643	336	21	16	13	17	11	12
ENSG00000167139	336	17	12	19	22	16	8
ENSG00000150637	336	14	3	11	14	21	5
ENSG00000142549	336	13	1	9	14	11	8
ENSG00000151502	336	18	12	22	21	15	13
ENSG00000152422	336	18	16	17	18	10	11
ENSG00000121481	336	14	13	16	21	10	9
ENSG00000005059	336	15	11	7	12	15	7
ENSG00000135750	336	8	3	12	13	19	6
ENSG00000026103	335	19	18	16	16	4	8
ENSG00000011422	335	17	5	9	14	11	7
ENSG00000204941	335	19	11	8	14	15	4
ENSG00000198965	335	7	5	3	8	20	3
ENSG00000065802	335	18	6	10	17	15	10
ENSG00000168818	335	20	15	16	17	11	10
ENSG00000180758	335	12	5	5	11	14	4
ENSG00000104325	335	22	17	10	15	17	5
ENSG00000149541	335	14	4	13	19	13	7
ENSG00000070501	335	18	19	16	18	14	13
ENSG00000137135	335	19	3	15	19	14	3
ENSG00000170605	335	12	4	5	12	22	5
ENSG00000124003	335	15	10	5	8	16	3
ENSG00000117791	335	18	11	9	17	13	10
ENSG00000152382	335	14	11	12	19	13	12
ENSG00000026751	335	14	7	12	17	10	6
ENSG00000186496	335	17	12	16	18	12	6
ENSG00000102158	335	14	6	4	9	17	4
ENSG00000158473	335	10	2	11	15	16	6
ENSG00000092094	335	18	4	15	23	15	12
ENSG00000166510	335	18	17	21	21	5	5
ENSG00000108010	335	18	19	19	17	16	4
ENSG00000117090	335	12	13	10	15	12	3
ENSG00000172878	335	13	3	8	12	13	11
ENSG00000072864	335	25	11	14	18	10	12
ENSG00000243130	335	16	5	10	17	13	5
ENSG00000152292	335	16	3	9	12	15	9
ENSG00000103811	335	14	12	10	17	18	6
ENSG00000111640	335	17	14	7	21	18	14
ENSG00000122477	335	18	9	18	21	10	8
ENSG00000104808	334	18	9	16	20	9	7
ENSG00000136110	334	16	11	14	15	15	6
ENSG00000109956	334	14	3	11	15	18	6
ENSG00000188573	334	18	7	6	14	14	7
ENSG00000160207	334	16	11	17	18	13	6
ENSG00000121022	334	17	15	15	23	14	13
ENSG00000148704	334	14	8	13	15	4	3
ENSG00000014641	334	15	13	5	15	11	14
ENSG00000152229	334	20	19	13	17	15	11
ENSG00000038274	334	17	10	12	22	12	15
ENSG00000186470	334	17	9	12	13	12	4
ENSG00000198829	334	9	5	5	11	21	3
ENSG00000081087	334	11	6	11	16	13	5
ENSG00000166391	334	13	5	7	12	14	3
ENSG00000136943	334	17	15	13	19	20	8
ENSG00000132975	334	8	3	4	9	15	2
ENSG00000123505	334	18	10	7	17	16	13
ENSG00000148824	334	20	10	10	16	6	10
ENSG00000205629	334	19	9	19	20	10	10
ENSG00000174963	334	10	10	9	17	13	6
ENSG00000111716	334	17	15	10	14	11	7
ENSG00000169550	334	9	6	12	15	10	10
ENSG00000104976	334	11	6	20	18	5	3
ENSG00000184709	334	11	0	3	10	7	6
ENSG00000174891	334	13	15	15	15	7	11
ENSG00000269313	334	19	0	13	19	2	7
ENSG00000205835	334	14	8	14	19	19	11
ENSG00000138777	334	23	16	13	18	16	7
ENSG00000005448	334	11	1	8	11	13	7
ENSG00000108984	334	22	15	15	24	12	15
ENSG00000147138	333	13	4	0	14	15	7
ENSG00000163626	333	13	6	4	8	17	4
ENSG00000160408	333	14	6	9	14	16	3
ENSG00000109705	333	13	4	13	15	4	8
ENSG00000240654	333	18	13	12	16	8	10
ENSG00000156170	333	18	12	10	12	20	8
ENSG00000117682	333	15	10	18	21	15	8
ENSG00000255150	333	17	11	20	23	11	15
ENSG00000180878	333	14	4	6	11	12	7
ENSG00000123159	333	15	6	19	17	11	11
ENSG00000173578	333	7	1	2	6	19	3
ENSG00000205863	333	18	13	12	16	8	10
ENSG00000125977	333	21	19	10	13	14	9
ENSG00000147160	333	13	8	3	11	18	5
ENSG00000135047	333	11	9	17	18	20	9
ENSG00000110080	333	21	15	11	16	14	11
ENSG00000066855	333	14	9	14	17	8	5
ENSG00000257138	333	8	6	2	4	18	1
ENSG00000187513	333	12	5	11	16	13	5
ENSG00000125266	333	14	15	7	18	8	10
ENSG00000101935	333	14	6	11	14	15	3
ENSG00000158485	333	15	2	9	15	16	5
ENSG00000140374	333	20	15	7	20	11	14
ENSG00000135900	332	18	11	17	16	11	2
ENSG00000154217	332	19	13	17	16	16	11
ENSG00000166603	332	6	2	6	12	11	4
ENSG00000186166	332	12	5	11	16	16	7
ENSG00000277443	332	11	11	19	18	0	2
ENSG00000197451	332	13	11	9	13	9	9
ENSG00000136827	332	16	11	10	16	19	10
ENSG00000162739	332	16	7	12	14	17	6
ENSG00000188770	332	10	2	11	13	9	12
ENSG00000183304	332	10	10	14	16	7	7
ENSG00000124780	332	11	3	7	11	16	3
ENSG00000115129	332	14	8	10	22	14	5
ENSG00000110172	332	18	17	15	23	16	8
ENSG00000134333	332	18	16	6	15	12	9
ENSG00000100532	332	14	9	11	16	17	9
ENSG00000119537	332	12	6	9	14	10	6
ENSG00000166796	332	19	14	7	16	12	9
ENSG00000165182	332	21	19	11	17	17	7
ENSG00000122912	332	18	10	3	10	10	4
ENSG00000205060	331	8	3	5	7	19	0
ENSG00000215114	331	17	10	13	19	10	10
ENSG00000123307	331	10	8	10	16	14	5
ENSG00000137955	331	11	6	14	19	20	11
ENSG00000160439	331	18	9	11	16	9	10
ENSG00000167476	331	14	6	17	17	7	10
ENSG00000160049	331	19	11	17	18	6	12
ENSG00000119242	331	19	15	18	21	5	5
ENSG00000167112	331	21	15	5	14	13	11
ENSG00000049449	331	14	10	17	11	18	14
ENSG00000169181	331	10	4	10	11	15	4
ENSG00000162367	331	14	7	12	15	8	8
ENSG00000177606	331	10	8	8	11	6	2
ENSG00000090273	331	21	19	15	16	9	15
ENSG00000125245	331	11	7	1	7	19	4
ENSG00000203757	331	10	3	4	15	17	7
ENSG00000163131	331	15	13	9	17	15	6
ENSG00000178586	331	9	4	6	9	22	2
ENSG00000159674	331	12	6	5	6	14	4
ENSG00000206052	331	17	10	16	18	15	5
ENSG00000169733	331	13	5	4	11	14	7
ENSG00000144792	331	18	14	19	20	20	3
ENSG00000149179	331	17	6	11	14	10	9
ENSG00000196118	331	21	12	9	15	6	6
ENSG00000138964	331	18	15	18	23	11	8
ENSG00000064225	331	19	11	7	12	19	7
ENSG00000179772	330	11	1	7	13	10	3
ENSG00000172531	330	18	9	16	23	15	13
ENSG00000123364	330	11	5	11	17	11	8
ENSG00000178358	330	8	4	2	8	20	3
ENSG00000183695	330	7	2	4	7	19	3
ENSG00000164334	330	18	9	12	15	8	7
ENSG00000169084	330	18	11	7	12	14	8
ENSG00000131435	330	17	5	10	18	6	11
ENSG00000162694	330	12	9	3	15	16	6
ENSG00000055211	330	20	10	11	17	8	6
ENSG00000148218	330	15	6	10	17	13	9
ENSG00000132485	330	18	14	10	14	9	5
ENSG00000110711	330	17	13	17	22	14	13
ENSG00000169955	330	19	7	13	18	15	6
ENSG00000168490	330	16	8	11	20	17	12
ENSG00000179921	330	9	1	2	4	13	3
ENSG00000118894	330	12	4	13	18	15	3
ENSG00000244414	330	15	10	16	20	16	5
ENSG00000145002	330	15	7	12	15	14	5
ENSG00000186523	330	15	7	12	15	14	5
ENSG00000165702	330	13	8	6	18	17	9
ENSG00000124249	330	10	3	9	13	17	2
ENSG00000181773	330	5	2	2	8	18	1
ENSG00000145284	330	11	7	5	10	15	9
ENSG00000100351	330	15	8	10	21	15	14
ENSG00000196981	330	14	13	10	21	16	14
ENSG00000126262	330	13	2	4	4	18	2
ENSG00000181322	330	19	12	18	20	13	10
ENSG00000203872	329	23	24	16	16	8	6
ENSG00000139410	329	15	10	15	15	8	3
ENSG00000274070	329	13	4	10	14	19	9
ENSG00000179021	329	16	10	16	19	15	11
ENSG00000172247	329	17	1	4	16	19	12
ENSG00000106853	329	14	11	12	17	13	8
ENSG00000239282	329	10	3	11	15	14	10
ENSG00000105393	329	17	9	17	20	12	7
ENSG00000170113	329	7	3	6	8	13	0
ENSG00000184281	329	9	2	11	16	10	7
ENSG00000116750	329	18	11	17	21	15	10
ENSG00000140497	329	6	3	4	6	15	3
ENSG00000173653	329	8	2	2	9	16	3
ENSG00000117519	329	14	13	11	14	17	9
ENSG00000136379	329	16	2	13	19	21	10
ENSG00000116791	329	18	12	13	17	13	9
ENSG00000107438	329	16	13	12	17	13	8
ENSG00000174943	329	18	7	14	19	12	9
ENSG00000133574	329	17	10	14	12	8	2
ENSG00000068438	329	9	5	7	16	13	11
ENSG00000114698	329	11	4	10	12	19	8
ENSG00000114013	329	9	9	10	14	17	10
ENSG00000183114	329	18	8	6	10	8	5
ENSG00000047634	329	15	11	9	17	14	16
ENSG00000108786	328	14	4	13	19	10	12
ENSG00000204195	328	6	4	5	10	16	6
ENSG00000139908	328	18	14	11	15	16	4
ENSG00000256574	328	5	3	5	9	19	0
ENSG00000154975	328	12	9	8	16	19	6
ENSG00000109163	328	8	4	3	8	6	3
ENSG00000113302	328	14	13	15	18	12	15
ENSG00000205029	328	5	6	3	7	18	3
ENSG00000137106	328	15	6	6	10	8	8
ENSG00000186364	328	16	4	10	13	8	7
ENSG00000116031	328	22	18	11	15	9	5
ENSG00000254093	328	14	15	17	22	10	14
ENSG00000189099	328	13	6	5	11	15	5
ENSG00000104823	328	18	10	9	19	7	11
ENSG00000111707	328	13	11	12	14	13	10
ENSG00000153944	328	11	11	4	10	13	8
ENSG00000163909	328	10	3	8	11	6	4
ENSG00000154473	328	15	6	7	22	24	16
ENSG00000123472	328	14	9	16	19	18	7
ENSG00000135094	328	16	12	8	10	11	4
ENSG00000142552	328	14	1	16	16	15	17
ENSG00000248483	328	18	9	9	18	15	7
ENSG00000171631	328	11	5	2	5	19	1
ENSG00000145428	328	17	6	7	12	14	7
ENSG00000129744	327	13	3	10	15	19	7
ENSG00000158477	327	10	2	7	14	14	6
ENSG00000158793	327	19	2	14	19	16	4
ENSG00000241935	327	15	4	10	16	12	8
ENSG00000167685	327	16	6	15	22	7	8
ENSG00000146278	327	16	5	13	14	9	1
ENSG00000176900	327	8	2	3	7	20	1
ENSG00000239857	327	14	9	13	13	15	8
ENSG00000185838	327	17	4	6	17	16	14
ENSG00000118260	327	4	6	8	9	3	5
ENSG00000019102	327	9	5	11	12	8	3
ENSG00000162783	327	10	3	12	13	7	4
ENSG00000075461	327	10	3	10	13	15	6
ENSG00000168090	327	12	8	12	17	10	7
ENSG00000119280	327	20	12	19	19	8	6
ENSG00000146352	327	17	6	8	21	10	15
ENSG00000132522	327	10	9	3	5	13	0
ENSG00000121380	327	22	15	13	18	14	11
ENSG00000213639	327	17	9	16	23	16	12
ENSG00000110871	327	22	9	10	17	14	10
ENSG00000027847	327	15	9	7	11	20	6
ENSG00000137806	327	17	12	16	14	18	13
ENSG00000166974	327	16	12	12	15	13	9
ENSG00000137522	327	16	5	9	11	14	7
ENSG00000122958	327	18	15	17	20	15	10
ENSG00000077800	327	13	12	17	18	15	13
ENSG00000181698	326	4	4	4	11	19	5
ENSG00000122787	326	21	13	11	15	19	9
ENSG00000105810	326	19	10	12	19	17	14
ENSG00000163002	326	13	7	4	10	9	6
ENSG00000206538	326	10	2	3	11	12	9
ENSG00000075188	326	15	7	9	16	21	12
ENSG00000163485	326	4	3	4	8	18	3
ENSG00000176540	326	6	6	6	13	21	5
ENSG00000184698	326	7	3	1	5	21	1
ENSG00000184497	326	5	1	6	13	15	5
ENSG00000128016	326	9	2	10	12	17	4
ENSG00000157911	326	14	4	9	12	12	4
ENSG00000101413	326	14	11	18	21	10	12
ENSG00000213413	326	7	0	8	11	13	2
ENSG00000066044	326	15	9	7	14	19	9
ENSG00000258453	326	6	4	7	10	18	1
ENSG00000257115	326	7	4	7	10	17	1
ENSG00000075426	326	12	9	10	14	7	4
ENSG00000085265	326	15	10	8	16	12	11
ENSG00000125170	326	15	10	17	20	14	10
ENSG00000168283	326	13	14	7	12	13	12
ENSG00000167965	326	14	4	4	21	14	15
ENSG00000180318	326	18	8	11	19	16	8
ENSG00000105993	326	13	4	11	10	10	8
ENSG00000127452	326	14	4	10	16	11	9
ENSG00000101265	326	18	9	11	16	12	9
ENSG00000176787	325	10	3	3	8	22	1
ENSG00000130368	325	10	4	4	6	22	4
ENSG00000179091	325	16	6	7	12	13	9
ENSG00000204542	325	9	1	4	8	13	4
ENSG00000118961	325	17	13	12	12	15	6
ENSG00000084623	325	19	13	13	26	21	16
ENSG00000117305	325	16	13	14	17	10	6
ENSG00000107281	325	14	2	9	15	5	8
ENSG00000109016	325	16	8	1	11	12	6
ENSG00000171540	325	10	5	6	10	7	7
ENSG00000104427	325	22	18	11	15	9	4
ENSG00000145945	325	17	17	13	17	10	10
ENSG00000243646	325	14	9	11	16	17	11
ENSG00000169756	325	19	15	19	20	15	5
ENSG00000176136	325	8	2	6	12	13	5
ENSG00000148123	325	9	3	8	13	17	3
ENSG00000158764	325	18	7	6	15	18	8
ENSG00000117620	325	11	9	5	10	19	4
ENSG00000117448	325	20	16	11	17	15	9
ENSG00000140104	325	14	9	15	14	10	5
ENSG00000125347	325	12	11	9	17	16	14
ENSG00000124222	325	18	3	17	18	9	11
ENSG00000100580	325	11	9	18	22	4	15
ENSG00000188730	325	11	7	18	20	6	7
ENSG00000169288	325	16	13	11	15	13	6
ENSG00000050730	325	16	18	13	16	8	8
ENSG00000102575	325	11	7	5	18	22	12
ENSG00000133315	325	14	7	11	12	13	9
ENSG00000135924	324	15	7	13	13	11	8
ENSG00000157111	324	9	2	10	11	12	2
ENSG00000189023	324	15	10	16	18	13	9
ENSG00000103035	324	15	15	7	12	11	12
ENSG00000073598	324	15	14	11	10	12	6
ENSG00000109511	324	17	5	12	20	16	15
ENSG00000120697	324	14	14	10	15	15	8
ENSG00000197428	324	9	3	2	8	17	2
ENSG00000171481	324	10	4	3	10	20	5
ENSG00000169488	324	10	4	4	12	21	6
ENSG00000153310	324	19	8	17	23	13	11
ENSG00000065978	324	12	5	6	8	9	9
ENSG00000172324	324	9	8	3	11	18	6
ENSG00000181023	324	10	6	3	9	15	3
ENSG00000176198	324	7	2	1	5	20	1
ENSG00000181788	324	9	5	6	13	11	5
ENSG00000167904	324	13	10	5	16	16	10
ENSG00000134851	324	15	7	7	7	10	4
ENSG00000219626	324	19	14	15	21	19	8
ENSG00000197872	323	18	10	17	21	13	11
ENSG00000151632	323	17	12	14	20	17	10
ENSG00000275074	323	16	5	11	13	7	7
ENSG00000112309	323	17	7	8	10	16	2
ENSG00000184292	323	14	5	8	12	8	8
ENSG00000061794	323	15	10	8	12	8	7
ENSG00000177542	323	15	10	5	18	8	6
ENSG00000171885	323	7	4	10	8	14	5
ENSG00000100916	323	16	14	16	14	13	15
ENSG00000116209	323	13	6	9	12	18	4
ENSG00000266265	323	8	5	10	14	10	9
ENSG00000187134	323	18	12	14	20	17	10
ENSG00000181499	323	11	3	1	8	16	4
ENSG00000171747	323	13	7	4	13	15	6
ENSG00000182378	323	18	3	12	20	19	9
ENSG00000138772	323	22	18	18	18	13	17
ENSG00000022267	323	18	17	6	14	14	11
ENSG00000179922	323	16	0	12	18	9	6
ENSG00000186298	323	17	9	18	23	14	11
ENSG00000198610	323	18	13	12	17	16	9
ENSG00000196139	323	17	13	12	20	17	10
ENSG00000134480	323	18	13	11	16	18	5
ENSG00000138172	323	17	2	14	14	19	3
ENSG00000196776	323	10	10	7	11	14	3
ENSG00000105248	323	14	13	14	16	9	9
ENSG00000112357	323	13	5	9	20	22	15
ENSG00000105472	323	16	2	13	18	6	9
ENSG00000244682	323	10	7	6	14	19	10
ENSG00000244623	323	9	4	2	6	20	5
ENSG00000204103	323	8	7	11	11	6	7
ENSG00000205927	323	10	7	4	6	5	5
ENSG00000124089	323	6	2	7	12	14	4
ENSG00000171174	322	13	8	11	16	7	8
ENSG00000083782	322	12	9	17	18	12	14
ENSG00000160298	322	8	3	5	11	3	4
ENSG00000164466	322	16	7	8	11	9	4
ENSG00000157020	322	13	6	2	19	19	18
ENSG00000145708	322	16	7	8	17	15	9
ENSG00000121073	322	6	3	2	8	21	3
ENSG00000171604	322	11	9	10	18	3	6
ENSG00000133800	322	13	10	10	10	12	5
ENSG00000168078	322	16	15	14	16	16	13
ENSG00000156398	322	17	7	7	10	14	4
ENSG00000118520	322	16	11	9	19	12	8
ENSG00000134597	322	12	12	16	21	6	14
ENSG00000138617	322	14	10	8	15	17	10
ENSG00000184207	321	18	5	10	17	12	12
ENSG00000100060	321	19	2	9	17	17	7
ENSG00000104921	321	16	9	12	17	11	12
ENSG00000104522	321	16	11	5	16	11	14
ENSG00000184731	321	17	5	11	20	5	11
ENSG00000160404	321	14	5	9	13	16	11
ENSG00000116176	321	12	1	4	10	10	5
ENSG00000256043	321	13	7	4	17	19	8
ENSG00000168591	321	9	2	8	14	4	12
ENSG00000172938	321	8	0	3	4	17	1
ENSG00000141294	321	16	5	15	17	4	8
ENSG00000107819	321	19	4	6	7	10	3
ENSG00000243729	321	5	2	3	8	19	3
ENSG00000171612	321	14	7	12	12	18	0
ENSG00000105202	321	19	9	6	13	15	9
ENSG00000117598	321	8	2	6	12	16	4
ENSG00000182836	321	12	7	15	18	19	10
ENSG00000107551	321	20	13	15	14	9	5
ENSG00000189167	321	19	11	9	14	6	9
ENSG00000109445	320	16	13	10	13	12	10
ENSG00000135838	320	17	14	10	14	12	6
ENSG00000165633	320	12	11	7	10	11	2
ENSG00000181001	320	5	3	3	9	23	7
ENSG00000154059	320	17	11	15	18	13	10
ENSG00000130811	320	17	12	13	21	7	14
ENSG00000064201	320	11	2	6	6	10	3
ENSG00000162399	320	12	8	12	13	13	11
ENSG00000188523	320	20	9	8	17	12	8
ENSG00000106305	320	16	7	9	18	14	5
ENSG00000140274	320	6	4	5	7	14	4
ENSG00000161395	320	12	2	5	7	17	5
ENSG00000143811	320	15	10	12	14	5	6
ENSG00000224578	320	18	9	7	15	15	12
ENSG00000164111	320	22	14	14	18	10	12
ENSG00000127530	320	5	3	4	9	19	5
ENSG00000197576	320	13	8	7	13	8	0
ENSG00000103274	320	12	4	10	17	9	10
ENSG00000243566	320	4	0	4	14	11	9
ENSG00000165568	320	17	7	11	16	14	9
ENSG00000181396	319	16	8	16	19	12	10
ENSG00000164056	319	18	8	11	14	9	3
ENSG00000184986	319	16	4	6	15	11	5
ENSG00000174946	319	15	11	5	9	16	3
ENSG00000156253	319	15	9	11	18	15	9
ENSG00000164117	319	15	6	11	17	20	9
ENSG00000164743	319	16	16	18	15	12	14
ENSG00000180475	319	5	1	2	8	18	4
ENSG00000151413	319	13	8	7	13	8	7
ENSG00000196975	319	22	12	15	16	15	14
ENSG00000188269	319	5	3	3	6	20	2
ENSG00000120436	319	6	2	3	4	12	1
ENSG00000165475	319	16	8	15	17	10	5
ENSG00000143167	319	15	6	13	12	11	6
ENSG00000101473	319	16	5	8	13	12	8
ENSG00000099399	319	13	10	17	19	13	5
ENSG00000073737	319	18	16	11	17	16	11
ENSG00000132744	319	15	3	12	19	17	7
ENSG00000183010	319	14	7	9	13	5	6
ENSG00000127529	319	5	2	4	9	19	6
ENSG00000185753	319	20	10	14	15	15	9
ENSG00000148677	319	17	13	12	16	12	10
ENSG00000150261	319	9	8	3	8	20	5
ENSG00000101911	318	16	8	11	19	9	13
ENSG00000198888	318	6	5	7	10	21	0
ENSG00000171155	318	16	14	11	15	18	10
ENSG00000102886	318	16	1	11	14	14	7
ENSG00000072042	318	15	13	8	12	12	3
ENSG00000164332	318	14	11	15	20	15	9
ENSG00000198833	318	15	7	11	16	12	9
ENSG00000181035	318	17	8	9	18	11	4
ENSG00000197006	318	17	6	11	17	18	5
ENSG00000100823	318	15	10	10	14	12	14
ENSG00000122068	318	18	17	6	10	7	4
ENSG00000156009	318	13	6	16	20	13	8
ENSG00000180785	318	12	6	4	11	19	4
ENSG00000128039	318	9	4	2	4	19	1
ENSG00000171014	318	7	4	2	7	19	4
ENSG00000133106	318	19	12	13	18	5	6
ENSG00000109743	318	19	11	8	22	16	12
ENSG00000137563	318	14	13	10	16	16	4
ENSG00000088682	318	12	4	13	13	12	6
ENSG00000163069	318	17	13	11	19	11	6
ENSG00000138028	318	14	4	14	15	3	8
ENSG00000185899	318	15	7	0	4	18	1
ENSG00000158796	318	22	13	11	17	13	16
ENSG00000188313	318	9	5	8	10	11	7
ENSG00000147224	318	16	8	9	19	9	13
ENSG00000181609	318	9	2	3	8	18	2
ENSG00000183475	318	21	8	8	22	10	16
ENSG00000139547	317	18	11	12	16	10	13
ENSG00000196284	317	9	5	12	20	12	13
ENSG00000120659	317	16	11	10	14	14	8
ENSG00000089157	317	13	13	8	14	8	7
ENSG00000167360	317	10	2	4	10	20	3
ENSG00000119938	317	16	8	5	21	16	15
ENSG00000181449	317	9	8	4	9	10	4
ENSG00000104341	317	10	3	3	9	12	4
ENSG00000147381	317	12	4	15	17	12	5
ENSG00000000005	317	12	7	18	15	21	9
ENSG00000186440	317	6	2	4	8	19	2
ENSG00000100906	317	9	6	9	11	7	7
ENSG00000159761	317	11	7	15	15	0	2
ENSG00000105865	317	18	13	13	20	17	12
ENSG00000130203	317	22	7	21	23	6	2
ENSG00000140522	317	15	8	14	16	15	8
ENSG00000102796	317	20	11	11	15	11	8
ENSG00000143226	317	10	5	5	15	17	10
ENSG00000177535	317	4	3	1	8	20	4
ENSG00000005001	317	14	4	7	11	14	6
ENSG00000116977	317	19	12	8	14	14	10
ENSG00000025423	317	18	7	12	18	10	11
ENSG00000181852	317	13	5	13	18	5	6
ENSG00000117906	317	14	7	21	12	15	13
ENSG00000204628	317	20	10	2	19	21	19
ENSG00000156381	317	14	1	9	15	12	11
ENSG00000179965	317	19	5	11	17	15	6
ENSG00000188340	317	10	2	5	12	19	3
ENSG00000064961	317	19	12	14	13	7	5
ENSG00000172640	317	5	3	3	9	19	4
ENSG00000169239	317	14	6	10	15	16	14
ENSG00000130733	316	5	1	3	9	12	7
ENSG00000167208	316	17	6	15	19	13	5
ENSG00000279408	316	10	2	3	10	19	5
ENSG00000128944	316	18	15	16	15	4	13
ENSG00000109079	316	21	17	8	15	18	9
ENSG00000132664	316	17	11	12	20	10	12
ENSG00000204052	316	7	1	6	14	3	12
ENSG00000198074	316	20	16	11	15	18	10
ENSG00000205084	316	16	5	8	15	17	7
ENSG00000183706	316	10	2	3	10	19	5
ENSG00000132514	316	10	5	11	18	10	6
ENSG00000181939	316	5	3	5	9	20	3
ENSG00000227471	316	20	17	12	13	18	10
ENSG00000085662	316	17	14	10	15	15	8
ENSG00000135472	316	3	4	4	10	16	5
ENSG00000170917	316	21	6	9	11	23	5
ENSG00000137947	316	18	11	10	18	11	12
ENSG00000243789	316	17	5	14	22	17	9
ENSG00000165275	316	7	10	17	21	16	10
ENSG00000171133	316	5	2	4	8	15	3
ENSG00000187726	316	16	14	15	18	17	14
ENSG00000103415	316	18	12	14	16	12	9
ENSG00000129757	316	10	2	9	10	3	5
ENSG00000179919	316	8	4	4	10	21	1
ENSG00000104537	316	22	18	15	16	11	13
ENSG00000185372	315	6	2	1	10	18	7
ENSG00000151475	315	23	12	5	17	16	8
ENSG00000182613	315	7	4	2	10	18	5
ENSG00000136158	315	18	7	8	15	7	8
ENSG00000128595	315	16	16	20	10	18	17
ENSG00000162971	315	19	12	9	19	15	13
ENSG00000178026	315	10	2	7	16	7	12
ENSG00000215883	315	15	6	15	19	15	8
ENSG00000129460	315	15	11	13	19	4	13
ENSG00000144468	315	8	2	3	9	21	5
ENSG00000103591	315	12	9	10	20	10	18
ENSG00000187808	315	20	1	6	14	8	6
ENSG00000181031	315	13	7	9	20	8	7
ENSG00000204564	315	11	4	6	12	11	6
ENSG00000164011	315	14	8	16	20	18	5
ENSG00000186103	315	10	8	9	12	15	8
ENSG00000123154	315	15	6	10	23	15	19
ENSG00000164933	315	16	8	7	16	22	5
ENSG00000006116	315	11	7	6	13	18	5
ENSG00000148690	315	17	17	20	19	13	15
ENSG00000137960	315	11	9	18	19	13	11
ENSG00000134001	315	22	10	17	17	6	11
ENSG00000100379	314	11	5	11	14	12	6
ENSG00000241128	314	6	5	1	6	18	3
ENSG00000103381	314	17	7	6	17	14	11
ENSG00000188324	314	10	7	3	9	21	4
ENSG00000181733	314	7	1	3	8	19	4
ENSG00000144199	314	13	9	8	19	15	12
ENSG00000138796	314	14	11	12	14	11	9
ENSG00000141873	314	7	4	10	11	12	2
ENSG00000103316	314	13	8	17	17	13	7
ENSG00000153230	314	7	1	4	11	18	5
ENSG00000119888	314	15	15	10	13	14	9
ENSG00000167645	314	8	5	0	7	15	6
ENSG00000118785	314	12	11	14	11	14	15
ENSG00000176623	314	22	16	14	13	18	5
ENSG00000168286	314	8	8	9	10	6	5
ENSG00000007038	314	13	5	4	11	16	5
ENSG00000104332	314	11	6	10	16	11	10
ENSG00000108528	314	18	8	4	12	15	5
ENSG00000198171	314	11	4	12	15	6	4
ENSG00000140299	314	11	10	12	11	13	11
ENSG00000144848	314	11	8	15	15	11	9
ENSG00000213689	314	14	3	8	15	12	5
ENSG00000115042	314	14	9	8	19	15	12
ENSG00000109132	314	8	6	6	8	11	6
ENSG00000186136	314	12	9	3	6	20	5
ENSG00000179833	314	13	11	12	18	13	13
ENSG00000106609	314	10	6	5	12	14	7
ENSG00000165202	314	7	3	1	5	19	2
ENSG00000149133	314	6	4	4	11	17	5
ENSG00000069011	314	12	6	6	9	12	6
ENSG00000238243	314	6	1	4	9	18	3
ENSG00000089163	314	16	9	10	13	15	6
ENSG00000233803	314	11	6	14	15	12	4
ENSG00000238074	314	11	6	14	15	12	4
ENSG00000119408	313	17	12	10	19	16	11
ENSG00000180228	313	15	7	14	19	12	4
ENSG00000110906	313	19	15	12	15	16	8
ENSG00000164331	313	12	9	15	17	13	10
ENSG00000104969	313	12	8	12	15	10	7
ENSG00000176890	313	15	4	11	22	14	12
ENSG00000076248	313	12	11	8	14	14	4
ENSG00000163806	313	17	12	6	15	16	9
ENSG00000167699	313	20	17	10	17	13	17
ENSG00000137193	313	16	4	14	16	15	7
ENSG00000179914	313	15	7	12	20	18	13
ENSG00000196099	313	11	4	5	12	18	2
ENSG00000274102	313	7	2	6	11	17	4
ENSG00000086189	313	21	18	8	16	15	7
ENSG00000108381	313	16	12	13	20	16	9
ENSG00000172927	313	17	0	7	11	10	4
ENSG00000164081	313	14	4	11	13	15	9
ENSG00000127952	313	18	13	11	17	17	11
ENSG00000165556	313	7	5	4	10	8	5
ENSG00000148935	313	18	16	11	20	13	10
ENSG00000182652	313	5	3	3	7	19	4
ENSG00000173285	313	9	4	2	5	20	0
ENSG00000169208	313	8	1	1	5	18	4
ENSG00000157379	313	15	6	4	9	7	7
ENSG00000102003	313	11	7	6	15	11	9
ENSG00000005073	313	10	6	8	12	10	5
ENSG00000099337	313	9	0	6	8	15	6
ENSG00000176299	313	11	4	5	10	18	2
ENSG00000175782	313	10	8	2	3	17	0
ENSG00000102021	313	23	11	17	22	6	11
ENSG00000155876	313	14	7	14	18	18	13
ENSG00000182974	313	6	2	7	11	17	4
ENSG00000133250	312	11	5	9	14	7	6
ENSG00000164022	312	17	13	13	14	4	6
ENSG00000180708	312	5	2	1	4	21	0
ENSG00000177034	312	17	11	8	15	11	8
ENSG00000206474	312	8	1	4	9	18	2
ENSG00000175564	312	17	9	5	17	16	10
ENSG00000174957	312	10	5	4	7	17	4
ENSG00000164920	312	10	12	6	15	13	6
ENSG00000181927	312	5	4	4	6	17	1
ENSG00000167355	312	9	4	3	9	17	4
ENSG00000167281	312	10	6	8	13	12	7
ENSG00000005194	312	21	14	11	14	4	4
ENSG00000007520	312	14	3	12	15	14	6
ENSG00000007376	312	14	4	9	16	11	11
ENSG00000184022	312	9	6	1	10	18	5
ENSG00000134748	312	13	12	10	13	11	10
ENSG00000136104	312	15	13	11	18	14	11
ENSG00000141425	312	17	13	14	19	10	14
ENSG00000149084	312	15	12	6	10	14	3
ENSG00000154814	312	22	12	14	18	9	5
ENSG00000176895	312	12	10	4	10	19	2
ENSG00000102871	312	13	4	10	13	7	8
ENSG00000134265	312	17	13	15	17	13	9
ENSG00000203782	312	3	3	0	1	12	1
ENSG00000182083	312	8	5	4	7	21	3
ENSG00000176269	312	5	3	3	11	20	4
ENSG00000167434	312	14	13	12	18	10	7
ENSG00000160209	312	13	10	11	20	12	12
ENSG00000184350	312	6	0	3	6	12	4
ENSG00000171180	311	8	6	3	8	20	1
ENSG00000161944	311	15	8	10	16	14	8
ENSG00000144120	311	10	3	3	9	20	4
ENSG00000189299	311	15	8	18	19	13	10
ENSG00000205030	311	8	3	4	11	19	5
ENSG00000176845	311	13	2	12	18	16	11
ENSG00000279395	311	8	3	5	11	21	5
ENSG00000114120	311	14	6	13	14	14	2
ENSG00000070423	311	7	1	11	15	8	10
ENSG00000128973	311	5	1	7	14	14	6
ENSG00000105364	311	13	4	6	9	10	5
ENSG00000145832	311	16	5	4	16	13	7
ENSG00000153574	311	19	7	7	16	10	6
ENSG00000127125	311	17	8	11	16	13	4
ENSG00000182334	311	5	4	5	8	19	2
ENSG00000161911	311	8	4	5	12	7	8
ENSG00000221813	311	8	3	2	4	20	2
ENSG00000135926	311	6	2	3	4	19	6
ENSG00000155249	311	5	3	5	8	21	6
ENSG00000185250	311	17	15	10	15	17	6
ENSG00000050130	311	6	6	6	11	18	3
ENSG00000160563	311	16	9	4	11	10	10
ENSG00000162407	311	13	7	6	13	11	8
ENSG00000124523	310	17	8	10	12	9	2
ENSG00000166086	310	14	6	8	15	14	11
ENSG00000170892	310	17	6	9	16	5	7
ENSG00000170074	310	7	5	16	17	2	10
ENSG00000158773	310	9	5	16	18	3	11
ENSG00000072694	310	8	4	9	12	15	7
ENSG00000180658	310	8	3	4	6	16	1
ENSG00000168672	310	15	6	12	17	11	10
ENSG00000115233	310	14	7	11	16	9	11
ENSG00000187823	310	8	6	11	20	12	7
ENSG00000144233	310	15	8	10	14	15	5
ENSG00000169116	310	5	2	9	10	5	1
ENSG00000129968	310	15	4	11	16	20	10
ENSG00000115884	310	7	3	11	17	6	10
ENSG00000229544	310	12	7	9	12	6	5
ENSG00000183778	310	21	11	8	13	19	6
ENSG00000179059	310	17	14	13	14	14	4
ENSG00000162300	310	11	3	7	13	8	5
ENSG00000221933	310	7	4	5	7	15	1
ENSG00000137413	310	12	7	10	14	11	8
ENSG00000142751	310	14	6	12	17	17	15
ENSG00000183696	310	18	6	14	17	10	8
ENSG00000243896	310	7	3	4	6	16	1
ENSG00000130948	310	16	16	7	8	16	0
ENSG00000178033	309	11	7	9	11	16	3
ENSG00000141560	309	14	5	8	15	12	9
ENSG00000175567	309	17	9	4	14	13	5
ENSG00000160188	309	15	5	15	9	15	9
ENSG00000198681	309	13	8	12	16	16	3
ENSG00000025772	309	18	12	15	21	12	7
ENSG00000113575	309	16	5	9	19	14	13
ENSG00000172404	309	10	4	12	17	18	14
ENSG00000020426	309	15	8	13	16	13	8
ENSG00000064666	309	13	12	4	14	13	10
ENSG00000105146	309	18	8	12	17	17	8
ENSG00000167363	309	14	5	13	17	19	6
ENSG00000175619	309	4	4	5	10	20	3
ENSG00000178125	309	16	13	8	17	12	10
ENSG00000172289	309	2	0	4	8	18	5
ENSG00000198881	309	14	4	5	12	11	8
ENSG00000205085	309	6	4	11	14	9	3
ENSG00000094841	309	13	9	13	19	4	10
ENSG00000104695	309	16	5	10	19	12	13
ENSG00000184436	309	10	10	17	22	9	8
ENSG00000165794	309	8	3	8	7	12	0
ENSG00000237388	309	5	3	4	9	16	3
ENSG00000149313	309	15	10	13	19	17	10
ENSG00000183066	309	8	4	9	14	19	2
ENSG00000170786	309	19	17	8	14	14	8
ENSG00000103061	309	11	5	18	16	10	7
ENSG00000236424	308	11	6	14	15	12	4
ENSG00000229549	308	11	6	14	15	12	4
ENSG00000166592	308	14	7	12	15	10	12
ENSG00000157978	308	13	11	10	13	10	10
ENSG00000099797	308	14	8	4	8	14	5
ENSG00000196341	308	2	2	2	8	18	3
ENSG00000186710	308	13	7	18	19	6	4
ENSG00000168757	308	10	6	14	15	10	4
ENSG00000105669	308	13	8	16	16	10	15
ENSG00000063854	308	15	12	12	19	8	11
ENSG00000163430	308	22	14	16	17	13	11
ENSG00000161526	308	15	10	13	15	6	15
ENSG00000162174	308	13	13	8	17	9	10
ENSG00000131686	308	10	6	7	15	12	7
ENSG00000153786	308	12	6	8	14	15	7
ENSG00000158882	308	13	3	9	15	13	5
ENSG00000090487	308	17	10	5	14	18	9
ENSG00000258992	308	11	6	14	15	12	4
ENSG00000111358	308	14	12	9	17	13	10
ENSG00000162813	308	20	15	8	14	12	10
ENSG00000130513	308	17	2	7	12	8	5
ENSG00000228927	308	11	6	14	15	12	4
ENSG00000253304	307	17	1	6	10	5	5
ENSG00000176635	307	19	13	17	17	16	10
ENSG00000123609	307	21	17	18	16	12	7
ENSG00000002587	307	13	7	10	14	11	6
ENSG00000105219	307	11	0	7	17	14	8
ENSG00000269743	307	15	4	5	9	16	1
ENSG00000009780	307	17	18	13	16	13	2
ENSG00000093144	307	18	12	12	13	11	3
ENSG00000009844	307	12	10	11	16	11	12
ENSG00000149923	307	16	5	13	19	11	13
ENSG00000029364	307	4	3	7	12	7	5
ENSG00000185105	307	8	0	1	6	17	4
ENSG00000159214	307	18	2	11	14	5	5
ENSG00000157064	307	16	7	8	15	11	12
ENSG00000100372	307	13	7	6	10	18	4
ENSG00000108829	307	14	14	7	14	7	10
ENSG00000109424	307	18	10	7	14	15	5
ENSG00000177383	307	22	13	15	17	10	6
ENSG00000070010	307	16	9	12	21	12	12
ENSG00000221855	307	11	5	1	5	16	2
ENSG00000100836	306	12	5	8	9	9	5
ENSG00000106077	306	16	1	9	13	8	8
ENSG00000125970	306	16	9	9	11	3	6
ENSG00000213203	306	19	2	10	13	15	7
ENSG00000144827	306	16	12	5	13	12	7
ENSG00000101134	306	17	10	10	16	13	8
ENSG00000204314	306	4	0	1	2	10	1
ENSG00000152492	306	16	10	20	20	5	12
ENSG00000278845	306	19	10	9	10	12	7
ENSG00000022277	306	16	13	23	19	7	7
ENSG00000176018	306	11	10	7	18	11	12
ENSG00000058799	306	8	6	7	10	14	7
ENSG00000168675	306	9	3	9	16	8	8
ENSG00000131238	306	12	7	11	13	17	10
ENSG00000117395	306	15	12	11	11	4	5
ENSG00000092199	306	17	10	13	12	4	9
ENSG00000197498	306	14	10	5	15	11	11
ENSG00000186063	306	14	9	13	19	10	10
ENSG00000111361	305	16	12	11	19	11	14
ENSG00000205937	305	13	7	7	7	2	6
ENSG00000112651	305	14	12	3	8	6	4
ENSG00000106025	305	11	4	8	10	15	4
ENSG00000177733	305	14	7	7	12	12	8
ENSG00000215193	305	15	6	14	17	9	4
ENSG00000111704	305	7	6	5	11	11	5
ENSG00000140395	305	15	11	5	22	16	21
ENSG00000175489	305	7	0	5	14	12	10
ENSG00000250506	305	18	8	14	19	15	8
ENSG00000184005	305	17	10	8	12	17	8
ENSG00000163126	305	19	9	11	16	8	7
ENSG00000164751	305	17	12	7	10	13	1
ENSG00000115661	305	14	6	13	19	12	14
ENSG00000150628	305	14	12	10	14	10	3
ENSG00000090581	305	12	9	15	17	9	3
ENSG00000122203	305	18	13	10	17	6	5
ENSG00000159348	305	14	11	5	11	12	9
ENSG00000119414	305	16	12	15	19	15	14
ENSG00000164841	305	14	7	8	16	6	6
ENSG00000163687	305	17	13	12	17	13	11
ENSG00000240891	305	15	11	8	12	13	7
ENSG00000144366	304	19	17	14	18	11	11
ENSG00000265491	304	12	2	11	18	14	14
ENSG00000003436	304	12	8	10	15	15	6
ENSG00000196850	304	12	1	5	18	13	13
ENSG00000197971	304	14	11	6	16	12	14
ENSG00000010438	304	14	10	9	12	11	2
ENSG00000106511	304	8	5	10	10	7	2
ENSG00000184838	304	14	11	9	10	1	5
ENSG00000144659	304	17	8	5	13	10	5
ENSG00000107821	304	8	0	12	17	6	10
ENSG00000164683	304	12	6	9	12	7	5
ENSG00000123388	304	15	7	13	14	12	4
ENSG00000104129	304	15	9	18	19	9	13
ENSG00000188215	304	16	12	14	18	10	14
ENSG00000118096	304	13	10	15	17	11	15
ENSG00000167193	304	18	6	12	15	14	4
ENSG00000134152	304	19	14	12	16	17	6
ENSG00000121570	304	13	10	11	17	5	5
ENSG00000104047	304	15	18	11	19	13	11
ENSG00000065057	304	17	7	5	10	9	5
ENSG00000153789	304	17	12	13	20	13	9
ENSG00000197860	304	12	8	14	16	15	9
ENSG00000103266	303	21	10	16	14	15	10
ENSG00000197119	303	16	5	4	15	13	6
ENSG00000109919	303	14	6	5	10	20	3
ENSG00000165806	303	18	11	9	17	12	15
ENSG00000085514	303	12	6	4	10	15	4
ENSG00000099942	303	15	9	11	17	16	8
ENSG00000134463	303	18	9	4	9	9	6
ENSG00000158315	303	6	6	7	12	14	4
ENSG00000143153	303	15	15	14	11	20	7
ENSG00000135446	303	16	5	12	19	13	10
ENSG00000115425	303	15	11	9	14	10	3
ENSG00000100647	303	5	3	11	16	9	9
ENSG00000149761	303	12	2	12	18	9	9
ENSG00000183077	303	16	8	11	13	16	10
ENSG00000163132	303	12	7	9	10	8	4
ENSG00000101160	303	12	3	10	14	18	9
ENSG00000074416	303	15	7	6	18	15	7
ENSG00000137393	303	11	4	10	17	9	10
ENSG00000113140	303	13	9	16	16	8	14
ENSG00000169972	303	15	3	2	10	7	5
ENSG00000116649	302	15	9	9	15	15	9
ENSG00000151414	302	18	14	9	18	17	10
ENSG00000167969	302	14	3	9	16	11	8
ENSG00000113739	302	10	5	14	17	12	7
ENSG00000185860	302	14	17	15	20	8	8
ENSG00000118263	302	13	10	8	14	13	7
ENSG00000255151	302	11	12	15	15	22	4
ENSG00000136874	302	12	13	15	16	9	7
ENSG00000162496	302	13	8	9	14	9	3
ENSG00000166840	302	10	10	17	17	18	6
ENSG00000160993	302	14	3	15	15	12	6
ENSG00000184163	302	13	2	7	15	12	6
ENSG00000160223	302	11	2	9	16	14	9
ENSG00000013563	302	14	3	11	12	11	9
ENSG00000129932	302	14	1	17	18	9	11
ENSG00000138660	302	11	5	18	15	10	12
ENSG00000156206	301	18	6	10	16	11	17
ENSG00000214860	301	19	8	19	19	4	6
ENSG00000100243	301	14	9	7	11	13	13
ENSG00000187735	301	17	12	11	19	6	14
ENSG00000142546	301	16	11	8	19	10	8
ENSG00000120280	301	8	2	14	18	10	7
ENSG00000206422	301	15	11	9	19	10	5
ENSG00000133028	301	14	7	12	13	15	8
ENSG00000075131	301	10	7	17	17	7	16
ENSG00000136940	301	14	11	15	12	12	4
ENSG00000132530	301	19	14	15	18	8	1
ENSG00000084072	301	18	12	9	14	14	8
ENSG00000154065	301	17	9	6	15	9	9
ENSG00000143595	301	3	1	5	11	12	2
ENSG00000135077	301	17	1	7	11	12	7
ENSG00000228567	301	9	4	0	5	10	4
ENSG00000276045	301	6	1	7	8	9	3
ENSG00000120329	301	13	11	5	17	16	6
ENSG00000120094	301	8	6	9	13	13	3
ENSG00000178537	301	18	12	7	14	15	5
ENSG00000102743	301	16	10	5	17	14	6
ENSG00000129103	301	15	6	7	14	16	9
ENSG00000222028	300	21	1	6	15	16	13
ENSG00000198042	300	14	15	13	9	12	4
ENSG00000135373	300	10	12	11	17	17	8
ENSG00000141698	300	18	16	12	17	12	7
ENSG00000116273	300	7	8	10	16	13	10
ENSG00000186567	300	8	4	4	12	9	7
ENSG00000134779	300	15	8	9	10	9	7
ENSG00000179144	300	14	15	15	12	9	7
ENSG00000163466	300	19	14	12	20	16	11
ENSG00000100124	300	13	4	9	14	2	8
ENSG00000116095	300	16	10	13	19	5	8
ENSG00000170509	300	18	13	12	15	10	4
ENSG00000249481	300	15	12	12	14	14	7
ENSG00000198189	300	17	14	10	12	13	4
ENSG00000125434	300	20	6	4	11	18	3
ENSG00000243509	300	12	1	7	11	4	2
ENSG00000004468	300	20	14	9	14	14	11
ENSG00000170291	300	10	3	10	16	7	9
ENSG00000141034	300	14	9	9	12	10	4
ENSG00000146858	300	14	9	8	14	10	7
ENSG00000249992	300	7	0	4	8	7	2
ENSG00000215277	300	15	8	7	11	15	2
ENSG00000148290	300	16	6	11	13	14	5
ENSG00000152904	300	17	10	14	17	16	7
ENSG00000198960	300	13	9	10	14	10	7
ENSG00000101019	299	14	8	9	11	16	6
ENSG00000171703	299	15	10	12	18	4	13
ENSG00000177938	299	21	11	8	18	13	12
ENSG00000187678	299	13	8	5	15	6	10
ENSG00000072954	299	11	7	5	10	16	4
ENSG00000142748	299	15	5	12	16	14	5
ENSG00000236446	299	7	2	11	9	3	7
ENSG00000144580	299	18	11	11	15	10	5
ENSG00000265817	299	19	11	13	20	9	14
ENSG00000215021	299	22	8	10	15	11	6
ENSG00000177791	299	13	10	12	10	14	3
ENSG00000250067	299	14	3	10	14	8	6
ENSG00000162735	299	18	14	12	19	9	12
ENSG00000183032	299	18	13	10	16	15	3
ENSG00000153774	299	13	15	12	9	6	10
ENSG00000187736	299	8	7	9	16	9	9
ENSG00000185053	299	17	6	13	16	11	5
ENSG00000158769	299	15	7	11	11	13	3
ENSG00000132825	299	19	3	8	15	10	9
ENSG00000163812	299	11	7	3	11	14	3
ENSG00000169777	299	9	5	2	4	15	1
ENSG00000109929	299	8	7	6	12	19	5
ENSG00000130988	299	19	12	6	20	15	10
ENSG00000153406	299	17	8	13	16	13	9
ENSG00000198331	299	13	7	12	19	12	13
ENSG00000012660	299	8	7	4	7	17	3
ENSG00000167851	299	10	5	10	12	10	5
ENSG00000105392	299	6	7	3	8	10	3
ENSG00000163818	299	16	14	14	14	8	5
ENSG00000113384	298	16	11	20	21	8	9
ENSG00000106809	298	16	10	10	14	12	10
ENSG00000118194	298	12	14	12	12	6	10
ENSG00000188732	298	13	6	10	13	16	9
ENSG00000169570	298	9	8	10	12	7	6
ENSG00000163530	298	15	7	8	10	8	4
ENSG00000165629	298	12	12	11	20	12	7
ENSG00000183908	298	9	1	4	14	15	8
ENSG00000125814	298	19	15	12	16	20	10
ENSG00000005022	298	19	13	2	17	16	14
ENSG00000137575	298	9	8	8	19	7	11
ENSG00000123374	298	19	10	10	19	15	11
ENSG00000113272	298	16	9	6	13	14	10
ENSG00000103152	298	15	5	8	11	10	2
ENSG00000088320	298	15	4	9	9	9	11
ENSG00000108788	298	14	9	11	16	11	11
ENSG00000169100	298	20	12	2	17	16	14
ENSG00000196821	298	13	7	10	14	14	11
ENSG00000160862	298	18	10	9	18	17	15
ENSG00000138030	298	17	8	7	16	9	8
ENSG00000151729	298	20	11	4	17	15	13
ENSG00000183631	298	10	2	7	7	6	5
ENSG00000162959	297	16	6	7	15	17	10
ENSG00000130176	297	14	12	7	10	14	4
ENSG00000156738	297	9	7	5	6	10	2
ENSG00000178222	297	18	7	6	14	11	6
ENSG00000103485	297	11	5	9	16	10	7
ENSG00000204424	297	10	1	6	15	11	9
ENSG00000183401	297	17	16	12	14	5	6
ENSG00000183718	297	10	6	11	12	18	10
ENSG00000197852	297	17	9	10	14	6	6
ENSG00000104412	297	14	8	13	12	17	5
ENSG00000128309	297	14	2	8	15	18	13
ENSG00000122696	297	17	10	6	13	18	3
ENSG00000167136	297	18	5	13	17	17	5
ENSG00000170312	297	19	8	8	17	17	11
ENSG00000162191	297	12	4	18	17	4	5
ENSG00000141437	297	17	10	6	13	18	3
ENSG00000152154	297	11	5	2	7	13	7
ENSG00000122406	297	11	12	5	14	20	13
ENSG00000136463	297	14	12	9	14	3	9
ENSG00000128311	297	13	8	11	15	19	7
ENSG00000163449	297	13	9	8	11	10	9
ENSG00000135845	297	5	6	8	9	19	7
ENSG00000012061	297	14	8	10	15	12	11
ENSG00000157538	297	15	10	15	19	11	5
ENSG00000185231	297	8	3	5	10	17	4
ENSG00000147687	297	19	16	12	20	15	11
ENSG00000157600	297	11	4	6	12	13	4
ENSG00000103496	297	15	14	17	14	3	7
ENSG00000106605	296	16	10	16	18	16	4
ENSG00000173597	296	16	19	12	18	15	10
ENSG00000137547	296	17	10	8	19	11	9
ENSG00000183060	296	13	7	6	11	8	7
ENSG00000172936	296	17	7	8	15	12	13
ENSG00000241360	296	17	0	11	20	12	10
ENSG00000162086	296	14	13	13	16	17	10
ENSG00000122140	296	19	6	7	11	12	8
ENSG00000221900	296	13	3	11	11	11	6
ENSG00000213593	296	17	10	7	13	19	4
ENSG00000019582	296	14	9	13	13	2	7
ENSG00000198624	296	16	10	18	18	6	5
ENSG00000164615	296	15	7	13	18	5	10
ENSG00000168288	296	13	5	9	14	14	11
ENSG00000116661	296	11	6	15	14	14	13
ENSG00000149124	296	17	12	11	14	18	2
ENSG00000198203	296	16	16	13	18	13	13
ENSG00000112530	296	17	11	10	12	8	7
ENSG00000164949	296	16	7	13	15	15	13
ENSG00000125898	295	18	2	9	15	6	5
ENSG00000105402	295	18	16	13	16	20	12
ENSG00000113328	295	15	13	11	14	12	5
ENSG00000035720	295	18	12	12	15	13	4
ENSG00000213648	295	16	14	12	17	18	12
ENSG00000213424	295	17	15	16	17	7	5
ENSG00000180730	295	12	1	4	8	10	5
ENSG00000092345	295	8	5	8	11	15	5
ENSG00000175938	295	8	1	5	7	10	2
ENSG00000165071	295	10	7	7	9	16	5
ENSG00000124713	295	16	8	8	17	15	14
ENSG00000205808	295	14	2	6	14	11	6
ENSG00000187838	295	10	5	7	11	9	6
ENSG00000197165	295	18	15	11	17	18	8
ENSG00000149599	295	15	6	7	13	7	8
ENSG00000176381	295	16	3	5	9	3	4
ENSG00000261052	295	16	14	12	17	18	12
ENSG00000196502	295	17	15	13	18	19	10
ENSG00000117525	295	14	10	9	11	15	4
ENSG00000203896	295	13	3	8	13	5	6
ENSG00000110092	295	19	11	12	15	9	5
ENSG00000103569	295	6	3	2	7	14	3
ENSG00000184945	295	9	3	5	9	10	2
ENSG00000168028	295	13	4	13	15	18	9
ENSG00000164746	295	18	11	8	15	9	14
ENSG00000204128	295	13	1	8	14	6	5
ENSG00000185176	295	9	3	6	10	10	2
ENSG00000213533	294	12	6	6	11	12	6
ENSG00000118434	294	10	5	9	11	9	7
ENSG00000113761	294	14	11	7	12	11	4
ENSG00000099282	294	10	4	7	11	17	7
ENSG00000181163	294	12	12	12	13	4	6
ENSG00000178750	294	17	14	12	14	10	2
ENSG00000166153	294	15	9	10	17	12	9
ENSG00000261115	294	9	4	4	8	21	5
ENSG00000204439	294	12	3	11	12	8	8
ENSG00000205765	294	17	13	14	18	14	8
ENSG00000171060	294	14	7	14	18	7	5
ENSG00000118849	294	13	5	7	11	12	2
ENSG00000102048	294	11	4	8	19	6	9
ENSG00000162494	294	10	2	4	12	7	8
ENSG00000165637	294	15	14	6	18	13	14
ENSG00000156689	294	15	13	18	20	19	9
ENSG00000120160	294	13	13	11	16	10	10
ENSG00000109193	294	19	18	15	18	16	12
ENSG00000116663	293	16	9	7	16	16	10
ENSG00000174851	293	8	3	1	12	16	9
ENSG00000052802	293	7	2	9	13	15	6
ENSG00000007129	293	12	3	9	13	13	5
ENSG00000205363	293	9	6	8	10	8	8
ENSG00000240505	293	14	4	8	14	9	6
ENSG00000155100	293	14	8	16	18	6	8
ENSG00000167754	293	10	9	1	11	9	7
ENSG00000130713	293	14	7	14	17	8	9
ENSG00000153989	293	17	7	6	13	9	12
ENSG00000241404	293	11	2	12	11	6	6
ENSG00000100445	293	11	2	9	12	13	2
ENSG00000176476	293	11	12	9	13	12	9
ENSG00000103260	293	10	0	10	16	9	6
ENSG00000260230	293	11	2	6	13	12	14
ENSG00000155438	293	15	17	12	14	12	3
ENSG00000138794	293	15	10	14	19	13	16
ENSG00000145979	293	22	20	12	17	17	10
ENSG00000182566	293	13	5	10	11	12	5
ENSG00000179387	293	15	15	16	15	16	4
ENSG00000140988	293	18	14	5	10	7	8
ENSG00000155508	292	16	11	11	18	11	12
ENSG00000164885	292	16	12	8	17	11	10
ENSG00000132823	292	17	10	9	14	7	10
ENSG00000260001	292	10	0	3	3	2	2
ENSG00000121310	292	14	1	15	19	8	9
ENSG00000013392	292	13	9	14	18	18	5
ENSG00000163632	292	13	15	9	8	9	3
ENSG00000188613	292	15	3	7	11	10	4
ENSG00000183578	292	16	5	11	15	5	9
ENSG00000165272	292	3	0	4	11	14	4
ENSG00000214050	292	19	16	7	18	14	10
ENSG00000133561	292	12	7	12	14	9	7
ENSG00000204950	292	23	1	6	14	8	10
ENSG00000167635	292	19	16	15	15	22	0
ENSG00000151692	292	14	11	9	14	12	5
ENSG00000139914	292	13	1	2	2	16	1
ENSG00000117640	292	13	6	7	17	8	12
ENSG00000113312	292	15	16	15	13	11	16
ENSG00000166971	292	13	11	5	11	10	10
ENSG00000109184	292	18	16	8	17	13	14
ENSG00000125775	292	10	8	9	13	6	7
ENSG00000117594	292	14	14	10	14	7	4
ENSG00000112576	292	15	5	7	16	7	8
ENSG00000150776	292	14	12	13	13	7	10
ENSG00000162981	292	14	7	18	16	12	6
ENSG00000186666	292	13	5	9	18	11	11
ENSG00000175573	292	17	2	9	14	11	7
ENSG00000259305	292	19	15	15	20	13	5
ENSG00000230667	292	9	10	10	11	8	10
ENSG00000115364	292	20	9	13	14	16	7
ENSG00000150540	292	14	14	14	16	15	12
ENSG00000144161	291	19	15	11	12	10	3
ENSG00000184672	291	15	10	10	13	6	6
ENSG00000164438	291	7	7	3	12	15	6
ENSG00000137274	291	17	11	6	12	15	13
ENSG00000064835	291	9	8	12	14	15	4
ENSG00000166471	291	9	3	2	6	15	3
ENSG00000040487	291	4	1	4	8	21	6
ENSG00000165406	291	13	12	6	11	13	5
ENSG00000133115	291	14	9	9	16	7	7
ENSG00000167311	291	11	5	6	11	16	2
ENSG00000075914	291	18	10	14	16	9	10
ENSG00000071655	291	16	11	8	11	10	10
ENSG00000095209	291	11	9	3	6	17	2
ENSG00000141505	291	18	8	11	12	10	8
ENSG00000162972	291	21	11	8	10	14	5
ENSG00000182768	291	20	10	13	12	10	7
ENSG00000222009	291	15	1	18	18	12	2
ENSG00000197265	291	18	17	10	18	9	10
ENSG00000102683	291	16	10	11	13	10	8
ENSG00000214530	291	12	5	13	14	16	11
ENSG00000188051	291	6	0	8	8	10	1
ENSG00000130813	291	13	9	6	10	11	8
ENSG00000186009	291	12	7	4	11	18	7
ENSG00000123600	291	13	12	12	15	14	9
ENSG00000182327	291	18	0	12	14	11	4
ENSG00000171428	290	15	6	8	13	19	10
ENSG00000117616	290	11	7	7	10	7	4
ENSG00000156006	290	13	5	11	12	19	4
ENSG00000103253	290	16	5	14	16	13	5
ENSG00000186074	290	8	7	10	14	8	8
ENSG00000172382	290	14	6	8	11	17	6
ENSG00000087842	290	17	10	15	19	11	8
ENSG00000215203	290	11	12	13	16	12	8
ENSG00000113719	290	12	6	7	16	17	8
ENSG00000159079	290	14	11	14	17	11	8
ENSG00000120217	290	18	14	7	15	7	12
ENSG00000104872	290	15	5	17	18	13	9
ENSG00000135638	290	11	10	8	9	10	1
ENSG00000127884	290	19	15	12	15	9	7
ENSG00000144560	290	16	5	6	12	5	4
ENSG00000175874	290	12	6	10	11	13	4
ENSG00000100249	290	13	10	10	15	12	5
ENSG00000116918	290	18	14	14	19	16	15
ENSG00000119335	290	9	9	11	12	9	11
ENSG00000124251	290	16	12	10	12	8	1
ENSG00000174225	290	15	10	13	18	5	7
ENSG00000129244	290	14	10	6	11	16	9
ENSG00000178538	290	11	2	15	15	14	7
ENSG00000185298	289	13	9	14	14	6	4
ENSG00000166900	289	11	15	15	10	3	14
ENSG00000171953	289	15	6	10	15	12	6
ENSG00000188343	289	14	13	13	16	9	8
ENSG00000182170	289	9	1	2	5	16	3
ENSG00000162723	289	8	4	9	14	13	4
ENSG00000118971	289	15	11	10	18	11	9
ENSG00000009765	289	12	12	11	12	12	8
ENSG00000172667	289	13	6	5	7	13	0
ENSG00000091164	289	15	9	6	10	17	10
ENSG00000163145	289	14	11	5	12	9	8
ENSG00000180817	289	18	16	11	20	12	13
ENSG00000136819	289	16	14	19	16	5	10
ENSG00000186265	289	16	10	14	14	16	8
ENSG00000247077	289	16	4	8	11	12	8
ENSG00000198805	289	18	7	8	13	13	5
ENSG00000113552	289	16	10	16	18	15	10
ENSG00000162194	289	7	3	15	16	11	12
ENSG00000105880	289	9	5	2	6	11	2
ENSG00000152128	289	16	2	3	9	14	5
ENSG00000145416	289	15	10	6	9	8	6
ENSG00000165588	289	8	7	3	7	11	5
ENSG00000166069	288	16	15	15	13	5	3
ENSG00000121594	288	9	7	10	12	15	6
ENSG00000189401	288	14	8	17	19	9	6
ENSG00000148175	288	15	11	8	14	8	10
ENSG00000131721	288	8	5	11	11	10	6
ENSG00000150750	288	6	4	5	12	8	9
ENSG00000099365	288	16	12	11	9	6	11
ENSG00000188312	288	16	8	17	16	7	4
ENSG00000177981	288	18	8	11	15	10	9
ENSG00000123562	288	17	16	11	16	13	8
ENSG00000183527	288	15	14	14	17	13	6
ENSG00000111450	288	14	8	14	12	9	9
ENSG00000141401	288	13	3	10	17	7	5
ENSG00000107362	288	16	5	11	16	22	10
ENSG00000138685	288	10	7	5	9	6	5
ENSG00000089009	288	15	15	0	4	7	6
ENSG00000163382	288	15	8	6	7	12	8
ENSG00000100292	288	15	10	9	12	11	2
ENSG00000203989	288	8	5	11	11	10	5
ENSG00000106089	288	13	9	12	9	8	11
ENSG00000147592	288	15	8	14	21	12	8
ENSG00000168939	288	14	4	5	7	10	4
ENSG00000136527	288	11	4	3	9	12	8
ENSG00000141934	288	12	4	3	15	13	11
ENSG00000162241	288	14	3	5	15	16	4
ENSG00000203972	288	15	10	9	14	15	6
ENSG00000108187	288	16	5	11	18	8	8
ENSG00000188389	288	9	1	6	14	10	10
ENSG00000100373	287	10	2	7	13	13	7
ENSG00000223638	287	14	9	7	17	16	11
ENSG00000067836	287	20	10	7	17	12	9
ENSG00000167613	287	10	4	15	14	7	10
ENSG00000205858	287	16	8	10	11	14	7
ENSG00000135604	287	16	11	13	11	10	11
ENSG00000183048	287	15	7	3	15	14	6
ENSG00000186431	287	11	6	9	16	15	7
ENSG00000187866	287	11	3	4	9	6	6
ENSG00000185614	287	15	0	8	11	7	10
ENSG00000107874	287	10	9	16	16	10	13
ENSG00000180098	287	10	8	10	11	12	8
ENSG00000144119	287	13	7	6	14	11	10
ENSG00000229292	287	14	9	7	17	16	11
ENSG00000174628	287	15	8	17	19	14	2
ENSG00000148572	287	15	15	16	19	6	9
ENSG00000146729	286	15	7	16	18	15	3
ENSG00000116489	286	13	12	12	18	16	15
ENSG00000124783	286	9	6	7	13	9	8
ENSG00000171865	286	14	5	8	12	11	7
ENSG00000162882	286	16	5	15	19	14	11
ENSG00000198898	286	13	11	13	18	17	12
ENSG00000243477	286	9	4	9	13	4	5
ENSG00000168517	286	17	6	17	15	4	5
ENSG00000071967	286	7	2	6	6	16	2
ENSG00000068079	286	19	8	9	12	7	6
ENSG00000166199	286	17	9	16	13	19	8
ENSG00000174013	286	13	6	8	13	14	4
ENSG00000100253	285	13	8	6	20	17	16
ENSG00000124257	285	12	0	9	17	11	8
ENSG00000153904	285	17	11	12	13	6	7
ENSG00000129518	285	12	10	11	13	6	12
ENSG00000152133	285	15	15	16	17	8	7
ENSG00000240682	285	14	19	19	16	15	6
ENSG00000102524	285	15	11	13	18	4	4
ENSG00000173281	285	15	11	11	18	15	12
ENSG00000113845	285	16	8	8	6	13	5
ENSG00000158714	285	11	4	8	14	18	9
ENSG00000139722	285	16	8	10	12	5	4
ENSG00000143549	285	16	16	16	9	4	13
ENSG00000147465	285	18	11	9	13	13	6
ENSG00000105398	285	15	13	13	15	20	7
ENSG00000213722	285	15	3	8	17	3	9
ENSG00000145861	285	11	8	4	11	9	8
ENSG00000117543	285	13	9	12	17	8	7
ENSG00000140416	284	16	17	19	9	4	14
ENSG00000159184	284	6	4	6	12	8	3
ENSG00000111231	284	10	5	14	15	11	13
ENSG00000136541	284	16	14	12	13	6	12
ENSG00000126778	284	11	10	13	15	11	1
ENSG00000278023	284	14	11	10	12	10	7
ENSG00000163607	284	17	5	9	13	18	7
ENSG00000184117	284	15	8	15	19	13	9
ENSG00000067113	284	10	6	5	12	19	10
ENSG00000206562	284	14	14	9	17	16	14
ENSG00000116237	284	9	3	7	8	17	0
ENSG00000165462	284	13	9	8	9	11	4
ENSG00000198467	284	16	16	19	9	4	11
ENSG00000174165	284	7	0	0	5	12	3
ENSG00000131264	284	6	7	9	14	10	5
ENSG00000130540	284	13	10	13	18	12	12
ENSG00000169562	283	14	6	7	9	10	3
ENSG00000112237	283	13	12	10	13	13	7
ENSG00000152464	283	18	8	8	8	6	7
ENSG00000158457	283	8	6	1	11	15	7
ENSG00000099810	283	18	11	10	16	7	7
ENSG00000204310	283	12	4	7	10	11	4
ENSG00000204653	283	14	0	8	11	10	5
ENSG00000183160	283	9	2	8	11	7	7
ENSG00000078668	283	14	15	3	17	16	12
ENSG00000157873	283	9	8	5	13	9	5
ENSG00000203740	283	16	12	10	16	12	12
ENSG00000139515	283	8	5	10	11	8	3
ENSG00000172538	283	11	1	18	17	9	7
ENSG00000067082	283	12	7	14	17	14	7
ENSG00000126882	283	12	6	10	19	12	8
ENSG00000161243	283	17	1	6	12	11	9
ENSG00000213585	283	17	16	10	17	14	8
ENSG00000152430	283	10	7	7	7	12	5
ENSG00000167775	282	9	2	5	9	4	4
ENSG00000145721	282	8	8	13	18	12	5
ENSG00000134258	282	13	9	9	12	17	6
ENSG00000169136	282	6	6	9	13	7	8
ENSG00000067533	282	16	12	13	12	3	9
ENSG00000167664	282	8	1	1	6	10	3
ENSG00000077312	282	11	8	6	12	10	7
ENSG00000198157	282	12	13	6	4	0	11
ENSG00000163453	282	15	8	10	13	4	5
ENSG00000196470	282	11	7	8	14	11	7
ENSG00000139684	282	14	11	9	15	15	9
ENSG00000263465	282	8	7	4	8	8	6
ENSG00000113456	282	17	7	8	12	16	8
ENSG00000213918	282	9	3	8	12	13	11
ENSG00000108561	282	14	4	9	10	12	5
ENSG00000172969	282	10	7	12	13	6	5
ENSG00000141744	282	9	4	6	18	14	8
ENSG00000167757	282	15	7	6	11	8	5
ENSG00000164548	282	13	5	3	8	10	6
ENSG00000132763	282	15	1	6	11	15	7
ENSG00000139200	282	8	2	4	10	6	7
ENSG00000086159	282	11	3	4	6	12	0
ENSG00000123407	282	7	4	7	15	8	9
ENSG00000230124	282	13	9	14	14	7	11
ENSG00000104442	282	11	8	9	15	6	7
ENSG00000117560	281	9	8	6	9	10	2
ENSG00000186073	281	13	7	10	16	12	10
ENSG00000084764	281	15	11	8	13	10	11
ENSG00000164181	281	9	5	2	5	17	2
ENSG00000138136	281	11	6	5	12	4	7
ENSG00000108551	281	17	8	8	15	12	16
ENSG00000053702	281	15	6	12	18	2	11
ENSG00000071462	281	8	4	8	15	13	8
ENSG00000104894	281	13	4	4	9	12	5
ENSG00000117697	281	15	11	15	15	11	8
ENSG00000104529	281	16	10	17	15	8	7
ENSG00000121858	281	14	11	13	13	12	6
ENSG00000092067	281	10	6	10	14	10	7
ENSG00000173918	281	14	7	5	10	10	7
ENSG00000117118	280	18	11	6	14	10	9
ENSG00000070190	280	17	7	16	16	12	9
ENSG00000173581	280	12	10	14	15	11	10
ENSG00000100867	280	14	7	9	15	9	10
ENSG00000189306	280	13	12	11	10	10	5
ENSG00000092208	280	12	4	11	14	10	6
ENSG00000125869	280	13	10	11	16	8	9
ENSG00000162543	280	11	9	11	15	5	4
ENSG00000136273	280	13	12	5	11	8	9
ENSG00000185519	280	10	2	8	16	9	12
ENSG00000134690	280	14	13	12	14	5	10
ENSG00000139921	280	11	7	6	8	13	8
ENSG00000168556	280	10	4	19	12	9	12
ENSG00000043039	279	13	11	8	7	5	4
ENSG00000143575	279	16	0	8	15	7	12
ENSG00000115641	279	18	13	13	16	13	4
ENSG00000171121	279	11	8	8	10	14	5
ENSG00000196449	279	13	3	9	13	8	6
ENSG00000178878	279	12	6	5	9	4	6
ENSG00000173614	279	16	14	12	16	14	12
ENSG00000184220	279	11	11	14	19	7	6
ENSG00000176402	279	14	5	11	12	12	1
ENSG00000159873	279	11	3	12	15	7	10
ENSG00000066322	279	7	4	3	4	16	3
ENSG00000176055	279	20	3	8	14	11	12
ENSG00000151917	279	9	9	8	14	7	9
ENSG00000069849	279	12	12	8	12	13	10
ENSG00000235194	279	16	0	9	15	13	6
ENSG00000165879	279	10	1	3	11	1	6
ENSG00000259494	279	15	10	12	13	10	7
ENSG00000166289	279	14	4	10	12	10	1
ENSG00000176714	278	17	17	16	18	4	1
ENSG00000205097	278	12	8	10	11	6	3
ENSG00000157326	278	13	10	7	14	5	11
ENSG00000205022	278	11	4	12	13	6	6
ENSG00000133466	278	13	5	12	17	12	5
ENSG00000169692	278	12	4	7	8	7	2
ENSG00000122033	278	16	14	7	8	10	3
ENSG00000137161	278	14	13	12	13	12	8
ENSG00000137142	278	13	2	9	14	3	6
ENSG00000105048	278	8	12	13	10	9	3
ENSG00000166012	278	12	9	14	14	14	5
ENSG00000091972	278	9	8	5	10	13	3
ENSG00000150625	278	9	7	6	11	15	3
ENSG00000225899	278	11	8	10	11	6	3
ENSG00000196372	278	15	9	11	16	4	6
ENSG00000152240	278	18	12	15	16	9	12
ENSG00000159231	277	16	5	10	14	10	10
ENSG00000164305	277	15	13	10	13	9	13
ENSG00000165782	277	13	9	4	6	6	2
ENSG00000186827	277	8	0	4	12	5	7
ENSG00000123610	277	15	14	10	15	18	10
ENSG00000159228	277	17	9	10	18	11	11
ENSG00000178922	277	16	2	13	17	9	7
ENSG00000148484	277	13	8	10	15	6	7
ENSG00000003056	277	15	6	12	13	10	6
ENSG00000101017	277	12	7	13	14	10	7
ENSG00000133731	277	16	10	13	18	9	6
ENSG00000136930	277	11	9	5	14	11	11
ENSG00000125656	277	16	4	6	8	6	4
ENSG00000167759	277	12	5	7	10	9	4
ENSG00000126106	277	15	5	5	12	16	7
ENSG00000130717	277	12	7	8	17	9	13
ENSG00000123560	277	10	7	2	5	12	0
ENSG00000114956	277	13	8	13	13	14	4
ENSG00000230873	276	11	7	16	17	5	12
ENSG00000125285	276	9	11	7	10	11	4
ENSG00000175106	276	17	7	5	7	15	3
ENSG00000120699	276	12	8	8	16	9	11
ENSG00000096264	276	15	5	3	10	9	6
ENSG00000229809	276	12	3	9	15	8	8
ENSG00000166260	276	14	6	9	14	12	5
ENSG00000152380	276	11	7	12	15	15	9
ENSG00000155926	276	13	6	12	13	15	9
ENSG00000079689	276	16	14	13	20	15	17
ENSG00000166394	276	18	12	8	16	9	10
ENSG00000183597	276	17	8	10	17	16	12
ENSG00000114021	276	18	13	9	17	18	8
ENSG00000204264	276	16	5	9	15	18	9
ENSG00000144677	276	12	7	13	18	13	13
ENSG00000037897	276	11	5	9	15	15	7
ENSG00000172426	276	17	10	10	14	12	4
ENSG00000117758	276	13	7	9	11	3	6
ENSG00000163281	276	16	9	7	16	14	10
ENSG00000204007	276	14	8	12	17	17	8
ENSG00000197253	275	13	1	4	13	8	7
ENSG00000102978	275	14	4	15	17	13	12
ENSG00000111652	275	15	5	14	14	6	5
ENSG00000204913	275	4	2	7	13	12	8
ENSG00000147471	275	14	9	14	18	8	7
ENSG00000213265	275	16	14	14	16	11	4
ENSG00000188408	275	16	9	13	15	14	7
ENSG00000105519	275	13	4	8	11	13	10
ENSG00000107371	275	12	11	8	16	5	9
ENSG00000188505	275	11	2	12	13	11	5
ENSG00000075429	275	10	4	8	12	11	7
ENSG00000057663	275	14	9	12	17	16	12
ENSG00000125850	275	12	11	6	9	11	6
ENSG00000108622	275	16	6	9	11	15	4
ENSG00000151715	275	8	4	5	10	17	4
ENSG00000187783	275	6	3	11	10	11	5
ENSG00000089818	275	12	6	3	11	12	10
ENSG00000172236	275	12	1	4	11	8	6
ENSG00000181458	275	7	4	5	8	16	1
ENSG00000182831	275	14	7	3	10	8	7
ENSG00000188001	275	17	12	13	13	12	5
ENSG00000166582	275	13	6	8	8	11	4
ENSG00000144741	274	11	5	5	12	11	5
ENSG00000169021	274	14	7	6	8	10	5
ENSG00000173992	274	14	4	9	14	6	11
ENSG00000106460	274	13	5	7	12	15	7
ENSG00000078902	274	14	4	7	10	12	8
ENSG00000204710	274	15	8	5	13	12	4
ENSG00000203705	274	15	10	12	15	6	5
ENSG00000024862	274	16	10	12	15	6	4
ENSG00000104524	274	13	1	13	15	3	0
ENSG00000023909	274	8	7	8	13	8	9
ENSG00000161277	274	10	3	6	12	5	6
ENSG00000168062	274	6	6	7	14	3	5
ENSG00000181019	274	13	11	10	18	14	10
ENSG00000131188	274	7	1	6	9	9	6
ENSG00000220201	273	11	6	10	13	6	5
ENSG00000197646	273	12	6	10	12	9	4
ENSG00000154645	273	10	4	4	12	13	3
ENSG00000204856	273	14	9	7	10	16	3
ENSG00000172889	273	12	2	7	10	8	6
ENSG00000205220	273	9	3	9	16	6	6
ENSG00000049130	273	10	11	7	15	9	12
ENSG00000139055	273	6	4	15	14	18	8
ENSG00000188816	273	13	8	11	11	7	2
ENSG00000134884	273	11	15	11	12	1	2
ENSG00000122986	273	11	11	9	17	8	6
ENSG00000141971	273	12	8	6	15	9	10
ENSG00000136936	273	9	9	9	11	12	5
ENSG00000189280	273	18	10	4	11	13	6
ENSG00000184232	273	11	5	10	12	11	10
ENSG00000151773	273	17	18	15	16	8	6
ENSG00000119929	273	13	8	13	15	9	9
ENSG00000174255	273	14	11	16	15	15	3
ENSG00000241106	273	16	4	8	16	13	9
ENSG00000125820	273	15	8	6	12	6	6
ENSG00000115137	273	13	16	15	20	13	12
ENSG00000100650	272	8	11	7	12	7	9
ENSG00000077549	272	16	12	9	13	8	13
ENSG00000131791	272	14	11	11	15	8	7
ENSG00000078399	272	7	3	6	12	17	6
ENSG00000167085	272	17	5	11	17	13	12
ENSG00000143155	272	16	9	9	13	10	10
ENSG00000239887	272	10	7	10	13	3	8
ENSG00000187942	272	7	0	2	11	11	8
ENSG00000146374	272	10	8	10	14	6	4
ENSG00000178403	272	9	4	9	14	6	6
ENSG00000255423	272	13	10	6	18	5	10
ENSG00000177468	272	11	6	8	8	4	3
ENSG00000134460	272	7	3	11	13	11	1
ENSG00000123131	271	15	4	9	17	12	15
ENSG00000167770	271	15	7	14	18	12	14
ENSG00000118004	271	11	9	12	15	10	11
ENSG00000125818	271	11	3	10	19	12	12
ENSG00000248385	271	14	5	3	6	11	3
ENSG00000172137	271	19	15	16	14	20	6
ENSG00000170088	271	12	9	8	8	11	4
ENSG00000122490	271	10	3	4	12	13	5
ENSG00000181826	271	7	8	10	12	4	6
ENSG00000123268	271	6	7	8	11	3	5
ENSG00000093010	271	15	5	9	15	8	10
ENSG00000175215	271	10	6	9	16	12	12
ENSG00000144867	271	16	10	6	15	11	10
ENSG00000180957	271	18	15	15	11	15	6
ENSG00000203805	271	14	7	4	9	11	7
ENSG00000231213	271	10	5	6	12	12	7
ENSG00000131732	271	17	12	14	16	9	12
ENSG00000173409	271	15	10	6	10	13	6
ENSG00000167580	271	4	1	6	6	9	1
ENSG00000175592	271	6	4	8	8	4	2
ENSG00000095906	271	12	3	11	15	11	10
ENSG00000248487	271	12	1	7	10	11	2
ENSG00000197245	271	12	2	9	17	7	6
ENSG00000168890	271	4	2	5	7	14	2
ENSG00000160539	271	14	6	6	11	9	4
ENSG00000186446	271	17	11	17	18	19	0
ENSG00000142789	270	13	4	3	12	11	7
ENSG00000048140	270	11	6	6	13	17	8
ENSG00000170178	270	8	6	4	10	12	4
ENSG00000154429	270	12	10	17	18	3	4
ENSG00000078237	270	14	11	11	17	11	7
ENSG00000107902	270	11	6	14	19	12	9
ENSG00000136146	270	15	8	11	16	4	8
ENSG00000066336	270	8	6	10	12	13	4
ENSG00000117748	270	10	6	11	13	11	3
ENSG00000108219	270	12	8	5	12	13	7
ENSG00000137033	270	10	12	11	15	16	10
ENSG00000080910	270	14	10	16	17	16	3
ENSG00000087076	270	14	6	12	14	13	3
ENSG00000164442	270	5	2	4	5	6	5
ENSG00000163950	270	11	7	9	13	13	15
ENSG00000002919	270	13	6	10	16	11	10
ENSG00000235568	270	12	5	3	6	10	4
ENSG00000219073	270	12	1	4	12	10	11
ENSG00000119915	270	10	7	4	5	18	2
ENSG00000106565	270	9	4	4	6	11	0
ENSG00000181915	270	15	3	10	15	10	9
ENSG00000104691	270	15	6	10	12	7	2
ENSG00000174238	270	18	17	14	11	17	7
ENSG00000111725	270	14	12	11	14	9	8
ENSG00000240849	270	11	3	11	14	16	8
ENSG00000152804	270	9	6	7	9	12	6
ENSG00000214700	269	11	7	9	11	9	6
ENSG00000160917	269	16	14	11	11	12	5
ENSG00000240583	269	4	3	2	6	9	5
ENSG00000215475	269	5	2	5	12	10	6
ENSG00000148248	269	9	4	4	6	12	5
ENSG00000130595	269	7	12	9	11	4	10
ENSG00000101098	269	13	5	10	15	9	6
ENSG00000239779	269	4	0	13	15	8	3
ENSG00000197965	269	10	8	2	10	12	8
ENSG00000139405	269	14	5	6	9	6	2
ENSG00000162757	269	9	2	7	14	9	7
ENSG00000160221	268	14	10	8	14	6	7
ENSG00000155008	268	15	16	8	10	11	4
ENSG00000019549	268	12	10	5	10	12	5
ENSG00000104231	268	17	13	12	16	11	11
ENSG00000181513	268	10	7	12	11	9	7
ENSG00000162438	268	13	6	1	12	7	11
ENSG00000144597	268	11	7	10	11	4	12
ENSG00000232629	268	15	4	11	12	12	5
ENSG00000126247	268	11	7	7	14	9	6
ENSG00000143401	268	8	5	13	10	4	9
ENSG00000159479	268	14	9	6	10	7	7
ENSG00000031691	268	14	14	12	14	0	5
ENSG00000004961	268	15	8	14	17	13	8
ENSG00000198858	268	11	3	12	15	12	9
ENSG00000148688	268	15	9	9	15	10	7
ENSG00000178053	268	13	7	14	16	9	11
ENSG00000101367	268	15	11	7	12	8	9
ENSG00000085117	267	11	4	11	9	12	5
ENSG00000137691	267	19	13	8	16	14	12
ENSG00000134470	267	10	5	5	8	3	1
ENSG00000078124	267	8	4	6	5	14	1
ENSG00000143436	267	16	10	14	17	10	1
ENSG00000188315	267	13	9	14	15	8	8
ENSG00000134146	267	13	7	10	17	12	14
ENSG00000118137	267	18	13	16	21	13	9
ENSG00000120149	267	9	5	12	11	10	1
ENSG00000160446	267	9	0	2	7	18	0
ENSG00000147869	267	12	11	10	12	5	4
ENSG00000071203	267	2	1	4	7	12	1
ENSG00000181195	267	13	13	13	13	8	10
ENSG00000115138	267	13	6	14	15	5	9
ENSG00000172818	267	14	12	5	13	12	7
ENSG00000285077	267	11	12	8	11	8	5
ENSG00000172689	267	14	9	5	10	12	4
ENSG00000137673	267	10	6	6	16	15	10
ENSG00000197561	267	12	0	3	8	6	6
ENSG00000156171	266	6	4	5	9	14	5
ENSG00000139278	266	10	9	3	8	16	6
ENSG00000164120	266	14	9	6	13	13	7
ENSG00000136156	266	13	9	9	13	14	7
ENSG00000284194	266	15	4	4	10	11	7
ENSG00000143867	266	7	8	9	13	13	4
ENSG00000169189	266	15	12	14	15	15	10
ENSG00000076053	266	15	6	5	9	16	5
ENSG00000206260	266	10	2	9	10	6	8
ENSG00000183831	266	14	8	9	12	12	8
ENSG00000198502	266	15	4	12	12	13	6
ENSG00000100302	266	14	9	11	14	11	10
ENSG00000214309	266	10	0	8	17	6	9
ENSG00000163832	266	17	8	8	16	13	9
ENSG00000262484	266	16	9	14	15	2	7
ENSG00000196126	266	16	3	11	12	12	6
ENSG00000189433	266	15	8	7	12	16	6
ENSG00000166548	265	16	4	11	13	13	6
ENSG00000134940	265	5	1	7	9	6	2
ENSG00000184616	265	16	7	9	10	12	4
ENSG00000163630	265	8	3	5	10	10	6
ENSG00000046653	265	5	4	6	6	12	0
ENSG00000184814	265	12	2	11	12	4	6
ENSG00000286137	265	15	7	9	10	12	4
ENSG00000186645	265	15	7	9	10	12	4
ENSG00000275976	265	15	7	9	10	12	4
ENSG00000117362	265	3	0	4	8	14	5
ENSG00000103005	265	15	6	9	12	11	8
ENSG00000262461	265	15	7	9	10	12	4
ENSG00000170522	265	10	7	4	6	17	1
ENSG00000175893	265	10	4	5	11	13	3
ENSG00000102103	265	9	12	10	10	8	7
ENSG00000113722	265	4	5	3	10	8	4
ENSG00000188690	265	12	7	10	10	10	1
ENSG00000273520	265	15	7	9	10	12	4
ENSG00000286038	265	15	7	9	10	12	4
ENSG00000152463	265	13	12	12	15	14	6
ENSG00000007306	265	12	2	10	16	10	4
ENSG00000161798	265	6	4	2	3	9	1
ENSG00000274570	265	15	7	9	10	12	4
ENSG00000286014	265	15	7	9	10	12	4
ENSG00000172322	265	12	9	6	11	11	5
ENSG00000167113	265	14	0	11	15	8	6
ENSG00000187997	265	13	5	8	14	14	5
ENSG00000171443	264	9	0	9	11	8	2
ENSG00000145425	264	17	17	6	10	10	10
ENSG00000144524	264	11	11	11	12	8	5
ENSG00000159377	264	11	1	5	11	15	6
ENSG00000141086	264	9	3	1	4	13	2
ENSG00000166741	264	11	9	8	15	13	9
ENSG00000105617	264	11	6	13	13	6	6
ENSG00000185561	264	9	1	2	6	8	4
ENSG00000124216	264	10	5	8	13	12	5
ENSG00000144227	264	12	11	6	11	13	7
ENSG00000168748	264	13	6	7	13	15	8
ENSG00000163900	264	9	5	2	3	15	0
ENSG00000167740	264	13	3	9	16	12	6
ENSG00000273841	264	17	6	4	9	7	7
ENSG00000213619	264	17	5	10	14	13	11
ENSG00000172399	264	16	11	11	13	11	10
ENSG00000164764	264	13	2	8	18	8	7
ENSG00000099330	264	14	10	6	10	5	6
ENSG00000128789	264	10	7	6	12	14	7
ENSG00000113088	264	10	11	2	6	7	1
ENSG00000129084	263	18	9	6	11	10	7
ENSG00000280969	263	16	10	3	13	11	8
ENSG00000100804	263	14	4	5	14	18	9
ENSG00000070404	263	11	2	4	9	5	6
ENSG00000129824	263	14	10	3	14	13	9
ENSG00000284981	263	11	2	2	6	9	5
ENSG00000251258	263	10	5	11	17	13	8
ENSG00000242574	263	11	5	3	8	14	4
ENSG00000267368	263	11	2	2	6	9	5
ENSG00000165606	263	11	4	8	11	9	3
ENSG00000164485	263	13	5	9	9	14	3
ENSG00000198034	263	15	12	3	13	14	9
ENSG00000169218	263	12	9	12	14	5	1
ENSG00000111671	263	10	2	5	11	8	6
ENSG00000128654	263	11	8	12	13	16	4
ENSG00000135517	263	3	2	3	5	11	2
ENSG00000157191	263	13	6	6	12	12	10
ENSG00000100417	262	14	9	12	12	17	9
ENSG00000139160	262	14	6	5	10	11	4
ENSG00000102181	262	12	4	3	9	9	6
ENSG00000167748	262	7	3	9	11	12	7
ENSG00000188529	262	10	7	5	13	12	7
ENSG00000185015	262	9	8	9	15	16	11
ENSG00000106723	262	14	11	7	11	6	12
ENSG00000145649	262	16	10	6	15	8	10
ENSG00000213658	262	7	1	6	8	6	6
ENSG00000102125	262	12	13	7	11	16	5
ENSG00000165644	262	13	1	11	13	6	9
ENSG00000113638	262	14	12	18	16	8	5
ENSG00000161671	262	8	0	5	11	7	7
ENSG00000233701	262	6	2	13	14	6	8
ENSG00000162511	262	9	7	5	10	16	0
ENSG00000148187	262	13	11	8	12	4	6
ENSG00000269404	262	5	5	10	12	15	6
ENSG00000132471	261	7	5	9	12	14	4
ENSG00000170955	261	10	3	8	8	1	2
ENSG00000041357	261	13	11	11	18	5	7
ENSG00000179344	261	12	1	12	14	10	5
ENSG00000189046	261	11	7	5	10	11	6
ENSG00000103375	261	4	1	7	8	10	2
ENSG00000116096	261	14	5	6	12	5	8
ENSG00000159111	261	10	5	6	10	7	4
ENSG00000104327	261	14	13	15	15	14	9
ENSG00000212864	261	10	3	14	13	6	1
ENSG00000165383	261	14	13	4	11	5	10
ENSG00000142515	261	11	4	4	10	14	6
ENSG00000072506	261	14	4	9	14	9	6
ENSG00000145293	261	12	10	13	19	11	13
ENSG00000154548	261	12	8	5	10	10	6
ENSG00000163743	261	16	8	16	18	13	7
ENSG00000105327	261	15	0	1	7	1	4
ENSG00000132646	261	16	11	10	12	9	13
ENSG00000177854	261	8	2	1	8	17	5
ENSG00000002834	261	14	10	13	15	13	6
ENSG00000102245	261	12	9	9	10	12	3
ENSG00000066405	261	9	4	2	4	13	3
ENSG00000079950	261	11	7	14	13	6	8
ENSG00000089248	261	14	10	11	10	14	10
ENSG00000125037	261	13	8	5	7	9	8
ENSG00000204086	261	13	8	14	18	5	11
ENSG00000167751	261	9	3	6	10	13	4
ENSG00000204228	261	12	2	10	11	6	4
ENSG00000164035	261	12	10	10	12	2	3
ENSG00000108439	261	13	6	11	17	13	10
ENSG00000204257	261	3	1	9	13	16	9
ENSG00000183166	261	14	6	11	13	10	8
ENSG00000133742	261	14	11	11	16	8	9
ENSG00000198938	261	2	0	4	6	9	1
ENSG00000188859	261	12	5	9	17	11	7
ENSG00000145088	260	14	10	13	16	9	11
ENSG00000156136	260	13	6	15	14	14	6
ENSG00000213551	260	13	10	16	14	12	12
ENSG00000095739	260	14	7	6	15	7	9
ENSG00000142444	260	13	2	9	11	15	10
ENSG00000164879	260	14	8	9	16	11	10
ENSG00000064490	260	11	2	13	16	8	13
ENSG00000114638	260	7	4	4	11	11	5
ENSG00000175606	260	12	6	5	6	12	4
ENSG00000104267	260	14	9	8	18	14	14
ENSG00000164346	260	12	14	10	12	11	3
ENSG00000139193	260	15	4	6	13	12	5
ENSG00000164366	260	14	9	11	15	13	2
ENSG00000160097	260	7	4	11	13	7	3
ENSG00000129455	260	9	6	5	14	8	13
ENSG00000000419	260	15	11	11	15	18	5
ENSG00000188997	260	12	7	5	13	16	8
ENSG00000102109	260	11	1	9	11	3	5
ENSG00000146243	260	16	8	14	14	9	3
ENSG00000231389	260	7	3	7	11	10	6
ENSG00000278535	260	15	3	8	13	6	8
ENSG00000152219	260	13	12	7	12	10	8
ENSG00000173535	259	6	2	11	14	7	2
ENSG00000043093	259	12	12	12	17	13	16
ENSG00000115446	259	3	2	0	7	16	8
ENSG00000150401	259	10	10	13	17	14	17
ENSG00000115289	259	11	9	9	15	12	8
ENSG00000124541	259	17	14	10	13	6	6
ENSG00000155011	259	13	10	5	13	5	7
ENSG00000109113	259	17	11	10	18	15	12
ENSG00000053501	259	18	15	11	12	6	6
ENSG00000177096	259	13	3	8	11	11	2
ENSG00000172331	259	14	6	17	16	10	8
ENSG00000172086	259	12	10	15	17	10	6
ENSG00000166546	259	6	0	6	9	5	7
ENSG00000146678	259	13	6	9	9	9	4
ENSG00000008282	259	10	7	5	9	12	3
ENSG00000131779	259	14	3	6	10	7	5
ENSG00000167220	259	13	10	9	17	10	11
ENSG00000180332	259	15	11	7	13	16	7
ENSG00000179796	259	13	9	8	11	11	10
ENSG00000145545	259	13	2	6	9	14	2
ENSG00000162623	259	15	10	8	17	9	9
ENSG00000244274	259	4	0	10	12	5	11
ENSG00000127399	259	11	2	11	11	8	5
ENSG00000173960	259	11	9	8	9	9	8
ENSG00000102243	258	11	4	10	11	9	2
ENSG00000186787	258	15	13	7	12	7	12
ENSG00000204568	258	13	9	4	9	7	4
ENSG00000159210	258	9	9	14	16	13	7
ENSG00000204271	258	15	10	6	10	6	9
ENSG00000204614	258	15	8	16	18	4	4
ENSG00000114737	258	13	4	8	14	6	6
ENSG00000223865	258	12	2	10	11	11	5
ENSG00000105668	258	9	1	6	12	11	5
ENSG00000137558	258	11	4	3	11	13	8
ENSG00000099940	258	13	9	9	16	4	8
ENSG00000141753	258	10	6	8	13	4	9
ENSG00000116574	258	13	9	9	18	8	8
ENSG00000163879	258	15	11	13	12	3	6
ENSG00000151743	258	14	9	5	15	4	12
ENSG00000163964	258	9	3	6	10	13	9
ENSG00000130313	258	13	2	8	12	7	7
ENSG00000109536	258	13	11	11	16	8	14
ENSG00000147059	258	15	13	7	12	7	12
ENSG00000120925	258	8	1	8	11	10	7
ENSG00000174721	258	11	5	11	14	3	1
ENSG00000091527	258	10	10	10	11	9	9
ENSG00000132881	258	10	6	10	16	10	8
ENSG00000151650	258	8	3	6	10	8	2
ENSG00000104131	258	15	12	11	11	6	8
ENSG00000179639	257	7	7	10	14	15	6
ENSG00000155099	257	15	3	4	8	7	1
ENSG00000225921	257	8	8	7	7	6	4
ENSG00000145817	257	2	1	2	6	14	8
ENSG00000160233	257	12	3	6	15	7	11
ENSG00000129028	257	13	6	7	11	10	7
ENSG00000161016	257	11	10	3	8	6	3
ENSG00000168476	257	14	9	7	8	11	2
ENSG00000184650	257	12	2	4	7	10	5
ENSG00000158552	257	11	4	10	14	6	7
ENSG00000185652	257	16	11	12	15	10	8
ENSG00000186479	257	12	8	11	16	7	8
ENSG00000183684	257	14	5	3	7	7	7
ENSG00000197540	257	15	3	1	7	7	6
ENSG00000116898	257	15	10	6	12	8	6
ENSG00000105341	257	13	5	12	12	10	8
ENSG00000026297	256	15	13	12	17	10	11
ENSG00000188938	256	15	4	1	1	8	1
ENSG00000148291	256	9	10	13	10	13	5
ENSG00000180628	256	13	8	9	11	10	6
ENSG00000174562	256	11	2	5	12	6	6
ENSG00000086504	256	13	8	14	16	13	7
ENSG00000198183	256	7	4	3	8	2	8
ENSG00000165672	256	13	7	6	12	11	9
ENSG00000115041	256	12	9	10	13	11	12
ENSG00000179632	256	9	2	12	13	14	8
ENSG00000125895	256	12	3	7	13	5	4
ENSG00000116459	256	16	13	11	14	12	4
ENSG00000196415	256	7	0	2	12	8	8
ENSG00000110777	256	3	2	7	7	9	3
ENSG00000177752	256	0	0	5	8	14	7
ENSG00000151023	256	16	17	11	15	9	13
ENSG00000160226	256	16	2	11	13	4	4
ENSG00000204673	256	9	1	9	10	7	7
ENSG00000131876	255	10	12	11	14	7	10
ENSG00000100567	255	12	9	9	14	12	10
ENSG00000135823	255	12	5	10	15	10	11
ENSG00000154839	255	14	13	12	12	8	4
ENSG00000176988	255	4	4	8	9	9	1
ENSG00000151364	255	15	7	12	15	10	5
ENSG00000157303	255	13	9	1	4	8	3
ENSG00000144355	255	8	2	4	3	11	0
ENSG00000170166	255	9	9	8	12	12	4
ENSG00000132879	255	15	8	6	10	17	10
ENSG00000100448	255	15	3	5	12	10	5
ENSG00000108953	255	17	12	11	13	11	11
ENSG00000105379	255	14	10	9	15	3	12
ENSG00000187166	255	10	12	11	14	2	3
ENSG00000166482	255	7	4	3	11	12	11
ENSG00000148985	254	8	2	5	6	14	2
ENSG00000102119	254	14	1	4	11	12	6
ENSG00000145757	254	15	12	8	9	10	3
ENSG00000131059	254	13	11	10	14	4	5
ENSG00000203747	254	7	7	8	12	16	9
ENSG00000005102	254	8	4	8	15	10	5
ENSG00000171314	254	13	9	15	18	12	8
ENSG00000163171	254	10	5	10	14	7	9
ENSG00000137500	254	18	14	15	14	10	12
ENSG00000160991	254	5	5	6	8	10	3
ENSG00000169599	254	10	6	6	10	12	10
ENSG00000226784	254	13	9	15	18	13	8
ENSG00000161921	254	9	6	3	6	9	3
ENSG00000167749	254	8	4	4	7	10	4
ENSG00000204287	254	9	5	14	12	14	4
ENSG00000233087	254	11	7	7	14	12	10
ENSG00000105755	254	14	2	7	15	11	10
ENSG00000101327	254	12	8	11	14	9	8
ENSG00000188694	254	9	3	1	4	11	2
ENSG00000131467	254	13	9	12	16	11	15
ENSG00000196735	254	7	6	7	10	9	5
ENSG00000172775	254	14	15	11	8	7	6
ENSG00000206527	254	11	4	2	4	14	1
ENSG00000179240	254	16	10	11	13	6	6
ENSG00000222014	254	11	7	7	14	12	10
ENSG00000280789	254	9	3	13	14	3	10
ENSG00000198865	254	16	18	12	15	7	5
ENSG00000140391	253	9	2	7	9	12	4
ENSG00000080822	253	9	4	6	8	13	5
ENSG00000171729	253	8	5	11	12	7	9
ENSG00000147439	253	15	13	12	17	8	9
ENSG00000167157	253	8	2	8	10	10	3
ENSG00000169035	253	11	7	2	13	5	9
ENSG00000173926	253	13	3	8	13	7	6
ENSG00000164708	253	14	10	15	17	12	5
ENSG00000149743	253	15	6	4	12	5	9
ENSG00000101074	253	13	2	2	7	13	3
ENSG00000173369	253	12	8	4	11	10	7
ENSG00000111790	253	15	10	15	13	2	8
ENSG00000006757	253	15	8	7	14	9	4
ENSG00000171867	253	9	3	4	5	16	4
ENSG00000183520	253	11	14	13	14	9	8
ENSG00000126698	253	14	14	13	14	11	4
ENSG00000169504	253	15	13	12	15	12	13
ENSG00000172315	253	10	6	15	17	6	5
ENSG00000177697	253	10	5	6	9	14	4
ENSG00000160813	253	12	6	16	18	4	6
ENSG00000105619	253	8	4	14	17	6	5
ENSG00000108474	252	11	3	4	10	8	5
ENSG00000167642	252	13	1	8	12	14	9
ENSG00000198546	252	12	1	9	12	12	11
ENSG00000146670	252	13	8	12	11	3	3
ENSG00000170956	252	10	4	7	9	10	3
ENSG00000170370	252	12	9	8	8	13	4
ENSG00000132563	252	15	9	9	10	7	5
ENSG00000163864	252	18	12	6	13	14	8
ENSG00000179598	252	14	2	6	11	8	4
ENSG00000128951	252	15	3	8	11	8	6
ENSG00000109321	252	10	7	8	10	10	4
ENSG00000159200	252	10	9	8	14	10	8
ENSG00000129911	252	9	5	3	11	6	8
ENSG00000123843	252	14	9	12	15	15	9
ENSG00000100122	252	16	7	10	13	11	6
ENSG00000184471	252	11	2	4	8	11	6
ENSG00000091651	252	14	12	12	18	8	6
ENSG00000154640	252	11	12	10	11	18	7
ENSG00000100307	251	9	8	12	12	13	5
ENSG00000112273	251	9	4	14	12	7	8
ENSG00000222018	251	11	11	6	12	13	7
ENSG00000172232	251	11	0	3	10	9	8
ENSG00000182742	251	12	7	7	10	9	2
ENSG00000129437	251	15	3	2	6	6	2
ENSG00000181634	251	15	7	9	12	14	4
ENSG00000166902	251	11	9	7	12	12	6
ENSG00000136986	251	10	1	0	4	13	3
ENSG00000214513	251	6	4	5	6	8	1
ENSG00000175970	251	11	4	11	15	11	10
ENSG00000164591	251	13	5	11	13	9	4
ENSG00000187325	251	14	4	4	9	7	7
ENSG00000159871	251	8	1	2	11	12	7
ENSG00000205856	251	3	4	14	12	4	13
ENSG00000184992	251	8	3	6	5	12	2
ENSG00000136938	251	9	7	10	6	3	8
ENSG00000008283	251	5	4	3	5	12	3
ENSG00000176428	251	13	6	9	11	7	2
ENSG00000119431	251	12	3	9	13	12	11
ENSG00000153823	250	11	9	8	10	14	6
ENSG00000108587	250	16	8	8	11	10	9
ENSG00000134291	250	7	3	8	9	13	5
ENSG00000253251	250	16	13	10	13	10	7
ENSG00000187772	250	16	10	12	13	4	1
ENSG00000136522	250	16	13	10	10	4	3
ENSG00000064205	250	10	1	7	10	8	5
ENSG00000161955	250	9	4	6	11	8	4
ENSG00000126453	250	14	3	14	17	6	3
ENSG00000139428	250	13	8	9	11	14	6
ENSG00000204252	250	8	3	10	12	10	8
ENSG00000126524	250	17	15	16	12	8	9
ENSG00000173928	250	11	1	8	15	10	7
ENSG00000187068	250	10	4	7	11	8	10
ENSG00000131981	250	9	4	5	8	8	5
ENSG00000216490	250	7	3	10	15	14	9
ENSG00000213022	250	12	2	5	12	9	4
ENSG00000178809	250	16	7	12	14	7	9
ENSG00000131979	250	14	9	13	11	9	5
ENSG00000155087	250	11	8	7	14	9	11
ENSG00000166959	250	0	0	3	5	8	1
ENSG00000140350	249	9	9	11	7	4	11
ENSG00000124812	249	8	5	8	11	13	5
ENSG00000101558	249	12	12	7	13	8	14
ENSG00000186767	249	13	11	6	13	12	11
ENSG00000158411	249	12	6	13	17	11	10
ENSG00000239697	249	8	1	5	8	8	3
ENSG00000111669	249	16	14	10	16	12	9
ENSG00000104915	249	12	4	11	13	8	10
ENSG00000188342	249	17	13	13	15	12	4
ENSG00000092010	249	15	12	16	15	12	11
ENSG00000131126	249	9	6	12	12	7	1
ENSG00000131050	249	15	14	5	12	3	10
ENSG00000156298	249	7	3	4	8	12	4
ENSG00000111653	249	8	8	16	13	12	8
ENSG00000147679	249	8	9	9	16	8	2
ENSG00000137154	249	9	16	7	9	3	5
ENSG00000175895	249	14	10	7	11	12	4
ENSG00000249242	249	5	1	3	4	12	1
ENSG00000178127	249	16	10	10	10	8	4
ENSG00000110077	248	7	7	3	8	7	3
ENSG00000231738	248	10	8	6	8	17	4
ENSG00000186474	248	8	2	4	12	9	7
ENSG00000204928	248	12	10	7	13	14	7
ENSG00000134330	248	11	7	7	15	13	9
ENSG00000141574	248	5	1	8	9	14	1
ENSG00000239605	248	15	10	5	10	15	4
ENSG00000122705	248	7	4	11	12	13	14
ENSG00000185303	248	10	3	10	13	8	5
ENSG00000147604	248	12	14	10	11	12	2
ENSG00000166997	248	11	8	12	12	10	6
ENSG00000128045	248	11	8	7	15	4	7
ENSG00000101182	248	14	10	8	16	9	9
ENSG00000175793	248	16	11	11	11	11	10
ENSG00000262919	248	13	2	7	10	15	5
ENSG00000170191	248	13	10	11	15	8	5
ENSG00000167460	248	15	13	15	11	2	12
ENSG00000122852	248	10	3	10	14	8	6
ENSG00000256812	248	12	5	9	16	12	8
ENSG00000134042	248	14	11	5	10	11	6
ENSG00000106682	248	14	5	2	10	9	10
ENSG00000165471	248	15	12	9	12	9	6
ENSG00000160679	248	9	4	3	3	3	2
ENSG00000158887	248	11	7	4	11	11	8
ENSG00000089693	248	10	0	10	13	10	8
ENSG00000075336	248	16	14	14	13	12	2
ENSG00000136450	248	13	6	5	9	15	8
ENSG00000171199	248	7	0	2	3	7	0
ENSG00000129195	248	12	8	9	10	2	4
ENSG00000205923	247	13	3	6	10	2	2
ENSG00000165028	247	12	5	13	14	14	1
ENSG00000275896	247	9	8	6	10	12	2
ENSG00000100554	247	13	8	13	17	7	4
ENSG00000204983	247	9	10	4	10	12	4
ENSG00000170027	247	16	13	10	12	13	6
ENSG00000092009	247	12	2	4	9	11	6
ENSG00000159167	247	10	6	9	14	7	7
ENSG00000176697	247	16	11	11	13	8	9
ENSG00000129255	247	4	4	3	4	10	2
ENSG00000184277	247	12	3	1	10	11	6
ENSG00000153044	247	15	14	12	11	2	10
ENSG00000180044	247	11	1	5	9	1	5
ENSG00000156831	247	12	8	14	13	9	8
ENSG00000160606	247	7	1	1	5	14	3
ENSG00000156504	247	10	5	4	8	8	8
ENSG00000159596	247	7	6	3	5	15	1
ENSG00000204655	247	10	4	5	5	11	4
ENSG00000156959	247	7	1	1	6	15	4
ENSG00000155962	247	14	7	11	12	12	11
ENSG00000136783	247	14	6	11	14	14	3
ENSG00000109133	247	10	3	0	4	14	2
ENSG00000100453	247	15	11	4	8	10	5
ENSG00000180537	247	7	4	7	8	11	5
ENSG00000185825	246	15	13	12	11	8	4
ENSG00000135272	246	8	5	10	12	2	6
ENSG00000205642	246	2	3	3	3	0	2
ENSG00000184209	246	9	12	9	12	16	12
ENSG00000122687	246	13	4	5	15	11	6
ENSG00000128245	246	16	11	11	12	13	8
ENSG00000164897	246	4	1	7	9	5	6
ENSG00000184302	246	12	8	10	13	10	4
ENSG00000108064	246	16	15	12	11	11	6
ENSG00000136514	246	11	9	4	6	9	2
ENSG00000133997	246	13	6	8	14	10	8
ENSG00000140650	246	16	10	11	13	17	13
ENSG00000099785	246	13	6	7	13	9	6
ENSG00000116703	246	15	13	11	14	13	8
ENSG00000100450	246	12	11	4	10	11	3
ENSG00000082196	246	7	3	8	12	11	8
ENSG00000131015	246	14	9	7	9	11	9
ENSG00000100902	246	13	9	12	19	12	10
ENSG00000166913	246	14	9	12	12	13	8
ENSG00000267796	246	11	10	11	14	5	8
ENSG00000112559	246	2	1	8	10	1	7
ENSG00000166896	246	13	7	10	13	6	10
ENSG00000174744	246	15	8	7	9	11	9
ENSG00000109180	245	11	7	8	11	12	6
ENSG00000137364	245	14	14	8	15	18	9
ENSG00000096006	245	9	9	7	11	10	5
ENSG00000000003	245	12	8	6	8	14	3
ENSG00000164924	245	14	10	11	12	13	8
ENSG00000176472	245	15	10	1	5	8	4
ENSG00000156384	245	11	12	11	11	11	6
ENSG00000198270	245	7	4	3	6	10	2
ENSG00000168175	245	1	1	1	1	6	0
ENSG00000178896	245	10	3	10	15	10	11
ENSG00000242372	245	9	3	10	14	8	9
ENSG00000165171	245	10	1	6	13	6	7
ENSG00000134308	245	14	8	12	13	13	11
ENSG00000173372	245	13	7	7	10	10	6
ENSG00000116132	245	10	2	10	12	9	5
ENSG00000164237	245	15	10	10	13	16	10
ENSG00000164039	245	13	8	8	10	9	8
ENSG00000130167	245	8	5	5	7	11	3
ENSG00000159189	245	13	7	3	6	9	2
ENSG00000054965	244	6	1	2	2	11	0
ENSG00000157224	244	7	2	1	3	16	2
ENSG00000181092	244	10	4	8	13	9	10
ENSG00000087302	244	16	13	12	17	9	15
ENSG00000126749	244	15	10	5	11	6	8
ENSG00000133433	244	11	6	10	15	11	7
ENSG00000251380	244	11	3	8	10	4	1
ENSG00000105254	244	15	8	11	15	10	8
ENSG00000151552	244	14	10	6	9	7	6
ENSG00000169592	244	9	4	5	6	6	2
ENSG00000111981	244	15	9	5	10	13	8
ENSG00000169738	244	15	5	4	7	5	4
ENSG00000115963	244	11	7	8	15	8	13
ENSG00000119820	244	8	3	6	8	14	7
ENSG00000175826	244	9	4	3	17	12	14
ENSG00000131019	244	14	9	4	14	11	12
ENSG00000197261	244	15	2	11	13	7	8
ENSG00000227507	244	8	3	5	12	7	5
ENSG00000149534	244	8	2	10	9	9	3
ENSG00000175414	244	12	6	9	10	11	7
ENSG00000156603	244	8	3	8	12	4	5
ENSG00000099984	244	11	6	10	15	11	7
ENSG00000223953	243	12	3	5	13	9	9
ENSG00000110108	243	8	4	4	5	12	2
ENSG00000258429	243	13	1	8	11	8	3
ENSG00000139597	243	14	2	10	12	9	5
ENSG00000124164	243	13	13	8	11	8	8
ENSG00000124490	243	10	10	8	11	11	5
ENSG00000069275	243	11	14	9	7	4	8
ENSG00000164325	243	4	2	3	6	13	6
ENSG00000197272	243	9	1	7	10	12	1
ENSG00000117091	243	12	8	10	13	10	6
ENSG00000198912	243	7	8	5	14	3	6
ENSG00000153814	243	8	3	4	4	11	3
ENSG00000086730	243	11	2	10	12	8	7
ENSG00000164932	243	11	5	5	9	7	4
ENSG00000065621	243	12	7	11	15	11	5
ENSG00000117614	243	9	13	14	14	11	6
ENSG00000149273	243	19	12	12	16	9	8
ENSG00000111832	243	8	8	13	10	10	6
ENSG00000196511	243	8	3	6	13	13	11
ENSG00000147655	243	8	8	9	12	13	3
ENSG00000046647	242	11	4	8	11	13	7
ENSG00000105141	242	15	13	11	15	10	10
ENSG00000187821	242	8	7	11	11	8	2
ENSG00000109854	242	16	15	9	14	13	11
ENSG00000122035	242	8	6	5	17	8	12
ENSG00000095917	242	5	0	6	10	7	4
ENSG00000173401	242	10	6	3	7	11	4
ENSG00000185619	242	15	11	8	9	13	7
ENSG00000180233	242	11	3	4	5	6	6
ENSG00000162144	242	6	1	2	2	15	1
ENSG00000134153	242	9	5	8	14	9	9
ENSG00000104901	242	11	10	8	12	6	7
ENSG00000204659	242	12	5	7	8	10	1
ENSG00000170893	242	10	6	7	9	5	5
ENSG00000122390	242	12	9	5	12	12	9
ENSG00000175766	242	15	13	6	13	12	6
ENSG00000149089	242	17	12	12	12	9	7
ENSG00000125445	242	13	12	11	12	12	2
ENSG00000037965	242	9	7	7	10	11	5
ENSG00000008018	241	14	7	6	16	13	12
ENSG00000133773	241	9	10	12	11	15	2
ENSG00000163440	241	15	11	10	13	14	3
ENSG00000165424	241	10	9	11	15	11	5
ENSG00000117472	241	5	4	9	10	13	4
ENSG00000186891	241	7	1	3	6	7	5
ENSG00000075790	241	15	14	9	8	7	7
ENSG00000140749	241	10	7	11	9	12	3
ENSG00000213719	241	15	12	10	13	10	9
ENSG00000153779	241	14	10	5	15	2	10
ENSG00000144362	241	9	10	7	14	15	8
ENSG00000100311	241	13	3	8	10	4	5
ENSG00000117602	241	9	8	9	12	13	6
ENSG00000110011	241	11	3	8	10	10	2
ENSG00000148834	241	15	13	15	14	14	5
ENSG00000104883	241	14	1	4	10	13	5
ENSG00000121766	241	10	10	6	14	5	12
ENSG00000158901	241	15	12	12	15	7	7
ENSG00000143106	241	10	6	16	18	8	5
ENSG00000175352	241	12	14	5	13	1	9
ENSG00000214756	240	7	0	5	13	10	5
ENSG00000139714	240	12	9	11	14	12	14
ENSG00000164983	240	10	4	3	10	6	3
ENSG00000143321	240	16	15	13	10	8	7
ENSG00000157992	240	4	2	4	7	3	5
ENSG00000157315	240	7	4	6	10	9	5
ENSG00000151117	240	8	2	2	4	14	2
ENSG00000164054	240	6	0	5	7	9	2
ENSG00000108813	240	8	1	2	7	9	6
ENSG00000205810	240	14	9	8	10	11	3
ENSG00000149932	240	9	2	5	5	7	0
ENSG00000167779	240	10	3	4	10	4	6
ENSG00000142634	240	11	10	14	14	5	6
ENSG00000166927	240	4	3	6	9	11	4
ENSG00000128739	240	14	4	3	7	3	4
ENSG00000168395	240	8	8	16	13	11	12
ENSG00000125735	240	11	3	4	10	7	4
ENSG00000160201	240	11	4	9	10	11	10
ENSG00000125835	240	14	4	3	7	3	4
ENSG00000173762	240	6	2	3	11	8	7
ENSG00000130349	240	13	14	7	9	10	7
ENSG00000137463	240	8	6	9	7	2	5
ENSG00000164938	240	5	5	11	12	12	4
ENSG00000109103	240	11	5	11	15	11	10
ENSG00000159445	240	13	8	10	12	11	8
ENSG00000109610	240	8	1	7	10	9	9
ENSG00000115539	239	14	11	10	10	11	7
ENSG00000168876	239	9	6	10	12	12	9
ENSG00000180979	239	14	12	10	12	3	6
ENSG00000188636	239	12	3	7	11	6	2
ENSG00000186895	239	12	4	6	8	8	2
ENSG00000115468	239	13	11	13	13	5	7
ENSG00000136327	239	10	2	10	11	5	7
ENSG00000110079	239	1	0	4	5	5	0
ENSG00000185437	239	10	8	9	10	6	6
ENSG00000143183	239	8	6	4	10	10	4
ENSG00000188959	239	14	8	9	10	4	2
ENSG00000072849	239	5	0	6	8	10	3
ENSG00000174521	239	7	4	7	10	6	3
ENSG00000053372	239	15	12	11	14	8	8
ENSG00000142507	239	11	1	8	14	12	10
ENSG00000171791	239	8	2	7	11	11	8
ENSG00000171357	239	14	3	12	13	8	8
ENSG00000041988	239	12	8	6	10	7	4
ENSG00000004455	239	14	11	11	13	5	8
ENSG00000132819	239	7	5	1	5	10	6
ENSG00000100911	239	15	11	15	16	11	4
ENSG00000011105	239	9	4	8	8	12	2
ENSG00000184047	239	14	8	10	12	10	0
ENSG00000115875	238	11	5	5	7	8	3
ENSG00000187288	238	9	9	4	14	10	9
ENSG00000172020	238	12	15	11	8	0	11
ENSG00000153179	238	14	10	9	12	12	7
ENSG00000135404	238	7	8	6	9	11	3
ENSG00000146416	238	9	2	4	10	13	5
ENSG00000115520	238	18	8	10	11	13	4
ENSG00000143590	238	8	5	7	9	10	0
ENSG00000140876	238	11	7	8	17	11	7
ENSG00000177363	238	10	1	7	9	5	4
ENSG00000183379	238	6	0	8	9	10	5
ENSG00000167130	238	8	2	7	8	13	1
ENSG00000101000	238	10	1	6	11	14	3
ENSG00000127324	237	9	7	6	11	15	4
ENSG00000168301	237	10	3	7	12	13	9
ENSG00000076043	237	13	8	15	13	7	7
ENSG00000137692	237	13	10	10	15	13	8
ENSG00000134594	237	13	13	11	13	11	10
ENSG00000112210	237	13	11	8	11	9	10
ENSG00000143353	237	14	9	5	8	14	5
ENSG00000110583	237	13	8	11	13	11	11
ENSG00000139644	237	4	5	1	3	12	4
ENSG00000182196	237	10	10	8	13	1	8
ENSG00000129535	237	5	4	14	15	6	7
ENSG00000182208	237	11	8	11	12	12	6
ENSG00000074201	237	8	2	16	14	12	8
ENSG00000145439	237	10	10	7	9	10	4
ENSG00000111729	237	13	10	12	11	10	6
ENSG00000183318	237	13	4	6	9	12	7
ENSG00000170310	236	12	9	12	15	3	10
ENSG00000264343	236	8	5	5	6	13	6
ENSG00000101222	236	11	10	8	13	9	6
ENSG00000167799	236	11	2	4	8	5	3
ENSG00000141371	236	9	11	8	12	6	7
ENSG00000183479	236	12	2	11	16	10	7
ENSG00000181704	236	9	2	4	7	10	7
ENSG00000126860	236	9	10	8	9	9	4
ENSG00000196388	236	12	1	9	10	9	2
ENSG00000104140	236	13	4	7	14	8	5
ENSG00000130005	236	8	2	9	12	16	6
ENSG00000174236	236	12	12	10	13	6	9
ENSG00000099804	236	9	6	13	12	11	8
ENSG00000139351	236	12	15	13	13	7	6
ENSG00000144840	236	11	9	6	11	11	12
ENSG00000176396	236	14	0	11	12	5	4
ENSG00000203791	236	12	10	7	11	17	9
ENSG00000112183	236	5	4	1	5	10	5
ENSG00000110651	236	7	5	2	7	13	3
ENSG00000139352	236	5	2	7	8	9	3
ENSG00000169583	236	13	4	7	14	16	11
ENSG00000184840	235	13	4	10	8	12	4
ENSG00000077348	235	10	5	10	14	6	6
ENSG00000137814	235	15	10	10	13	9	2
ENSG00000168159	235	13	6	13	15	6	9
ENSG00000002933	235	11	2	2	5	12	4
ENSG00000113946	235	9	7	5	9	14	6
ENSG00000100209	235	16	8	6	12	14	10
ENSG00000150681	235	14	10	14	12	12	9
ENSG00000099958	235	5	2	5	7	12	3
ENSG00000183844	235	14	9	5	10	12	6
ENSG00000197584	235	9	8	8	11	13	3
ENSG00000159685	235	12	9	13	13	6	3
ENSG00000175806	235	15	5	11	13	9	3
ENSG00000175854	235	10	6	8	7	8	6
ENSG00000106330	235	11	1	3	7	8	5
ENSG00000105825	235	8	5	9	13	14	9
ENSG00000253276	235	13	4	6	10	9	6
ENSG00000103254	235	13	1	4	8	6	2
ENSG00000186326	235	12	4	7	8	2	5
ENSG00000198794	235	4	4	1	1	11	1
ENSG00000102030	235	15	15	10	9	6	5
ENSG00000165076	235	11	9	6	7	9	7
ENSG00000153563	235	8	3	1	6	11	4
ENSG00000101282	234	9	6	7	12	6	3
ENSG00000100711	234	10	9	10	13	12	6
ENSG00000132846	234	12	1	10	10	4	3
ENSG00000010270	234	11	3	6	9	8	7
ENSG00000105467	234	4	3	3	7	9	2
ENSG00000156928	234	12	1	6	7	8	8
ENSG00000139832	234	14	9	10	14	9	14
ENSG00000089723	234	11	8	11	15	11	9
ENSG00000106588	234	10	7	9	12	12	4
ENSG00000137440	234	9	13	9	12	7	6
ENSG00000168246	234	10	7	10	15	11	11
ENSG00000254469	234	9	4	5	14	12	11
ENSG00000124731	234	15	10	9	9	12	5
ENSG00000183723	234	6	1	3	7	12	4
ENSG00000115226	234	11	3	5	13	8	7
ENSG00000008517	234	12	9	9	11	10	9
ENSG00000117899	234	11	8	9	14	6	11
ENSG00000167900	234	12	9	7	11	9	6
ENSG00000167034	234	12	7	6	9	6	2
ENSG00000068697	233	8	5	6	8	12	2
ENSG00000171552	233	9	2	9	11	10	9
ENSG00000164695	233	14	5	11	10	3	3
ENSG00000111052	233	12	7	10	14	6	3
ENSG00000102390	233	12	9	15	12	10	12
ENSG00000188909	233	7	3	10	13	7	5
ENSG00000240021	233	10	14	11	12	6	4
ENSG00000129194	233	10	6	5	6	9	2
ENSG00000100321	233	5	1	3	10	14	9
ENSG00000232810	233	12	5	7	6	6	4
ENSG00000159055	233	14	10	11	13	6	8
ENSG00000197826	233	11	9	9	19	12	17
ENSG00000165669	233	9	11	13	13	8	7
ENSG00000181274	233	9	0	2	10	3	6
ENSG00000142867	233	9	9	15	14	7	11
ENSG00000088726	233	7	3	7	9	6	6
ENSG00000106006	233	10	6	5	12	14	7
ENSG00000183691	232	9	4	4	5	10	3
ENSG00000249581	232	8	6	3	4	11	1
ENSG00000188921	232	10	2	5	9	11	1
ENSG00000168209	232	10	3	7	9	10	6
ENSG00000101695	232	15	3	10	13	10	10
ENSG00000135974	232	15	13	4	9	4	6
ENSG00000213859	232	15	0	11	16	13	9
ENSG00000099840	232	11	6	7	11	12	5
ENSG00000100568	232	12	8	14	14	6	4
ENSG00000079462	231	15	1	6	14	11	8
ENSG00000130032	231	11	3	7	8	13	2
ENSG00000162377	231	15	14	9	14	12	10
ENSG00000197361	231	14	1	6	14	6	9
ENSG00000175536	231	10	2	10	14	3	4
ENSG00000124588	231	14	11	8	14	15	8
ENSG00000163156	230	12	6	6	11	8	7
ENSG00000160256	230	12	5	12	15	2	2
ENSG00000111863	230	7	5	2	8	10	6
ENSG00000077009	230	10	4	6	7	10	6
ENSG00000145491	230	14	12	8	12	9	10
ENSG00000171204	230	11	11	5	6	13	3
ENSG00000095970	230	6	1	5	9	9	5
ENSG00000147155	230	4	1	4	9	15	6
ENSG00000165376	230	7	2	1	5	13	2
ENSG00000259431	230	14	5	10	12	8	4
ENSG00000118939	230	10	6	10	12	11	7
ENSG00000120992	230	11	6	5	9	9	4
ENSG00000110315	230	9	7	10	14	7	8
ENSG00000071889	230	12	8	10	12	11	4
ENSG00000204711	229	13	10	10	15	16	10
ENSG00000127561	229	11	1	4	8	13	4
ENSG00000162595	229	13	11	8	10	6	2
ENSG00000150316	229	8	7	7	10	6	9
ENSG00000112308	229	13	11	12	15	14	10
ENSG00000007312	229	10	6	9	10	13	5
ENSG00000165061	229	12	5	6	13	9	5
ENSG00000172007	229	12	7	4	13	12	12
ENSG00000138085	229	5	1	4	10	6	6
ENSG00000227500	229	5	3	4	4	12	1
ENSG00000174151	229	3	1	2	2	13	0
ENSG00000168955	229	3	1	4	7	12	3
ENSG00000228607	229	5	2	7	8	10	2
ENSG00000170315	229	14	12	13	10	6	11
ENSG00000175416	229	9	9	11	15	12	12
ENSG00000168092	229	8	3	7	12	10	5
ENSG00000182307	229	10	6	5	9	4	4
ENSG00000100147	229	10	8	6	12	9	9
ENSG00000104147	229	12	4	8	11	11	6
ENSG00000142686	229	11	1	12	16	8	8
ENSG00000100483	229	8	7	10	11	13	9
ENSG00000156269	229	14	13	10	10	7	8
ENSG00000105246	229	6	1	7	6	10	1
ENSG00000122378	229	13	10	8	10	11	6
ENSG00000117500	229	10	7	10	9	12	10
ENSG00000165682	229	15	10	7	10	14	4
ENSG00000235376	228	6	4	11	16	6	8
ENSG00000184349	228	13	5	5	11	10	7
ENSG00000134873	228	8	6	3	9	14	7
ENSG00000211460	228	12	6	12	14	13	8
ENSG00000116161	228	11	11	10	10	7	9
ENSG00000165233	228	10	0	3	5	10	3
ENSG00000010278	228	6	5	6	6	14	5
ENSG00000104904	228	15	6	7	13	8	10
ENSG00000113734	228	14	10	13	13	4	7
ENSG00000124226	228	12	5	7	12	9	6
ENSG00000079974	228	13	9	2	10	13	11
ENSG00000145685	228	5	1	5	9	15	2
ENSG00000182224	228	8	1	9	12	12	7
ENSG00000119950	228	10	5	8	11	3	6
ENSG00000186106	228	7	4	3	11	8	8
ENSG00000163602	228	10	9	7	10	3	6
ENSG00000130021	228	8	7	10	15	8	9
ENSG00000177098	228	13	8	9	13	5	7
ENSG00000144134	228	13	11	2	10	13	11
ENSG00000205309	228	12	4	9	12	8	5
ENSG00000173451	228	11	14	8	11	7	5
ENSG00000197713	228	6	3	12	16	6	8
ENSG00000101193	228	12	7	10	12	10	8
ENSG00000153714	228	8	2	8	11	3	5
ENSG00000099203	227	6	2	12	9	10	7
ENSG00000091640	227	11	10	11	11	6	8
ENSG00000198712	227	6	1	8	12	9	6
ENSG00000108830	227	12	8	10	15	8	13
ENSG00000165886	227	8	10	10	14	7	8
ENSG00000186187	227	14	3	4	10	7	10
ENSG00000165724	227	11	5	9	13	13	5
ENSG00000152932	227	13	8	7	14	10	13
ENSG00000167005	227	13	6	11	11	11	3
ENSG00000134020	227	9	4	11	16	10	8
ENSG00000121716	227	9	6	3	5	9	2
ENSG00000196937	227	13	11	7	13	10	9
ENSG00000147853	227	17	11	10	14	10	6
ENSG00000182132	227	13	12	9	16	13	13
ENSG00000120265	227	11	7	5	12	7	14
ENSG00000163155	227	14	5	7	9	4	3
ENSG00000156639	227	12	9	9	11	5	6
ENSG00000204872	227	11	7	6	8	11	5
ENSG00000106554	227	13	12	14	14	7	6
ENSG00000067064	227	11	12	10	13	8	7
ENSG00000172179	227	12	6	7	11	8	5
ENSG00000178828	227	8	3	3	6	6	3
ENSG00000158604	227	12	4	8	8	8	7
ENSG00000151287	227	11	9	7	8	12	5
ENSG00000176788	227	11	11	11	10	1	4
ENSG00000144035	227	11	7	7	7	13	4
ENSG00000165474	226	11	5	5	9	13	2
ENSG00000105369	226	6	1	7	7	15	4
ENSG00000211445	226	11	9	10	10	14	7
ENSG00000131634	226	6	0	2	5	12	5
ENSG00000250565	226	16	14	11	13	6	6
ENSG00000180089	226	2	0	0	2	15	2
ENSG00000106436	226	13	10	9	9	10	5
ENSG00000180745	226	4	2	3	3	14	0
ENSG00000197448	226	14	8	10	16	7	5
ENSG00000135222	226	5	3	4	6	3	2
ENSG00000241127	226	13	8	9	10	10	6
ENSG00000118363	226	11	8	3	10	12	8
ENSG00000177917	226	7	3	2	4	7	3
ENSG00000175325	226	8	1	6	6	9	1
ENSG00000006042	226	9	6	3	8	4	7
ENSG00000158122	226	10	4	6	10	8	4
ENSG00000131100	226	13	10	6	11	8	9
ENSG00000123427	226	6	1	7	9	12	5
ENSG00000115514	226	13	12	11	15	13	6
ENSG00000135378	226	12	6	7	7	10	3
ENSG00000242498	226	13	10	7	12	8	9
ENSG00000101843	226	12	11	8	10	6	5
ENSG00000184357	226	10	10	4	4	0	0
ENSG00000114942	225	12	12	9	10	11	8
ENSG00000080371	225	13	9	11	13	10	7
ENSG00000118508	225	14	10	9	15	10	10
ENSG00000175505	225	11	3	6	11	11	7
ENSG00000156284	225	7	3	4	7	12	1
ENSG00000099256	225	10	9	5	13	8	14
ENSG00000146733	225	13	6	11	13	7	7
ENSG00000125870	225	10	8	5	11	10	6
ENSG00000156575	225	7	6	7	5	10	7
ENSG00000179111	225	8	4	8	12	3	7
ENSG00000164284	225	13	7	11	12	8	7
ENSG00000111796	225	11	10	12	12	8	5
ENSG00000115540	225	11	7	9	12	9	8
ENSG00000149435	225	9	1	4	7	7	5
ENSG00000125533	225	9	2	4	8	10	5
ENSG00000134202	225	17	13	10	11	14	8
ENSG00000116752	225	13	8	16	15	10	2
ENSG00000151500	225	16	16	9	10	12	7
ENSG00000161958	225	11	7	6	8	7	2
ENSG00000184557	225	10	5	7	13	8	3
ENSG00000274252	225	8	2	5	10	7	7
ENSG00000125629	225	9	2	1	4	12	1
ENSG00000179256	225	12	9	11	10	4	6
ENSG00000165512	224	12	9	7	10	13	3
ENSG00000108639	224	7	1	3	12	13	8
ENSG00000132693	224	7	6	12	15	17	6
ENSG00000086289	224	9	6	4	13	13	10
ENSG00000104371	224	12	3	6	12	6	10
ENSG00000102104	224	10	4	6	11	12	9
ENSG00000134970	224	13	5	12	15	12	5
ENSG00000213523	224	12	6	10	13	5	5
ENSG00000185905	224	8	1	12	13	11	3
ENSG00000198643	224	14	12	3	9	12	7
ENSG00000126970	224	15	11	9	7	2	6
ENSG00000156282	224	8	3	1	3	13	1
ENSG00000167850	224	4	3	4	5	7	3
ENSG00000152253	224	11	11	14	14	12	5
ENSG00000180329	224	11	10	15	13	5	12
ENSG00000100442	224	12	11	9	14	11	10
ENSG00000204116	224	10	9	7	8	7	3
ENSG00000124701	224	12	7	10	12	9	5
ENSG00000101421	224	12	10	11	10	2	4
ENSG00000076554	224	8	7	8	9	8	3
ENSG00000163412	224	10	3	10	11	12	2
ENSG00000117592	224	15	9	10	17	9	9
ENSG00000007080	223	12	9	15	11	2	8
ENSG00000128590	223	12	10	10	13	14	8
ENSG00000152093	223	9	2	6	7	10	1
ENSG00000204278	223	1	0	3	4	11	3
ENSG00000147536	223	14	6	9	10	10	3
ENSG00000225526	223	9	4	11	12	12	6
ENSG00000148335	223	10	7	6	11	9	11
ENSG00000154277	223	10	8	11	11	9	8
ENSG00000203942	223	9	7	14	12	6	4
ENSG00000136698	223	10	2	6	7	10	1
ENSG00000166091	223	6	3	4	9	11	5
ENSG00000147955	223	6	0	9	12	12	3
ENSG00000164040	223	9	5	8	8	10	8
ENSG00000110801	223	11	8	10	11	4	7
ENSG00000132703	223	10	5	12	15	15	8
ENSG00000198252	223	14	5	9	11	9	3
ENSG00000162433	223	13	8	9	13	10	7
ENSG00000169393	223	13	7	6	8	11	3
ENSG00000128791	223	9	6	13	16	10	4
ENSG00000113356	223	7	8	12	11	8	10
ENSG00000183828	222	9	2	5	12	9	4
ENSG00000121900	222	9	2	3	6	12	2
ENSG00000115561	222	9	9	11	11	2	7
ENSG00000018610	222	12	9	8	12	9	6
ENSG00000123171	222	12	9	7	4	13	5
ENSG00000114395	222	3	2	1	1	11	0
ENSG00000174156	222	12	11	12	12	9	10
ENSG00000130724	222	9	9	8	9	0	9
ENSG00000079150	222	16	17	10	11	9	6
ENSG00000108106	222	11	6	12	15	3	6
ENSG00000115762	222	7	5	4	11	9	10
ENSG00000204414	222	11	5	10	15	10	7
ENSG00000079257	222	6	5	11	10	10	2
ENSG00000254505	222	12	10	12	12	5	5
ENSG00000165698	222	11	6	7	11	7	5
ENSG00000182793	222	13	10	11	10	10	9
ENSG00000174453	222	7	6	12	15	6	5
ENSG00000243955	222	12	11	12	11	9	9
ENSG00000170899	222	13	8	12	14	12	8
ENSG00000291237	222	12	11	5	8	10	4
ENSG00000179271	222	11	4	8	9	6	3
ENSG00000244067	222	12	11	12	11	11	9
ENSG00000125457	222	15	8	9	13	9	8
ENSG00000128965	222	8	3	6	15	12	9
ENSG00000147003	222	10	9	6	9	7	4
ENSG00000174796	222	8	8	7	11	10	11
ENSG00000186652	222	14	2	4	3	8	3
ENSG00000147127	222	12	7	8	13	12	7
ENSG00000172789	222	9	7	6	11	8	4
ENSG00000134198	221	7	6	6	6	10	0
ENSG00000234278	221	2	1	7	10	5	5
ENSG00000152049	221	5	3	11	11	4	4
ENSG00000157869	221	13	10	9	17	6	9
ENSG00000204918	221	2	1	7	10	5	5
ENSG00000188396	221	15	1	6	7	7	3
ENSG00000161652	221	11	6	8	10	9	5
ENSG00000059728	221	9	5	11	13	5	9
ENSG00000161547	221	9	8	6	8	7	6
ENSG00000227151	221	2	1	7	10	5	5
ENSG00000229665	221	2	1	7	10	5	5
ENSG00000164610	221	13	11	15	14	5	6
ENSG00000169241	221	8	2	1	7	7	6
ENSG00000187616	221	9	4	1	6	15	4
ENSG00000069974	221	14	9	9	13	9	12
ENSG00000125652	221	13	0	6	9	12	3
ENSG00000111786	221	15	6	8	12	15	9
ENSG00000128228	221	11	4	7	8	9	1
ENSG00000204919	221	2	1	7	10	5	5
ENSG00000180185	221	11	6	12	12	11	4
ENSG00000160948	221	13	9	12	12	9	11
ENSG00000166352	221	7	7	14	13	9	12
ENSG00000186047	221	12	1	5	11	2	6
ENSG00000131507	221	9	2	7	7	11	4
ENSG00000139146	221	9	9	5	10	8	7
ENSG00000124575	221	12	11	4	4	0	0
ENSG00000150455	221	7	3	5	14	5	8
ENSG00000165215	220	7	1	1	5	11	1
ENSG00000177225	220	9	2	6	11	10	7
ENSG00000189051	220	12	5	3	7	6	7
ENSG00000178562	220	10	10	4	7	10	6
ENSG00000152348	220	11	9	5	6	12	4
ENSG00000105649	220	13	9	5	13	10	15
ENSG00000188716	220	12	10	5	10	11	6
ENSG00000124333	220	13	7	9	9	9	5
ENSG00000035862	220	9	10	6	12	12	9
ENSG00000161265	220	10	3	7	7	13	8
ENSG00000164105	220	9	5	5	8	5	4
ENSG00000182508	220	4	0	3	2	11	0
ENSG00000103175	220	8	4	7	10	4	8
ENSG00000105171	220	9	9	12	15	10	6
ENSG00000169230	219	14	8	10	12	9	4
ENSG00000105514	219	14	8	5	12	9	13
ENSG00000170348	219	12	7	5	6	10	7
ENSG00000187601	219	10	5	8	9	8	2
ENSG00000169213	219	13	11	5	13	9	12
ENSG00000196655	219	14	10	8	16	12	11
ENSG00000104765	219	9	7	11	9	4	6
ENSG00000136305	219	10	4	8	14	10	5
ENSG00000168298	219	10	10	4	4	0	0
ENSG00000086065	219	6	7	14	11	7	9
ENSG00000166523	219	10	4	9	13	12	5
ENSG00000165609	219	10	7	12	12	9	8
ENSG00000141854	219	13	3	9	11	1	1
ENSG00000143119	219	7	6	4	10	14	5
ENSG00000183733	219	11	4	12	13	6	6
ENSG00000168811	219	13	8	8	14	7	8
ENSG00000197753	219	9	4	2	6	15	1
ENSG00000187533	219	4	1	5	5	8	1
ENSG00000284701	219	9	6	7	7	6	4
ENSG00000143622	219	11	6	11	13	10	5
ENSG00000129197	219	6	6	10	10	8	3
ENSG00000151665	219	0	1	1	2	16	0
ENSG00000240065	219	9	0	8	15	12	10
ENSG00000171368	219	11	10	5	14	7	7
ENSG00000213366	218	17	13	7	11	13	8
ENSG00000165704	218	13	10	7	12	5	14
ENSG00000161860	218	13	12	10	14	8	7
ENSG00000100121	218	6	1	6	10	8	8
ENSG00000178982	218	11	7	8	9	14	11
ENSG00000121851	218	5	6	10	11	8	6
ENSG00000168765	218	16	10	7	11	11	9
ENSG00000126458	218	15	7	9	12	10	6
ENSG00000134184	218	16	13	9	13	11	8
ENSG00000134201	218	16	13	10	13	11	9
ENSG00000184113	218	5	2	2	5	13	1
ENSG00000125571	218	11	10	10	13	10	5
ENSG00000041353	218	13	10	5	12	9	13
ENSG00000176125	218	7	1	6	11	8	5
ENSG00000166337	218	7	3	7	13	6	9
ENSG00000074071	218	13	4	12	14	10	11
ENSG00000144401	218	9	5	12	12	12	5
ENSG00000123395	218	11	6	8	12	8	6
ENSG00000198755	217	11	12	7	8	10	4
ENSG00000115271	217	10	5	5	12	10	7
ENSG00000136487	217	13	5	7	12	13	6
ENSG00000259384	217	12	5	8	12	11	5
ENSG00000131470	217	11	10	12	14	6	3
ENSG00000164107	217	7	7	7	10	6	5
ENSG00000171700	217	12	5	11	16	9	7
ENSG00000186222	217	7	2	10	9	8	6
ENSG00000167186	217	14	3	7	7	13	4
ENSG00000109519	217	15	12	9	8	5	3
ENSG00000146955	217	15	8	10	16	15	8
ENSG00000151247	217	11	10	6	11	12	7
ENSG00000146215	217	8	5	6	7	11	2
ENSG00000152214	217	12	5	13	15	14	5
ENSG00000166557	217	12	4	14	15	10	6
ENSG00000154016	217	13	8	10	14	15	9
ENSG00000151532	217	11	5	11	9	3	7
ENSG00000162999	217	7	7	8	11	11	6
ENSG00000177885	217	14	9	8	14	16	12
ENSG00000232070	217	2	2	4	5	6	0
ENSG00000179331	217	16	9	10	12	13	11
ENSG00000109534	217	12	6	5	7	13	5
ENSG00000203908	217	10	8	13	15	3	3
ENSG00000136488	217	11	5	6	14	10	9
ENSG00000099385	217	7	4	14	15	1	5
ENSG00000260027	217	6	6	9	10	12	3
ENSG00000213218	217	11	5	6	14	10	9
ENSG00000130643	217	10	5	7	14	3	6
ENSG00000213563	216	13	1	6	14	13	6
ENSG00000162344	216	8	4	5	10	12	8
ENSG00000213809	216	7	8	8	10	13	5
ENSG00000143314	216	14	6	7	7	8	6
ENSG00000108774	216	11	7	10	12	10	5
ENSG00000182545	216	8	9	10	9	4	9
ENSG00000166794	216	13	13	5	11	12	9
ENSG00000173542	216	10	7	7	9	11	7
ENSG00000178882	216	10	2	6	9	7	4
ENSG00000103769	216	14	9	12	14	11	9
ENSG00000163257	216	8	5	6	10	10	3
ENSG00000178826	216	6	0	8	13	5	3
ENSG00000114978	216	10	6	7	9	11	5
ENSG00000100577	216	9	7	5	13	9	9
ENSG00000129472	216	15	9	9	14	11	9
ENSG00000158815	216	10	6	10	11	10	1
ENSG00000172339	216	12	4	6	9	7	3
ENSG00000181938	216	13	5	11	14	11	9
ENSG00000141316	215	9	3	4	8	8	4
ENSG00000149573	215	8	5	6	11	10	7
ENSG00000251287	215	10	6	7	12	11	8
ENSG00000119396	215	15	7	8	12	10	8
ENSG00000166527	215	10	7	9	11	11	6
ENSG00000186197	215	11	11	10	10	4	12
ENSG00000108255	215	11	5	14	13	10	2
ENSG00000177025	215	10	6	5	7	6	2
ENSG00000111540	215	11	8	11	12	10	6
ENSG00000188846	215	6	10	2	8	5	5
ENSG00000140280	215	10	4	11	12	4	8
ENSG00000101342	215	11	2	4	10	9	5
ENSG00000100314	215	11	6	10	9	8	8
ENSG00000131944	215	9	7	9	10	7	1
ENSG00000242220	215	13	11	10	12	2	7
ENSG00000124610	215	7	9	4	4	0	0
ENSG00000144566	215	11	7	12	12	10	5
ENSG00000113196	215	7	6	7	11	6	3
ENSG00000204435	215	10	4	7	9	14	5
ENSG00000189403	215	7	9	13	16	12	7
ENSG00000158806	214	6	5	9	8	5	2
ENSG00000236279	214	12	2	11	12	8	2
ENSG00000147403	214	8	8	3	9	11	9
ENSG00000187024	214	11	1	6	7	2	2
ENSG00000149516	214	1	0	4	5	8	0
ENSG00000126432	214	13	9	7	10	11	5
ENSG00000126785	214	7	8	6	13	13	10
ENSG00000080572	214	9	7	12	10	6	7
ENSG00000141179	214	12	10	8	13	11	8
ENSG00000122859	214	7	3	8	14	4	5
ENSG00000165496	214	9	8	2	10	11	9
ENSG00000154319	214	10	3	10	11	4	5
ENSG00000150456	214	10	5	14	13	10	3
ENSG00000134996	214	13	10	4	11	12	12
ENSG00000183688	214	6	5	5	7	6	4
ENSG00000088992	214	9	7	12	14	9	11
ENSG00000169490	214	4	0	7	11	7	7
ENSG00000224051	214	14	5	11	14	12	4
ENSG00000100196	214	8	4	6	8	10	3
ENSG00000134086	213	5	1	7	10	10	7
ENSG00000103502	213	7	1	1	5	11	3
ENSG00000184897	213	13	11	3	8	4	2
ENSG00000172345	213	10	3	8	15	17	7
ENSG00000166676	213	10	7	4	7	13	4
ENSG00000128322	213	11	5	4	7	7	1
ENSG00000241837	213	12	9	9	9	7	2
ENSG00000151327	213	12	7	8	9	10	4
ENSG00000083937	213	10	12	7	7	1	5
ENSG00000273899	213	9	9	7	11	3	7
ENSG00000187837	213	11	12	4	4	0	0
ENSG00000147654	213	7	9	9	12	9	9
ENSG00000155115	213	4	3	10	8	7	10
ENSG00000107372	213	11	7	6	12	6	4
ENSG00000198178	213	10	5	4	7	12	7
ENSG00000120210	213	12	9	11	11	15	2
ENSG00000101928	213	9	6	5	11	9	4
ENSG00000184857	213	10	7	6	8	12	4
ENSG00000155961	213	16	9	7	11	14	6
ENSG00000132698	213	14	6	9	10	11	6
ENSG00000185674	212	14	6	5	12	11	7
ENSG00000114547	212	12	4	10	13	9	6
ENSG00000139998	212	12	9	13	15	9	9
ENSG00000170965	212	4	4	6	9	13	2
ENSG00000124641	212	9	7	9	16	12	4
ENSG00000136240	212	8	4	4	7	10	4
ENSG00000168938	212	5	5	2	13	13	8
ENSG00000101417	212	11	6	4	4	14	1
ENSG00000112981	212	15	10	8	13	11	8
ENSG00000165507	212	12	1	2	10	4	6
ENSG00000104388	212	14	9	6	11	11	8
ENSG00000172780	212	17	10	9	12	12	12
ENSG00000136244	212	13	9	8	12	4	4
ENSG00000065371	212	13	4	9	13	7	6
ENSG00000114209	212	12	8	7	12	12	7
ENSG00000078401	212	9	10	10	15	7	5
ENSG00000175581	212	10	7	11	12	10	3
ENSG00000166922	212	9	3	9	9	7	4
ENSG00000124839	212	15	12	7	10	10	8
ENSG00000166192	212	10	6	7	17	16	11
ENSG00000105438	212	8	4	4	7	10	4
ENSG00000108433	212	9	7	6	11	5	7
ENSG00000168393	212	16	10	10	14	7	8
ENSG00000181885	211	3	3	2	5	12	2
ENSG00000139725	211	12	8	11	15	12	5
ENSG00000163347	211	7	2	1	3	9	1
ENSG00000034239	211	15	11	10	13	12	10
ENSG00000115255	211	10	2	4	5	9	3
ENSG00000106080	211	12	10	14	12	13	5
ENSG00000176971	211	11	6	13	12	11	10
ENSG00000030110	211	8	0	7	7	9	3
ENSG00000100053	211	12	7	9	15	7	7
ENSG00000167526	211	10	12	6	8	6	1
ENSG00000112208	211	14	6	12	15	3	7
ENSG00000150977	211	13	8	12	12	3	5
ENSG00000057757	211	16	4	11	12	14	6
ENSG00000116670	211	10	6	9	16	9	10
ENSG00000168101	211	15	5	9	12	10	4
ENSG00000092531	211	12	10	8	9	0	8
ENSG00000197461	211	10	5	11	10	3	2
ENSG00000139579	211	8	9	4	10	5	6
ENSG00000124243	211	12	2	10	13	5	7
ENSG00000185338	211	13	0	5	11	5	6
ENSG00000168621	211	7	7	4	10	6	8
ENSG00000133878	211	10	1	5	10	10	4
ENSG00000135452	210	8	7	3	7	11	5
ENSG00000091844	210	8	3	12	14	7	6
ENSG00000110987	210	8	9	14	16	1	12
ENSG00000205323	210	9	11	11	13	4	6
ENSG00000143001	210	6	2	7	10	6	5
ENSG00000135643	210	6	3	8	10	11	5
ENSG00000129991	210	8	9	10	11	4	8
ENSG00000126890	210	7	1	5	12	3	9
ENSG00000084207	210	10	8	4	10	13	6
ENSG00000131148	210	11	6	9	13	11	9
ENSG00000149798	210	7	0	5	9	5	7
ENSG00000168952	210	11	7	10	11	9	6
ENSG00000165060	210	10	6	3	6	8	8
ENSG00000099817	210	12	8	8	15	6	5
ENSG00000005243	210	8	5	12	15	10	5
ENSG00000110717	210	13	4	11	11	9	4
ENSG00000114779	210	10	4	6	10	13	4
ENSG00000172116	210	8	5	4	7	7	4
ENSG00000130517	209	9	2	7	12	8	7
ENSG00000139433	209	14	12	4	11	13	5
ENSG00000265354	209	9	3	3	6	13	3
ENSG00000189143	209	6	2	0	4	9	2
ENSG00000131914	209	12	7	7	8	9	2
ENSG00000164294	209	11	13	8	9	13	2
ENSG00000112312	209	7	7	10	10	4	2
ENSG00000198680	209	10	2	12	14	3	7
ENSG00000164104	209	8	10	11	14	11	7
ENSG00000090104	209	14	15	9	16	12	12
ENSG00000138382	209	10	8	10	12	11	9
ENSG00000138472	209	11	10	10	14	9	8
ENSG00000198612	209	8	2	7	14	14	7
ENSG00000183397	209	10	1	9	14	13	5
ENSG00000125821	209	9	8	13	15	7	7
ENSG00000105550	209	5	1	2	10	7	8
ENSG00000183439	209	13	11	8	13	7	5
ENSG00000187689	209	4	1	0	3	3	2
ENSG00000101198	208	3	0	8	8	10	2
ENSG00000183346	208	11	10	12	11	4	5
ENSG00000130772	208	7	1	10	10	11	10
ENSG00000186501	208	9	3	2	6	10	5
ENSG00000113070	208	10	5	6	11	6	4
ENSG00000140939	208	7	1	5	7	3	5
ENSG00000168040	208	7	4	9	12	5	8
ENSG00000116205	208	15	12	12	11	5	4
ENSG00000196465	208	13	11	13	12	4	8
ENSG00000100908	208	9	3	4	11	11	9
ENSG00000130193	208	14	0	9	12	5	6
ENSG00000154917	208	13	9	6	12	10	10
ENSG00000182809	208	6	6	9	14	9	6
ENSG00000147419	208	14	15	7	8	5	9
ENSG00000102678	208	9	6	4	12	10	8
ENSG00000089486	208	4	3	2	8	7	3
ENSG00000070193	208	7	6	4	5	11	0
ENSG00000158186	208	13	12	8	14	11	13
ENSG00000086666	208	8	3	8	10	6	6
ENSG00000152611	208	10	10	9	10	10	10
ENSG00000119650	208	11	7	9	9	9	9
ENSG00000175582	208	13	8	7	12	10	10
ENSG00000156172	207	13	7	6	11	6	7
ENSG00000109065	207	9	5	14	13	12	4
ENSG00000188771	207	9	5	6	11	11	5
ENSG00000102265	207	11	5	6	10	14	0
ENSG00000170430	207	9	5	6	7	5	2
ENSG00000052723	207	14	8	12	10	3	10
ENSG00000198851	207	10	6	9	9	9	6
ENSG00000187475	207	9	10	4	4	0	0
ENSG00000075785	207	14	10	6	11	13	10
ENSG00000162604	207	9	3	6	10	13	6
ENSG00000084628	207	5	2	5	7	9	3
ENSG00000170035	207	8	3	5	8	4	7
ENSG00000206107	207	5	1	8	8	6	2
ENSG00000176422	207	15	7	7	14	12	4
ENSG00000156427	207	12	11	7	7	12	3
ENSG00000013297	207	5	1	1	5	9	5
ENSG00000120837	207	4	4	8	10	8	7
ENSG00000213402	206	5	0	6	5	6	5
ENSG00000075388	206	14	6	2	5	8	2
ENSG00000006451	206	10	10	12	11	7	8
ENSG00000254858	206	9	1	0	6	9	4
ENSG00000132639	206	13	4	10	10	2	15
ENSG00000144118	206	9	8	12	11	7	6
ENSG00000090013	206	10	4	3	16	7	11
ENSG00000182583	206	2	3	3	3	0	2
ENSG00000185955	206	10	9	5	6	3	0
ENSG00000181751	206	14	9	5	12	5	3
ENSG00000162892	206	6	4	9	10	10	4
ENSG00000082515	206	12	9	9	11	11	3
ENSG00000145741	206	10	7	4	8	4	4
ENSG00000099246	206	13	10	8	14	13	9
ENSG00000123179	206	2	0	7	13	8	5
ENSG00000167862	206	10	9	7	10	7	5
ENSG00000185608	206	10	7	12	12	8	4
ENSG00000101150	206	11	12	6	11	3	5
ENSG00000204065	206	13	7	4	5	2	8
ENSG00000171928	205	10	7	3	2	12	1
ENSG00000171984	205	6	4	8	12	8	9
ENSG00000169242	205	9	4	8	10	9	7
ENSG00000139899	205	7	1	3	5	7	3
ENSG00000111412	205	10	9	4	7	12	5
ENSG00000121211	205	10	11	14	12	4	6
ENSG00000277791	205	9	7	6	15	11	10
ENSG00000063515	205	7	1	6	6	5	0
ENSG00000203985	205	10	2	3	11	3	9
ENSG00000164211	205	11	5	5	14	16	11
ENSG00000167842	205	12	7	11	12	7	8
ENSG00000112149	205	13	10	6	11	10	5
ENSG00000203733	205	9	2	5	5	10	0
ENSG00000244752	205	14	9	10	13	8	5
ENSG00000138069	205	15	11	12	15	12	11
ENSG00000175550	205	9	9	5	6	3	4
ENSG00000106211	205	12	5	8	13	10	7
ENSG00000170469	205	12	10	11	12	6	6
ENSG00000156795	205	8	7	7	14	12	10
ENSG00000226979	205	3	2	1	5	7	3
ENSG00000197345	205	12	7	6	5	2	3
ENSG00000063241	205	8	3	9	14	5	7
ENSG00000186407	205	11	4	3	6	7	5
ENSG00000125901	205	12	7	11	11	4	2
ENSG00000164109	205	14	7	13	10	11	4
ENSG00000051620	205	9	7	15	13	13	6
ENSG00000127554	205	8	5	8	10	8	10
ENSG00000137875	204	12	2	5	6	9	3
ENSG00000138621	204	12	9	8	15	6	10
ENSG00000083845	204	10	8	9	11	7	5
ENSG00000185305	204	10	9	4	8	9	8
ENSG00000125841	204	9	2	3	3	11	5
ENSG00000166780	204	11	11	10	11	3	5
ENSG00000100413	204	10	7	12	11	13	10
ENSG00000234465	204	5	4	6	13	9	4
ENSG00000170473	204	9	7	13	14	4	2
ENSG00000163634	204	13	11	8	9	4	5
ENSG00000108641	204	10	6	4	12	13	7
ENSG00000148362	204	13	3	10	14	9	5
ENSG00000130731	204	14	2	7	10	7	7
ENSG00000111906	204	11	6	7	9	9	7
ENSG00000101189	204	9	7	8	11	6	8
ENSG00000106537	204	7	2	3	8	12	3
ENSG00000182534	204	7	5	9	7	5	4
ENSG00000131771	204	9	2	8	7	2	4
ENSG00000258873	204	12	9	6	8	9	2
ENSG00000133818	204	15	10	10	12	10	7
ENSG00000111907	204	8	8	8	10	7	2
ENSG00000111404	204	11	13	11	14	12	2
ENSG00000132821	204	9	5	8	10	8	6
ENSG00000141522	204	6	9	8	11	9	5
ENSG00000198498	203	9	8	8	12	4	7
ENSG00000270885	203	9	7	5	9	7	2
ENSG00000142541	203	9	11	4	6	9	3
ENSG00000136371	203	12	12	9	12	8	6
ENSG00000166171	203	12	12	5	12	10	9
ENSG00000170540	203	4	2	6	8	12	3
ENSG00000100276	203	12	3	3	10	8	6
ENSG00000166503	203	9	7	11	9	6	7
ENSG00000117280	203	12	10	6	16	12	12
ENSG00000137502	203	15	7	9	9	11	5
ENSG00000143545	203	12	11	11	15	8	11
ENSG00000233276	203	11	3	9	13	9	5
ENSG00000128342	202	11	8	1	7	7	4
ENSG00000126460	202	5	0	5	7	8	6
ENSG00000169903	202	5	2	1	4	8	1
ENSG00000189114	202	13	0	7	10	0	7
ENSG00000130590	202	9	2	6	11	7	4
ENSG00000100221	202	12	8	7	11	12	4
ENSG00000176919	202	12	1	4	9	10	6
ENSG00000169908	202	2	0	5	4	11	1
ENSG00000163815	202	10	7	9	10	6	7
ENSG00000145781	202	10	11	10	10	7	3
ENSG00000164611	202	9	9	8	12	3	7
ENSG00000143333	202	11	11	8	10	10	6
ENSG00000175602	202	11	2	10	12	2	4
ENSG00000106635	202	7	6	10	17	4	12
ENSG00000182853	202	9	3	5	13	6	8
ENSG00000168569	202	9	4	0	4	9	4
ENSG00000250254	202	11	9	9	12	3	7
ENSG00000105011	202	9	1	6	10	7	5
ENSG00000175906	201	8	5	7	14	7	6
ENSG00000099901	201	6	6	11	10	7	8
ENSG00000048545	201	11	6	9	9	5	8
ENSG00000068615	201	12	8	3	7	6	4
ENSG00000243364	201	6	1	7	9	9	3
ENSG00000101246	201	12	12	6	12	8	8
ENSG00000176108	201	9	6	13	12	5	6
ENSG00000126067	201	10	5	4	14	13	8
ENSG00000150281	201	9	3	8	10	3	4
ENSG00000006015	201	12	1	7	8	5	1
ENSG00000228278	201	10	5	9	11	10	5
ENSG00000163762	201	4	2	3	4	14	1
ENSG00000123595	201	12	5	8	12	12	12
ENSG00000174903	201	14	10	11	15	11	11
ENSG00000134285	201	8	4	5	6	5	3
ENSG00000240053	201	6	4	5	12	10	6
ENSG00000048544	201	12	11	8	9	11	2
ENSG00000111348	201	12	12	4	9	8	7
ENSG00000260428	201	10	1	7	8	4	5
ENSG00000138207	201	10	5	6	11	11	11
ENSG00000123570	201	11	5	12	13	11	11
ENSG00000086300	201	10	8	10	12	11	9
ENSG00000229314	201	10	6	9	11	10	6
ENSG00000110536	201	14	9	6	11	10	4
ENSG00000169439	201	11	8	11	7	8	6
ENSG00000149591	201	16	11	4	9	11	5
ENSG00000177570	201	13	9	9	12	4	3
ENSG00000125458	201	11	4	11	13	10	7
ENSG00000182247	201	8	3	6	10	4	8
ENSG00000086598	201	9	8	9	10	10	7
ENSG00000111737	201	12	10	6	13	9	10
ENSG00000242689	200	9	3	7	12	13	8
ENSG00000125843	200	14	2	10	13	6	8
ENSG00000196507	200	13	6	5	6	2	6
ENSG00000166930	200	3	0	2	2	11	0
ENSG00000129596	200	10	6	4	12	11	9
ENSG00000204071	200	13	7	5	6	2	6
ENSG00000188056	200	6	5	2	4	8	1
ENSG00000160050	200	6	3	5	7	5	5
ENSG00000112599	200	9	6	10	12	11	7
ENSG00000029993	200	6	7	10	13	11	6
ENSG00000148297	200	7	3	13	12	5	10
ENSG00000109047	200	13	12	9	12	11	5
ENSG00000206069	200	5	4	1	1	9	0
ENSG00000214376	200	8	4	4	6	14	1
ENSG00000183722	200	6	1	3	4	10	1
ENSG00000183709	200	10	2	4	8	5	6
ENSG00000100298	200	7	8	7	7	11	4
ENSG00000078140	200	12	7	7	9	12	5
ENSG00000129965	200	5	0	7	10	7	2
ENSG00000084733	200	13	10	9	16	8	9
ENSG00000133027	199	2	0	1	5	11	2
ENSG00000144834	199	14	11	9	10	11	5
ENSG00000173464	199	14	12	8	11	9	2
ENSG00000163106	199	7	3	8	10	10	9
ENSG00000134533	199	10	6	9	9	5	5
ENSG00000255112	199	8	6	10	12	1	9
ENSG00000140365	199	12	9	10	13	5	5
ENSG00000180834	199	11	3	1	9	8	5
ENSG00000106733	199	8	6	9	10	10	10
ENSG00000110848	199	7	7	9	11	12	3
ENSG00000117450	199	14	10	3	12	10	13
ENSG00000169372	199	9	4	6	11	5	5
ENSG00000151470	199	9	7	9	11	13	8
ENSG00000114744	199	12	8	11	15	8	6
ENSG00000173465	199	9	3	11	14	3	6
ENSG00000175756	199	6	5	4	6	7	2
ENSG00000125878	199	11	3	4	8	3	8
ENSG00000163600	199	8	9	3	7	10	3
ENSG00000158710	199	14	7	10	12	11	5
ENSG00000178718	199	9	5	6	9	4	1
ENSG00000146007	199	8	11	9	9	8	7
ENSG00000164008	199	11	8	12	14	5	5
ENSG00000138944	199	7	3	1	7	10	4
ENSG00000128383	199	14	4	5	12	11	10
ENSG00000108176	198	13	9	9	10	8	8
ENSG00000119616	198	6	8	5	10	10	11
ENSG00000148655	198	7	5	10	10	7	4
ENSG00000153094	198	8	0	7	7	6	5
ENSG00000167815	198	11	5	9	17	10	16
ENSG00000145779	198	10	7	5	9	5	6
ENSG00000079332	198	10	9	8	11	5	5
ENSG00000125449	198	7	1	10	10	7	5
ENSG00000106636	198	14	8	10	13	7	10
ENSG00000139726	198	9	12	7	6	7	7
ENSG00000157870	198	12	6	6	11	6	8
ENSG00000148346	198	9	11	4	9	12	5
ENSG00000181638	198	12	11	11	11	8	5
ENSG00000152700	198	10	8	6	10	5	6
ENSG00000175348	198	10	9	6	9	11	5
ENSG00000235034	198	9	3	5	8	5	4
ENSG00000262814	198	8	5	9	11	3	5
ENSG00000124145	198	9	4	11	8	8	6
ENSG00000111276	198	10	8	11	11	3	9
ENSG00000075142	198	11	3	3	8	10	5
ENSG00000120833	198	13	7	5	10	10	5
ENSG00000179528	198	8	2	7	12	4	7
ENSG00000178761	198	9	2	4	10	4	8
ENSG00000213921	198	5	5	7	6	6	5
ENSG00000276023	198	12	7	5	7	6	4
ENSG00000184831	198	10	3	6	9	13	4
ENSG00000227729	198	12	6	6	11	6	7
ENSG00000110442	198	12	5	9	14	5	6
ENSG00000168772	198	6	5	6	7	2	1
ENSG00000101152	198	7	6	6	9	9	7
ENSG00000186889	198	8	3	4	8	9	3
ENSG00000204397	197	9	6	11	13	4	6
ENSG00000135535	197	4	4	1	5	6	3
ENSG00000179213	197	6	6	4	5	6	0
ENSG00000185942	197	5	1	4	7	11	3
ENSG00000172348	197	8	8	4	10	9	5
ENSG00000168484	197	8	4	6	8	7	3
ENSG00000166509	197	13	11	7	11	9	10
ENSG00000171425	197	9	0	7	9	10	1
ENSG00000149196	197	5	2	6	9	10	3
ENSG00000186471	197	11	9	9	14	9	9
ENSG00000167468	197	12	7	3	9	10	5
ENSG00000125900	197	6	3	7	10	8	2
ENSG00000185742	197	6	1	3	3	4	1
ENSG00000161888	197	12	9	7	9	2	6
ENSG00000143774	197	12	6	8	9	4	4
ENSG00000148943	197	11	8	10	11	6	2
ENSG00000198892	197	6	1	3	5	8	2
ENSG00000163499	197	9	2	7	10	8	9
ENSG00000124391	197	9	0	7	11	5	4
ENSG00000155959	197	15	10	10	12	11	9
ENSG00000198336	197	13	8	14	13	6	6
ENSG00000166869	196	11	3	8	10	8	11
ENSG00000156968	196	10	4	1	5	8	2
ENSG00000137078	196	10	1	5	7	9	2
ENSG00000144043	196	3	2	3	5	11	0
ENSG00000152213	196	10	6	11	11	8	6
ENSG00000183571	196	12	5	11	13	4	7
ENSG00000008438	196	10	1	3	6	11	3
ENSG00000129007	196	13	10	10	12	6	10
ENSG00000123178	196	11	6	4	12	6	7
ENSG00000162368	196	10	11	9	11	9	8
ENSG00000101003	196	13	7	9	10	12	6
ENSG00000096080	196	13	7	3	6	5	1
ENSG00000157110	196	10	3	10	10	10	1
ENSG00000165714	196	13	6	8	13	4	8
ENSG00000157916	196	9	4	3	5	11	2
ENSG00000105954	196	8	6	6	8	9	7
ENSG00000152137	196	10	3	7	9	12	4
ENSG00000108298	196	6	12	7	9	4	3
ENSG00000196431	196	9	2	11	11	14	4
ENSG00000152102	195	3	1	0	0	8	0
ENSG00000153498	195	7	3	14	14	9	3
ENSG00000152954	195	11	7	6	7	10	2
ENSG00000172663	195	6	1	5	5	8	6
ENSG00000101856	195	8	5	7	11	11	10
ENSG00000148444	195	10	7	7	10	9	7
ENSG00000187446	195	10	5	12	11	8	12
ENSG00000051523	195	7	4	5	5	7	0
ENSG00000198585	195	13	1	7	11	10	7
ENSG00000175130	195	6	6	14	13	1	5
ENSG00000139187	195	8	4	6	7	11	5
ENSG00000103490	195	10	5	7	10	8	4
ENSG00000015475	195	10	1	7	9	5	10
ENSG00000017427	195	8	7	4	8	8	5
ENSG00000160808	195	13	8	14	13	6	9
ENSG00000171202	195	11	4	3	4	8	2
ENSG00000168461	195	13	9	8	12	8	7
ENSG00000171311	195	9	6	7	10	9	3
ENSG00000198570	195	16	2	7	9	8	4
ENSG00000138308	195	9	6	5	10	12	7
ENSG00000198843	195	11	6	7	9	8	3
ENSG00000161654	195	8	5	11	11	8	3
ENSG00000156500	195	10	6	2	3	10	2
ENSG00000137496	194	10	1	5	7	5	1
ENSG00000140285	194	9	7	10	11	9	2
ENSG00000171863	194	11	12	8	9	5	6
ENSG00000181991	194	8	5	5	6	4	1
ENSG00000177370	194	5	7	4	8	8	1
ENSG00000129170	194	10	11	7	9	11	0
ENSG00000120860	194	9	8	6	8	2	7
ENSG00000176171	194	11	7	9	8	6	6
ENSG00000106992	194	11	8	13	12	7	4
ENSG00000125877	194	10	7	8	11	7	6
ENSG00000135045	194	9	2	8	12	4	8
ENSG00000170948	194	9	5	8	8	4	7
ENSG00000204345	194	8	8	6	8	10	3
ENSG00000177875	194	9	3	9	10	1	9
ENSG00000189060	194	6	7	2	4	3	1
ENSG00000168530	194	12	10	10	12	4	5
ENSG00000124209	194	12	10	9	11	12	6
ENSG00000170889	194	11	13	7	5	10	4
ENSG00000160075	194	11	7	8	9	7	6
ENSG00000101166	194	13	10	11	11	6	4
ENSG00000196743	193	8	6	8	9	6	4
ENSG00000104490	193	13	10	10	13	10	10
ENSG00000170142	193	8	5	7	10	4	5
ENSG00000205177	193	7	1	5	8	3	4
ENSG00000070761	193	11	5	2	10	9	6
ENSG00000130427	193	9	6	7	10	5	3
ENSG00000115756	193	15	9	10	13	10	13
ENSG00000067560	193	9	7	10	10	9	10
ENSG00000157823	193	9	5	10	12	9	6
ENSG00000175183	193	11	8	6	9	7	4
ENSG00000112378	193	5	0	4	7	14	3
ENSG00000150782	193	12	8	8	12	9	10
ENSG00000129473	193	9	1	7	12	10	7
ENSG00000139651	193	13	11	7	11	6	3
ENSG00000125931	193	5	4	7	8	3	6
ENSG00000121905	193	15	9	10	13	10	11
ENSG00000155366	193	8	8	10	10	9	8
ENSG00000177879	193	9	7	12	12	8	9
ENSG00000159176	193	11	12	8	9	7	0
ENSG00000177721	193	9	1	9	9	6	6
ENSG00000178307	192	8	5	5	7	7	7
ENSG00000155329	192	6	6	10	12	4	5
ENSG00000087088	192	9	1	6	10	7	5
ENSG00000174099	192	5	4	5	8	10	6
ENSG00000197885	192	12	10	11	7	8	7
ENSG00000153391	192	11	8	3	11	11	5
ENSG00000169750	192	7	7	7	13	9	7
ENSG00000174574	192	9	6	10	12	9	3
ENSG00000184154	192	8	4	4	9	7	5
ENSG00000136238	192	7	6	7	13	9	6
ENSG00000166562	192	10	7	7	9	12	8
ENSG00000188042	192	8	9	9	12	9	4
ENSG00000173699	192	9	1	6	7	3	1
ENSG00000128340	192	7	6	7	12	9	8
ENSG00000163344	192	12	5	9	8	12	8
ENSG00000165188	192	8	2	2	8	4	4
ENSG00000174547	192	14	11	10	9	6	5
ENSG00000070831	191	9	8	9	13	10	7
ENSG00000185043	191	14	4	12	14	9	9
ENSG00000168421	191	8	2	7	12	12	4
ENSG00000158526	191	7	2	11	9	8	8
ENSG00000189007	191	10	7	10	12	8	0
ENSG00000069493	191	11	6	9	10	7	4
ENSG00000094916	191	11	11	11	10	9	6
ENSG00000185127	191	4	4	4	7	10	6
ENSG00000177105	191	11	8	5	13	9	7
ENSG00000204595	191	10	4	5	9	9	3
ENSG00000152766	191	11	6	8	12	9	7
ENSG00000205710	190	10	1	7	9	5	2
ENSG00000176153	190	12	6	8	13	11	7
ENSG00000274529	190	8	2	5	9	7	2
ENSG00000063978	190	6	3	7	8	2	7
ENSG00000119446	190	10	9	8	12	7	3
ENSG00000136868	190	2	3	4	7	6	3
ENSG00000119661	190	12	14	11	11	7	2
ENSG00000174132	190	5	0	6	8	3	3
ENSG00000233816	190	12	5	8	9	5	7
ENSG00000181610	190	12	10	10	12	9	7
ENSG00000186451	190	7	2	7	7	6	4
ENSG00000182183	190	3	1	7	9	8	3
ENSG00000244509	190	10	7	8	8	10	5
ENSG00000162441	190	10	9	12	11	7	9
ENSG00000104671	190	6	4	8	11	6	4
ENSG00000107130	190	11	9	8	13	10	10
ENSG00000171227	190	7	0	3	6	9	2
ENSG00000173163	190	7	6	6	11	8	3
ENSG00000183145	190	10	2	8	11	7	5
ENSG00000107317	190	8	5	5	9	10	5
ENSG00000161544	190	13	9	8	7	7	2
ENSG00000186367	190	11	8	4	8	5	6
ENSG00000206053	190	12	7	9	9	5	4
ENSG00000135778	190	11	3	8	11	4	5
ENSG00000129625	189	7	8	8	5	7	5
ENSG00000269096	189	9	10	7	12	6	8
ENSG00000269586	189	9	10	7	12	6	8
ENSG00000147885	189	10	6	6	7	9	6
ENSG00000120235	189	9	6	9	10	9	6
ENSG00000180304	189	7	6	7	12	10	8
ENSG00000273696	189	9	10	7	12	6	8
ENSG00000234829	189	8	4	7	8	8	4
ENSG00000147873	189	10	6	7	9	7	7
ENSG00000268940	189	9	10	7	11	6	8
ENSG00000116288	189	12	10	7	10	3	5
ENSG00000186803	189	8	4	7	8	8	6
ENSG00000214042	189	8	4	7	8	10	6
ENSG00000013583	189	11	7	7	11	11	9
ENSG00000105518	189	6	2	3	4	11	1
ENSG00000278085	189	9	10	7	12	8	8
ENSG00000270946	189	9	10	7	12	8	8
ENSG00000175274	189	6	5	4	7	8	2
ENSG00000137080	189	9	7	6	9	8	6
ENSG00000186314	189	12	8	9	10	11	2
ENSG00000133703	189	9	7	11	12	9	9
ENSG00000163793	189	9	9	5	10	12	7
ENSG00000179284	189	5	3	3	3	6	0
ENSG00000236637	189	8	4	7	8	8	6
ENSG00000228083	189	10	6	6	6	7	3
ENSG00000170476	189	9	1	8	11	5	5
ENSG00000172425	189	9	1	6	8	6	5
ENSG00000271449	189	9	10	7	12	8	8
ENSG00000165775	189	9	8	5	6	9	4
ENSG00000131871	189	9	5	7	9	5	3
ENSG00000110944	189	8	1	2	3	10	3
ENSG00000180535	189	9	3	9	11	4	2
ENSG00000197919	189	12	5	8	9	5	7
ENSG00000213281	189	10	9	9	12	9	11
ENSG00000174775	189	10	7	12	12	7	11
ENSG00000176973	189	7	1	3	10	2	8
ENSG00000123739	189	8	5	4	9	9	9
ENSG00000120242	189	9	5	6	7	9	6
ENSG00000136521	189	9	6	4	6	9	3
ENSG00000189058	189	9	7	9	14	6	5
ENSG00000278289	189	9	10	7	12	6	8
ENSG00000228836	189	9	10	7	12	6	8
ENSG00000132313	188	11	6	0	3	8	3
ENSG00000204444	188	10	5	8	9	10	5
ENSG00000126752	188	10	10	8	10	8	3
ENSG00000205857	188	9	7	10	10	10	1
ENSG00000182552	188	6	2	9	9	7	5
ENSG00000135617	188	8	0	7	13	12	6
ENSG00000181904	188	10	5	2	4	6	3
ENSG00000167065	188	9	7	3	6	7	3
ENSG00000223510	188	10	1	5	6	3	0
ENSG00000164172	188	11	8	12	13	9	4
ENSG00000181029	188	11	8	11	10	8	2
ENSG00000165583	188	12	9	8	10	9	1
ENSG00000063177	188	7	12	4	6	8	1
ENSG00000144746	188	6	3	2	4	8	3
ENSG00000165584	188	14	10	7	10	9	1
ENSG00000130748	188	8	0	4	3	8	3
ENSG00000100564	188	10	4	8	7	12	5
ENSG00000106591	188	7	10	10	9	8	3
ENSG00000131116	188	5	0	7	5	6	5
ENSG00000187754	188	10	8	8	11	9	2
ENSG00000006625	188	13	11	9	10	12	5
ENSG00000188379	188	11	8	9	10	7	4
ENSG00000178927	187	8	3	3	4	10	5
ENSG00000178700	187	13	11	10	12	10	6
ENSG00000255302	187	6	1	13	9	6	6
ENSG00000159173	187	7	9	6	10	5	9
ENSG00000147586	187	11	4	10	11	7	6
ENSG00000146707	187	11	6	6	13	6	11
ENSG00000188428	187	11	9	9	14	2	9
ENSG00000103202	187	13	0	7	9	10	5
ENSG00000187922	187	10	7	2	5	10	3
ENSG00000185267	187	9	11	11	12	8	8
ENSG00000196503	187	10	8	7	9	8	5
ENSG00000228716	187	13	11	10	11	8	5
ENSG00000183019	187	10	8	6	11	9	7
ENSG00000089220	187	10	10	6	11	9	10
ENSG00000141977	187	8	5	9	11	10	11
ENSG00000267631	187	10	6	4	6	6	3
ENSG00000237651	187	9	5	7	7	4	3
ENSG00000171855	187	10	7	8	8	15	2
ENSG00000148057	187	10	6	8	13	7	5
ENSG00000136425	187	9	9	10	13	9	12
ENSG00000143862	186	10	7	7	10	8	8
ENSG00000176256	186	8	10	10	10	13	3
ENSG00000166136	186	8	4	4	7	10	7
ENSG00000113966	186	12	11	5	12	6	9
ENSG00000163519	186	5	3	7	9	10	8
ENSG00000028839	186	9	10	2	6	12	0
ENSG00000108961	186	6	1	9	15	6	8
ENSG00000262874	186	4	1	4	6	1	2
ENSG00000089050	186	10	6	9	12	11	6
ENSG00000137100	186	11	6	9	11	6	4
ENSG00000172113	186	10	1	7	13	11	5
ENSG00000134108	186	10	7	7	10	9	8
ENSG00000173673	186	10	3	9	10	5	1
ENSG00000100360	186	12	10	6	10	11	8
ENSG00000177138	186	9	7	6	8	9	8
ENSG00000169059	186	2	3	3	3	0	2
ENSG00000184182	185	9	6	6	11	7	10
ENSG00000180190	185	9	8	8	8	6	6
ENSG00000002586	185	4	3	4	6	5	6
ENSG00000151131	185	12	7	10	11	2	11
ENSG00000157884	185	6	2	10	13	8	11
ENSG00000114850	185	5	5	4	4	8	4
ENSG00000169605	185	4	3	2	9	6	3
ENSG00000128581	185	10	7	7	11	9	8
ENSG00000124733	185	5	1	10	8	3	9
ENSG00000131153	185	10	12	8	10	12	7
ENSG00000145919	185	9	5	4	9	5	5
ENSG00000128891	185	4	5	12	10	9	12
ENSG00000148926	185	11	8	3	7	5	3
ENSG00000164970	185	8	5	6	7	3	6
ENSG00000105404	185	4	1	5	5	9	1
ENSG00000126545	185	8	4	11	11	5	1
ENSG00000108468	185	10	8	14	11	7	6
ENSG00000164162	185	10	6	5	10	9	6
ENSG00000163666	185	11	5	9	12	8	5
ENSG00000265681	184	9	10	6	6	6	0
ENSG00000106615	184	9	8	8	10	11	6
ENSG00000110375	184	8	1	1	5	5	2
ENSG00000179862	184	5	0	4	3	4	2
ENSG00000177984	184	9	4	5	12	9	10
ENSG00000198088	184	4	0	8	8	11	6
ENSG00000277494	184	4	0	6	8	3	2
ENSG00000104081	184	6	0	5	8	6	4
ENSG00000182118	184	8	3	3	9	3	8
ENSG00000166923	184	9	5	7	8	2	0
ENSG00000173976	184	7	3	10	8	8	2
ENSG00000178690	184	3	2	6	8	2	2
ENSG00000101883	184	8	2	9	10	4	4
ENSG00000164283	184	8	5	5	9	5	9
ENSG00000124767	184	11	8	6	13	12	11
ENSG00000178057	184	9	0	8	9	7	3
ENSG00000112679	184	12	9	9	10	8	4
ENSG00000172301	184	6	2	8	7	6	6
ENSG00000159958	184	6	2	6	7	2	4
ENSG00000128563	184	11	8	14	13	4	3
ENSG00000137714	184	13	2	7	7	3	8
ENSG00000183607	184	8	8	7	9	8	4
ENSG00000143942	184	9	4	5	10	10	8
ENSG00000145365	184	8	6	6	9	11	2
ENSG00000213465	184	9	5	9	13	7	9
ENSG00000100522	184	8	8	12	12	9	4
ENSG00000128463	183	9	5	3	5	11	5
ENSG00000165685	183	4	3	5	5	7	3
ENSG00000213337	183	9	2	5	11	3	9
ENSG00000147378	183	11	3	8	8	4	1
ENSG00000170006	183	8	5	10	8	11	3
ENSG00000117586	183	7	7	5	9	10	5
ENSG00000125249	183	12	6	8	10	10	7
ENSG00000204165	183	8	9	7	11	8	3
ENSG00000167550	183	10	8	8	7	11	2
ENSG00000186591	183	7	8	9	11	9	6
ENSG00000196666	183	5	1	7	10	7	7
ENSG00000091317	183	6	1	5	8	10	4
ENSG00000130725	183	10	6	9	11	7	6
ENSG00000167996	183	11	8	9	10	6	4
ENSG00000122565	183	8	6	11	11	7	8
ENSG00000117122	183	5	3	7	10	7	4
ENSG00000165175	183	11	4	4	9	7	7
ENSG00000168314	183	6	7	8	8	5	1
ENSG00000267673	183	7	1	6	9	5	7
ENSG00000125903	183	7	3	3	3	3	1
ENSG00000150556	183	9	5	3	7	7	2
ENSG00000164576	183	10	5	5	7	8	6
ENSG00000169019	183	10	7	9	13	5	8
ENSG00000111237	182	10	7	2	9	11	6
ENSG00000171209	182	7	2	6	6	7	2
ENSG00000170276	182	8	0	10	13	7	8
ENSG00000257727	182	11	3	6	10	10	12
ENSG00000148450	182	9	4	10	14	6	4
ENSG00000102934	182	5	1	1	3	10	2
ENSG00000130598	182	5	12	7	10	2	7
ENSG00000111911	182	9	4	5	8	5	9
ENSG00000127377	182	8	3	8	12	8	8
ENSG00000067955	182	9	4	10	10	12	7
ENSG00000162642	182	9	9	10	11	6	7
ENSG00000140931	182	8	4	4	8	9	6
ENSG00000166847	182	7	7	3	6	5	3
ENSG00000177432	182	4	5	8	8	4	6
ENSG00000138175	182	11	8	6	11	8	9
ENSG00000145050	182	9	9	10	11	7	7
ENSG00000160654	182	7	7	4	11	11	8
ENSG00000158747	181	5	5	8	8	2	4
ENSG00000119328	181	10	7	8	10	8	3
ENSG00000106244	181	7	11	9	6	1	7
ENSG00000148908	181	8	12	6	11	6	7
ENSG00000177144	181	8	4	8	11	11	6
ENSG00000147027	181	4	2	4	7	11	3
ENSG00000162772	181	6	6	9	9	3	2
ENSG00000120805	181	9	6	6	12	8	6
ENSG00000176009	181	9	6	10	14	8	4
ENSG00000143761	181	10	5	7	11	8	8
ENSG00000228696	181	11	9	1	7	8	3
ENSG00000112110	180	7	2	11	11	8	1
ENSG00000197457	180	10	12	10	10	5	3
ENSG00000135824	180	12	11	7	10	9	8
ENSG00000015153	180	7	4	7	10	3	8
ENSG00000162585	180	10	1	5	9	5	2
ENSG00000167244	180	8	6	4	10	8	6
ENSG00000127743	180	11	2	4	7	6	2
ENSG00000115263	180	10	7	6	7	11	9
ENSG00000130303	180	10	6	7	11	1	7
ENSG00000100162	180	12	6	4	7	4	5
ENSG00000183255	180	7	7	4	5	2	2
ENSG00000122133	180	9	4	4	7	6	6
ENSG00000198931	180	12	4	6	11	5	5
ENSG00000132603	180	9	7	3	11	11	7
ENSG00000129128	180	7	5	3	7	9	8
ENSG00000204308	180	7	2	3	10	6	4
ENSG00000173598	180	8	4	8	11	11	6
ENSG00000054116	180	9	5	12	9	13	6
ENSG00000155621	179	7	6	3	10	5	3
ENSG00000141748	179	7	5	11	13	10	5
ENSG00000147684	179	9	8	11	10	10	6
ENSG00000182551	179	10	7	11	12	11	11
ENSG00000187959	179	10	10	6	11	15	7
ENSG00000125741	179	9	4	9	9	7	0
ENSG00000141378	179	8	6	3	7	5	5
ENSG00000158234	179	10	10	11	11	14	8
ENSG00000165997	179	11	8	12	15	9	5
ENSG00000184508	179	8	4	10	11	6	7
ENSG00000175063	179	11	9	9	14	6	5
ENSG00000118526	179	9	9	6	8	5	6
ENSG00000112514	179	6	3	6	7	6	2
ENSG00000152760	179	11	10	4	9	8	2
ENSG00000168303	179	8	0	3	2	12	2
ENSG00000162980	179	9	6	12	14	9	5
ENSG00000134539	179	6	6	9	8	11	1
ENSG00000129187	178	11	10	7	11	10	7
ENSG00000142676	178	9	13	8	12	6	6
ENSG00000118579	178	6	5	6	7	6	8
ENSG00000127129	178	9	4	7	12	8	4
ENSG00000174500	178	9	2	10	10	9	3
ENSG00000136634	178	7	5	10	12	5	4
ENSG00000173452	178	5	1	5	6	4	1
ENSG00000081154	178	12	13	6	7	3	3
ENSG00000048162	178	10	10	7	9	7	9
ENSG00000089327	178	3	3	6	8	2	8
ENSG00000107833	178	8	3	6	8	4	6
ENSG00000111229	178	10	10	8	10	9	5
ENSG00000243279	178	4	2	1	3	6	2
ENSG00000213139	178	7	5	9	12	9	6
ENSG00000105974	178	10	9	7	5	12	6
ENSG00000172172	178	13	6	4	9	8	5
ENSG00000171960	177	11	10	5	11	10	7
ENSG00000184811	177	6	1	6	6	3	3
ENSG00000104432	177	10	9	9	10	7	5
ENSG00000133665	177	10	10	10	9	8	1
ENSG00000153443	177	3	2	3	7	6	2
ENSG00000188931	177	7	6	3	6	3	2
ENSG00000170788	177	12	6	7	6	3	4
ENSG00000087494	177	7	2	8	10	4	3
ENSG00000185829	177	10	8	1	7	7	3
ENSG00000169704	177	6	1	2	7	6	6
ENSG00000142856	177	9	7	10	9	5	3
ENSG00000136689	177	7	6	8	9	8	8
ENSG00000166090	177	8	1	6	8	8	4
ENSG00000188542	176	11	3	7	6	5	0
ENSG00000131475	176	11	7	7	9	7	4
ENSG00000147676	176	2	0	0	6	6	4
ENSG00000117505	176	7	4	11	12	1	2
ENSG00000123144	176	5	3	7	11	3	6
ENSG00000159713	176	11	12	5	11	8	7
ENSG00000105640	176	9	8	3	8	9	3
ENSG00000148386	176	8	4	7	10	10	5
ENSG00000196715	176	7	4	4	5	9	2
ENSG00000109084	176	8	2	6	6	9	2
ENSG00000171864	176	9	4	6	7	12	1
ENSG00000213920	176	11	6	6	10	5	4
ENSG00000105700	176	6	2	7	10	8	6
ENSG00000141433	176	9	5	1	5	9	4
ENSG00000168081	176	10	5	7	8	9	2
ENSG00000162891	176	11	8	5	10	7	5
ENSG00000164258	175	9	6	6	7	8	5
ENSG00000109846	175	10	6	6	11	6	9
ENSG00000123810	175	7	2	3	8	10	5
ENSG00000106541	175	9	4	4	11	8	8
ENSG00000184903	175	6	4	5	9	6	6
ENSG00000158042	175	13	4	6	10	8	8
ENSG00000087086	175	8	5	7	10	7	9
ENSG00000143954	175	5	5	4	6	7	3
ENSG00000106631	175	10	9	9	9	10	8
ENSG00000144034	175	8	8	8	13	8	5
ENSG00000182187	175	9	1	11	12	8	6
ENSG00000188277	175	9	3	5	8	6	5
ENSG00000172016	175	5	4	3	6	7	2
ENSG00000006377	175	8	1	0	5	8	4
ENSG00000123545	175	14	11	8	9	6	4
ENSG00000165527	175	7	4	5	10	8	7
ENSG00000112667	174	9	0	8	6	10	5
ENSG00000109255	174	6	2	5	6	6	3
ENSG00000186150	174	10	10	9	9	2	1
ENSG00000124802	174	12	7	4	8	6	5
ENSG00000133393	174	12	6	8	11	5	8
ENSG00000174950	174	8	3	5	8	5	2
ENSG00000188393	174	9	8	1	8	13	8
ENSG00000265241	174	8	5	8	9	8	5
ENSG00000168582	174	9	2	5	12	8	8
ENSG00000163254	174	10	1	11	12	8	6
ENSG00000118231	174	9	0	7	12	9	8
ENSG00000182093	174	11	7	3	4	7	3
ENSG00000205090	173	6	2	4	8	9	7
ENSG00000197614	173	7	5	5	7	5	7
ENSG00000160202	173	11	5	8	12	7	12
ENSG00000131368	173	9	9	5	6	8	2
ENSG00000140905	173	7	4	8	8	7	3
ENSG00000214087	173	8	5	6	10	3	3
ENSG00000189320	173	9	5	2	8	7	7
ENSG00000170293	173	2	0	4	5	8	1
ENSG00000184489	173	10	8	9	9	10	4
ENSG00000203727	173	8	4	9	13	4	6
ENSG00000215375	173	10	10	10	9	10	7
ENSG00000074842	173	5	5	7	9	12	2
ENSG00000183463	173	11	1	11	12	3	6
ENSG00000112245	173	9	8	7	9	11	3
ENSG00000105507	173	11	4	11	8	6	5
ENSG00000168701	173	4	2	4	4	8	2
ENSG00000187556	173	10	6	7	8	5	1
ENSG00000180879	173	7	3	5	10	8	6
ENSG00000069812	173	11	4	9	11	2	2
ENSG00000117691	172	11	5	6	7	7	5
ENSG00000126768	172	9	1	2	5	6	4
ENSG00000170262	172	5	2	7	6	5	2
ENSG00000104164	172	5	6	8	10	3	5
ENSG00000140990	172	11	11	6	8	8	4
ENSG00000187855	172	10	3	9	12	6	5
ENSG00000177143	172	9	7	9	8	5	9
ENSG00000118680	172	9	5	9	8	11	9
ENSG00000168002	172	11	8	7	8	11	4
ENSG00000142046	172	6	0	6	5	9	1
ENSG00000162078	172	9	8	3	8	9	2
ENSG00000228075	172	11	5	5	10	5	7
ENSG00000119421	172	7	9	9	9	7	11
ENSG00000085231	172	10	4	13	7	7	5
ENSG00000119862	172	10	3	4	10	7	8
ENSG00000133112	172	8	5	11	10	6	7
ENSG00000147400	172	9	7	9	8	5	7
ENSG00000272325	172	9	3	7	9	11	3
ENSG00000213015	172	10	1	5	8	6	2
ENSG00000101335	172	9	5	9	8	11	8
ENSG00000167286	171	8	2	3	12	9	10
ENSG00000170091	171	7	5	7	10	10	3
ENSG00000135447	171	8	6	7	9	1	4
ENSG00000134375	171	6	2	2	4	7	3
ENSG00000101608	171	9	5	10	8	11	9
ENSG00000162222	171	5	5	5	11	8	4
ENSG00000130066	171	9	7	8	10	8	5
ENSG00000198860	171	5	3	8	11	7	7
ENSG00000187123	171	10	4	7	9	7	5
ENSG00000213714	171	12	11	6	8	7	1
ENSG00000133636	170	6	6	6	5	9	2
ENSG00000122136	170	6	8	8	10	9	5
ENSG00000164047	170	9	5	2	10	10	7
ENSG00000181778	170	2	0	6	7	9	2
ENSG00000221823	170	9	8	6	11	10	10
ENSG00000179636	170	10	11	6	11	8	6
ENSG00000141504	170	10	8	8	9	8	8
ENSG00000132388	170	10	8	9	11	8	8
ENSG00000188386	170	9	8	7	11	12	10
ENSG00000146469	170	10	6	3	6	9	7
ENSG00000179958	170	11	2	9	12	6	10
ENSG00000124444	170	9	6	4	4	6	3
ENSG00000173641	170	8	1	10	10	3	7
ENSG00000100319	170	12	3	5	8	6	7
ENSG00000064652	169	10	8	10	13	9	5
ENSG00000179902	169	10	7	6	8	13	3
ENSG00000131143	169	11	10	7	8	8	4
ENSG00000089505	169	4	4	5	8	8	3
ENSG00000180209	169	11	10	10	9	10	8
ENSG00000164182	169	11	12	7	6	5	2
ENSG00000183888	169	11	6	1	4	2	1
ENSG00000103024	169	12	1	6	10	10	7
ENSG00000121579	169	11	10	5	8	7	7
ENSG00000163209	169	17	17	13	14	5	0
ENSG00000100300	169	5	1	1	2	9	1
ENSG00000175197	169	3	4	7	10	4	6
ENSG00000114902	169	2	1	6	6	4	2
ENSG00000123080	168	10	3	5	10	5	5
ENSG00000180875	168	9	5	7	10	8	1
ENSG00000100418	168	5	4	4	9	9	4
ENSG00000129480	168	11	8	5	9	4	4
ENSG00000105894	168	8	8	8	10	2	3
ENSG00000127252	168	5	2	6	10	10	5
ENSG00000002330	168	9	0	4	6	4	4
ENSG00000099624	168	3	1	5	5	5	4
ENSG00000255154	168	7	4	7	7	10	3
ENSG00000152147	167	6	4	13	13	7	10
ENSG00000136003	167	12	9	7	10	5	7
ENSG00000176261	167	7	7	10	9	10	7
ENSG00000184007	167	10	7	6	9	11	3
ENSG00000160318	167	3	0	1	3	4	2
ENSG00000166118	167	8	5	6	10	3	5
ENSG00000062582	167	10	7	5	7	8	3
ENSG00000143222	167	8	9	8	9	10	7
ENSG00000182362	167	5	6	6	9	7	5
ENSG00000198133	167	5	1	7	9	8	1
ENSG00000155265	167	11	6	7	9	11	4
ENSG00000174992	167	9	3	2	10	11	6
ENSG00000153140	167	11	9	9	8	8	10
ENSG00000170627	167	10	6	7	9	7	6
ENSG00000213853	167	2	0	3	5	10	3
ENSG00000126950	167	7	9	2	5	6	2
ENSG00000173991	167	11	2	5	5	5	3
ENSG00000163320	167	12	11	4	9	6	7
ENSG00000174697	167	7	3	4	9	5	7
ENSG00000197921	166	8	9	7	9	5	4
ENSG00000168887	166	7	2	6	12	5	9
ENSG00000149792	166	11	5	5	8	10	8
ENSG00000172757	166	10	11	8	12	8	10
ENSG00000160799	166	9	7	10	8	0	5
ENSG00000111245	166	10	10	7	8	11	7
ENSG00000129355	166	9	2	7	12	1	9
ENSG00000173467	166	10	6	7	10	6	5
ENSG00000111537	166	6	7	6	10	8	7
ENSG00000172023	166	4	3	6	9	11	4
ENSG00000100348	166	8	4	4	5	6	4
ENSG00000115386	166	6	4	6	7	11	2
ENSG00000167985	166	9	5	9	10	10	5
ENSG00000196990	166	6	0	5	4	7	1
ENSG00000165410	166	11	11	9	13	8	10
ENSG00000187969	166	7	4	2	4	6	2
ENSG00000146618	166	8	4	7	9	7	5
ENSG00000148950	166	8	4	4	11	9	8
ENSG00000130921	166	9	9	7	8	3	2
ENSG00000196337	165	10	2	2	3	4	2
ENSG00000184787	165	5	4	10	12	8	6
ENSG00000109220	165	11	10	4	5	7	2
ENSG00000124614	165	10	5	11	13	4	4
ENSG00000175376	165	7	4	5	7	5	3
ENSG00000204147	165	7	3	6	11	11	6
ENSG00000187608	165	9	4	7	8	6	2
ENSG00000132406	165	3	1	3	5	6	1
ENSG00000183971	165	11	0	3	6	3	3
ENSG00000188038	165	7	0	3	6	2	2
ENSG00000125868	165	11	11	10	14	7	9
ENSG00000142694	165	3	0	4	6	5	4
ENSG00000196262	165	10	8	6	8	12	3
ENSG00000160886	165	10	5	9	9	11	2
ENSG00000197958	165	9	7	7	10	1	3
ENSG00000183395	165	8	8	3	5	7	4
ENSG00000143013	165	8	4	1	7	7	5
ENSG00000198729	165	5	2	7	5	4	1
ENSG00000069764	165	9	4	7	7	4	2
ENSG00000289549	164	9	8	5	8	12	4
ENSG00000160055	164	6	5	4	7	5	1
ENSG00000172922	164	10	1	7	8	3	5
ENSG00000136696	164	10	6	1	8	10	7
ENSG00000112081	164	7	2	5	6	8	1
ENSG00000196368	164	10	5	9	10	10	5
ENSG00000185262	164	3	2	2	5	6	1
ENSG00000182459	164	3	1	7	9	9	4
ENSG00000279782	164	9	8	5	8	12	4
ENSG00000185022	164	8	6	9	9	0	3
ENSG00000198821	164	9	8	5	10	12	8
ENSG00000271567	164	9	8	5	8	12	4
ENSG00000288867	164	8	8	3	8	12	4
ENSG00000023572	164	7	5	5	11	9	6
ENSG00000231256	164	7	6	6	9	5	4
ENSG00000122824	164	10	5	9	10	10	5
ENSG00000124762	164	10	3	6	8	5	9
ENSG00000101200	164	9	2	4	6	6	4
ENSG00000263353	164	9	8	3	8	12	4
ENSG00000270339	164	8	8	3	8	12	4
ENSG00000204671	164	8	6	5	6	6	7
ENSG00000136159	164	10	8	6	4	8	3
ENSG00000236334	164	8	8	3	8	12	4
ENSG00000182591	163	4	0	0	1	3	1
ENSG00000140044	163	7	7	5	7	1	3
ENSG00000166595	163	6	3	9	9	3	4
ENSG00000174007	163	5	5	9	8	8	4
ENSG00000113558	163	10	11	6	6	6	9
ENSG00000167397	163	4	2	1	3	9	1
ENSG00000127445	163	9	5	8	12	10	5
ENSG00000164967	163	9	3	5	8	4	4
ENSG00000167272	163	9	4	3	5	4	3
ENSG00000137133	163	11	4	1	6	5	6
ENSG00000137876	163	4	7	7	6	8	2
ENSG00000188761	163	8	3	10	11	8	6
ENSG00000183615	163	6	2	3	6	4	5
ENSG00000104818	163	10	4	2	3	4	2
ENSG00000102931	163	8	7	10	8	8	8
ENSG00000176485	162	6	3	5	10	6	5
ENSG00000197063	162	11	7	7	7	0	1
ENSG00000164136	162	5	4	9	8	7	3
ENSG00000088543	162	4	1	4	4	5	4
ENSG00000133328	162	6	2	4	9	4	5
ENSG00000147164	162	9	5	7	9	10	5
ENSG00000112799	162	3	5	7	7	10	3
ENSG00000183807	162	11	5	5	6	7	1
ENSG00000105971	162	8	7	3	5	10	5
ENSG00000162493	162	2	2	8	7	3	5
ENSG00000149483	162	4	4	1	5	10	4
ENSG00000255833	161	9	1	4	7	10	2
ENSG00000011638	161	4	3	1	4	10	4
ENSG00000189067	161	1	0	1	3	11	1
ENSG00000240344	161	11	10	3	7	9	5
ENSG00000185414	161	8	12	7	7	4	4
ENSG00000154096	161	6	4	4	5	4	2
ENSG00000178473	161	8	6	1	2	7	2
ENSG00000114854	161	6	6	9	6	3	8
ENSG00000176401	161	4	0	5	9	6	6
ENSG00000167863	161	10	10	10	9	10	6
ENSG00000149357	161	9	4	7	6	5	7
ENSG00000169385	161	4	1	2	3	5	1
ENSG00000120656	161	6	5	8	7	3	2
ENSG00000132965	161	5	3	3	4	9	1
ENSG00000122026	160	7	10	4	4	7	1
ENSG00000135698	160	10	6	7	6	8	6
ENSG00000004776	160	7	1	4	9	6	4
ENSG00000172366	160	5	1	7	7	8	2
ENSG00000166797	160	7	3	5	5	5	3
ENSG00000163235	160	5	2	4	7	4	3
ENSG00000166569	160	9	9	10	9	5	5
ENSG00000171433	160	10	10	6	10	6	9
ENSG00000125952	160	10	9	7	11	5	7
ENSG00000101470	160	10	4	10	4	7	8
ENSG00000100290	160	4	0	8	8	6	6
ENSG00000162384	160	8	7	9	10	7	7
ENSG00000213064	160	7	5	2	2	11	2
ENSG00000169397	160	8	0	1	4	7	3
ENSG00000110958	160	9	8	9	8	6	6
ENSG00000099860	160	7	3	5	10	2	7
ENSG00000145642	160	6	4	6	7	6	2
ENSG00000204370	159	4	2	1	5	9	3
ENSG00000173335	159	4	4	5	6	8	1
ENSG00000130222	159	6	3	10	9	5	7
ENSG00000214216	159	9	10	7	10	6	5
ENSG00000169964	159	2	1	1	1	8	1
ENSG00000167105	159	7	2	6	4	7	0
ENSG00000185442	159	7	1	3	4	3	2
ENSG00000177674	159	6	1	3	5	11	5
ENSG00000124562	159	3	4	1	4	3	2
ENSG00000153130	159	7	3	7	9	2	5
ENSG00000007255	159	7	2	5	8	11	4
ENSG00000167874	159	6	0	1	1	8	1
ENSG00000162244	159	4	11	2	4	3	1
ENSG00000198818	159	6	4	1	3	9	3
ENSG00000132465	159	8	4	7	6	3	9
ENSG00000127074	159	8	8	11	10	9	2
ENSG00000183396	159	6	3	2	6	3	2
ENSG00000172465	159	6	6	7	5	3	3
ENSG00000106367	158	10	7	11	9	6	9
ENSG00000142188	158	3	1	1	3	8	2
ENSG00000143727	158	9	5	9	7	8	6
ENSG00000149507	158	8	3	10	12	8	7
ENSG00000197520	158	9	7	6	7	6	3
ENSG00000136897	158	9	4	6	8	8	5
ENSG00000134717	158	5	6	3	6	2	4
ENSG00000135363	158	7	6	5	11	8	11
ENSG00000103275	158	7	8	9	11	7	3
ENSG00000142534	158	10	9	5	5	10	1
ENSG00000173272	158	9	5	5	8	2	3
ENSG00000197620	158	9	3	7	7	6	2
ENSG00000197021	158	9	3	7	7	6	2
ENSG00000182400	158	13	11	7	10	12	3
ENSG00000186352	158	7	6	7	10	1	7
ENSG00000185808	158	4	2	5	7	9	3
ENSG00000134193	158	8	8	3	8	6	3
ENSG00000122862	158	4	2	6	8	5	5
ENSG00000152082	158	7	5	5	8	2	2
ENSG00000260456	158	6	0	3	4	5	0
ENSG00000159388	158	8	5	7	8	6	3
ENSG00000003249	158	4	2	9	6	4	3
ENSG00000182287	157	10	7	11	9	6	8
ENSG00000126756	157	8	7	6	8	6	4
ENSG00000170584	157	7	6	7	8	9	7
ENSG00000182512	157	7	1	5	7	6	5
ENSG00000114391	157	9	12	3	7	6	1
ENSG00000175857	157	2	3	5	4	6	4
ENSG00000122783	157	6	3	5	5	1	3
ENSG00000102317	157	8	1	5	10	7	8
ENSG00000175449	157	10	7	8	9	10	8
ENSG00000102178	157	9	5	6	8	5	5
ENSG00000125650	156	9	0	1	4	8	3
ENSG00000106268	156	6	5	2	5	9	7
ENSG00000181585	156	4	3	5	6	3	4
ENSG00000114503	156	9	4	8	8	9	7
ENSG00000137331	156	3	1	6	5	4	2
ENSG00000165799	156	7	7	1	6	6	2
ENSG00000198242	156	7	10	4	9	6	6
ENSG00000129538	156	7	4	4	7	9	1
ENSG00000204070	156	5	1	2	5	9	3
ENSG00000147889	156	8	0	7	8	5	8
ENSG00000198517	156	10	9	8	8	0	1
ENSG00000130045	156	9	5	10	11	7	5
ENSG00000143947	156	6	6	6	6	5	7
ENSG00000004779	156	7	2	5	4	7	6
ENSG00000133874	155	5	4	5	4	7	1
ENSG00000106341	155	7	8	6	9	2	9
ENSG00000143110	155	7	3	4	7	4	3
ENSG00000135002	155	7	7	5	6	6	5
ENSG00000125968	155	9	2	9	10	1	1
ENSG00000112115	155	11	4	7	10	5	3
ENSG00000204923	155	9	4	6	8	8	5
ENSG00000273611	155	10	8	8	7	3	2
ENSG00000153006	155	7	8	8	10	2	3
ENSG00000124380	155	6	7	2	4	3	3
ENSG00000069509	155	6	4	5	4	8	2
ENSG00000113578	155	8	5	4	7	13	1
ENSG00000008394	155	5	3	4	4	11	3
ENSG00000148803	154	7	5	11	10	6	4
ENSG00000166265	154	3	2	0	4	7	5
ENSG00000106400	154	4	2	3	8	7	5
ENSG00000152056	154	9	6	11	9	6	8
ENSG00000122694	154	8	7	8	8	9	1
ENSG00000123091	154	7	1	6	8	7	7
ENSG00000198125	154	8	9	9	9	7	6
ENSG00000189159	154	6	3	5	6	4	3
ENSG00000132507	154	8	6	5	8	6	9
ENSG00000145247	154	11	9	4	5	8	2
ENSG00000142168	154	8	5	8	10	4	7
ENSG00000165898	154	12	0	6	8	6	2
ENSG00000236444	154	8	6	10	11	9	7
ENSG00000143256	154	10	12	9	8	1	1
ENSG00000163807	154	9	9	10	9	4	6
ENSG00000182676	154	8	2	4	8	7	5
ENSG00000155330	154	7	11	9	10	2	5
ENSG00000185651	154	7	7	9	10	9	7
ENSG00000123349	154	8	8	11	12	5	6
ENSG00000243749	154	5	4	6	7	8	0
ENSG00000114023	154	9	4	6	10	7	4
ENSG00000172346	153	7	4	5	6	12	2
ENSG00000145912	153	5	2	5	7	7	4
ENSG00000276380	153	12	8	8	8	4	5
ENSG00000135441	153	8	4	10	11	7	4
ENSG00000175785	153	4	2	2	3	4	2
ENSG00000136950	153	9	5	7	9	5	3
ENSG00000156587	153	9	5	8	11	7	4
ENSG00000169609	153	5	5	6	8	0	1
ENSG00000166329	153	4	5	8	9	2	7
ENSG00000144063	153	2	0	0	3	7	2
ENSG00000149609	153	11	6	4	7	2	3
ENSG00000134864	153	8	1	8	9	9	4
ENSG00000109471	153	7	5	3	4	4	2
ENSG00000163577	153	8	8	4	9	7	7
ENSG00000150459	153	12	9	5	9	6	6
ENSG00000170935	153	10	4	9	8	9	8
ENSG00000214026	153	9	2	4	6	7	7
ENSG00000123569	153	10	6	5	6	1	1
ENSG00000147123	153	10	5	6	7	9	3
ENSG00000168894	153	8	3	10	8	7	3
ENSG00000113520	153	8	9	7	10	9	3
ENSG00000182346	153	8	7	7	8	6	3
ENSG00000159224	153	9	6	6	8	6	3
ENSG00000214253	152	7	9	6	7	4	2
ENSG00000253148	152	8	8	7	10	10	8
ENSG00000137434	152	6	2	4	4	8	5
ENSG00000239672	152	10	7	6	9	10	6
ENSG00000196860	152	7	5	5	7	9	2
ENSG00000179774	152	10	1	7	10	6	2
ENSG00000243678	152	11	8	5	10	11	5
ENSG00000124596	152	11	7	9	13	6	7
ENSG00000177889	152	10	7	6	9	4	5
ENSG00000204979	152	5	3	4	4	5	1
ENSG00000231500	152	9	11	1	7	5	6
ENSG00000131669	152	4	2	1	4	8	3
ENSG00000102007	152	5	1	2	7	9	2
ENSG00000143198	152	7	3	3	3	11	0
ENSG00000055070	152	8	4	4	6	1	5
ENSG00000148344	152	7	2	2	2	8	2
ENSG00000115363	152	5	0	7	8	5	1
ENSG00000239704	152	5	5	6	6	5	2
ENSG00000110700	151	9	9	4	6	9	4
ENSG00000175206	151	8	1	3	7	6	4
ENSG00000182533	151	7	5	3	1	6	5
ENSG00000165828	151	7	5	9	8	5	5
ENSG00000165553	151	8	3	7	7	10	4
ENSG00000119655	151	10	10	6	6	4	4
ENSG00000147223	151	2	2	2	8	4	4
ENSG00000092841	151	10	7	9	10	5	7
ENSG00000145826	151	6	5	2	3	5	1
ENSG00000064199	151	9	7	9	7	4	4
ENSG00000164587	151	4	7	6	9	1	5
ENSG00000106153	151	4	3	4	3	4	1
ENSG00000162704	151	10	8	5	7	5	5
ENSG00000183891	151	5	3	8	8	9	6
ENSG00000104343	151	4	4	8	10	5	5
ENSG00000103018	150	6	4	8	7	8	5
ENSG00000169413	150	8	6	0	4	6	4
ENSG00000126878	150	8	7	8	8	5	2
ENSG00000156973	150	4	5	9	9	8	3
ENSG00000131142	150	5	6	3	4	8	1
ENSG00000163882	150	9	4	8	8	10	10
ENSG00000178741	150	10	3	7	10	6	6
ENSG00000226174	150	8	0	7	9	4	3
ENSG00000153879	150	1	3	5	5	1	3
ENSG00000158716	150	12	2	4	9	7	4
ENSG00000170180	150	5	2	4	8	3	2
ENSG00000204428	150	5	4	1	5	5	4
ENSG00000143933	149	9	5	10	6	4	7
ENSG00000170946	149	8	7	6	10	10	11
ENSG00000104886	149	9	2	8	9	8	2
ENSG00000198668	149	9	5	10	6	4	7
ENSG00000178363	149	11	4	10	6	4	7
ENSG00000242485	149	8	9	6	7	8	3
ENSG00000117632	149	9	11	10	8	1	1
ENSG00000188610	149	3	3	1	6	8	6
ENSG00000160014	149	9	5	10	6	4	7
ENSG00000175315	149	7	5	3	7	5	7
ENSG00000215784	149	7	3	1	6	6	6
ENSG00000110852	149	7	7	3	10	9	8
ENSG00000263513	149	7	3	1	6	6	6
ENSG00000184524	149	7	6	5	8	1	4
ENSG00000196550	149	3	3	1	6	8	6
ENSG00000203907	149	7	3	8	6	4	2
ENSG00000166441	148	7	9	1	4	6	2
ENSG00000241258	148	7	4	8	8	3	1
ENSG00000205352	148	1	1	0	0	1	0
ENSG00000170890	148	5	4	1	9	7	7
ENSG00000111196	148	10	9	7	7	7	9
ENSG00000130255	148	12	0	5	7	3	2
ENSG00000124196	148	6	4	3	5	4	5
ENSG00000167617	148	7	1	3	10	2	8
ENSG00000275722	148	5	2	4	7	5	6
ENSG00000119147	148	8	4	6	6	6	6
ENSG00000090382	148	9	4	2	9	6	5
ENSG00000106028	148	9	5	7	9	9	7
ENSG00000107223	148	10	9	6	7	0	7
ENSG00000101236	148	5	3	4	5	7	1
ENSG00000108826	148	8	5	4	4	7	0
ENSG00000185863	147	3	0	7	6	5	4
ENSG00000119986	147	7	3	9	8	6	2
ENSG00000085871	147	3	1	2	2	8	1
ENSG00000072401	147	4	3	3	9	6	8
ENSG00000167641	147	4	5	3	4	2	6
ENSG00000188817	147	8	6	5	6	4	8
ENSG00000107020	147	9	6	7	8	5	1
ENSG00000153048	147	7	3	4	5	7	3
ENSG00000189283	147	10	5	9	7	10	4
ENSG00000118271	147	6	4	5	9	9	3
ENSG00000244734	147	11	7	6	7	8	4
ENSG00000213934	147	11	8	4	6	6	5
ENSG00000109332	147	4	2	3	9	6	8
ENSG00000268799	147	6	4	5	7	6	3
ENSG00000078967	147	4	3	4	9	6	8
ENSG00000213931	147	12	9	5	7	8	2
ENSG00000223609	147	11	7	6	7	8	4
ENSG00000181562	147	8	7	7	5	8	1
ENSG00000181552	147	9	9	7	6	8	3
ENSG00000258436	147	7	3	8	8	5	4
ENSG00000175643	147	8	3	6	6	5	6
ENSG00000204472	147	6	8	9	8	5	3
ENSG00000164978	147	10	6	9	9	8	3
ENSG00000204237	147	8	2	7	11	6	7
ENSG00000148229	147	8	7	5	3	3	2
ENSG00000131508	147	4	2	4	9	6	8
ENSG00000173457	147	5	1	7	6	5	6
ENSG00000196565	147	11	8	4	6	6	5
ENSG00000141026	146	5	3	7	8	1	3
ENSG00000180398	146	5	3	7	6	2	3
ENSG00000198398	146	0	0	0	5	10	5
ENSG00000178372	146	9	4	10	8	3	6
ENSG00000101439	146	7	4	1	4	5	4
ENSG00000157093	146	8	3	4	7	6	1
ENSG00000158825	146	5	4	8	11	9	3
ENSG00000171160	146	7	5	7	10	5	4
ENSG00000159763	146	9	6	2	8	4	7
ENSG00000182195	146	7	1	8	7	8	2
ENSG00000162385	146	10	9	7	7	6	9
ENSG00000211584	146	5	1	0	0	8	0
ENSG00000068985	146	5	5	9	8	1	9
ENSG00000106603	146	9	7	5	5	7	2
ENSG00000151365	146	5	3	6	8	4	6
ENSG00000105193	146	11	11	4	4	7	3
ENSG00000143543	146	8	6	8	8	8	1
ENSG00000150787	145	10	8	6	7	9	5
ENSG00000077984	145	7	6	4	9	6	3
ENSG00000173726	145	5	7	3	5	4	3
ENSG00000164929	145	7	3	7	9	2	6
ENSG00000037241	145	6	9	3	6	5	1
ENSG00000169575	145	5	2	2	5	7	3
ENSG00000170043	145	10	6	4	11	7	4
ENSG00000166143	145	5	6	7	6	4	7
ENSG00000198832	145	6	2	7	9	7	3
ENSG00000178381	145	10	7	2	9	6	5
ENSG00000213463	145	8	2	2	7	6	6
ENSG00000161929	145	6	3	4	3	7	2
ENSG00000161970	145	6	9	3	6	5	1
ENSG00000115268	145	6	5	5	5	5	1
ENSG00000115523	145	8	2	6	9	3	8
ENSG00000180992	145	8	5	2	5	4	3
ENSG00000184752	145	9	7	5	10	8	4
ENSG00000100478	144	7	5	9	9	5	7
ENSG00000153037	144	7	7	7	10	4	4
ENSG00000106245	144	8	7	6	7	5	4
ENSG00000173674	144	7	8	5	6	10	6
ENSG00000186010	144	8	2	7	8	7	4
ENSG00000160124	144	8	9	8	10	5	6
ENSG00000152944	144	6	5	4	8	4	6
ENSG00000168309	144	10	3	7	7	3	2
ENSG00000188257	144	7	8	0	5	8	2
ENSG00000198692	144	7	8	5	6	10	6
ENSG00000197191	144	6	1	4	4	5	1
ENSG00000215529	144	7	7	7	8	8	7
ENSG00000100528	144	2	1	3	5	6	1
ENSG00000177042	143	2	0	2	4	5	1
ENSG00000136867	143	0	0	1	4	6	2
ENSG00000186468	143	6	9	0	6	7	4
ENSG00000196976	143	6	1	2	8	2	6
ENSG00000188486	143	7	5	2	3	2	1
ENSG00000110492	143	8	7	5	7	3	3
ENSG00000089685	142	8	8	10	9	9	2
ENSG00000144231	142	9	7	8	8	4	2
ENSG00000100216	142	7	2	3	3	2	4
ENSG00000130755	142	8	6	6	7	8	4
ENSG00000167531	142	7	6	3	7	8	3
ENSG00000196072	142	7	6	6	8	5	9
ENSG00000086506	142	9	4	1	8	7	6
ENSG00000257704	142	3	0	2	3	4	1
ENSG00000250479	142	2	1	3	3	3	2
ENSG00000156265	142	6	3	7	7	4	5
ENSG00000170367	142	7	6	3	4	7	4
ENSG00000198015	142	4	4	3	3	7	4
ENSG00000130656	142	11	8	3	8	7	7
ENSG00000163528	142	5	6	7	6	5	4
ENSG00000103187	142	9	6	5	9	8	8
ENSG00000173486	142	7	8	3	8	6	3
ENSG00000197045	142	8	6	4	6	6	6
ENSG00000105205	142	7	7	8	9	9	5
ENSG00000188784	142	7	5	3	7	10	2
ENSG00000101888	142	6	5	3	8	9	7
ENSG00000163319	142	6	4	1	3	5	2
ENSG00000110680	141	9	4	3	5	2	6
ENSG00000197430	141	6	3	7	6	3	3
ENSG00000131943	141	4	3	5	5	5	0
ENSG00000101441	141	9	3	8	8	7	5
ENSG00000170373	141	6	3	6	8	9	5
ENSG00000132963	141	8	5	8	7	9	4
ENSG00000104826	141	7	1	2	5	4	3
ENSG00000180697	141	5	4	4	6	6	2
ENSG00000197223	141	4	6	7	7	4	5
ENSG00000117533	141	6	6	4	5	3	6
ENSG00000215712	141	8	6	2	4	9	2
ENSG00000170369	141	8	2	8	7	8	7
ENSG00000135390	141	5	2	1	2	5	1
ENSG00000179933	140	5	2	6	8	5	5
ENSG00000172336	140	5	3	1	5	5	6
ENSG00000179029	140	3	0	3	5	9	2
ENSG00000133935	140	6	0	1	3	8	1
ENSG00000162076	140	8	5	5	6	1	1
ENSG00000115163	140	4	3	5	7	4	3
ENSG00000169193	140	8	7	3	4	5	4
ENSG00000145782	140	3	3	7	8	4	7
ENSG00000125691	140	9	9	4	8	3	5
ENSG00000184924	140	8	6	5	8	4	3
ENSG00000108518	140	9	9	2	9	8	5
ENSG00000120509	140	7	3	6	6	9	3
ENSG00000176956	140	6	5	0	7	3	7
ENSG00000070087	140	7	7	5	7	7	4
ENSG00000197416	140	8	10	7	9	5	5
ENSG00000167515	140	9	6	6	11	10	8
ENSG00000196459	140	6	4	7	9	8	8
ENSG00000151353	140	4	2	2	3	8	2
ENSG00000214941	140	10	4	3	4	6	4
ENSG00000112304	140	5	6	5	9	3	4
ENSG00000145335	140	6	6	9	8	1	2
ENSG00000238227	139	7	1	1	1	7	0
ENSG00000179813	139	8	4	1	4	7	1
ENSG00000130520	139	9	7	6	7	5	2
ENSG00000215183	139	6	6	3	6	6	5
ENSG00000143771	139	2	1	4	5	8	2
ENSG00000243627	139	9	4	3	4	2	3
ENSG00000100744	139	4	3	8	9	9	5
ENSG00000177504	139	2	3	4	4	1	2
ENSG00000184162	139	8	3	8	8	7	4
ENSG00000189266	139	8	8	4	4	8	1
ENSG00000167523	139	9	4	7	8	3	5
ENSG00000111711	138	6	4	0	2	8	2
ENSG00000170498	138	6	3	8	8	2	0
ENSG00000147883	138	7	1	7	9	3	8
ENSG00000103145	138	8	1	3	8	5	2
ENSG00000188425	138	6	4	0	6	6	1
ENSG00000127472	138	5	6	2	7	7	3
ENSG00000183617	138	5	5	5	6	7	4
ENSG00000165623	138	8	2	6	7	5	6
ENSG00000143320	138	8	7	8	9	5	3
ENSG00000134200	138	6	3	2	6	9	2
ENSG00000128626	138	8	5	3	4	3	2
ENSG00000125831	138	4	5	6	6	9	3
ENSG00000108107	137	9	8	2	2	5	0
ENSG00000219200	137	4	0	1	1	7	1
ENSG00000132541	137	7	6	4	8	6	3
ENSG00000178096	137	8	0	6	6	2	1
ENSG00000101084	137	4	3	2	5	9	3
ENSG00000182154	137	6	7	5	5	10	2
ENSG00000147533	137	9	5	8	9	11	4
ENSG00000219545	137	4	4	9	9	4	8
ENSG00000166426	137	10	9	8	9	6	7
ENSG00000102760	137	5	2	7	6	4	7
ENSG00000099795	137	7	4	8	9	6	6
ENSG00000182180	137	10	7	5	6	6	3
ENSG00000273213	136	7	6	5	6	4	3
ENSG00000187051	136	8	6	4	5	1	4
ENSG00000269466	136	5	4	4	6	6	3
ENSG00000143553	136	8	2	5	7	2	5
ENSG00000160345	136	12	4	2	6	10	4
ENSG00000131469	136	5	5	1	5	6	3
ENSG00000204538	136	3	0	9	9	2	8
ENSG00000188710	136	7	2	6	6	7	2
ENSG00000168148	136	4	6	5	6	4	3
ENSG00000145354	135	9	7	5	7	4	4
ENSG00000169224	135	7	4	7	6	4	3
ENSG00000172410	135	8	4	7	9	6	2
ENSG00000114115	135	10	7	6	7	4	7
ENSG00000144713	135	8	9	3	5	7	2
ENSG00000164687	135	8	9	6	9	5	6
ENSG00000254440	135	4	5	7	7	3	1
ENSG00000177551	135	6	7	7	8	3	5
ENSG00000188375	135	4	4	5	6	4	3
ENSG00000139194	135	8	4	8	7	6	5
ENSG00000100097	135	9	5	6	11	8	8
ENSG00000182774	135	5	7	5	4	6	5
ENSG00000166347	134	6	4	6	6	7	6
ENSG00000074317	134	5	5	7	6	1	2
ENSG00000111215	134	3	0	4	6	3	4
ENSG00000145920	134	5	8	6	7	1	4
ENSG00000179751	134	4	2	4	7	6	4
ENSG00000137077	134	6	6	3	7	5	4
ENSG00000166292	134	5	4	4	4	5	0
ENSG00000099974	134	8	2	6	8	0	2
ENSG00000109208	134	3	0	1	2	7	1
ENSG00000157514	134	6	7	5	8	2	3
ENSG00000113525	134	6	2	9	10	5	2
ENSG00000142684	134	6	1	3	6	5	4
ENSG00000162444	134	5	5	7	8	9	7
ENSG00000114113	134	7	9	6	7	9	9
ENSG00000168993	134	5	7	6	7	2	3
ENSG00000101132	134	3	4	7	8	3	6
ENSG00000188729	133	7	6	2	8	5	10
ENSG00000183662	133	4	6	2	4	4	2
ENSG00000135211	133	5	5	3	5	8	3
ENSG00000138326	133	6	7	3	7	4	3
ENSG00000244355	133	3	1	3	4	1	1
ENSG00000121769	133	10	9	4	7	5	7
ENSG00000101448	133	6	7	0	4	8	4
ENSG00000142089	133	4	3	2	3	6	1
ENSG00000184599	133	4	1	2	4	5	2
ENSG00000088356	133	8	8	8	7	3	4
ENSG00000149806	133	3	4	4	4	3	1
ENSG00000186184	133	7	4	8	9	6	3
ENSG00000145384	132	8	5	10	9	8	4
ENSG00000214787	132	1	1	4	6	6	2
ENSG00000100079	132	10	4	5	9	6	7
ENSG00000188334	132	5	2	6	9	6	5
ENSG00000197980	132	7	8	9	8	6	4
ENSG00000185201	132	4	3	2	3	7	1
ENSG00000228300	132	2	0	2	1	3	2
ENSG00000159723	132	7	1	5	5	1	4
ENSG00000101440	132	4	2	2	5	2	3
ENSG00000170323	132	7	8	6	9	5	7
ENSG00000174749	132	7	2	6	5	4	4
ENSG00000205269	132	3	1	2	2	8	0
ENSG00000164434	132	7	8	6	8	8	8
ENSG00000205186	132	8	7	6	8	5	5
ENSG00000161981	132	4	4	7	9	4	5
ENSG00000124107	132	8	9	3	6	7	3
ENSG00000110665	132	4	1	3	4	3	3
ENSG00000219438	132	4	1	1	3	4	4
ENSG00000112306	132	7	8	8	9	3	9
ENSG00000109083	132	6	7	9	5	4	5
ENSG00000198574	132	9	9	7	7	6	3
ENSG00000118292	131	4	0	4	4	2	7
ENSG00000139223	131	8	7	8	6	3	5
ENSG00000102309	131	7	6	4	9	6	4
ENSG00000180354	131	3	2	5	7	9	8
ENSG00000108590	131	7	5	6	8	6	2
ENSG00000104660	131	4	1	1	3	8	1
ENSG00000181016	131	6	6	3	6	2	5
ENSG00000248099	131	7	0	3	5	6	2
ENSG00000065809	131	8	7	6	6	1	2
ENSG00000161610	131	6	2	1	2	1	0
ENSG00000261857	131	6	1	1	3	7	3
ENSG00000169446	131	5	3	2	5	9	5
ENSG00000164508	131	6	4	4	5	2	1
ENSG00000204978	130	8	2	4	6	0	2
ENSG00000148965	130	7	4	3	8	9	6
ENSG00000132570	130	8	4	6	6	4	3
ENSG00000196866	130	5	3	4	5	2	1
ENSG00000181218	130	5	3	4	5	2	1
ENSG00000158639	130	8	4	8	7	2	7
ENSG00000184270	130	6	4	4	5	2	1
ENSG00000239789	130	5	6	3	7	4	2
ENSG00000134419	130	9	7	3	5	5	4
ENSG00000126709	130	3	3	2	2	5	0
ENSG00000095932	130	6	3	5	3	6	3
ENSG00000162734	130	7	6	7	9	4	9
ENSG00000180573	130	5	3	4	5	2	1
ENSG00000065518	129	6	2	5	6	6	3
ENSG00000176532	129	4	5	7	7	3	1
ENSG00000163421	129	9	4	1	5	3	3
ENSG00000006128	129	7	5	4	5	9	3
ENSG00000246705	129	5	3	4	5	2	1
ENSG00000135940	129	8	5	4	5	2	3
ENSG00000204220	129	8	8	7	7	5	4
ENSG00000006327	129	7	1	3	5	8	1
ENSG00000221916	129	8	1	2	2	2	1
ENSG00000160181	129	5	3	5	6	2	2
ENSG00000131808	129	7	4	2	7	5	3
ENSG00000135070	129	8	8	5	5	4	2
ENSG00000184260	129	5	3	4	5	2	1
ENSG00000196711	129	6	3	4	4	5	1
ENSG00000100138	128	8	7	4	7	2	3
ENSG00000120333	128	7	4	1	4	5	5
ENSG00000212724	128	3	0	1	3	1	1
ENSG00000203877	128	5	4	2	6	4	6
ENSG00000274997	128	5	3	3	4	2	1
ENSG00000125879	128	6	4	5	6	10	4
ENSG00000133134	128	6	2	6	7	2	2
ENSG00000105968	128	5	3	1	4	1	2
ENSG00000213231	128	7	0	6	6	12	3
ENSG00000085063	128	6	5	4	6	8	3
ENSG00000163736	128	6	6	3	5	0	2
ENSG00000165264	128	8	8	8	8	6	2
ENSG00000213417	128	3	0	1	3	1	1
ENSG00000276368	128	5	3	3	4	2	1
ENSG00000127922	128	4	3	3	4	5	2
ENSG00000170231	128	8	8	9	8	8	4
ENSG00000162910	128	8	3	5	6	3	4
ENSG00000221983	128	6	6	5	5	4	4
ENSG00000167656	128	6	2	2	2	1	1
ENSG00000136732	128	2	2	4	4	2	5
ENSG00000186198	128	6	3	5	5	3	5
ENSG00000164032	128	5	3	1	4	1	2
ENSG00000111639	128	6	7	2	7	8	4
ENSG00000212725	128	3	0	1	3	1	1
ENSG00000120727	127	5	2	5	5	5	3
ENSG00000174307	127	9	6	7	6	8	1
ENSG00000136490	127	8	9	4	6	6	3
ENSG00000179010	127	4	3	7	6	3	4
ENSG00000146047	127	8	6	6	8	4	1
ENSG00000267467	127	6	3	3	6	3	3
ENSG00000277972	127	8	6	1	5	6	2
ENSG00000173267	127	8	8	9	9	0	1
ENSG00000113387	127	6	8	6	8	4	5
ENSG00000102898	127	7	4	2	9	8	6
ENSG00000163586	127	7	7	7	8	5	3
ENSG00000100142	127	3	2	5	4	2	1
ENSG00000151882	127	3	4	4	5	0	0
ENSG00000166793	127	8	5	5	5	7	0
ENSG00000185055	127	6	4	7	8	9	4
ENSG00000143158	127	8	6	2	2	7	1
ENSG00000276410	126	7	5	4	8	2	3
ENSG00000163273	126	5	6	2	8	3	3
ENSG00000275713	126	7	5	4	8	2	3
ENSG00000158373	126	7	5	4	8	2	3
ENSG00000184678	126	7	5	4	8	2	3
ENSG00000100028	126	6	5	4	6	4	2
ENSG00000197903	126	7	5	4	8	2	3
ENSG00000196890	126	7	5	4	8	2	3
ENSG00000066379	126	4	0	4	8	6	5
ENSG00000185130	126	7	5	4	8	2	3
ENSG00000233822	126	7	5	4	8	2	3
ENSG00000204619	126	5	2	6	6	1	2
ENSG00000186132	126	8	6	4	7	4	6
ENSG00000111678	126	7	5	7	6	7	2
ENSG00000274641	126	7	5	4	8	2	3
ENSG00000171053	126	9	4	5	7	4	3
ENSG00000137288	126	7	5	7	7	9	7
ENSG00000234289	126	7	5	4	8	2	3
ENSG00000167797	126	2	3	2	3	3	1
ENSG00000273703	126	7	5	4	8	2	3
ENSG00000124635	126	7	5	4	8	2	3
ENSG00000203814	126	7	5	4	8	2	3
ENSG00000169567	126	8	5	4	8	6	7
ENSG00000071082	125	7	8	5	6	7	2
ENSG00000054148	125	8	8	4	6	3	4
ENSG00000116586	125	6	3	5	8	7	3
ENSG00000156127	125	4	7	5	7	3	3
ENSG00000115128	125	8	6	6	7	6	3
ENSG00000105258	125	8	2	8	9	6	7
ENSG00000196636	125	7	5	7	7	7	2
ENSG00000164713	125	3	1	2	2	7	1
ENSG00000118181	125	5	5	2	6	3	4
ENSG00000168275	125	7	5	4	5	7	4
ENSG00000140941	125	4	5	6	6	6	4
ENSG00000188624	125	5	6	2	4	6	2
ENSG00000258102	125	4	5	6	6	7	4
ENSG00000185885	125	2	1	1	2	4	1
ENSG00000205423	125	7	4	1	1	8	2
ENSG00000101405	125	7	3	1	3	3	1
ENSG00000105185	125	10	6	6	7	2	2
ENSG00000173113	125	7	1	7	7	2	0
ENSG00000243927	125	8	4	6	8	2	4
ENSG00000133169	125	6	2	6	7	2	2
ENSG00000163794	124	8	0	5	7	1	2
ENSG00000145494	124	8	4	6	7	5	4
ENSG00000101443	124	6	4	3	4	1	4
ENSG00000109270	124	6	3	2	4	5	3
ENSG00000204869	124	6	3	5	8	7	3
ENSG00000120471	124	5	0	1	5	5	4
ENSG00000197780	124	4	4	5	6	8	6
ENSG00000049247	124	7	3	5	6	5	6
ENSG00000213977	124	5	6	5	10	4	4
ENSG00000163684	124	9	8	5	4	10	2
ENSG00000177202	124	4	1	3	3	3	3
ENSG00000159197	123	6	3	7	8	6	4
ENSG00000150783	123	8	8	8	7	7	5
ENSG00000131068	123	6	3	5	7	3	6
ENSG00000183155	123	5	3	2	4	5	5
ENSG00000180822	123	7	2	1	7	5	6
ENSG00000133678	123	2	1	0	1	9	0
ENSG00000069482	123	7	3	5	7	7	4
ENSG00000149300	123	7	3	6	8	5	2
ENSG00000124374	123	8	4	6	5	3	9
ENSG00000178287	123	8	3	2	5	4	1
ENSG00000128218	123	2	0	3	6	4	6
ENSG00000136942	123	4	7	4	6	0	2
ENSG00000129235	123	8	7	5	7	8	1
ENSG00000205643	123	6	4	5	6	5	1
ENSG00000172590	123	4	3	4	4	6	0
ENSG00000214518	123	3	0	1	3	2	1
ENSG00000113068	122	8	7	9	8	3	5
ENSG00000211450	122	7	4	7	7	2	0
ENSG00000157778	122	6	6	6	7	3	2
ENSG00000163584	122	4	4	5	6	7	4
ENSG00000165949	122	3	2	0	0	1	0
ENSG00000285480	122	8	4	5	7	3	1
ENSG00000203943	122	8	5	7	8	4	4
ENSG00000087884	122	10	7	5	8	5	3
ENSG00000187479	122	5	4	5	5	4	1
ENSG00000261652	121	7	5	2	6	5	3
ENSG00000242028	121	6	3	8	6	0	3
ENSG00000182600	121	2	0	4	4	0	3
ENSG00000204140	121	8	4	4	4	3	1
ENSG00000119801	121	7	3	5	6	8	4
ENSG00000166863	121	8	8	5	6	5	4
ENSG00000171224	121	6	0	1	2	5	1
ENSG00000143420	121	8	8	0	6	1	6
ENSG00000070031	121	4	0	2	5	3	2
ENSG00000182628	121	10	10	8	8	3	3
ENSG00000110200	121	1	0	6	4	4	5
ENSG00000116667	121	10	8	9	7	4	3
ENSG00000197696	121	6	2	1	4	4	2
ENSG00000101460	121	5	7	4	5	6	6
ENSG00000106399	121	7	5	5	7	6	6
ENSG00000125787	120	5	1	3	6	3	2
ENSG00000089063	120	6	4	0	1	6	1
ENSG00000111269	120	6	7	6	8	1	2
ENSG00000274736	120	7	4	3	7	6	5
ENSG00000102409	120	4	1	8	7	3	0
ENSG00000179673	120	4	2	3	4	5	3
ENSG00000148730	120	4	2	1	6	2	6
ENSG00000130545	120	3	2	4	4	3	0
ENSG00000204866	119	5	2	5	8	6	3
ENSG00000100027	119	8	2	5	5	7	0
ENSG00000228325	119	3	0	3	4	4	3
ENSG00000254901	119	7	4	9	11	5	4
ENSG00000175155	119	8	2	5	5	7	0
ENSG00000117318	119	4	1	8	9	2	3
ENSG00000008988	119	5	8	6	6	0	2
ENSG00000151366	119	8	4	5	6	6	6
ENSG00000090238	119	8	3	4	7	5	2
ENSG00000166710	119	6	7	6	5	5	3
ENSG00000167088	119	4	4	4	6	0	0
ENSG00000128524	119	7	4	7	8	6	7
ENSG00000188958	119	5	5	3	5	6	5
ENSG00000139190	118	4	3	5	4	2	2
ENSG00000120215	118	5	4	4	5	7	1
ENSG00000174917	118	4	5	3	4	5	2
ENSG00000135185	118	4	2	2	3	6	3
ENSG00000099977	118	7	3	5	7	2	3
ENSG00000105887	118	6	5	7	7	6	8
ENSG00000125743	118	8	7	1	5	4	2
ENSG00000213760	118	6	2	5	6	1	2
ENSG00000119559	118	7	1	7	7	2	5
ENSG00000235272	118	7	2	3	7	7	3
ENSG00000103363	118	7	6	6	5	7	6
ENSG00000187840	118	3	2	3	6	2	7
ENSG00000169612	118	8	3	3	7	7	3
ENSG00000268182	118	5	4	7	6	6	2
ENSG00000172586	118	6	5	5	4	2	1
ENSG00000136888	118	6	3	6	6	3	2
ENSG00000151418	118	5	5	9	8	2	5
ENSG00000189152	118	8	4	6	7	8	3
ENSG00000203667	118	6	4	4	4	7	2
ENSG00000276566	117	4	0	2	3	5	3
ENSG00000211966	117	6	4	3	7	4	3
ENSG00000163633	117	8	8	6	7	4	1
ENSG00000122042	117	8	4	4	6	5	3
ENSG00000224659	117	1	1	7	5	2	5
ENSG00000187944	117	5	2	3	6	5	4
ENSG00000242076	117	4	0	2	7	5	7
ENSG00000242371	117	4	0	1	4	5	4
ENSG00000224902	117	2	1	7	6	2	4
ENSG00000242580	117	4	0	1	2	8	2
ENSG00000157017	117	4	2	2	6	7	5
ENSG00000236362	117	2	1	7	5	2	4
ENSG00000256977	117	4	3	7	7	3	2
ENSG00000215269	117	2	1	7	5	2	4
ENSG00000034713	117	8	8	4	9	4	7
ENSG00000211640	117	2	1	1	4	4	4
ENSG00000161920	117	7	3	4	7	4	5
ENSG00000239975	117	4	0	2	7	5	7
ENSG00000243466	117	4	1	2	5	5	3
ENSG00000239819	117	4	0	1	4	7	2
ENSG00000115350	117	6	3	3	4	3	4
ENSG00000253250	117	4	4	2	5	5	2
ENSG00000274274	117	2	1	7	5	2	5
ENSG00000250036	117	5	0	1	4	5	4
ENSG00000180964	117	6	3	6	5	1	3
ENSG00000205777	117	2	1	7	5	2	5
ENSG00000244575	117	5	0	1	4	5	4
ENSG00000242766	117	4	0	2	2	6	1
ENSG00000124102	117	6	5	2	6	1	3
ENSG00000239862	117	5	0	1	4	5	4
ENSG00000211633	117	6	1	1	7	8	5
ENSG00000211649	117	4	2	2	2	3	1
ENSG00000256671	117	4	3	7	7	3	2
ENSG00000187516	117	6	0	6	6	1	7
ENSG00000282651	117	6	4	3	6	4	3
ENSG00000243290	117	4	0	1	4	6	4
ENSG00000239855	117	4	0	1	3	5	3
ENSG00000241755	117	4	0	2	4	8	3
ENSG00000240382	117	4	0	2	5	6	4
ENSG00000241244	117	4	0	1	6	4	4
ENSG00000109475	117	6	8	1	2	4	1
ENSG00000278857	117	4	0	1	4	6	4
ENSG00000211652	117	4	2	2	2	3	1
ENSG00000240864	117	4	1	1	4	4	4
ENSG00000251546	117	4	0	1	4	5	4
ENSG00000139112	117	3	4	4	8	4	8
ENSG00000164326	116	6	4	5	6	0	4
ENSG00000168899	116	6	4	4	6	5	2
ENSG00000165169	116	4	2	5	4	8	4
ENSG00000135346	116	4	3	2	3	5	1
ENSG00000239951	116	5	0	3	5	5	4
ENSG00000157005	116	3	1	4	5	1	2
ENSG00000243063	116	5	0	3	4	5	3
ENSG00000128609	116	5	5	8	6	3	1
ENSG00000151135	116	6	5	2	1	3	2
ENSG00000197487	116	5	3	3	3	5	3
ENSG00000163206	116	7	5	2	3	0	1
ENSG00000203783	116	6	6	9	11	2	0
ENSG00000137038	116	1	1	3	4	5	1
ENSG00000198736	116	6	6	8	8	4	0
ENSG00000189064	116	2	1	7	5	2	4
ENSG00000205981	116	9	8	3	6	4	3
ENSG00000215274	116	3	2	7	6	2	5
ENSG00000211625	116	5	0	3	6	5	5
ENSG00000203909	116	8	6	6	7	7	3
ENSG00000096395	115	5	3	8	7	2	0
ENSG00000173237	115	5	2	9	8	4	1
ENSG00000241351	115	4	0	3	5	6	4
ENSG00000215845	115	6	2	4	4	3	1
ENSG00000111328	115	4	4	2	3	4	0
ENSG00000177600	115	5	5	3	4	0	5
ENSG00000224041	115	3	0	4	4	5	2
ENSG00000150433	115	3	0	1	2	3	0
ENSG00000145287	115	1	1	0	4	6	4
ENSG00000168255	115	7	5	6	8	6	6
ENSG00000156482	115	6	5	3	4	4	1
ENSG00000197728	115	5	6	2	3	3	3
ENSG00000240671	115	4	0	1	2	7	2
ENSG00000152266	115	8	7	2	7	2	5
ENSG00000197273	115	4	1	5	7	3	3
ENSG00000244437	115	3	0	4	4	5	2
ENSG00000211673	115	2	1	3	6	5	2
ENSG00000198840	115	1	1	2	2	7	1
ENSG00000211669	115	4	2	4	6	7	2
ENSG00000187094	115	4	1	1	5	1	4
ENSG00000211632	115	4	0	3	5	6	4
ENSG00000169752	115	6	3	3	3	10	1
ENSG00000240972	115	4	1	2	6	6	4
ENSG00000211670	115	5	0	3	4	5	1
ENSG00000141741	115	8	4	8	8	5	1
ENSG00000163735	114	6	4	2	2	2	2
ENSG00000259112	114	7	3	5	7	7	6
ENSG00000145337	114	4	2	3	3	2	2
ENSG00000100721	114	6	4	4	5	5	8
ENSG00000163220	114	7	6	6	5	6	5
ENSG00000167653	114	4	2	2	4	3	2
ENSG00000143184	114	6	5	2	5	3	3
ENSG00000162366	114	3	0	1	4	7	1
ENSG00000131171	114	7	4	8	6	6	2
ENSG00000263639	114	1	2	6	7	8	6
ENSG00000198435	114	3	1	5	9	7	4
ENSG00000143185	114	6	3	2	5	3	2
ENSG00000164898	113	6	5	4	6	6	1
ENSG00000253313	113	3	0	5	3	3	1
ENSG00000114125	113	5	3	2	7	5	5
ENSG00000204279	113	4	3	7	5	4	6
ENSG00000267855	113	7	8	5	6	4	1
ENSG00000129562	113	5	1	2	4	8	3
ENSG00000011600	113	4	0	2	6	3	2
ENSG00000205208	113	3	4	5	6	4	4
ENSG00000213927	112	4	2	1	5	7	3
ENSG00000211659	112	3	1	4	6	6	2
ENSG00000105427	112	2	0	2	6	8	4
ENSG00000258289	112	7	5	7	8	5	6
ENSG00000128989	112	6	5	2	5	1	7
ENSG00000205659	112	8	7	9	6	5	3
ENSG00000204822	112	8	3	5	5	4	2
ENSG00000145040	112	3	0	2	3	2	0
ENSG00000137392	112	7	4	4	4	3	2
ENSG00000105058	112	5	6	7	6	3	4
ENSG00000166681	111	2	0	6	6	1	2
ENSG00000234068	111	4	2	7	6	3	6
ENSG00000238269	111	4	2	7	6	2	6
ENSG00000187514	111	3	2	5	3	0	6
ENSG00000155622	111	7	5	7	5	1	6
ENSG00000184515	111	4	2	6	6	6	3
ENSG00000171402	111	6	2	7	4	1	6
ENSG00000156467	111	6	9	2	5	6	4
ENSG00000163515	111	2	2	1	3	2	3
ENSG00000177951	111	6	4	2	4	3	5
ENSG00000145824	111	6	5	3	4	5	1
ENSG00000125611	110	7	0	6	7	6	0
ENSG00000100410	110	8	6	5	7	5	7
ENSG00000161634	110	5	6	6	6	1	5
ENSG00000127774	110	4	2	2	3	6	1
ENSG00000100362	110	8	8	4	6	5	7
ENSG00000275113	110	1	0	7	5	2	4
ENSG00000254647	110	2	1	6	8	4	1
ENSG00000166295	110	6	4	4	7	4	5
ENSG00000188293	110	6	1	0	4	6	2
ENSG00000111775	109	5	1	0	2	5	1
ENSG00000060762	109	5	5	2	4	4	2
ENSG00000135175	109	7	7	4	4	4	3
ENSG00000156234	109	4	2	6	7	5	1
ENSG00000119705	109	8	3	4	4	3	1
ENSG00000224982	109	4	4	1	1	6	2
ENSG00000122543	109	8	7	4	4	4	3
ENSG00000149948	109	5	8	2	2	0	0
ENSG00000198225	108	3	4	2	4	8	4
ENSG00000154079	108	5	4	6	4	2	3
ENSG00000119782	108	3	4	0	4	7	4
ENSG00000171405	108	3	3	6	5	1	4
ENSG00000122873	108	6	5	3	7	6	5
ENSG00000161980	108	6	3	5	4	6	3
ENSG00000154723	108	6	4	3	4	8	5
ENSG00000171530	108	6	4	5	2	5	5
ENSG00000244187	108	6	6	3	4	7	1
ENSG00000186051	108	4	3	4	6	4	1
ENSG00000088832	108	3	4	2	4	7	4
ENSG00000160194	108	7	6	5	6	4	3
ENSG00000254636	107	6	2	4	3	2	1
ENSG00000198478	107	5	5	5	4	7	3
ENSG00000256162	107	4	4	1	2	4	2
ENSG00000183172	107	7	3	1	1	6	1
ENSG00000137309	107	6	8	2	2	0	1
ENSG00000163331	107	7	8	5	5	3	0
ENSG00000163170	107	7	5	4	5	3	0
ENSG00000211592	107	5	6	6	7	6	5
ENSG00000214128	107	2	1	3	5	4	4
ENSG00000176209	107	3	3	3	5	7	4
ENSG00000146066	106	3	0	4	4	5	0
ENSG00000105583	106	3	3	1	3	7	2
ENSG00000090263	106	5	2	8	7	8	2
ENSG00000187118	106	4	5	5	5	4	2
ENSG00000130770	106	7	3	6	7	4	1
ENSG00000166275	106	6	4	8	8	2	5
ENSG00000211679	106	7	7	4	7	4	1
ENSG00000175202	106	1	0	4	4	7	0
ENSG00000183978	106	6	4	4	4	5	3
ENSG00000168653	106	6	7	5	6	8	3
ENSG00000176907	106	4	4	3	6	5	6
ENSG00000133983	106	5	4	4	5	7	4
ENSG00000173221	106	5	3	4	7	5	4
ENSG00000241343	106	4	5	2	4	7	3
ENSG00000213626	105	5	3	2	7	4	5
ENSG00000172115	105	6	6	3	3	9	1
ENSG00000203795	105	5	4	2	5	2	2
ENSG00000163191	105	5	4	4	8	6	5
ENSG00000136810	105	7	7	5	5	7	1
ENSG00000204161	105	7	7	0	4	5	5
ENSG00000100246	105	7	4	6	6	5	2
ENSG00000090266	105	4	0	4	5	6	3
ENSG00000189334	104	7	6	5	5	3	3
ENSG00000148153	104	4	4	1	4	4	3
ENSG00000166228	104	7	2	7	7	5	6
ENSG00000109272	104	6	3	3	5	3	1
ENSG00000185222	104	6	6	5	5	4	2
ENSG00000100632	104	5	4	4	6	6	4
ENSG00000186687	104	3	4	7	7	4	5
ENSG00000227234	103	6	4	6	4	1	2
ENSG00000188643	103	6	5	4	6	3	3
ENSG00000184900	103	3	4	4	5	4	5
ENSG00000111341	103	4	0	5	4	6	1
ENSG00000175538	103	4	2	0	3	4	2
ENSG00000132286	103	8	0	4	5	4	3
ENSG00000130332	103	6	3	5	5	5	7
ENSG00000145022	103	2	0	2	3	6	1
ENSG00000126233	103	5	1	4	6	4	2
ENSG00000167183	103	2	3	6	4	6	6
ENSG00000214114	103	6	6	5	6	6	3
ENSG00000164871	103	5	0	1	4	3	2
ENSG00000167283	103	6	6	7	7	4	0
ENSG00000171421	103	5	2	0	1	5	1
ENSG00000159335	102	3	3	3	2	0	4
ENSG00000232263	102	3	0	0	1	7	1
ENSG00000130311	102	7	6	2	5	3	3
ENSG00000186577	102	3	2	1	3	5	4
ENSG00000112977	102	6	7	2	4	1	3
ENSG00000173141	102	4	3	3	4	6	1
ENSG00000115541	102	8	7	5	6	2	3
ENSG00000170860	102	3	1	5	7	5	8
ENSG00000169877	102	4	3	7	6	5	7
ENSG00000101951	102	4	3	5	3	1	5
ENSG00000215545	102	5	3	3	4	5	2
ENSG00000184454	102	3	3	1	2	5	3
ENSG00000122304	102	2	1	3	3	3	0
ENSG00000120533	101	5	6	6	6	1	4
ENSG00000163737	101	4	3	1	3	4	1
ENSG00000116030	101	6	4	6	4	6	4
ENSG00000184502	101	5	1	3	6	5	5
ENSG00000234906	101	4	5	6	8	8	3
ENSG00000188015	101	7	6	6	6	6	5
ENSG00000206026	101	6	4	2	4	7	2
ENSG00000184330	101	7	7	6	8	6	6
ENSG00000205155	101	4	1	2	3	4	1
ENSG00000167118	101	3	2	5	5	9	6
ENSG00000119878	101	4	6	2	5	4	3
ENSG00000160131	101	4	2	2	4	6	0
ENSG00000143556	101	7	7	6	8	6	6
ENSG00000196154	101	6	4	6	5	7	6
ENSG00000158874	100	5	5	6	6	3	0
ENSG00000205581	100	5	5	2	4	0	3
ENSG00000164822	100	6	2	5	5	4	4
ENSG00000243056	100	4	2	1	2	3	2
ENSG00000204136	100	3	3	4	4	6	2
ENSG00000249222	100	4	3	7	7	4	0
ENSG00000196748	100	5	3	0	3	3	2
ENSG00000182916	100	6	5	5	4	5	2
ENSG00000118640	100	6	4	4	4	2	1
ENSG00000170270	100	5	2	6	4	4	5
ENSG00000169429	99	4	6	8	7	4	2
ENSG00000171643	99	5	5	7	6	6	3
ENSG00000235750	99	2	3	4	5	6	2
ENSG00000110245	99	6	3	4	7	3	7
ENSG00000149651	99	4	4	4	4	4	0
ENSG00000188186	99	3	2	6	6	5	2
ENSG00000096092	99	4	4	0	0	5	0
ENSG00000162961	99	4	3	4	6	3	3
ENSG00000163683	99	2	0	2	3	3	3
ENSG00000188508	99	3	3	5	7	4	3
ENSG00000104979	99	6	9	3	3	1	0
ENSG00000119640	99	8	7	4	7	6	2
ENSG00000108691	99	2	3	2	4	6	3
ENSG00000131495	99	6	3	6	8	3	4
ENSG00000203870	99	2	1	2	3	4	0
ENSG00000189326	99	6	6	6	6	0	3
ENSG00000118418	99	4	4	5	5	0	1
ENSG00000170634	99	9	6	6	7	6	5
ENSG00000275663	98	4	5	3	5	3	1
ENSG00000119013	98	6	6	4	5	4	4
ENSG00000212899	98	2	1	2	5	3	2
ENSG00000164106	98	5	5	3	4	6	3
ENSG00000121552	98	7	8	4	6	5	3
ENSG00000212900	98	2	1	2	5	3	2
ENSG00000174446	98	4	4	7	7	0	3
ENSG00000189171	98	6	6	6	3	3	5
ENSG00000203784	98	3	4	3	1	0	1
ENSG00000196754	98	4	4	7	7	6	5
ENSG00000185523	98	6	6	5	6	2	1
ENSG00000172724	98	3	0	2	4	5	4
ENSG00000160213	98	5	3	4	5	4	2
ENSG00000237353	98	5	7	5	7	6	1
ENSG00000126953	97	6	4	6	7	6	4
ENSG00000131096	97	5	2	1	5	3	5
ENSG00000197747	97	4	6	2	4	5	5
ENSG00000111850	97	3	2	4	3	9	1
ENSG00000189129	97	6	2	5	6	3	4
ENSG00000198573	97	5	3	5	5	2	3
ENSG00000170545	97	2	1	4	3	2	2
ENSG00000253548	97	5	5	7	7	5	4
ENSG00000122585	97	4	0	5	4	1	1
ENSG00000229453	97	5	4	4	7	6	6
ENSG00000164821	97	7	0	2	4	2	3
ENSG00000198937	97	4	4	7	7	2	2
ENSG00000120306	97	2	0	2	2	3	1
ENSG00000225663	97	7	4	5	6	6	1
ENSG00000196406	97	5	5	4	5	3	3
ENSG00000125971	96	6	6	2	5	4	3
ENSG00000108702	96	5	3	5	5	5	2
ENSG00000128534	96	7	1	4	8	4	6
ENSG00000205209	96	5	3	3	5	5	3
ENSG00000106803	96	6	3	0	0	1	0
ENSG00000108849	95	3	1	4	3	4	3
ENSG00000124939	95	6	6	3	4	6	5
ENSG00000163993	95	4	3	3	5	4	2
ENSG00000182108	95	0	0	3	3	6	2
ENSG00000186458	95	5	3	0	3	6	2
ENSG00000099800	95	6	4	4	6	3	6
ENSG00000137726	95	5	2	2	2	5	2
ENSG00000188612	95	3	4	3	4	4	5
ENSG00000204392	95	6	6	3	4	4	6
ENSG00000253457	95	3	2	3	5	3	4
ENSG00000177688	95	3	5	2	4	4	3
ENSG00000164816	94	5	0	4	4	2	2
ENSG00000239839	94	4	0	6	6	2	5
ENSG00000241468	94	4	2	1	2	3	2
ENSG00000214510	94	2	3	1	4	6	2
ENSG00000169248	94	4	6	3	3	1	1
ENSG00000160678	94	3	3	4	3	5	4
ENSG00000213185	94	4	2	3	5	4	1
ENSG00000113811	94	6	1	0	5	4	4
ENSG00000102970	94	6	2	1	3	4	2
ENSG00000110484	93	4	4	5	5	6	3
ENSG00000178645	93	7	4	5	4	6	3
ENSG00000204922	93	4	2	4	4	2	0
ENSG00000107562	93	5	3	1	4	2	2
ENSG00000181061	93	5	2	3	3	5	1
ENSG00000142669	93	4	3	4	4	3	4
ENSG00000126264	93	3	1	2	3	4	2
ENSG00000276409	93	5	5	3	4	7	1
ENSG00000143546	93	8	8	3	5	6	4
ENSG00000146910	92	4	4	6	5	5	6
ENSG00000163221	92	4	4	5	4	4	4
ENSG00000160307	92	3	3	5	4	4	4
ENSG00000178796	92	4	5	6	7	5	3
ENSG00000275302	92	2	2	1	3	5	4
ENSG00000147437	92	5	4	4	3	4	1
ENSG00000130312	92	5	2	0	1	5	0
ENSG00000179085	92	2	0	4	5	6	2
ENSG00000163866	92	5	5	3	3	3	3
ENSG00000214413	92	5	6	7	6	2	3
ENSG00000197756	92	4	6	1	1	5	0
ENSG00000233954	91	6	2	4	4	2	6
ENSG00000106355	91	3	3	4	6	1	6
ENSG00000149021	91	5	2	7	6	3	3
ENSG00000214113	91	4	5	4	4	4	4
ENSG00000134248	91	5	3	3	6	0	7
ENSG00000173660	91	6	1	4	4	1	6
ENSG00000135116	91	5	0	0	0	3	0
ENSG00000224531	91	2	0	2	1	2	4
ENSG00000271503	91	4	4	1	3	6	1
ENSG00000214226	90	4	1	5	7	3	2
ENSG00000198830	90	3	3	6	4	0	3
ENSG00000205707	90	4	5	2	4	7	2
ENSG00000255501	90	4	4	2	4	2	5
ENSG00000240230	90	6	7	5	6	6	3
ENSG00000125888	90	7	5	5	4	5	1
ENSG00000134809	90	7	5	5	5	3	4
ENSG00000124935	90	3	3	6	6	3	3
ENSG00000213190	90	5	1	3	4	3	6
ENSG00000197956	90	5	5	5	4	2	4
ENSG00000172551	90	2	2	0	5	2	5
ENSG00000169474	89	7	7	6	6	0	0
ENSG00000175334	89	5	6	5	6	4	5
ENSG00000188100	89	7	7	8	6	0	1
ENSG00000214285	89	4	5	2	3	5	1
ENSG00000101446	89	4	2	4	4	4	1
ENSG00000100575	89	6	6	7	6	6	2
ENSG00000150201	89	5	5	2	2	2	1
ENSG00000121351	89	6	4	2	2	4	0
ENSG00000189090	89	7	7	8	6	0	1
ENSG00000276430	89	7	7	8	6	0	1
ENSG00000221932	88	4	0	4	4	6	1
ENSG00000083099	88	5	4	3	3	3	2
ENSG00000184602	88	3	3	3	2	2	1
ENSG00000215547	88	6	4	2	5	1	4
ENSG00000181924	87	6	2	4	5	5	4
ENSG00000155368	87	4	5	6	6	4	6
ENSG00000071677	87	5	0	1	3	2	2
ENSG00000178776	87	4	1	1	3	5	2
ENSG00000089356	87	2	2	2	3	3	2
ENSG00000185527	87	2	3	2	2	6	2
ENSG00000158869	86	3	2	3	5	7	2
ENSG00000122711	86	3	2	4	5	3	2
ENSG00000126267	86	7	2	2	5	5	5
ENSG00000204909	86	5	4	1	6	5	5
ENSG00000169976	86	5	4	5	7	5	3
ENSG00000139656	85	4	0	3	4	3	5
ENSG00000181617	85	2	1	3	2	3	2
ENSG00000170791	85	7	2	3	4	3	4
ENSG00000176386	85	5	4	7	4	2	7
ENSG00000145879	85	3	3	2	5	5	3
ENSG00000101363	85	4	2	3	2	3	0
ENSG00000120686	85	4	5	3	6	4	2
ENSG00000160182	84	5	2	2	4	2	2
ENSG00000128040	84	5	3	2	3	6	1
ENSG00000137880	84	4	2	5	5	2	4
ENSG00000170906	84	4	3	1	3	5	3
ENSG00000180483	84	5	4	5	4	3	1
ENSG00000158985	84	2	2	2	3	4	2
ENSG00000136908	84	1	0	0	1	4	1
ENSG00000141552	84	4	2	1	2	6	2
ENSG00000262179	84	6	0	2	1	3	3
ENSG00000168333	84	3	3	2	4	4	1
ENSG00000150779	83	7	2	5	5	5	5
ENSG00000139053	83	1	2	2	2	5	2
ENSG00000171159	83	3	0	6	6	2	5
ENSG00000171858	83	5	6	3	5	2	5
ENSG00000130208	83	3	4	5	5	2	2
ENSG00000130165	83	1	1	5	4	4	2
ENSG00000178531	82	5	1	3	4	4	4
ENSG00000134049	82	4	2	2	3	2	0
ENSG00000164405	82	6	1	4	4	4	0
ENSG00000154813	82	2	2	4	4	5	4
ENSG00000233041	82	0	0	0	0	0	0
ENSG00000204899	82	5	1	5	4	0	2
ENSG00000233932	81	5	5	3	4	7	2
ENSG00000146386	81	3	4	2	5	2	2
ENSG00000188373	81	3	4	2	2	3	0
ENSG00000129559	81	3	3	3	3	2	2
ENSG00000232838	81	3	3	3	4	1	1
ENSG00000178585	81	2	3	4	4	4	1
ENSG00000221946	80	3	3	3	3	2	2
ENSG00000178172	80	1	1	1	4	5	3
ENSG00000131174	80	2	2	1	2	3	0
ENSG00000164167	80	6	3	1	6	7	5
ENSG00000218739	80	5	5	4	6	6	1
ENSG00000235942	80	3	3	2	2	3	0
ENSG00000160180	80	3	2	3	5	3	2
ENSG00000182035	80	3	2	3	3	5	2
ENSG00000272398	80	1	1	1	1	2	0
ENSG00000169906	79	4	4	6	4	3	3
ENSG00000164266	79	4	4	3	4	5	3
ENSG00000163888	79	5	4	2	4	4	5
ENSG00000123975	79	4	2	5	5	5	1
ENSG00000184148	79	8	6	0	1	0	0
ENSG00000125995	79	4	2	1	2	6	1
ENSG00000197622	79	3	3	5	6	0	4
ENSG00000103121	79	5	5	6	6	3	0
ENSG00000173207	79	4	2	4	5	5	2
ENSG00000134825	79	2	2	2	2	4	0
ENSG00000205884	78	5	5	0	1	5	1
ENSG00000235169	78	3	1	2	2	1	1
ENSG00000162545	78	4	3	2	4	4	6
ENSG00000154146	78	2	3	1	3	0	1
ENSG00000135549	78	4	3	2	2	1	4
ENSG00000173436	78	3	3	0	1	5	2
ENSG00000232859	78	6	4	3	3	4	2
ENSG00000204323	77	2	2	3	2	1	0
ENSG00000008324	77	6	2	4	7	4	3
ENSG00000198168	77	4	4	6	6	0	2
ENSG00000213145	77	4	4	4	5	4	1
ENSG00000109390	76	5	4	1	3	5	2
ENSG00000168734	76	4	2	4	3	1	5
ENSG00000143977	76	3	1	2	4	2	3
ENSG00000148671	76	3	3	4	6	1	6
ENSG00000171033	76	5	2	2	4	1	5
ENSG00000204548	76	4	5	2	2	4	2
ENSG00000170855	76	6	6	4	3	4	2
ENSG00000168913	76	2	1	3	3	1	0
ENSG00000177576	76	5	5	4	4	4	2
ENSG00000214046	75	5	1	2	2	4	2
ENSG00000164919	75	4	4	1	2	4	2
ENSG00000127928	74	3	4	7	4	2	6
ENSG00000214736	74	3	0	1	4	4	4
ENSG00000226742	74	4	1	4	4	2	3
ENSG00000129055	74	4	3	5	3	4	3
ENSG00000183513	74	4	6	5	6	1	3
ENSG00000224877	74	4	1	4	4	5	1
ENSG00000171476	73	3	3	3	4	4	2
ENSG00000127920	73	3	4	5	4	2	3
ENSG00000172380	72	4	2	4	4	2	3
ENSG00000187581	72	2	0	1	1	4	0
ENSG00000255072	71	0	0	1	1	3	0
ENSG00000186469	71	4	4	4	4	1	4
ENSG00000172809	70	3	3	1	4	4	5
ENSG00000125356	70	2	1	2	3	4	2
ENSG00000167083	69	3	4	6	3	3	2
ENSG00000176340	69	3	2	2	2	1	0
ENSG00000169020	69	4	2	1	1	1	1
ENSG00000233927	69	3	2	2	1	0	2
ENSG00000231824	69	3	1	3	3	0	1
ENSG00000087250	68	3	3	3	3	0	3
ENSG00000133136	68	4	4	1	4	2	2
ENSG00000174021	68	4	4	1	4	2	2
ENSG00000176533	68	4	3	4	4	2	3
ENSG00000182712	68	6	6	5	5	3	0
ENSG00000248485	68	4	4	4	3	1	1
ENSG00000134986	68	3	4	6	5	0	3
ENSG00000132432	68	3	5	2	3	5	2
ENSG00000127588	67	6	6	5	5	5	1
ENSG00000250317	67	3	2	2	2	4	1
ENSG00000137731	66	4	2	1	2	4	1
ENSG00000120742	66	1	3	2	2	2	0
ENSG00000177868	66	4	5	5	4	2	1
ENSG00000151778	65	2	3	2	2	2	0
ENSG00000243147	65	3	5	4	5	4	1
ENSG00000182117	64	3	4	1	4	4	4
ENSG00000135245	63	4	1	3	3	4	1
ENSG00000127184	63	5	3	2	2	5	0
ENSG00000138495	63	4	5	5	4	0	2
ENSG00000126549	62	2	1	3	3	3	1
ENSG00000183036	62	4	3	4	3	3	4
ENSG00000205362	61	3	3	1	1	0	0
ENSG00000169715	61	3	3	1	1	0	0
ENSG00000166002	59	1	0	3	2	1	1
ENSG00000183648	58	3	3	1	3	5	3
ENSG00000205670	58	2	2	2	2	3	0
ENSG00000231068	58	1	1	1	2	3	1
ENSG00000156411	58	4	4	1	3	3	1
ENSG00000159182	57	4	3	1	3	1	2
ENSG00000172428	57	1	1	5	2	2	3
ENSG00000178449	57	4	1	1	2	4	1
ENSG00000126550	57	2	3	4	4	2	3
ENSG00000213741	56	2	3	0	1	3	1
ENSG00000118245	55	0	2	0	1	1	1
ENSG00000141682	54	3	2	2	3	1	1
ENSG00000182700	53	4	3	0	0	2	0
ENSG00000198523	52	2	2	1	1	2	0
ENSG00000205649	51	2	2	1	3	2	2
ENSG00000198918	51	1	2	0	0	5	0
ENSG00000175646	51	0	0	0	0	3	0
ENSG00000163923	51	1	2	0	0	5	0
ENSG00000175768	51	5	3	3	3	3	3
ENSG00000158427	45	2	2	3	2	1	1
ENSG00000206104	44	4	2	0	3	2	3
ENSG00000205542	44	2	2	3	2	1	1
ENSG00000229117	25	0	0	1	1	1	1
