ensg,ms_det,ms_abund,ms_present,ms_det_TDR1,ms_det_TDR4,ms_present_TDR1,ms_present_TDR4,ms_abund_TDR1,ms_abund_TDR4,ms_n_proteotypic,ms_n_sequences,soma_det,soma_abund,soma_present,soma_det_TDR1,soma_det_TDR4,soma_present_TDR1,soma_present_TDR4,soma_abund_TDR1,soma_abund_TDR4,olink_det,olink_abund,olink_present,olink_det_TDR1,olink_det_TDR4,olink_present_TDR1,olink_present_TDR4,olink_abund_TDR1,olink_abund_TDR4,arm,p_detect_intrinsic,p_detect_full,top_dark_reason,uniprot,tryptic_per_kda,n_tryptic_7_30,n_tm,is_secreted,has_signal,is_membrane,disorder_fraction_proxy,pep_n_unique,pep_frac_shared,pep_max_shared_genes,pep_n_clean,aff_present,aff_abund_z,zero_unique,mostly_shared,z_ab
ENSG00000171314,1.0,30.00356397673527,1,1.0,1.0,1,1,29.943082978786016,30.06404497468452,10.0,20.0,1.0,18.279754492997537,1,1.0,1.0,1,1,18.359390280599094,18.200118705395983,0.0,,0,0.0,0.0,0,0,,,Organoid,0.892665575020433,0.9597448034576826,proteotypicity,P18669,0.4513,13.0,0.0,1.0,0.0,0.0,0.3275109170305676,6.0,0.5384615384615384,2.0,2.0,1,3.0572173826416735,0,1,3.0572173826416735
ENSG00000080824,1.0,30.518107168799254,1,1.0,1.0,1,1,30.576660700837657,30.459553636760866,30.0,55.0,1.0,18.02960553325858,1,1.0,1.0,1,1,18.07537303895084,17.983838027566314,0.0,,0,0.0,0.0,0,0,,,Organoid,0.9858596362282038,0.984527767922914,proteotypicity,P07900,0.4016,34.0,0.0,0.0,0.0,1.0,0.594059405940594,16.0,0.5294117647058824,4.0,9.0,1,2.961073405496536,0,1,2.961073405496536
ENSG00000161970,1.0,26.74961388289007,1,1.0,1.0,1,1,26.608653523408513,26.890574242371628,2.0,11.0,1.0,18.028621054815385,1,1.0,1.0,1,1,18.076594317710448,17.980647791920315,0.0,,0,0.0,0.0,0,0,,,Organoid,0.956835506738634,0.7720150142880081,proteotypicity,P61254,0.3477,6.0,0.0,0.0,0.0,0.0,0.7603305785123967,1.0,0.8333333333333334,1.0,1.0,1,2.9606950242590484,0,1,2.9606950242590484
ENSG00000135486,1.0,30.23960554887101,1,1.0,1.0,1,1,30.22279810118627,30.256412996555753,1.0,24.0,1.0,17.92369142367217,1,1.0,1.0,1,1,17.98046449360576,17.86691835373859,0.0,,0,0.0,0.0,0,0,,,Organoid,0.9648427951801316,0.8970849073414414,proteotypicity,P09651,0.4646,18.0,0.0,0.0,0.0,0.0,0.2873563218390804,1.0,0.9444444444444444,5.0,1.0,1,2.9203656458398513,0,1,2.9203656458398513
ENSG00000198692,0.0,,0,0.0,0.0,0,0,,,,,1.0,17.920903884519088,1,1.0,1.0,1,1,17.98883551025814,17.852972258780035,0.0,,0,0.0,0.0,0,0,,,Organoid,0.8074135158296847,0.87572964336482,proteotypicity,O14602,0.4257,7.0,0.0,0.0,0.0,0.0,0.8083333333333333,1.0,0.8571428571428571,1.0,0.0,1,2.9192942638085015,0,1,2.9192942638085015
ENSG00000096384,1.0,28.885522422278747,1,1.0,1.0,1,1,28.946921640745153,28.82412320381233,22.0,38.0,1.0,17.790081559945527,1,1.0,1.0,1,1,17.809865274746805,17.770297845144245,0.0,,0,0.0,0.0,0,0,,,Organoid,0.9627004893755664,0.9864572908304532,proteotypicity,P08238,0.4203,35.0,0.0,1.0,0.0,1.0,0.5908440629470673,12.0,0.6571428571428571,4.0,6.0,1,2.8690131089438173,0,1,2.8690131089438173
ENSG00000156508,1.0,30.526762591425825,1,1.0,1.0,1,1,30.603163482482568,30.450361700369093,0.0,18.0,1.0,17.670377508901346,1,1.0,1.0,1,1,17.70980787013528,17.630947147667417,0.0,,0,0.0,0.0,0,0,,,Organoid,0.93852904487292,0.8827055571124591,proteotypicity,P68104,0.3789,19.0,0.0,0.0,0.0,1.0,0.2791762013729977,0.0,1.0,2.0,0.0,1,2.8230052280404463,1,1,2.8230052280404463
ENSG00000173542,1.0,24.58830998657924,1,1.0,1.0,1,1,24.387386958861235,24.789233014297245,0.0,7.0,1.0,17.475208223982666,1,1.0,1.0,1,1,17.54761979363264,17.402796654332683,0.0,,0,0.0,0.0,0,0,,,Organoid,0.3786890264547926,0.8113475269265665,proteotypicity,Q7L9L4,0.3587,9.0,0.0,0.0,0.0,0.0,0.0837696335078534,1.0,0.8888888888888888,1.0,0.0,1,2.747992518460379,0,1,2.747992518460379
ENSG00000136238,1.0,27.44906718598687,1,1.0,1.0,1,1,27.382654293808997,27.51548007816475,3.0,10.0,1.0,17.469551872665335,1,1.0,1.0,1,1,17.52296189432288,17.416141851007787,0.0,,0,0.0,0.0,0,0,,,Organoid,0.837840119396719,0.8468775996238551,proteotypicity,P63000,0.3263,7.0,0.0,0.0,0.0,1.0,0.2363636363636363,2.0,0.7142857142857143,6.0,0.0,1,2.7458185173678067,0,1,2.7458185173678067
ENSG00000170142,1.0,20.25239491443377,1,1.0,1.0,1,1,20.699916703488064,19.80487312537949,0.0,1.0,1.0,17.446412326568073,1,1.0,1.0,1,1,17.51280252423838,17.38002212889777,0.0,,0,0.0,0.0,0,0,,,Organoid,0.6216396333914542,0.6486138512226739,proteotypicity,P51965,0.327,7.0,0.0,0.0,0.0,0.0,0.1726190476190476,3.0,0.5714285714285714,2.0,2.0,1,2.736924904564277,0,1,2.736924904564277
ENSG00000140941,0.0,,0,0.0,0.0,0,0,,,,,1.0,17.412013731015566,1,1.0,1.0,1,1,17.47890130456796,17.345126157463177,0.0,,0,0.0,0.0,0,0,,,Organoid,0.2904873716243933,0.612724153745769,proteotypicity,Q9GZQ8,0.2042,3.0,0.0,0.0,0.0,0.0,0.5104166666666666,0.0,1.0,2.0,0.0,1,2.723703911008772,1,1,2.723703911008772
ENSG00000159409,1.0,21.89937695585915,1,1.0,1.0,1,1,21.76818297571906,22.030570935999243,3.0,4.0,1.0,17.314034238396324,1,1.0,1.0,1,1,17.365571377081338,17.262497099711307,0.0,,0,0.0,0.0,0,0,,,Organoid,0.5671569974510937,0.2842319135335751,abundance,Q5SZQ8,0.2572,13.0,0.0,0.0,0.0,0.0,0.1882086167800453,6.0,0.5384615384615384,2.0,4.0,1,2.686045796783924,0,1,2.686045796783924
ENSG00000156976,1.0,25.641487391811197,1,1.0,1.0,1,1,25.577124292742152,25.705850490880238,13.0,13.0,1.0,17.309636440052586,1,1.0,1.0,1,1,17.32923971397009,17.290033166135082,0.0,,0,0.0,0.0,0,0,,,Organoid,0.901501136214466,0.985238514415509,proteotypicity,Q14240,0.4741,22.0,0.0,0.0,0.0,0.0,0.412532637075718,11.0,0.5,2.0,6.0,1,2.684355516624892,0,1,2.684355516624892
ENSG00000139112,1.0,18.57945105085423,1,1.0,1.0,1,1,18.34930629078682,18.80959581092164,1.0,1.0,1.0,17.264216282114326,1,1.0,1.0,1,1,17.244693278922462,17.283739285306183,0.0,,0,0.0,0.0,0,0,,,Organoid,0.7199276389741565,0.3898566338544985,proteotypicity,Q9H0R8,0.2136,3.0,0.0,0.0,0.0,0.0,0.4565217391304347,1.0,0.6666666666666666,2.0,1.0,1,2.6668984197362953,0,1,2.6668984197362953
ENSG00000067560,1.0,27.41249049291697,1,1.0,1.0,1,1,27.338266039648868,27.48671494618505,2.0,7.0,1.0,17.20092418311574,1,1.0,1.0,1,1,17.310258768924736,17.091589597306747,0.0,,0,0.0,0.0,0,0,,,Organoid,0.8735861299897846,0.9341779117292092,proteotypicity,P61586,0.4135,9.0,0.0,0.0,0.0,1.0,0.5180722891566265,3.0,0.6666666666666666,2.0,2.0,1,2.6425722977090915,0,1,2.6425722977090915
ENSG00000109332,1.0,26.008111472345547,1,1.0,1.0,1,1,25.897920589282023,26.11830235540906,1.0,4.0,1.0,17.16407771673332,1,1.0,1.0,1,1,17.02886195735765,17.299293476108993,0.0,,0,0.0,0.0,0,0,,,Organoid,0.7392295623663431,0.5113904737974704,proteotypicity,P61077,0.2397,4.0,0.0,0.0,0.0,1.0,0.1544715447154471,0.0,1.0,3.0,0.0,1,2.6284104725891826,1,1,2.6284104725891826
ENSG00000134108,1.0,24.639335714391944,1,1.0,1.0,1,1,24.593346218255764,24.685325210528127,3.0,3.0,1.0,17.07894965790653,1,1.0,1.0,1,1,17.044701954146785,17.113197361666277,0.0,,0,0.0,0.0,0,0,,,Organoid,0.8840958978652201,0.955369517244942,proteotypicity,Q9NVJ2,0.4643,10.0,0.0,0.0,0.0,0.0,0.3518518518518518,4.0,0.6,1.0,1.0,1,2.5956917670994866,0,1,2.5956917670994866
ENSG00000143947,1.0,25.08961674618402,1,1.0,1.0,1,1,25.39465112847116,24.784582363896888,0.0,3.0,1.0,17.0346577048953,1,1.0,1.0,1,1,17.05715852994997,17.012156879840624,0.0,,0,0.0,0.0,0,0,,,Organoid,0.9228890344358937,0.7695966943524368,proteotypicity,P62979,0.2227,4.0,0.0,0.0,0.0,0.0,0.6923076923076923,0.0,1.0,3.0,0.0,1,2.578668292276848,1,1,2.578668292276848
ENSG00000166913,1.0,26.451018219002822,1,1.0,1.0,1,1,26.43498064360612,26.467055794399535,6.0,6.0,1.0,16.983333965014644,1,1.0,1.0,1,1,17.05819693939362,16.908470990635674,0.0,,0,0.0,0.0,0,0,,,Organoid,0.8976288878807299,0.9171988876589238,proteotypicity,P31946,0.4985,14.0,0.0,0.0,0.0,0.0,0.3918918918918919,7.0,0.5,6.0,4.0,1,2.558942171971419,0,1,2.558942171971419
ENSG00000162374,1.0,25.87377462792673,1,1.0,1.0,1,1,25.74561158983111,26.00193766602235,6.0,10.0,1.0,17.235749014591715,1,1.0,1.0,1,1,17.314787807723057,17.156710221460376,1.0,10.227495215533732,1,1.0,1.0,1,1,10.132856992160104,10.322133438907358,Organoid,0.3972590429338188,0.8020231200585922,proteotypicity,P26378,0.4717,20.0,0.0,0.0,0.0,0.0,0.0914127423822714,8.0,0.6,2.0,3.0,1,2.545218609096387,0,1,2.545218609096387
ENSG00000167460,1.0,27.864841786165123,1,1.0,1.0,1,1,27.749872085908066,27.979811486422175,9.0,21.0,1.0,16.855728149758388,1,1.0,1.0,1,1,16.94591991986563,16.765536379651145,0.0,,0,0.0,0.0,0,0,,,Organoid,0.9329668925285174,0.9545761103267376,proteotypicity,P67936,0.4908,14.0,0.0,0.0,0.0,0.0,0.9865470852017936,5.0,0.6428571428571429,3.0,4.0,1,2.5098972724907775,0,1,2.5098972724907775
ENSG00000196459,1.0,22.744269233963507,1,1.0,1.0,1,1,22.60930418323378,22.879234284693233,0.0,6.0,1.0,16.82574032997504,1,1.0,1.0,1,1,16.8428083887816,16.808672271168483,0.0,,0,0.0,0.0,0,0,,,Organoid,0.6410394905109458,0.635178700748903,proteotypicity,P0DI81,0.3649,6.0,0.0,0.0,0.0,0.0,0.1982758620689655,0.0,1.0,1.0,0.0,1,2.498371546927532,1,1,2.498371546927532
ENSG00000107105,1.0,23.796478186849253,1,1.0,1.0,1,1,23.797963706159823,23.79499266753869,6.0,6.0,1.0,16.762931351351476,1,1.0,1.0,1,1,16.89729703830584,16.628565664397115,0.0,,0,0.0,0.0,0,0,,,Organoid,0.5625342068521225,0.7542198407594914,proteotypicity,Q12926,0.405,16.0,0.0,0.0,0.0,0.0,0.0985074626865671,5.0,0.6875,2.0,4.0,1,2.4742311107186623,0,1,2.4742311107186623
ENSG00000143947,0.0,,0,0.0,0.0,0,0,,,0.0,3.0,1.0,16.740542488117768,1,1.0,1.0,1,1,16.68914306239349,16.79194191384205,0.0,,0,0.0,0.0,0,0,,,Media,0.9228890344358937,0.7695966943524368,proteotypicity,P62979,0.2227,4.0,0.0,0.0,0.0,0.0,0.6923076923076923,0.0,1.0,3.0,0.0,1,2.4656260205464164,1,1,2.4656260205464164
ENSG00000174903,1.0,24.14356679594554,1,1.0,1.0,1,1,24.340401774239687,23.946731817651386,5.0,7.0,1.0,16.566583345247917,1,1.0,1.0,1,1,16.653787314879654,16.47937937561618,0.0,,0,0.0,0.0,0,0,,,Organoid,0.8435193461473214,0.9328122061932862,proteotypicity,Q9H0U4,0.6315,14.0,0.0,0.0,0.0,0.0,0.2372881355932203,3.0,0.7857142857142857,23.0,1.0,1,2.3987653633055466,0,1,2.3987653633055466
ENSG00000177889,1.0,27.43127683140516,1,1.0,1.0,1,1,27.2997846175734,27.562769045236923,5.0,12.0,1.0,16.55624866036925,1,1.0,1.0,1,1,16.604617017262363,16.50788030347614,0.0,,0,0.0,0.0,0,0,,,Organoid,0.902580917718634,0.9092448257954846,proteotypicity,P61088,0.5835,10.0,0.0,0.0,0.0,0.0,0.1796875,5.0,0.5,1.0,2.0,1,2.3947932592127943,0,1,2.3947932592127943
ENSG00000166949,1.0,22.481706361990398,1,1.0,1.0,1,1,22.560818044354523,22.40259467962627,5.0,9.0,1.0,14.55275850614846,1,1.0,1.0,1,1,14.559757565468203,14.545759446828711,1.0,13.042622961462044,1,1.0,1.0,1,1,12.966208185619099,13.119037737304993,Organoid,0.7945255744259541,0.82179366868433,proteotypicity,P84022,0.3744,18.0,0.0,0.0,0.0,0.0,0.12,8.0,0.5555555555555556,4.0,5.0,1,2.391817233209779,0,1,2.391817233209779
ENSG00000175582,1.0,26.556868804901217,1,1.0,1.0,1,1,26.50682888733502,26.606908722467416,7.0,13.0,1.0,16.48738929361281,1,1.0,1.0,1,1,16.61954928001493,16.355229307210696,0.0,,0,0.0,0.0,0,0,,,Organoid,0.947620987398792,0.94487296231489,proteotypicity,P20340,0.5086,12.0,0.0,0.0,0.0,1.0,0.4043715846994535,5.0,0.5833333333333334,23.0,1.0,1,2.3683273750829206,0,1,2.3683273750829206
ENSG00000089157,1.0,27.5873007324413,1,1.0,1.0,1,1,27.529346512779295,27.6452549521033,6.0,16.0,1.0,16.43534235828777,1,1.0,1.0,1,1,16.449834103951105,16.420850612624438,0.0,,0,0.0,0.0,0,0,,,Organoid,0.9790512305991202,0.963929767087303,proteotypicity,P05388,0.3793,13.0,0.0,0.0,0.0,0.0,0.0819112627986348,4.0,0.6923076923076923,1.0,2.0,1,2.348323296850546,0,1,2.348323296850546
ENSG00000184678,0.0,,0,0.0,0.0,0,0,,,,,1.0,16.335036815623905,1,1.0,1.0,1,1,16.28858714745268,16.38148648379513,0.0,,0,0.0,0.0,0,0,,,Organoid,0.5417858001531303,0.3553753907789369,proteotypicity,Q16778,0.5029,7.0,0.0,0.0,0.0,0.0,0.3366336633663366,0.0,1.0,15.0,0.0,1,2.309771172502442,1,1,2.309771172502442
ENSG00000170315,0.0,,0,0.0,0.0,0,0,,,,,1.0,16.277865666038135,1,1.0,1.0,1,1,16.30155903892527,16.254172293150997,0.0,,0,0.0,0.0,0,0,,,Organoid,0.8826108196878221,0.921187248288394,proteotypicity,P0CG47,0.1553,4.0,0.0,0.0,0.0,1.0,0.6923076923076923,0.0,1.0,3.0,0.0,1,2.287797618405429,1,1,2.287797618405429
ENSG00000204065,1.0,23.960131795028648,1,1.0,1.0,1,1,23.819800130874246,24.100463459183054,4.0,10.0,1.0,16.263971352707955,1,1.0,1.0,1,1,16.351740420699976,16.176202284715934,0.0,,0,0.0,0.0,0,0,,,Organoid,0.922552988814237,0.8292408960548067,proteotypicity,Q5H9L2,0.5578,13.0,0.0,0.0,0.0,0.0,0.9505494505494504,6.0,0.5384615384615384,2.0,5.0,1,2.2824573821531646,0,1,2.2824573821531646
ENSG00000124610,1.0,31.221154645839714,1,1.0,1.0,1,1,31.17061730785365,31.271691983825782,5.0,8.0,1.0,16.962359702342155,1,1.0,1.0,1,1,17.06466172385395,16.860057680830362,1.0,8.375200961764783,1,1.0,1.0,1,1,8.624338607248902,8.126063316280664,Organoid,0.906712889126831,0.8802465194668332,proteotypicity,Q02539,0.2747,6.0,0.0,0.0,0.0,0.0,0.5,3.0,0.5,5.0,3.0,1,2.25436174287415,0,1,2.25436174287415
ENSG00000143977,1.0,26.02407076518228,1,1.0,1.0,1,1,25.841832765427938,26.206308764936615,0.0,4.0,1.0,16.17015376627796,1,1.0,1.0,1,1,16.239591959315643,16.100715573240276,0.0,,0,0.0,0.0,0,0,,,Organoid,0.8976458662956879,0.8346825121288114,proteotypicity,P62308,0.3531,3.0,0.0,0.0,0.0,0.0,0.2115384615384615,0.0,1.0,1.0,0.0,1,2.2463988836691002,1,1,2.2463988836691002
ENSG00000182718,1.0,28.4505940301245,1,1.0,1.0,1,1,28.27051437021961,28.630673690029386,9.0,31.0,1.0,16.61050572986959,1,1.0,1.0,1,1,16.629501599112245,16.591509860626935,1.0,8.798064476609515,1,1.0,1.0,1,1,8.750573404490861,8.845555548728166,Organoid,0.9596653718220598,0.977255947126332,proteotypicity,P07355,0.544,21.0,0.0,1.0,0.0,1.0,0.5987261146496815,5.0,0.7619047619047619,1.0,4.0,1,2.2411509463065995,0,1,2.2411509463065995
ENSG00000105514,1.0,26.535056526382213,1,1.0,1.0,1,1,26.50866149158157,26.56145156118286,5.0,8.0,1.0,16.05767447706283,1,1.0,1.0,1,1,16.178271591074147,15.937077363051515,0.0,,0,0.0,0.0,0,0,,,Organoid,0.8926846708189088,0.8330918743518873,proteotypicity,O95716,0.5357,13.0,0.0,0.0,0.0,1.0,0.3865979381443299,6.0,0.5384615384615384,23.0,2.0,1,2.2031678175759772,0,1,2.2031678175759772
ENSG00000143185,0.0,,0,0.0,0.0,0,0,,,,,0.8,16.027525729059384,1,0.8,0.8,1,1,16.06002070786692,15.995030750251848,0.0,,0,0.0,0.0,0,0,,,Organoid,0.2257705511809871,0.1067336954405497,proteotypicity,Q9UBD3,0.3979,5.0,0.0,1.0,1.0,0.0,0.2318840579710145,0.0,1.0,1.0,0.0,1,2.191580239750259,1,1,2.191580239750259
ENSG00000170035,1.0,24.045997734830973,1,1.0,1.0,1,1,24.16368333813575,23.928312131526194,2.0,7.0,1.0,16.01395288142826,1,1.0,1.0,1,1,16.07596585433176,15.95193990852476,0.0,,0,0.0,0.0,0,0,,,Organoid,0.7312447013389041,0.7849647552203596,proteotypicity,Q969T4,0.3491,8.0,0.0,0.0,0.0,0.0,0.2582417582417582,4.0,0.5,2.0,3.0,1,2.1863635578427947,0,1,2.1863635578427947
ENSG00000215126,0.0,,0,0.0,0.0,0,0,,,,,1.0,15.999404229621607,1,1.0,1.0,1,1,15.881751977590943,16.117056481652273,0.0,,0,0.0,0.0,0,0,,,Organoid,,,,Q4V339,0.3867,17.0,0.0,0.0,0.0,0.0,0.3665768194070081,2.0,0.8823529411764706,4.0,1.0,1,2.180771828625727,0,1,2.180771828625727
ENSG00000096384,1.0,27.583139476575447,1,1.0,1.0,1,1,27.230147089197164,27.936131863953726,22.0,38.0,1.0,15.993546684625594,1,1.0,1.0,1,1,16.12509865260022,15.861994716650969,0.0,,0,0.0,0.0,0,0,,,Media,0.9627004893755664,0.9864572908304532,proteotypicity,P08238,0.4203,35.0,0.0,1.0,0.0,1.0,0.5908440629470673,12.0,0.6571428571428571,4.0,6.0,1,2.178520499366509,0,1,2.178520499366509
ENSG00000170122,0.0,,0,0.0,0.0,0,0,,,,,1.0,15.971984542123796,1,1.0,1.0,1,1,15.912974536259687,16.03099454798791,0.0,,0,0.0,0.0,0,0,,,Organoid,,,,Q12950,0.3805,18.0,0.0,0.0,0.0,0.0,0.1975903614457831,8.0,0.5555555555555556,10.0,4.0,1,2.1702331567445112,0,1,2.1702331567445112
ENSG00000116288,1.0,28.05317497748849,1,1.0,1.0,1,1,27.749643307717417,28.356706647259575,18.0,18.0,1.0,17.805430243588773,1,1.0,1.0,1,1,17.84499311516473,17.76586737201282,1.0,6.446891957102328,1,1.0,1.0,1,1,6.477652811787929,6.416131102416725,Organoid,0.6106023998855377,0.8524720693005592,hydrophobicity,Q99497,0.0,0.0,0.0,0.0,0.0,1.0,0.0,0.0,,0.0,0.0,1,2.168278657055285,1,0,2.168278657055285
ENSG00000156925,0.2,22.702974449103767,0,0.4,0.0,0,0,22.70297444910377,,2.0,2.0,0.0,,0,0.0,0.0,0,0,,,1.0,9.022146231651234,1,1.0,1.0,1,1,9.59511184702091,8.449180616281561,Organoid,,,,O60481,0.2373,12.0,0.0,0.0,0.0,0.0,0.1851015801354401,6.0,0.5,12.0,3.0,1,2.1243164239308543,0,1,2.1243164239308543
ENSG00000167552,0.0,,0,0.0,0.0,0,0,,,,,1.0,15.773325192767285,1,1.0,1.0,1,1,15.808872202729855,15.737778182804714,0.0,,0,0.0,0.0,0,0,,,Organoid,0.9249986874955568,0.7902333959095438,proteotypicity,Q71U36,0.4189,21.0,0.0,0.0,0.0,0.0,0.1686182669789227,0.0,1.0,8.0,0.0,1,2.093879051717922,1,1,2.093879051717922
ENSG00000172969,0.0,,0,0.0,0.0,0,0,,,,,1.0,15.729763165071528,1,1.0,1.0,1,1,15.727459167737209,15.73206716240585,0.0,,0,0.0,0.0,0,0,,,Organoid,,,,A6NGY1,0.3247,10.0,0.0,0.0,0.0,0.0,0.3837209302325581,5.0,0.5,2.0,3.0,1,2.077136121427318,0,1,2.077136121427318
ENSG00000109339,1.0,21.868892160033745,1,1.0,1.0,1,1,22.2817052950531,21.45607902501439,6.0,6.0,1.0,15.729650579753145,1,1.0,1.0,1,1,15.923601419172376,15.535699740333914,0.0,,0,0.0,0.0,0,0,,,Organoid,,,,P53779,0.4184,22.0,0.0,0.0,0.0,0.0,0.1477272727272727,10.0,0.5454545454545454,10.0,4.0,1,2.0770928496092425,0,1,2.0770928496092425
ENSG00000170315,0.0,,0,0.0,0.0,0,0,,,,,1.0,15.678693039796476,1,1.0,1.0,1,1,15.66066678460163,15.696719294991322,0.0,,0,0.0,0.0,0,0,,,Media,0.8826108196878221,0.921187248288394,proteotypicity,P0CG47,0.1553,4.0,0.0,0.0,0.0,1.0,0.6923076923076923,0.0,1.0,3.0,0.0,1,2.057507477109277,1,1,2.057507477109277
ENSG00000188958,0.0,,0,0.0,0.0,0,0,,,,,1.0,15.65339248808686,1,1.0,1.0,1,1,15.682883961491683,15.623901014682037,0.0,,0,0.0,0.0,0,0,,,Organoid,,,,Q765I0,0.0,0.0,0.0,1.0,1.0,0.0,0.0,0.0,,0.0,0.0,1,2.0477832884983505,1,0,2.0477832884983505
ENSG00000161960,1.0,28.002748081609774,1,1.0,1.0,1,1,27.977846414886024,28.027649748333527,14.0,22.0,1.0,15.647871127861592,1,1.0,1.0,1,1,15.677885960350547,15.617856295372636,0.0,,0,0.0,0.0,0,0,,,Organoid,0.9561337768559104,0.9842312982314542,proteotypicity,P60842,0.455,21.0,0.0,0.0,0.0,1.0,0.4015748031496063,10.0,0.5238095238095238,2.0,4.0,1,2.045661170813503,0,1,2.045661170813503
ENSG00000072062,1.0,24.424960696234017,1,1.0,1.0,1,1,24.375976256869684,24.473945135598342,6.0,6.0,1.0,15.63052177940764,1,1.0,1.0,1,1,15.591891063538153,15.669152495277132,0.0,,0,0.0,0.0,0,0,,,Organoid,0.9921195877028836,0.970058884303598,proteotypicity,P17612,0.4188,17.0,0.0,0.0,0.0,1.0,0.2423312883435582,6.0,0.6470588235294118,2.0,5.0,1,2.0389930025229757,0,1,2.0389930025229757
ENSG00000186298,1.0,24.01576474138593,1,1.0,1.0,1,1,23.844931946910044,24.186597535861807,4.0,4.0,1.0,17.254162559871073,1,1.0,1.0,1,1,17.273932018412186,17.234393101329964,1.0,6.216928326084341,1,1.0,1.0,1,1,6.102863480351383,6.3309931718173,Organoid,0.8998036862091706,0.9564897420477344,proteotypicity,P36873,0.4597,17.0,0.0,0.0,0.0,0.0,0.261744966442953,4.0,0.7647058823529411,2.0,3.0,1,2.0327522108209486,0,1,2.0327522108209486
ENSG00000196890,1.0,26.26548906657098,1,1.0,1.0,1,1,25.641694539102946,26.88928359403902,0.0,1.0,1.0,15.581786287102044,1,1.0,1.0,1,1,15.47121005454586,15.692362519658227,0.0,,0,0.0,0.0,0,0,,,Organoid,,,,Q8N257,0.5033,7.0,0.0,0.0,0.0,0.0,0.3366336633663366,0.0,1.0,15.0,0.0,1,2.0202616671487412,1,1,2.0202616671487412
ENSG00000037241,1.0,22.27796699668688,1,1.0,1.0,1,1,22.216928009369006,22.339005984004764,2.0,2.0,1.0,15.569348617126693,1,1.0,1.0,1,1,15.537453321275654,15.601243912977731,0.0,,0,0.0,0.0,0,0,,,Organoid,0.6786646649774278,0.7720150142880081,proteotypicity,Q9UNX3,0.3477,6.0,0.0,0.0,0.0,0.0,0.7603305785123967,1.0,0.8333333333333334,1.0,1.0,1,2.0154812872539103,0,1,2.0154812872539103
ENSG00000173933,1.0,23.32236906599092,1,1.0,1.0,1,1,23.395182200787833,23.249555931194003,3.0,3.0,1.0,15.556892657594853,1,1.0,1.0,1,1,15.738432731588961,15.375352583600748,0.0,,0,0.0,0.0,0,0,,,Organoid,0.5040787640333865,0.9448767856696892,proteotypicity,Q9BWF3,0.4465,18.0,0.0,0.0,0.0,0.0,0.2647058823529412,4.0,0.7777777777777778,1.0,2.0,1,2.0106938778247456,0,1,2.0106938778247456
ENSG00000181218,0.0,,0,0.0,0.0,0,0,,,,,1.0,15.447754558086814,1,1.0,1.0,1,1,15.387873640292446,15.507635475881182,0.0,,0,0.0,0.0,0,0,,,Organoid,,,,Q7L7L0,0.3541,5.0,0.0,0.0,0.0,0.0,0.2952380952380952,0.0,1.0,14.0,0.0,1,1.9687469876369372,1,1,1.9687469876369372
ENSG00000143862,1.0,26.17340463760201,1,1.0,1.0,1,1,26.28387152503337,26.062937750170658,4.0,10.0,1.0,15.444572662164823,1,1.0,1.0,1,1,15.598731764276057,15.290413560053597,0.0,,0,0.0,0.0,0,0,,,Organoid,0.9402704598882574,0.9673587637342048,proteotypicity,Q96BM9,0.4669,10.0,0.0,0.0,0.0,0.0,0.3209876543209876,4.0,0.6,1.0,1.0,1,1.967524035804072,0,1,1.967524035804072
ENSG00000116288,1.0,27.564732520337817,1,1.0,1.0,1,1,27.557611864254408,27.57185317642122,18.0,18.0,1.0,16.689267887314195,1,1.0,1.0,1,1,16.568145905761767,16.810389868866622,1.0,6.493821911992731,1,1.0,1.0,1,1,6.3955689172574655,6.592074906727997,Media,0.6106023998855377,0.8524720693005592,hydrophobicity,Q99497,0.0,0.0,0.0,0.0,0.0,1.0,0.0,0.0,,0.0,0.0,1,1.9598199582926186,1,0,1.9598199582926186
ENSG00000204388,0.0,,0,0.0,0.0,0,0,,,,,1.0,15.4142557700822,1,1.0,1.0,1,1,15.432925291035389,15.395586249129016,0.0,,0,0.0,0.0,0,0,,,Organoid,0.8077939351097239,0.8390398231575981,proteotypicity,P0DMV9,0.4568,32.0,0.0,0.0,0.0,0.0,0.349025974025974,0.0,1.0,7.0,0.0,1,1.955871832322814,1,1,1.955871832322814
ENSG00000211896,1.0,28.98863362102596,1,1.0,1.0,1,1,28.954306998199577,29.02296024385233,4.0,9.0,1.0,15.373305636294011,1,1.0,1.0,1,1,14.993520905602036,15.753090366985987,0.0,,0,0.0,0.0,0,0,,,Media,,,,P01857,0.3871,17.0,1.0,1.0,0.0,1.0,0.1386666666666666,0.0,1.0,4.0,0.0,1,1.940132775357994,1,1,1.940132775357994
ENSG00000101460,1.0,28.179663005305397,1,1.0,1.0,1,1,28.232548045495584,28.126777965115206,3.0,5.0,1.0,17.950044100625256,1,1.0,1.0,1,1,18.00042633586201,17.8996618653885,1.0,4.383722263468597,1,1.0,1.0,1,1,4.9876753075788836,3.77976921935831,Organoid,0.7614138777675916,0.6726093228494513,proteotypicity,Q9H492,0.2803,4.0,0.0,0.0,0.0,0.0,0.5104166666666666,2.0,0.5,2.0,0.0,1,1.9306193809169463,0,1,1.9306193809169463
ENSG00000160072,1.0,20.010225099285883,1,1.0,1.0,1,1,18.921615419148214,21.09883477942356,6.0,9.0,0.0,,0,0.0,0.0,0,0,,,1.0,8.20682556922219,1,1.0,1.0,1,1,8.47565426254572,7.937996875898657,Organoid,0.8821783955098421,0.9466852140178694,proteotypicity,Q5T9A4,0.4685,34.0,0.0,0.0,0.0,1.0,0.4414125200642054,11.0,0.6764705882352942,2.0,2.0,1,1.914515892415038,0,1,1.914515892415038
ENSG00000104388,1.0,26.343786574204863,1,1.0,1.0,1,1,26.41708807840705,26.270485070002678,9.0,9.0,1.0,15.291783160593962,1,1.0,1.0,1,1,15.409175678411312,15.17439064277661,0.0,,0,0.0,0.0,0,0,,,Organoid,0.9077332050797108,0.973452655970023,proteotypicity,P61019,0.5521,13.0,0.0,0.0,0.0,0.0,0.213903743315508,6.0,0.5384615384615384,1.0,3.0,1,1.908799864564762,0,1,1.908799864564762
ENSG00000234278,0.0,,0,0.0,0.0,0,0,,,,,1.0,15.199393152036713,1,1.0,1.0,1,1,15.263395449906778,15.13539085416664,0.0,,0,0.0,0.0,0,0,,,Organoid,,,,P86478,0.086,2.0,0.0,0.0,0.0,0.0,0.1928934010152284,0.0,1.0,4.0,0.0,1,1.873290051210204,1,1,1.873290051210204
ENSG00000162374,0.5,25.800078957974684,0,1.0,0.0,1,0,25.800078957974687,,6.0,10.0,1.0,14.58356575762931,1,1.0,1.0,1,1,14.922468582269241,14.244662932989382,1.0,8.91048831208052,1,1.0,1.0,1,1,9.163748880452076,8.657227743708964,Media,0.3972590429338188,0.8020231200585922,proteotypicity,P26378,0.4717,20.0,0.0,0.0,0.0,0.0,0.0914127423822714,8.0,0.6,2.0,3.0,1,1.866091502813032,0,1,1.866091502813032
ENSG00000135486,1.0,28.957686808921977,1,1.0,1.0,1,1,29.197581874257338,28.717791743586616,1.0,24.0,1.0,15.16907827941497,1,1.0,1.0,1,1,15.676243029971975,14.661913528857962,0.0,,0,0.0,0.0,0,0,,,Media,0.9648427951801316,0.8970849073414414,proteotypicity,P09651,0.4646,18.0,0.0,0.0,0.0,0.0,0.2873563218390804,1.0,0.9444444444444444,5.0,1.0,1,1.8616386239024747,0,1,1.8616386239024747
ENSG00000171314,1.0,29.48471318387907,1,1.0,1.0,1,1,29.631655234696478,29.337771133061654,10.0,20.0,1.0,15.135655837345064,1,1.0,1.0,1,1,15.554695165864288,14.71661650882584,0.0,,0,0.0,0.0,0,0,,,Media,0.892665575020433,0.9597448034576826,proteotypicity,P18669,0.4513,13.0,0.0,1.0,0.0,0.0,0.3275109170305676,6.0,0.5384615384615384,2.0,2.0,1,1.8487928119116632,0,1,1.8487928119116632
ENSG00000105419,1.0,21.80655591730876,1,1.0,1.0,1,1,22.021292517779578,21.59181931683794,2.0,3.0,1.0,13.792744257288152,1,1.0,1.0,1,1,13.889970191547922,13.69551832302838,0.0,9.888612238686944,0,0.0,0.0,0,0,9.968455593580302,9.808768883793586,Organoid,0.4090133548575893,0.2611635481411679,proteotypicity,Q99687,0.2919,12.0,0.0,0.0,0.0,0.0,0.2535612535612536,4.0,0.6666666666666666,4.0,0.0,1,1.839963362104966,0,1,1.839963362104966
ENSG00000196507,1.0,22.988037083940537,1,1.0,1.0,1,1,22.976343711909742,22.99973045597133,3.0,5.0,1.0,15.109612770381068,1,1.0,1.0,1,1,15.144718925491478,15.07450661527066,0.0,,0,0.0,0.0,0,0,,,Organoid,0.823112056888924,0.8717779654760843,proteotypicity,Q969E4,0.5777,13.0,0.0,0.0,0.0,0.0,0.9034090909090908,3.0,0.7692307692307693,2.0,3.0,1,1.8387832398647168,0,1,1.8387832398647168
ENSG00000169629,0.0,,0,0.0,0.0,0,0,,,,,1.0,15.08119320965435,1,1.0,1.0,1,1,15.029864675908822,15.132521743399874,0.0,,0,0.0,0.0,0,0,,,Organoid,0.1894119521576955,0.4623686064607552,proteotypicity,O14715,0.4372,87.0,0.0,0.0,0.0,0.0,0.4014933946008041,3.0,0.9655172413793104,14.0,2.0,1,1.8278602698078525,0,1,1.8278602698078525
ENSG00000166913,1.0,26.385684448618427,1,1.0,1.0,1,1,26.569846346372834,26.20152255086403,6.0,6.0,1.0,15.079016756864736,1,1.0,1.0,1,1,15.17560123375615,14.982432279973319,0.0,,0,0.0,0.0,0,0,,,Media,0.8976288878807299,0.9171988876589238,proteotypicity,P31946,0.4985,14.0,0.0,0.0,0.0,0.0,0.3918918918918919,7.0,0.5,6.0,4.0,1,1.8270237569257661,0,1,1.8270237569257661
ENSG00000140941,0.0,,0,0.0,0.0,0,0,,,,,1.0,15.075556865047416,1,1.0,1.0,1,1,15.198396613816518,14.952717116278317,0.0,,0,0.0,0.0,0,0,,,Media,0.2904873716243933,0.612724153745769,proteotypicity,Q9GZQ8,0.2042,3.0,0.0,0.0,0.0,0.0,0.5104166666666666,0.0,1.0,2.0,0.0,1,1.8256939582323948,1,1,1.8256939582323948
ENSG00000013016,1.0,22.104732900183503,1,1.0,1.0,1,1,22.329918117469276,21.879547682897737,13.0,13.0,1.0,16.62467712031073,1,1.0,1.0,1,1,16.731888678384337,16.517465562237117,1.0,5.296182171140278,1,1.0,1.0,1,1,5.35818446122892,5.234179881051636,Organoid,0.9574735484489988,0.9882817924570504,proteotypicity,Q9NZN3,0.4599,28.0,0.0,0.0,0.0,1.0,0.4227005870841487,13.0,0.5357142857142857,2.0,6.0,1,1.793317369194984,0,1,1.793317369194984
ENSG00000079974,0.1,13.621410886162034,0,0.2,0.0,0,0,13.621410886162034,,1.0,1.0,1.0,14.831789181890167,1,1.0,1.0,1,1,14.983485305392588,14.680093058387746,1.0,7.815181057459396,1,1.0,1.0,1,1,7.694383364810413,7.9359787501083785,Organoid,0.787504150265987,0.7428085753432201,proteotypicity,Q9UNT1,0.4981,13.0,0.0,0.0,0.0,0.0,0.3039215686274509,2.0,0.8461538461538461,1.0,1.0,1,1.7728697329293,0,1,1.7728697329293
ENSG00000008128,1.0,16.711503351566023,1,1.0,1.0,1,1,16.75922401228381,16.663782690848233,3.0,3.0,0.0,,0,0.0,0.0,0,0,,,1.0,7.569604834342229,1,1.0,1.0,1,1,7.693230081664693,7.445979587019764,Organoid,0.9787425729975344,0.8635734026074855,proteotypicity,Q9UQ88,0.4159,38.0,0.0,0.0,0.0,0.0,0.5731225296442688,4.0,0.8947368421052632,2.0,3.0,1,1.7505445189036386,0,1,1.7505445189036386
ENSG00000139112,0.0,,0,0.0,0.0,0,0,,,1.0,1.0,1.0,14.864865314051272,1,1.0,1.0,1,1,14.88711470036768,14.842615927734863,0.0,,0,0.0,0.0,0,0,,,Media,0.7199276389741565,0.3898566338544985,proteotypicity,Q9H0R8,0.2136,3.0,0.0,0.0,0.0,0.0,0.4565217391304347,1.0,0.6666666666666666,2.0,1.0,1,1.7447153138087457,0,1,1.7447153138087457
ENSG00000167460,1.0,27.538128680703245,1,1.0,1.0,1,1,27.584218809117836,27.492038552288655,9.0,21.0,1.0,14.863906700399784,1,1.0,1.0,1,1,15.021610167116378,14.706203233683187,0.0,,0,0.0,0.0,0,0,,,Media,0.9329668925285174,0.9545761103267376,proteotypicity,P67936,0.4908,14.0,0.0,0.0,0.0,0.0,0.9865470852017936,5.0,0.6428571428571429,3.0,4.0,1,1.7443468736237622,0,1,1.7443468736237622
ENSG00000161970,0.0,,0,0.0,0.0,0,0,,,2.0,11.0,1.0,14.85180745156894,1,1.0,1.0,1,1,15.444537917459053,14.259076985678826,0.0,,0,0.0,0.0,0,0,,,Media,0.956835506738634,0.7720150142880081,proteotypicity,P61254,0.3477,6.0,0.0,0.0,0.0,0.0,0.7603305785123967,1.0,0.8333333333333334,1.0,1.0,1,1.739696564846624,0,1,1.739696564846624
ENSG00000230667,0.0,,0,0.0,0.0,0,0,,,,,1.0,14.846541929263331,1,1.0,1.0,1,1,14.849739776481403,14.843344082045258,0.0,,0,0.0,0.0,0,0,,,Organoid,0.9315303797902836,0.9750455767413486,proteotypicity,P0DME0,0.2675,9.0,0.0,0.0,0.0,0.0,0.832089552238806,4.0,0.5555555555555556,1.0,4.0,1,1.7376727776730299,0,1,1.7376727776730299
ENSG00000150991,0.0,,0,0.0,0.0,0,0,,,,,1.0,14.70379638011515,1,1.0,1.0,1,1,14.712463118524145,14.695129641706156,0.0,,0,0.0,0.0,0,0,,,Organoid,0.5562924988639217,0.8454719696605718,proteotypicity,P0CG48,0.0519,4.0,0.0,0.0,0.0,1.0,0.6923076923076923,0.0,1.0,3.0,0.0,1,1.682808968408364,1,1,1.682808968408364
ENSG00000164508,0.0,,0,0.0,0.0,0,0,,,,,1.0,14.587410570536017,1,1.0,1.0,1,1,14.551323878208573,14.623497262863463,0.0,,0,0.0,0.0,0,0,,,Organoid,0.5975985491149547,0.5870879607944589,proteotypicity,Q96QV6,0.4215,6.0,0.0,0.0,0.0,0.0,0.2735849056603773,2.0,0.6666666666666666,14.0,1.0,1,1.6380764433246233,0,1,1.6380764433246233
ENSG00000198077,0.0,,0,0.0,0.0,0,0,,,,,1.0,14.567919836433214,1,1.0,1.0,1,1,14.49810422788658,14.637735444979842,0.0,,0,0.0,0.0,0,0,,,Organoid,0.971702904751616,0.7409787882470801,proteotypicity,P20853,0.514,29.0,0.0,0.0,0.0,1.0,0.2787234042553191,11.0,0.6206896551724138,2.0,6.0,1,1.630585240098844,0,1,1.630585240098844
ENSG00000204389,1.0,27.875620679134347,1,1.0,1.0,1,1,27.676013690061247,28.075227668207447,0.0,15.0,1.0,15.53973142871861,1,1.0,1.0,1,1,15.510922281825703,15.568540575611516,1.0,5.63546270087833,1,1.0,1.0,1,1,5.576194977752648,5.694730424004016,Organoid,0.9551444896478456,0.8781332377133354,proteotypicity,P0DMV8,0.4568,32.0,0.0,1.0,0.0,0.0,0.349025974025974,0.0,1.0,7.0,0.0,1,1.6284719073112512,1,1,1.6284719073112512
ENSG00000234745,1.0,22.52352542218628,1,1.0,1.0,1,1,22.444901265622214,22.602149578750335,6.0,7.0,1.0,14.5388362446915,1,1.0,1.0,1,1,14.581384049636355,14.496288439746644,0.0,,0,0.0,0.0,0,0,,,Organoid,0.834978110453977,0.9754112499319676,proteotypicity,P01889,0.3955,16.0,1.0,0.0,1.0,1.0,0.4012738853503185,8.0,0.5,4.0,5.0,1,1.6194070517800447,0,1,1.6194070517800447
ENSG00000100380,1.0,27.09221834877327,1,1.0,1.0,1,1,27.31788214680982,26.86655455073672,0.0,6.0,1.0,16.311523478191486,1,1.0,1.0,1,1,16.460295450733092,16.16275150564988,1.0,4.360015202649136,1,1.0,1.0,1,1,4.3673034663431185,4.352726938955152,Organoid,0.7227477106348551,0.8790270857193309,proteotypicity,P50502,0.3145,13.0,0.0,0.0,0.0,0.0,0.6231884057971014,0.0,1.0,2.0,0.0,1,1.6126890375318932,1,1,1.6126890375318932
ENSG00000152082,1.0,24.268919039198067,1,1.0,1.0,1,1,24.026802574367338,24.511035504028797,2.0,5.0,0.0,,0,0.0,0.0,0,0,,,1.0,7.014994809299509,1,1.0,1.0,1,1,7.015302240534133,7.014687378064885,Organoid,0.2912381729296566,0.654245373117871,proteotypicity,Q6NZ67,0.4314,7.0,0.0,0.0,0.0,0.0,0.1716417910447761,2.0,0.7142857142857143,1.0,1.0,1,1.6078307580487319,0,1,1.6078307580487319
ENSG00000141551,1.0,20.79285824100142,1,1.0,1.0,1,1,20.641560437365605,20.944156044637232,6.0,6.0,1.0,12.246069670161422,1,1.0,1.0,1,1,12.358815782956805,12.133323557366039,1.0,10.370227608887689,1,1.0,1.0,1,1,10.308343022894373,10.432112194881004,Organoid,0.734620325100971,0.8667114406550956,proteotypicity,P48730,0.4648,22.0,0.0,0.0,0.0,1.0,0.2736572890025575,9.0,0.5909090909090909,2.0,4.0,1,1.6046988597006107,0,1,1.6046988597006107
ENSG00000107643,1.0,24.491727143062423,1,1.0,1.0,1,1,24.765882575163864,24.217571710960975,8.0,17.0,1.0,14.461935252850694,1,1.0,1.0,1,1,14.792173213365057,14.13169729233633,0.0,,0,0.0,0.0,0,0,,,Organoid,0.8007858190202942,0.908722382609272,proteotypicity,P45983,0.4141,20.0,0.0,0.0,0.0,0.0,0.1836228287841191,10.0,0.5,10.0,6.0,1,1.5898503939802422,0,1,1.5898503939802422
ENSG00000155366,1.0,23.43167564094016,1,1.0,1.0,1,1,22.980204736781218,23.883146545099088,1.0,1.0,1.0,14.269357770262085,1,1.0,1.0,1,1,14.067783213795783,14.470932326728382,1.0,7.151672213836173,1,1.0,1.0,1,1,6.82380768664135,7.479536741030996,Organoid,,,,P08134,0.3635,8.0,0.0,0.0,0.0,1.0,0.5180722891566265,2.0,0.75,2.0,1.0,1,1.5794173976513022,0,1,1.5794173976513022
ENSG00000115042,1.0,23.750842697833452,1,1.0,1.0,1,1,24.213745399259306,23.28793999640761,3.0,12.0,1.0,14.424203094236422,1,1.0,1.0,1,1,14.898890824820256,13.949515363652589,0.0,,0,0.0,0.0,0,0,,,Organoid,0.8046008137253018,0.8673616698586909,proteotypicity,Q96GK7,0.2891,10.0,0.0,0.0,0.0,0.0,0.1067961165048543,2.0,0.8,1.0,1.0,1,1.5753481557969096,0,1,1.5753481557969096
ENSG00000175387,1.0,21.099860493679685,1,1.0,1.0,1,1,21.136977751047652,21.062743236311725,4.0,4.0,1.0,13.551701233955953,1,1.0,1.0,1,1,13.675635870140377,13.427766597771527,1.0,8.136457905843715,1,1.0,1.0,1,1,7.897929468610398,8.374986343077031,Organoid,0.7426952501300479,0.7393471377502124,proteotypicity,Q15796,0.325,17.0,0.0,0.0,0.0,0.0,0.090497737556561,7.0,0.5882352941176471,4.0,3.0,1,1.5682067322914603,0,1,1.5682067322914603
ENSG00000172531,1.0,25.7564675343602,1,1.0,1.0,1,1,25.73499456864849,25.777940500071907,7.0,10.0,1.0,14.392617191399427,1,1.0,1.0,1,1,14.453968134466212,14.331266248332643,0.0,,0,0.0,0.0,0,0,,,Organoid,0.7857622670082055,0.960882863841028,proteotypicity,P62136,0.4798,18.0,0.0,0.0,0.0,0.0,0.1967213114754098,4.0,0.7777777777777778,2.0,4.0,1,1.5632082119664912,0,1,1.5632082119664912
ENSG00000100320,1.0,22.949314627227363,1,1.0,1.0,1,1,23.08955988773884,22.80906936671589,3.0,11.0,1.0,14.391998249468331,1,1.0,1.0,1,1,14.671263236523965,14.1127332624127,0.0,,0,0.0,0.0,0,0,,,Organoid,0.5400938419552701,0.7738296240372415,proteotypicity,O43251,0.2659,11.0,0.0,0.0,0.0,0.0,0.1147540983606557,5.0,0.5454545454545454,2.0,3.0,1,1.5629703235541645,0,1,1.5629703235541645
ENSG00000134138,1.0,22.707473534574184,1,1.0,1.0,1,1,22.628827803231072,22.786119265917296,4.0,10.0,1.0,14.779493075365986,1,1.0,1.0,1,1,14.903620132900238,14.655366017831728,1.0,6.1677944935602,1,1.0,1.0,1,1,6.037217804816213,6.298371182304185,Organoid,0.4197259527922788,0.5772821214410205,proteotypicity,O14770,0.2317,12.0,0.0,0.0,0.0,0.0,0.1479028697571744,4.0,0.6666666666666666,4.0,2.0,1,1.550864812969658,0,1,1.550864812969658
ENSG00000173914,1.0,25.02021967199252,1,1.0,1.0,1,1,25.071567077220386,24.968872266764652,4.0,19.0,1.0,14.314818586340415,1,1.0,1.0,1,1,14.34864949826754,14.280987674413296,0.0,,0,0.0,0.0,0,0,,,Organoid,0.5283810777158596,0.8662662799882943,proteotypicity,Q9BQ04,0.4732,19.0,0.0,0.0,0.0,0.0,0.2656716417910448,5.0,0.7368421052631579,1.0,1.0,1,1.5333065593091193,0,1,1.5333065593091193
ENSG00000088256,1.0,24.26889458126348,1,1.0,1.0,1,1,24.32382105531368,24.213968107213283,8.0,11.0,1.0,14.306254452988007,1,1.0,1.0,1,1,14.413476784570008,14.19903212140601,0.0,,0,0.0,0.0,0,0,,,Organoid,0.9343000562628572,0.9795723935764756,proteotypicity,P29992,0.4511,19.0,0.0,0.0,0.0,1.0,0.4328358208955223,9.0,0.5263157894736842,5.0,7.0,1,1.5300149612062885,0,1,1.5300149612062885
ENSG00000101335,1.0,25.65408747625522,1,1.0,1.0,1,1,25.915878766008507,25.392296186501934,3.0,9.0,1.0,14.304194775572748,1,1.0,1.0,1,1,14.449538327149043,14.158851223996454,0.0,,0,0.0,0.0,0,0,,,Organoid,0.8966950341078014,0.9589609052787156,proteotypicity,P24844,0.4539,9.0,0.0,0.0,0.0,0.0,0.5986394557823129,4.0,0.5555555555555556,2.0,1.0,1,1.5292233305773,0,1,1.5292233305773
ENSG00000188486,1.0,34.01504309426758,1,1.0,1.0,1,1,33.96020674118585,34.06987944734931,3.0,11.0,1.0,14.301455796103642,1,1.0,1.0,1,1,14.24906623287813,14.353845359329148,0.0,,0,0.0,0.0,0,0,,,Organoid,0.7067237856967775,0.7302354108482493,proteotypicity,P16104,0.4622,7.0,0.0,0.0,0.0,0.0,0.2457627118644068,2.0,0.7142857142857143,14.0,2.0,1,1.5281706123099383,0,1,1.5281706123099383
ENSG00000112592,1.0,23.326118961691726,1,1.0,1.0,1,1,23.4644124397441,23.18782548363935,2.0,6.0,1.0,14.188109100182686,1,1.0,1.0,1,1,14.314969160049577,14.061249040315795,0.0,,0,0.0,0.0,0,0,,,Organoid,0.6166939223953828,0.5202490993615386,proteotypicity,P20226,0.2387,9.0,0.0,0.0,0.0,0.0,0.1079365079365079,2.0,0.7777777777777778,1.0,1.0,1,1.4846061611386305,0,1,1.4846061611386305
ENSG00000157349,1.0,20.009277269215705,1,1.0,1.0,1,1,20.38166787341556,19.63688666501585,2.0,2.0,1.0,13.260559538334864,1,1.0,1.0,1,1,13.329575963133824,13.191543113535904,1.0,7.853879377799939,1,1.0,1.0,1,1,7.808917869043482,7.898840886556397,Organoid,0.7387376372188025,0.8191522452444387,proteotypicity,Q9UMR2,0.4821,26.0,0.0,0.0,0.0,0.0,0.3193832599118942,4.0,0.8461538461538461,1.0,2.0,1,1.4759000903491026,0,1,1.4759000903491026
ENSG00000101608,0.0,,0,0.0,0.0,0,0,,,,,1.0,14.1565681276117,1,1.0,1.0,1,1,14.263725073353143,14.049411181870251,0.0,,0,0.0,0.0,0,0,,,Organoid,0.8565167084262768,0.8883542106525427,proteotypicity,P19105,0.4547,9.0,0.0,0.0,0.0,0.0,0.6054421768707483,1.0,0.8888888888888888,2.0,0.0,1,1.4724834861166567,0,1,1.4724834861166567
ENSG00000162385,1.0,26.78652881257456,1,1.0,1.0,1,1,26.62404065952854,26.94901696562057,0.0,12.0,1.0,14.141612433747738,1,1.0,1.0,1,1,13.99066633925751,14.292558528237967,0.0,,0,0.0,0.0,0,0,,,Organoid,0.9021882119164178,0.9204731956984574,proteotypicity,P61326,0.5826,10.0,0.0,0.0,0.0,0.0,0.6065573770491803,1.0,0.9,1.0,0.0,1,1.4667353115468043,0,1,1.4667353115468043
ENSG00000078328,1.0,12.542179980863876,1,1.0,1.0,1,1,13.110911710913246,11.973448250814505,1.0,1.0,1.0,14.132714477224606,1,1.0,1.0,1,1,14.428086048022527,13.837342906426684,0.0,,0,0.0,0.0,0,0,,,Organoid,0.6080450837019026,0.668079561219418,proteotypicity,Q9NWB1,0.2337,10.0,0.0,0.0,0.0,0.0,0.1126005361930295,4.0,0.6,2.0,4.0,1,1.4633154095432495,0,1,1.4633154095432495
ENSG00000122852,0.0,,0,0.0,0.0,0,0,,,,,1.0,14.096031053145865,1,1.0,1.0,1,1,14.010735618278455,14.181326488013278,0.0,,0,0.0,0.0,0,0,,,Organoid,0.7930844023107791,0.6094329792343022,proteotypicity,Q8IWL2,0.343,9.0,0.0,1.0,1.0,0.0,0.088235294117647,0.0,1.0,1.0,0.0,1,1.4492162492272824,1,1,1.4492162492272824
ENSG00000115756,1.0,24.5650692307042,1,1.0,1.0,1,1,24.652372352360977,24.477766109047426,7.0,9.0,1.0,14.368024570282577,1,1.0,1.0,1,1,14.772799826447988,13.963249314117169,1.0,5.910308355663572,1,1.0,1.0,1,1,5.8019379276930785,6.018678783634066,Organoid,0.8631820123938085,0.961489608961975,proteotypicity,P37235,0.6723,15.0,0.0,0.0,0.0,0.0,0.4761904761904761,6.0,0.6,2.0,3.0,1,1.438662973999146,0,1,1.438662973999146
ENSG00000127955,1.0,23.31709000575321,1,1.0,1.0,1,1,23.34313787065013,23.2910421408563,8.0,8.0,1.0,14.049237125687364,1,1.0,1.0,1,1,14.030133098804773,14.068341152569957,0.0,,0,0.0,0.0,0,0,,,Organoid,0.9944516242582234,0.954442085175217,proteotypicity,P63096,0.3469,14.0,0.0,0.0,0.0,1.0,0.4133738601823708,7.0,0.5,10.0,3.0,1,1.4312311482826447,0,1,1.4312311482826447
ENSG00000278289,0.0,,0,0.0,0.0,0,0,,,,,1.0,14.019553690442876,1,1.0,1.0,1,1,13.932027458145768,14.107079922739981,0.0,,0,0.0,0.0,0,0,,,Organoid,0.041965809797825,0.1581848819917939,proteotypicity,P0DMU7,0.4239,9.0,0.0,0.0,0.0,0.0,0.5333333333333333,0.0,1.0,8.0,0.0,1,1.4198224119732339,1,1,1.4198224119732339
ENSG00000116030,1.0,26.95214038794669,1,1.0,1.0,1,1,26.545766342787477,27.358514433105917,0.0,4.0,0.0,,0,0.0,0.0,0,0,,,1.0,6.218874443138956,1,1.0,1.0,1,1,5.892996898943097,6.544751987334817,Organoid,0.8699893551720644,0.9343453707650052,proteotypicity,P63165,0.3461,4.0,0.0,0.0,0.0,1.0,0.5972222222222222,2.0,0.5,1.0,0.0,1,1.4029708990167822,0,1,1.4029708990167822
ENSG00000078967,0.0,,0,0.0,0.0,0,0,,,,,1.0,13.962869277558443,1,1.0,1.0,1,1,14.135523493297367,13.790215061819524,0.0,,0,0.0,0.0,0,0,,,Organoid,0.2754079546740625,0.7857886307494101,proteotypicity,Q9Y2X8,0.2403,4.0,0.0,0.0,0.0,0.0,0.1463414634146341,2.0,0.5,3.0,1.0,1,1.398035933618362,0,1,1.398035933618362
ENSG00000197903,0.0,,0,0.0,0.0,0,0,,,,,1.0,13.952180232425436,1,1.0,1.0,1,1,13.879939236792357,14.02442122805852,0.0,,0,0.0,0.0,0,0,,,Organoid,0.2851739778755584,0.3716883026190949,proteotypicity,O60814,0.504,7.0,0.0,0.0,0.0,0.0,0.3366336633663366,0.0,1.0,15.0,0.0,1,1.3939276322604686,1,1,1.3939276322604686
ENSG00000143761,1.0,27.92488556363601,1,1.0,1.0,1,1,27.746633204590985,28.10313792268105,2.0,8.0,1.0,13.95179253925382,1,1.0,1.0,1,1,13.887743330158958,14.015841748348677,0.0,,0,0.0,0.0,0,0,,,Organoid,0.6598333992689743,0.9025923880953142,proteotypicity,P84077,0.4348,9.0,0.0,0.0,0.0,0.0,0.1923076923076923,1.0,0.8888888888888888,3.0,0.0,1,1.3937786235919134,0,1,1.3937786235919134
ENSG00000164032,1.0,30.181581723516068,1,1.0,1.0,1,1,30.194817857127834,30.168345589904295,0.0,5.0,1.0,13.93248228776308,1,1.0,1.0,1,1,13.814966748869484,14.049997826656673,0.0,,0,0.0,0.0,0,0,,,Organoid,0.3623468962711034,0.5124891369085414,proteotypicity,P0C0S5,0.3689,5.0,0.0,0.0,0.0,0.0,0.2621359223300971,0.0,1.0,14.0,0.0,1,1.3863567882985346,1,1,1.3863567882985346
ENSG00000258102,1.0,27.07582882602913,1,1.0,1.0,1,1,27.203892911246385,26.947764740811873,0.0,1.0,1.0,15.870919649767853,1,1.0,1.0,1,1,15.968106444289798,15.773732855245905,0.0,3.172443902731062,0,0.0,0.0,0,0,3.211336886311737,3.1335509191503865,Organoid,0.4582316817497193,0.6303763218850419,proteotypicity,A6NCE7,0.2051,3.0,0.0,0.0,0.0,0.0,0.5104166666666666,0.0,1.0,2.0,0.0,1,1.3752221405375518,1,1,1.3752221405375518
ENSG00000182583,0.0,,0,0.0,0.0,0,0,,,,,1.0,13.708854410524742,1,1.0,1.0,1,1,13.723852014339807,13.693856806709679,0.0,,0,0.0,0.0,0,0,,,Organoid,0.3671647023836255,0.3250673707391072,proteotypicity,Q9H320,0.0897,2.0,0.0,0.0,0.0,0.0,0.7362637362637363,0.0,1.0,4.0,0.0,1,1.3004061069898651,1,1,1.3004061069898651
ENSG00000196459,0.0,,0,0.0,0.0,0,0,,,0.0,6.0,1.0,13.705510375455578,1,1.0,1.0,1,1,13.693029143652202,13.717991607258952,0.0,,0,0.0,0.0,0,0,,,Media,0.6410394905109458,0.635178700748903,proteotypicity,P0DI81,0.3649,6.0,0.0,0.0,0.0,0.0,0.1982758620689655,0.0,1.0,1.0,0.0,1,1.29912083747846,1,1,1.29912083747846
ENSG00000184270,1.0,28.35736546117882,1,1.0,1.0,1,1,27.976399194581433,28.738331727776206,1.0,2.0,1.0,13.70294445397128,1,1.0,1.0,1,1,13.681669486850234,13.724219421092329,0.0,,0,0.0,0.0,0,0,,,Organoid,0.6152088646038968,0.6682770558548126,proteotypicity,Q8IUE6,0.4287,6.0,0.0,0.0,0.0,0.0,0.2761904761904762,2.0,0.6666666666666666,14.0,2.0,1,1.298134633511032,0,1,1.298134633511032
ENSG00000101460,1.0,28.13038618638427,1,1.0,1.0,1,1,28.3410274660838,27.91974490668474,3.0,5.0,1.0,16.65550259641649,1,1.0,1.0,1,1,16.71874634887609,16.59225884395689,0.3,1.3042718795147883,0,0.2,0.4,0,0,1.3190629836578331,1.2894807753717437,Media,0.7614138777675916,0.6726093228494513,proteotypicity,Q9H492,0.2803,4.0,0.0,0.0,0.0,0.0,0.5104166666666666,2.0,0.5,2.0,0.0,1,1.2856365977462043,0,1,1.2856365977462043
ENSG00000274997,0.0,,0,0.0,0.0,0,0,,,,,1.0,13.653650433709275,1,1.0,1.0,1,1,13.596119068911415,13.711181798507138,0.0,,0,0.0,0.0,0,0,,,Organoid,0.1888968536857733,0.4118333871378687,proteotypicity,Q96KK5,0.3596,5.0,0.0,0.0,0.0,0.0,0.3009708737864077,0.0,1.0,14.0,0.0,1,1.2791886296483421,1,1,1.2791886296483421
ENSG00000274641,0.0,,0,0.0,0.0,0,0,,,,,1.0,13.648161531672358,1,1.0,1.0,1,1,13.668380654901194,13.627942408443525,0.0,,0,0.0,0.0,0,0,,,Organoid,0.5193860277624478,0.5792935017716934,proteotypicity,P23527,0.5034,7.0,0.0,0.0,0.0,0.0,0.3366336633663366,0.0,1.0,15.0,0.0,1,1.2770789871675579,1,1,1.2770789871675579
ENSG00000140992,1.0,23.66163619971193,1,1.0,1.0,1,1,23.766471912789463,23.556800486634394,7.0,20.0,1.0,13.63448014811978,1,1.0,1.0,1,1,13.800900132696981,13.468060163542578,0.0,,0,0.0,0.0,0,0,,,Organoid,0.937371952486892,0.9264777893785512,proteotypicity,O15530,0.3959,25.0,0.0,0.0,0.0,1.0,0.3007518796992481,9.0,0.64,1.0,6.0,1,1.2718205898151738,0,1,1.2718205898151738
ENSG00000188219,0.0,,0,0.0,0.0,0,0,,,,,1.0,13.625660153444574,1,1.0,1.0,1,1,13.566063038480621,13.68525726840853,0.0,,0,0.0,0.0,0,0,,,Organoid,,,,Q6S8J3,0.4367,53.0,0.0,1.0,0.0,0.0,0.4167459562321599,5.0,0.9056603773584906,11.0,1.0,1,1.2684306522061664,0,1,1.2684306522061664
ENSG00000173598,1.0,22.689510533820737,1,1.0,1.0,1,1,22.77228904703049,22.606732020610995,1.0,3.0,1.0,12.903675843803214,1,1.0,1.0,1,1,12.814635325001486,12.992716362604941,1.0,6.70498506511565,1,1.0,1.0,1,1,6.550960275825401,6.8590098544059,Organoid,0.697294722292977,0.7415644434608513,proteotypicity,Q9NZJ9,0.394,8.0,0.0,0.0,0.0,0.0,0.5576923076923077,1.0,0.875,4.0,1.0,1,1.259498214109361,0,1,1.259498214109361
ENSG00000182247,1.0,18.008754692506898,1,1.0,1.0,1,1,18.265422951656998,17.752086433356794,2.0,2.0,1.0,11.689056167175451,1,1.0,1.0,1,1,11.617521260117751,11.760591074233155,1.0,8.450396230963582,1,1.0,1.0,1,1,8.502835281411652,8.397957180515519,Organoid,0.4310318677042664,0.6519113943409482,proteotypicity,Q96LR5,0.3145,7.0,0.0,0.0,0.0,0.0,0.2613636363636363,2.0,0.7142857142857143,2.0,2.0,1,1.2506475359948914,0,1,1.2506475359948914
ENSG00000122824,1.0,22.29379446545741,1,1.0,1.0,1,1,21.90838196510457,22.679206965810245,1.0,1.0,1.0,11.759756270322436,1,1.0,1.0,1,1,11.707142097297103,11.812370443347765,1.0,8.29268360011219,1,1.0,1.0,1,1,8.2719440986976,8.31342310152678,Organoid,0.6997689139648638,0.5827977677997325,proteotypicity,Q8NFP7,0.5405,10.0,0.0,0.0,0.0,0.0,0.6714285714285714,1.0,0.9,4.0,1.0,1,1.2439426970522722,0,1,1.2439426970522722
ENSG00000170365,1.0,21.927554050535136,1,1.0,1.0,1,1,22.123149409290846,21.731958691779433,3.0,4.0,1.0,11.949570046148205,1,1.0,1.0,1,1,11.953300273341679,11.945839818954731,1.0,7.843761200479266,1,1.0,1.0,1,1,7.808127212255809,7.879395188702723,Organoid,0.781469012621535,0.7075406893085733,proteotypicity,Q15797,0.421,22.0,0.0,0.0,0.0,0.0,0.0952380952380952,6.0,0.7272727272727273,4.0,3.0,1,1.2226608984410876,0,1,1.2226608984410876
ENSG00000197620,1.0,18.92627373319555,1,1.0,1.0,1,1,18.32992132997806,19.522626136413045,0.0,5.0,1.0,13.445341501910937,1,1.0,1.0,1,1,13.114647463703857,13.776035540118006,0.0,,0,0.0,0.0,0,0,,,Organoid,,,,Q8TE69,0.503,9.0,0.0,0.0,0.0,0.0,0.2164179104477611,1.0,0.8888888888888888,1.0,1.0,1,1.199125737526595,0,1,1.199125737526595
ENSG00000146938,1.0,21.45986722788401,1,1.0,1.0,1,1,21.748964358671795,21.170770097096227,2.0,11.0,1.0,13.439934370860712,1,1.0,1.0,1,1,14.169140188608718,12.710728553112705,0.0,,0,0.0,0.0,0,0,,,Organoid,0.6776337212496378,0.502567008930882,abundance,Q8N0W4,0.2502,23.0,1.0,0.0,1.0,1.0,0.1304926764314247,5.0,0.782608695652174,4.0,2.0,1,1.1970475234710334,0,1,1.1970475234710334
ENSG00000204389,1.0,27.186750170092107,1,1.0,1.0,1,1,27.375300998998217,26.998199341186,0.0,15.0,1.0,15.745337074969346,1,1.0,1.0,1,1,15.679324241848835,15.811349908089857,0.8,1.939028716154444,1,0.6,1.0,0,1,1.3982331096716347,2.479824322637254,Media,0.9551444896478456,0.8781332377133354,proteotypicity,P0DMV8,0.4568,32.0,0.0,1.0,0.0,0.0,0.349025974025974,0.0,1.0,7.0,0.0,1,1.1923956277994499,1,1,1.1923956277994499
ENSG00000100197,0.0,,0,0.0,0.0,0,0,,,,,1.0,13.415589850629052,1,1.0,1.0,1,1,13.327070703490232,13.504108997767878,0.0,,0,0.0,0.0,0,0,,,Organoid,0.8952227067774855,0.6097738380603446,proteotypicity,P10635,0.4124,23.0,0.0,0.0,0.0,1.0,0.1712473572938689,9.0,0.6086956521739131,1.0,5.0,1,1.1876907825946992,0,1,1.1876907825946992
ENSG00000116030,0.6,20.17648780677775,0,1.0,0.2,1,0,20.24259885698312,19.84593255575091,0.0,4.0,0.0,,0,0.0,0.0,0,0,,,1.0,5.340700825534015,1,1.0,1.0,1,1,5.3486818345825355,5.332719816485495,Media,0.8699893551720644,0.9343453707650052,proteotypicity,P63165,0.3461,4.0,0.0,0.0,0.0,1.0,0.5972222222222222,2.0,0.5,1.0,0.0,1,1.1769968740389503,0,1,1.1769968740389503
ENSG00000125285,1.0,17.39719401548223,1,1.0,1.0,1,1,17.51363361481933,17.280754416145136,1.0,1.0,1.0,13.37982439989502,1,1.0,1.0,1,1,13.574032958290065,13.185615841499978,0.0,,0,0.0,0.0,0,0,,,Organoid,,,,Q9Y651,0.3149,9.0,0.0,0.0,0.0,0.0,0.2857142857142857,4.0,0.5555555555555556,5.0,3.0,1,1.1739444424878014,0,1,1.1739444424878014
ENSG00000111196,0.0,,0,0.0,0.0,0,0,,,,,1.0,13.378492102048948,1,1.0,1.0,1,1,13.273218441252045,13.483765762845845,0.0,,0,0.0,0.0,0,0,,,Organoid,0.5576811482753717,0.7887993729741252,proteotypicity,Q96A72,0.521,9.0,0.0,0.0,0.0,0.0,0.5853658536585366,0.0,1.0,1.0,0.0,1,1.1734323779411535,1,1,1.1734323779411535
ENSG00000219481,0.0,,0,0.0,0.0,0,0,,,,,1.0,13.371205690989708,1,1.0,1.0,1,1,13.325457651636489,13.416953730342925,0.0,,0,0.0,0.0,0,0,,,Organoid,0.177542259576944,0.1174362391466826,abundance,Q3BBV0,0.3878,54.0,0.0,0.0,0.0,0.0,0.5957983193277311,21.0,0.6111111111111112,11.0,8.0,1,1.1706318684404113,0,1,1.1706318684404113
ENSG00000113658,0.0,,0,0.0,0.0,0,0,,,4.0,11.0,1.0,16.558370363731278,1,1.0,1.0,1,1,16.451605501779163,16.66513522568339,1.0,0.5216268374203421,1,1.0,1.0,1,1,0.5140643806179992,0.5291892942226848,Media,0.7652100346519973,0.7503489334927582,proteotypicity,Q99717,0.4019,21.0,0.0,0.0,0.0,0.0,0.0977272727272727,8.0,0.6190476190476191,4.0,4.0,1,1.1662741855112038,0,1,1.1662741855112038
ENSG00000138069,1.0,27.773589714342204,1,1.0,1.0,1,1,27.75651719593127,27.790662232753142,8.0,14.0,1.0,13.25444758161922,1,1.0,1.0,1,1,13.385389018537008,13.123506144701432,0.0,,0,0.0,0.0,0,0,,,Organoid,0.9492270038233432,0.9549425011230342,proteotypicity,P62820,0.6173,14.0,0.0,0.0,0.0,0.0,0.2055555555555555,6.0,0.5714285714285714,23.0,3.0,1,1.1257562510860952,0,1,1.1257562510860952
ENSG00000184678,0.0,,0,0.0,0.0,0,0,,,,,1.0,13.223445552306078,1,1.0,1.0,1,1,13.461208742724148,12.98568236188801,0.0,,0,0.0,0.0,0,0,,,Media,0.5417858001531303,0.3553753907789369,proteotypicity,Q16778,0.5029,7.0,0.0,0.0,0.0,0.0,0.3366336633663366,0.0,1.0,15.0,0.0,1,1.1138407172344014,1,1,1.1138407172344014
ENSG00000170142,0.0,,0,0.0,0.0,0,0,,,0.0,1.0,1.0,13.202458776716655,1,1.0,1.0,1,1,13.823085023977082,12.58183252945623,0.0,,0,0.0,0.0,0,0,,,Media,0.6216396333914542,0.6486138512226739,proteotypicity,P51965,0.327,7.0,0.0,0.0,0.0,0.0,0.1726190476190476,3.0,0.5714285714285714,2.0,2.0,1,1.1057745151013796,0,1,1.1057745151013796
ENSG00000109181,0.0,,0,0.0,0.0,0,0,,,,,1.0,13.201975439203292,1,1.0,1.0,1,1,13.141295213444684,13.262655664961901,0.0,,0,0.0,0.0,0,0,,,Organoid,,,,P36537,0.3291,20.0,1.0,0.0,1.0,1.0,0.0977130977130977,9.0,0.55,7.0,1.0,1,1.1055887458265974,0,1,1.1055887458265974
ENSG00000271449,0.0,,0,0.0,0.0,0,0,,,,,1.0,13.183550100336806,1,1.0,1.0,1,1,13.191730646945652,13.175369553727961,0.0,,0,0.0,0.0,0,0,,,Organoid,0.0342963421337395,0.2197402790845807,proteotypicity,Q5DJT8,0.4213,9.0,0.0,0.0,0.0,0.0,0.509090909090909,0.0,1.0,8.0,0.0,1,1.0985070239568784,1,1,1.0985070239568784
ENSG00000211890,0.0,,0,0.0,0.0,0,0,,,,,1.0,13.1632300388902,1,1.0,1.0,1,1,13.045093647143442,13.281366430636956,0.0,,0,0.0,0.0,0,0,,,Media,,,,P01877,0.3307,14.0,1.0,1.0,0.0,1.0,0.0108991825613079,0.0,1.0,2.0,0.0,1,1.0906970713376511,1,1,1.0906970713376511
ENSG00000182890,1.0,20.063947712841102,1,1.0,1.0,1,1,20.013123832131985,20.114771593550238,4.0,4.0,1.0,13.156592309400924,1,1.0,1.0,1,1,13.073527194640738,13.239657424161106,0.0,,0,0.0,0.0,0,0,,,Organoid,0.9622309154927844,0.985608739459218,proteotypicity,P49448,0.4558,28.0,0.0,0.0,0.0,0.0,0.2162162162162162,11.0,0.6071428571428571,1.0,5.0,1,1.0881458805872337,0,1,1.0881458805872337
ENSG00000159289,0.0,,0,0.0,0.0,0,0,,,,,0.0,,0,0.0,0.0,0,0,,,1.0,4.983667362098943,1,1.0,1.0,1,1,5.713045417432957,4.254289306764929,Organoid,0.3132862693692409,0.1962289395101168,proteotypicity,Q9NYA3,0.3502,28.0,0.0,0.0,0.0,0.0,0.6053811659192825,1.0,0.9642857142857144,6.0,1.0,1,1.0851240516644411,0,1,1.0851240516644411
ENSG00000119335,1.0,28.9196769960006,1,1.0,1.0,1,1,28.829051847104758,29.010302144896436,7.0,11.0,1.0,13.139695415534456,1,1.0,1.0,1,1,13.165162433224372,13.114228397844537,0.0,,0,0.0,0.0,0,0,,,Organoid,0.923678477815342,0.9344525474253256,proteotypicity,Q01105,0.2687,9.0,0.0,0.0,0.0,0.0,0.8150943396226416,4.0,0.5555555555555556,1.0,4.0,1,1.0816516118146722,0,1,1.0816516118146722
ENSG00000164611,0.7,14.965370872952304,1,0.6,0.8,0,1,15.105057057104014,14.86060623483852,1.0,2.0,1.0,10.882238794888805,1,1.0,1.0,1,1,10.812720203025306,10.951757386752302,1.0,8.334991523841119,1,1.0,1.0,1,1,8.142565493259458,8.52741755442278,Organoid,0.7134664056112451,0.58728276096575,proteotypicity,O95997,0.3632,8.0,0.0,0.0,0.0,0.0,0.3672316384180791,3.0,0.625,2.0,3.0,1,1.0807505315148562,0,1,1.0807505315148562
ENSG00000161640,0.2,12.764425345333546,0,0.4,0.0,0,0,12.764425345333546,,1.0,1.0,1.0,13.09619455391534,1,1.0,1.0,1,1,13.08785304601509,13.104536061815589,0.0,,0,0.0,0.0,0,0,,,Organoid,,,,Q96RL6,0.3298,25.0,1.0,0.0,1.0,1.0,0.0973724884080371,11.0,0.56,2.0,7.0,1,1.0649321905159927,0,1,1.0649321905159927
ENSG00000169750,1.0,23.16431451779416,1,1.0,1.0,1,1,22.681609210336898,23.647019825251416,2.0,2.0,1.0,13.221132289641684,1,1.0,1.0,1,1,13.205994402085569,13.236270177197804,1.0,4.6896163672567335,1,1.0,1.0,1,1,4.183280831960048,5.195951902553418,Organoid,0.6250708214076001,0.8921085284095369,proteotypicity,P60763,0.3274,7.0,0.0,0.0,0.0,1.0,0.2242424242424242,2.0,0.7142857142857143,6.0,0.0,1,1.0612048356989634,0,1,1.0612048356989634
ENSG00000185164,0.6,13.143331108450008,0,0.6,0.6,0,0,13.068461384777128,13.218200832122891,0.0,1.0,1.0,13.085252292003943,1,1.0,1.0,1,1,12.997616456653796,13.17288812735409,0.0,,0,0.0,0.0,0,0,,,Organoid,0.7080201503990561,0.8376627034311728,proteotypicity,Q5JPE7,0.4733,66.0,1.0,0.0,1.0,1.0,0.1204620462046204,3.0,0.9545454545454546,2.0,0.0,1,1.0607265660743666,0,1,1.0607265660743666
ENSG00000131721,0.0,,0,0.0,0.0,0,0,,,,,1.0,13.052550503508936,1,1.0,1.0,1,1,12.942489209597017,13.162611797420857,0.0,,0,0.0,0.0,0,0,,,Organoid,0.3425396176444239,0.3763378070830805,proteotypicity,Q9BQY4,0.2524,8.0,0.0,0.0,0.0,0.0,0.4166666666666667,0.0,1.0,1.0,0.0,1,1.0481577350508433,1,1,1.0481577350508433
ENSG00000174775,1.0,22.85377150872669,1,1.0,1.0,1,1,23.153991318965744,22.553551698487638,0.0,4.0,1.0,13.139412602289092,1,1.0,1.0,1,1,13.14902666434335,13.12979854023484,1.0,4.695245604218677,1,1.0,1.0,1,1,4.831684394412449,4.558806814024904,Organoid,0.9263168923740818,0.95503666383576,proteotypicity,P01112,0.4695,10.0,0.0,0.0,0.0,1.0,0.4629629629629629,3.0,0.7,2.0,2.0,1,1.0462247467454193,0,1,1.0462247467454193
ENSG00000080824,1.0,29.55297561185232,1,1.0,1.0,1,1,29.45819568846764,29.647755535237003,30.0,55.0,1.0,13.041153395084883,1,1.0,1.0,1,1,13.27074735707878,12.811559433090991,0.0,,0,0.0,0.0,0,0,,,Media,0.9858596362282038,0.984527767922914,proteotypicity,P07900,0.4016,34.0,0.0,0.0,0.0,1.0,0.594059405940594,16.0,0.5294117647058824,4.0,9.0,1,1.0437772917622274,0,1,1.0437772917622274
ENSG00000067560,0.2,24.558583913591903,0,0.4,0.0,0,0,24.558583913591903,,2.0,7.0,1.0,13.005249709263344,1,1.0,1.0,1,1,13.186726148608818,12.823773269917874,0.0,,0,0.0,0.0,0,0,,,Media,0.8735861299897846,0.9341779117292092,proteotypicity,P61586,0.4135,9.0,0.0,0.0,0.0,1.0,0.5180722891566265,3.0,0.6666666666666666,2.0,2.0,1,1.0299778214280133,0,1,1.0299778214280133
ENSG00000184260,0.0,,0,0.0,0.0,0,0,,,,,1.0,12.986402839256067,1,1.0,1.0,1,1,12.909960364568969,13.062845313943171,0.0,,0,0.0,0.0,0,0,,,Organoid,0.412728086430933,0.4996401894325361,proteotypicity,Q16777,0.3574,5.0,0.0,0.0,0.0,0.0,0.2980769230769231,0.0,1.0,14.0,0.0,1,1.0227340853711937,1,1,1.0227340853711937
ENSG00000154917,1.0,24.71642466164898,1,1.0,1.0,1,1,24.685552944979,24.747296378318957,6.0,6.0,1.0,14.87627478055399,1,1.0,1.0,1,1,14.890640819679712,14.86190874142827,0.9,1.8660376932620253,1,1.0,0.8,1,1,1.9389204727732352,1.7931549137508156,Organoid,0.8672098644183063,0.948145143274898,proteotypicity,Q9NRW1,0.5541,13.0,0.0,0.0,0.0,0.0,0.3858695652173913,6.0,0.5384615384615384,23.0,2.0,1,1.0159938042188437,0,1,1.0159938042188437
ENSG00000101911,1.0,23.48535818775273,1,1.0,1.0,1,1,23.54713609731195,23.42358027819352,7.0,8.0,1.0,12.927806318772308,1,1.0,1.0,1,1,13.016633931683907,12.838978705860706,0.0,,0,0.0,0.0,0,0,,,Organoid,0.9384636685964772,0.9750766806705548,proteotypicity,P11908,0.4314,15.0,0.0,0.0,0.0,0.0,0.2525597269624573,6.0,0.6,2.0,5.0,1,1.0002126943885803,0,1,1.0002126943885803
ENSG00000204065,0.5,23.28611650717756,0,0.6,0.4,0,0,23.250545085322234,23.339473639960538,4.0,10.0,1.0,12.9274036157634,1,1.0,1.0,1,1,13.074845088563478,12.779962142963322,0.0,,0,0.0,0.0,0,0,,,Media,0.922552988814237,0.8292408960548067,proteotypicity,Q5H9L2,0.5578,13.0,0.0,0.0,0.0,0.0,0.9505494505494504,6.0,0.5384615384615384,2.0,5.0,1,1.000057916735596,0,1,1.000057916735596
ENSG00000197165,0.0,,0,0.0,0.0,0,0,,,,,1.0,12.908765788192786,1,1.0,1.0,1,1,12.838533845311124,12.978997731074452,0.0,,0,0.0,0.0,0,0,,,Organoid,0.9134891838011764,0.9423851865516468,proteotypicity,P50226,0.5246,18.0,0.0,0.0,0.0,0.0,0.2361623616236162,7.0,0.6111111111111112,3.0,2.0,1,0.9928945254912191,0,1,0.9928945254912191
ENSG00000243466,0.0,,0,0.0,0.0,0,0,,,,,1.0,12.899052993184558,1,1.0,1.0,1,1,12.865751504065653,12.932354482303458,0.0,,0,0.0,0.0,0,0,,,Organoid,,,,P01602,0.1565,2.0,0.0,1.0,1.0,1.0,0.0,1.0,0.5,1.0,1.0,1,0.9891614428421407,0,1,0.9891614428421407
ENSG00000125835,1.0,27.495308148966803,1,1.0,1.0,1,1,27.44849666671674,27.542119631216867,3.0,14.0,1.0,12.895635597670571,1,1.0,1.0,1,1,12.840986937064077,12.950284258277074,0.0,,0,0.0,0.0,0,0,,,Organoid,0.9206564453647896,0.9438343032729016,proteotypicity,P14678,0.5689,14.0,0.0,0.0,0.0,0.0,0.1898148148148148,6.0,0.5714285714285714,1.0,2.0,1,0.9878479774712053,0,1,0.9878479774712053
ENSG00000037042,1.0,17.602513200796928,1,1.0,1.0,1,1,18.096856468985727,17.108169932608135,2.0,2.0,1.0,15.658303695614638,1,1.0,1.0,1,1,15.551461451349514,15.765145939879762,0.0,0.3777501469484252,0,0.0,0.0,0,0,0.36633558823023205,0.3891647056666183,Organoid,0.8291086188524532,0.9583014145531058,proteotypicity,Q9NRH3,0.411,21.0,0.0,0.0,0.0,0.0,0.2318501170960187,5.0,0.7619047619047619,1.0,2.0,1,0.9747938980373849,0,1,0.9747938980373849
ENSG00000100380,1.0,26.85552750876203,1,1.0,1.0,1,1,26.85624910429779,26.854805913226272,0.0,6.0,1.0,14.310371980128306,1,1.0,1.0,1,1,14.446941425440434,14.173802534816172,1.0,2.2289995727170138,1,1.0,1.0,1,1,1.9716062496402103,2.486392895793817,Media,0.7227477106348551,0.8790270857193309,proteotypicity,P50502,0.3145,13.0,0.0,0.0,0.0,0.0,0.6231884057971014,0.0,1.0,2.0,0.0,1,0.9539414800327627,1,1,0.9539414800327627
ENSG00000185630,1.0,18.2964296616744,1,1.0,1.0,1,1,18.411808248152862,18.181051075195942,4.0,4.0,1.0,11.354260327236524,1,1.0,1.0,1,1,11.275824923986374,11.432695730486673,1.0,6.619079988707968,1,1.0,1.0,1,1,6.512859235981386,6.725300741434547,Organoid,0.669996490709104,0.7916166268959263,proteotypicity,P40424,0.3217,15.0,0.0,0.0,0.0,0.0,0.2216748768472906,4.0,0.7333333333333333,3.0,1.0,1,0.9506890250066109,0,1,0.9506890250066109
ENSG00000204388,0.0,,0,0.0,0.0,0,0,,,,,1.0,12.788171372798017,1,1.0,1.0,1,1,12.821393228080913,12.75494951751512,0.0,,0,0.0,0.0,0,0,,,Media,0.8077939351097239,0.8390398231575981,proteotypicity,P0DMV9,0.4568,32.0,0.0,0.0,0.0,0.0,0.349025974025974,0.0,1.0,7.0,0.0,1,0.9465444358100736,1,1,0.9465444358100736
ENSG00000173110,1.0,29.20274235435311,1,1.0,1.0,1,1,28.907021216183125,29.498463492523094,5.0,16.0,1.0,12.716906816976053,1,1.0,1.0,1,1,12.694479922769176,12.739333711182926,0.0,,0,0.0,0.0,0,0,,,Organoid,0.9172918107440492,0.9915461940687986,proteotypicity,P17066,0.5209,37.0,0.0,1.0,0.0,1.0,0.3634894991922455,18.0,0.5135135135135135,7.0,11.0,1,0.9191541247196127,0,1,0.9191541247196127
ENSG00000089157,0.9,26.20143607558099,1,0.8,1.0,1,1,25.91544052208592,26.43023251837705,6.0,16.0,1.0,12.70516754463997,1,1.0,1.0,1,1,12.741775258423385,12.668559830856552,0.0,,0,0.0,0.0,0,0,,,Media,0.9790512305991202,0.963929767087303,proteotypicity,P05388,0.3793,13.0,0.0,0.0,0.0,0.0,0.0819112627986348,4.0,0.6923076923076923,1.0,2.0,1,0.9146421717922101,0,1,0.9146421717922101
ENSG00000255974,0.0,,0,0.0,0.0,0,0,,,,,1.0,12.701319960678884,1,1.0,1.0,1,1,12.653881076579793,12.748758844777976,0.0,,0,0.0,0.0,0,0,,,Organoid,0.8732989608577888,0.7508010060756003,proteotypicity,P11509,0.5485,31.0,0.0,0.0,0.0,1.0,0.3170212765957447,8.0,0.7419354838709677,2.0,4.0,1,0.9131633648253344,0,1,0.9131633648253344
ENSG00000168872,1.0,24.618608438509384,1,1.0,1.0,1,1,24.627418473124532,24.609798403894235,2.0,25.0,1.0,12.700531963462264,1,1.0,1.0,1,1,12.816747716088562,12.584316210835965,0.0,,0,0.0,0.0,0,0,,,Organoid,0.6995507068245561,0.8271617813867694,proteotypicity,Q9NUU7,0.5002,27.0,0.0,0.0,0.0,0.0,0.3222958057395143,4.0,0.8518518518518519,1.0,2.0,1,0.9128605005381347,0,1,0.9128605005381347
ENSG00000222038,1.0,31.1276660786176,1,1.0,1.0,1,1,31.187743004162,31.067589153073193,1.0,10.0,1.0,12.69897991249734,1,1.0,1.0,1,1,12.683331143381686,12.714628681612997,0.0,,0,0.0,0.0,0,0,,,Organoid,,,,P0CG39,0.443,52.0,0.0,1.0,0.0,0.0,0.408284023668639,4.0,0.9230769230769232,11.0,1.0,1,0.9122639745615504,0,1,0.9122639745615504
ENSG00000223638,0.0,,0,0.0,0.0,0,0,,,,,1.0,12.600702372499118,1,1.0,1.0,1,1,12.613924641933703,12.58748010306453,0.0,,0,0.0,0.0,0,0,,,Organoid,,,,A6NLU0,0.4343,14.0,0.0,0.0,0.0,0.0,0.2547528517110266,2.0,0.8571428571428571,1.0,0.0,1,0.8744913067506205,0,1,0.8744913067506205
ENSG00000184492,0.0,,0,0.0,0.0,0,0,,,,,1.0,12.558150485684164,1,1.0,1.0,1,1,12.510289082798161,12.606011888570162,0.0,,0,0.0,0.0,0,0,,,Organoid,,,,Q9NU39,0.3898,17.0,0.0,0.0,0.0,0.0,0.1666666666666666,8.0,0.5294117647058824,10.0,5.0,1,0.858136620975838,0,1,0.858136620975838
ENSG00000108691,0.0,,0,0.0,0.0,0,0,,,,,1.0,12.995747967156756,1,1.0,1.0,1,1,12.658679622103346,13.33281631221017,1.0,3.432164757697626,1,1.0,1.0,1,1,3.093182199167253,3.7711473162279985,Media,0.4494782291817478,0.6147236236028675,proteotypicity,P13500,0.1814,2.0,0.0,1.0,1.0,0.0,0.5576923076923077,1.0,0.5,1.0,0.0,1,0.8561065179206313,0,1,0.8561065179206313
ENSG00000132507,1.0,28.199689367235447,1,1.0,1.0,1,1,28.139396120280118,28.259982614190772,3.0,11.0,1.0,15.511899922639316,1,1.0,1.0,1,1,15.538505095664437,15.485294749614193,0.0,-0.4977099425808921,0,0.0,0.0,0,0,-0.5303116028587879,-0.4651082823029963,Organoid,0.9443367488611868,0.8981137179953551,proteotypicity,P63241,0.4159,7.0,0.0,0.0,0.0,1.0,0.2945736434108527,1.0,0.8571428571428571,2.0,1.0,1,0.8340210936371558,0,1,0.8340210936371558
ENSG00000248333,1.0,24.486813022464283,1,1.0,1.0,1,1,24.4199151745496,24.553710870378957,3.0,31.0,1.0,12.494357608254976,1,1.0,1.0,1,1,12.4319950537593,12.556720162750654,0.0,,0,0.0,0.0,0,0,,,Organoid,0.8383972362901699,0.9372519116803976,proteotypicity,P21127,0.4319,40.0,0.0,0.0,0.0,0.0,0.5914396887159533,6.0,0.85,2.0,5.0,1,0.8336180263113836,0,1,0.8336180263113836
ENSG00000173272,1.0,17.146084973508565,1,1.0,1.0,1,1,17.025293520804627,17.26687642621251,1.0,1.0,1.0,12.474209221181482,1,1.0,1.0,1,1,12.420743452635397,12.527674989727565,0.0,,0,0.0,0.0,0,0,,,Organoid,0.4116795824997705,0.6842167009993608,proteotypicity,Q6P582,0.5548,9.0,0.0,0.0,0.0,0.0,0.1492537313432835,4.0,0.5555555555555556,1.0,2.0,1,0.825874056205224,0,1,0.825874056205224
ENSG00000263956,0.0,,0,0.0,0.0,0,0,,,,,0.0,,0,0.0,0.0,0,0,,,1.0,3.964736688393249,1,1.0,1.0,1,1,3.037835062101255,4.891638314685244,Organoid,0.0786891601714266,0.1180652588027101,abundance,Q86T75,0.3822,38.0,0.0,0.0,0.0,0.0,0.6575505350772889,4.0,0.8947368421052632,11.0,1.0,1,0.8229300379811105,0,1,0.8229300379811105
ENSG00000184110,1.0,26.437338772428312,1,1.0,1.0,1,1,26.398040801591435,26.476636743265185,2.0,34.0,1.0,12.430583062803102,1,1.0,1.0,1,1,12.330889379686152,12.530276745920048,0.0,,0,0.0,0.0,0,0,,,Organoid,0.5677331605716948,0.8769524836970646,proteotypicity,Q99613,0.3892,41.0,0.0,0.0,0.0,0.0,0.5433070866141733,1.0,0.975609756097561,2.0,1.0,1,0.8091064774855756,0,1,0.8091064774855756
ENSG00000113658,1.0,24.71126441385068,1,1.0,1.0,1,1,24.80096152122956,24.621567306471796,4.0,11.0,1.0,14.823102278808728,1,1.0,1.0,1,1,14.83138386234134,14.814820695276115,1.0,0.31747962511481,1,1.0,1.0,1,1,0.37189258542801357,0.26306666480160634,Organoid,0.7652100346519973,0.7503489334927582,proteotypicity,Q99717,0.4019,21.0,0.0,0.0,0.0,0.0,0.0977272727272727,8.0,0.6190476190476191,4.0,4.0,1,0.8065358730961695,0,1,0.8065358730961695
ENSG00000153976,0.5,17.37615146277983,0,0.8,0.2,1,0,17.555256538832666,16.659731158568484,1.0,1.0,1.0,12.419527471331516,1,1.0,1.0,1,1,12.559655736636618,12.279399206026415,0.0,,0,0.0,0.0,0,0,,,Organoid,0.4555512897735984,0.33386556600785,abundance,Q9Y663,0.4454,20.0,1.0,0.0,0.0,1.0,0.3115183246073298,5.0,0.75,4.0,2.0,1,0.8048572951788441,0,1,0.8048572951788441
ENSG00000186787,1.0,17.084142255894857,1,1.0,1.0,1,1,17.435678866461604,16.732605645328118,0.0,4.0,1.0,12.38049992800349,1,1.0,1.0,1,1,12.34688066886122,12.41411918714576,0.0,,0,0.0,0.0,0,0,,,Organoid,0.4375159040225849,0.4005972598947049,proteotypicity,Q9BPZ2,0.5144,15.0,0.0,0.0,0.0,0.0,0.4615384615384615,1.0,0.9333333333333332,3.0,0.0,1,0.7898571798968284,0,1,0.7898571798968284
ENSG00000205916,0.0,,0,0.0,0.0,0,0,,,,,1.0,15.11829372454705,1,1.0,1.0,1,1,15.017036469468191,15.219550979625904,0.0,-0.2885436910406759,0,0.0,0.0,0,0,-0.2771135460156602,-0.2999738360656916,Organoid,0.3208380692357203,0.1082239276434017,abundance,Q86SG3,0.2315,15.0,0.0,0.0,0.0,0.0,0.0486486486486486,0.0,1.0,3.0,0.0,1,0.7852920471783936,1,1,0.7852920471783936
ENSG00000185651,1.0,26.233145339172875,1,1.0,1.0,1,1,26.330382974380598,26.135907703965152,3.0,8.0,1.0,12.36670811492812,1,1.0,1.0,1,1,12.34917877788755,12.38423745196869,0.0,,0,0.0,0.0,0,0,,,Organoid,0.9068234826220304,0.912408527521324,proteotypicity,P68036,0.3919,7.0,0.0,0.0,0.0,0.0,0.3,3.0,0.5714285714285714,1.0,3.0,1,0.7845563392997212,0,1,0.7845563392997212
ENSG00000103769,1.0,17.02514369571619,1,1.0,1.0,1,1,16.973132851753615,17.07715453967876,1.0,1.0,1.0,14.530936040242096,1,1.0,1.0,1,1,14.639178169546389,14.4226939109378,0.0,0.5096661219730927,0,0.0,0.0,0,0,0.5663866079265608,0.45294563601962456,Organoid,0.9350078119235063,0.9572361934970958,proteotypicity,P62491,0.5329,13.0,0.0,0.0,0.0,1.0,0.25,2.0,0.8461538461538461,2.0,1.0,1,0.7751162552732428,0,1,0.7751162552732428
ENSG00000198814,1.0,22.37394679877685,1,1.0,1.0,1,1,22.137715926324155,22.610177671229547,3.0,20.0,1.0,12.33221838551253,1,1.0,1.0,1,1,12.356500449786703,12.307936321238355,0.0,,0,0.0,0.0,0,0,,,Organoid,0.8320170963894807,0.8130050610554505,proteotypicity,P32189,0.4409,27.0,1.0,0.0,0.0,1.0,0.1401869158878504,2.0,0.925925925925926,2.0,1.0,1,0.7713003187264802,0,1,0.7713003187264802
ENSG00000213218,0.0,,0,0.0,0.0,0,0,,,,,1.0,12.32844508637964,1,1.0,1.0,1,1,12.39671771857824,12.260172454181037,0.0,,0,0.0,0.0,0,0,,,Organoid,,,,P0DML3,0.4001,10.0,0.0,1.0,1.0,0.0,0.3293413173652694,0.0,1.0,4.0,0.0,1,0.7698500629030185,1,1,0.7698500629030185
ENSG00000106153,1.0,22.88262085980924,1,1.0,1.0,1,1,23.11834001776094,22.646901701857537,1.0,4.0,1.0,12.294389267680286,1,1.0,1.0,1,1,12.18526023791736,12.40351829744321,0.0,,0,0.0,0.0,0,0,,,Organoid,0.3880231603045552,0.697478583214745,proteotypicity,Q9Y6H1,0.2578,4.0,0.0,0.0,0.0,0.0,0.0,1.0,0.75,1.0,0.0,1,0.7567608145683202,0,1,0.7567608145683202
ENSG00000143549,1.0,27.066194840556427,1,1.0,1.0,1,1,26.719948208036282,27.41244147307657,6.0,6.0,1.0,12.578575624218931,1,1.0,1.0,1,1,12.47393255168906,12.683218696748805,0.0,3.274089934349907,0,0.0,0.0,0,0,3.235606054519395,3.3125738141804177,Organoid,0.932020387201337,0.9729607895069404,proteotypicity,P06753,0.4856,16.0,0.0,0.0,0.0,0.0,0.9961538461538462,7.0,0.5625,3.0,5.0,1,0.7555989477416248,0,1,0.7555989477416248
ENSG00000198077,0.0,,0,0.0,0.0,0,0,,,,,1.0,12.284529756420683,1,1.0,1.0,1,1,12.238471941808083,12.330587571033288,0.0,,0,0.0,0.0,0,0,,,Media,0.971702904751616,0.7409787882470801,proteotypicity,P20853,0.514,29.0,0.0,0.0,0.0,1.0,0.2787234042553191,11.0,0.6206896551724138,2.0,6.0,1,0.7529713419828871,0,1,0.7529713419828871
ENSG00000172354,1.0,26.18015325765696,1,1.0,1.0,1,1,26.132699598700896,26.22760691661302,7.0,7.0,1.0,12.27825297873486,1,1.0,1.0,1,1,12.553896603064814,12.002609354404903,0.0,,0,0.0,0.0,0,0,,,Organoid,0.9797262843523664,0.9383694934030526,proteotypicity,P62879,0.3214,12.0,0.0,0.0,0.0,1.0,0.0571428571428571,4.0,0.6666666666666666,3.0,0.0,1,0.750558881939077,0,1,0.750558881939077
ENSG00000258102,1.0,27.24231004058011,1,1.0,1.0,1,1,27.53990073910387,26.944719342056352,0.0,1.0,1.0,16.08751396196135,1,1.0,1.0,1,1,15.987604125590554,16.187423798332144,0.0,-2.011238469761354,0,0.0,0.0,0,0,-1.5067043811665166,-2.515772558356191,Media,0.4582316817497193,0.6303763218850419,proteotypicity,A6NCE7,0.2051,3.0,0.0,0.0,0.0,0.0,0.5104166666666666,0.0,1.0,2.0,0.0,1,0.7499061897407059,1,1,0.7499061897407059
ENSG00000070756,1.0,26.669579103850623,1,1.0,1.0,1,1,26.74508524734126,26.594072960359984,8.0,24.0,1.0,12.276279156090537,1,1.0,1.0,1,1,12.462869387055388,12.089688925125682,0.0,,0,0.0,0.0,0,0,,,Organoid,0.9289080227897762,0.952161808300136,proteotypicity,P11940,0.4387,31.0,0.0,0.0,0.0,0.0,0.3202614379084967,7.0,0.7741935483870968,3.0,3.0,1,0.7498002493251239,0,1,0.7498002493251239
ENSG00000143632,0.0,,0,0.0,0.0,0,0,,,,,1.0,12.2669886886553,1,1.0,1.0,1,1,12.279481684944553,12.25449569236605,0.0,,0,0.0,0.0,0,0,,,Organoid,0.7864292637774811,0.9176938769859344,proteotypicity,P68133,0.4518,19.0,0.0,0.0,0.0,0.0,0.1590909090909091,2.0,0.8947368421052632,9.0,0.0,1,0.7462294869693931,0,1,0.7462294869693931
ENSG00000196565,0.3,17.668988389401004,0,0.0,0.6,0,0,,17.668988389401004,0.0,3.0,1.0,15.503573556170318,1,1.0,1.0,1,1,15.507641414155364,15.49950569818527,0.0,-1.1735916944911302,0,0.0,0.0,0,0,-0.9968838865372778,-1.3502995024449826,Organoid,0.9528647687157404,0.9335033751368402,proteotypicity,P69892,0.6201,10.0,0.0,0.0,0.0,0.0,0.1639344262295081,2.0,0.8,4.0,1.0,1,0.7454611212587804,0,1,0.7454611212587804
ENSG00000204531,0.8,19.398406184778253,1,0.8,0.8,1,1,18.98167717123254,19.81513519832396,4.0,5.0,1.0,12.258971307796395,1,1.0,1.0,1,1,12.185426452798893,12.3325161627939,0.0,,0,0.0,0.0,0,0,,,Organoid,0.4972364325449513,0.4389835765108409,proteotypicity,Q01860,0.2593,10.0,0.0,0.0,0.0,0.0,0.3125,5.0,0.5,4.0,3.0,1,0.7431480314923576,0,1,0.7431480314923576
ENSG00000173674,1.0,25.268743998765306,1,1.0,1.0,1,1,25.201061904868208,25.336426092662396,2.0,9.0,1.0,11.145162269996629,1,1.0,1.0,1,1,11.175898628101443,11.114425911891809,0.6,5.268767636123768,0,0.8,0.4,1,0,5.3662796277495985,5.171255644497938,Organoid,0.8525247668948155,0.8827801959097082,proteotypicity,P47813,0.4253,7.0,0.0,0.0,0.0,0.0,0.8083333333333333,1.0,0.8571428571428571,1.0,0.0,1,0.7367729054613463,0,1,0.7367729054613463
ENSG00000072062,0.0,,0,0.0,0.0,0,0,,,6.0,6.0,1.0,12.233812783694525,1,1.0,1.0,1,1,12.313734738928366,12.153890828460684,0.0,,0,0.0,0.0,0,0,,,Media,0.9921195877028836,0.970058884303598,proteotypicity,P17612,0.4188,17.0,0.0,0.0,0.0,1.0,0.2423312883435582,6.0,0.6470588235294118,2.0,5.0,1,0.7334784307521434,0,1,0.7334784307521434
ENSG00000213923,1.0,25.59897253067477,1,1.0,1.0,1,1,25.628868748449825,25.56907631289972,6.0,14.0,1.0,12.233780259534822,1,1.0,1.0,1,1,12.24682303765545,12.220737481414197,0.0,,0,0.0,0.0,0,0,,,Organoid,0.8299187152773568,0.8824479965866315,proteotypicity,P49674,0.465,22.0,0.0,0.0,0.0,0.0,0.2831632653061224,9.0,0.5909090909090909,2.0,5.0,1,0.7334659301921953,0,1,0.7334659301921953
ENSG00000143977,0.0,,0,0.0,0.0,0,0,,,0.0,4.0,1.0,12.178308396114431,1,1.0,1.0,1,1,12.39305430948868,11.963562482740187,0.0,,0,0.0,0.0,0,0,,,Media,0.8976458662956879,0.8346825121288114,proteotypicity,P62308,0.3531,3.0,0.0,0.0,0.0,0.0,0.2115384615384615,0.0,1.0,1.0,0.0,1,0.7121454914645919,1,1,0.7121454914645919
ENSG00000107105,0.4,23.98559530272508,0,0.8,0.0,1,0,23.98559530272508,,6.0,6.0,1.0,12.158661102761222,1,1.0,1.0,1,1,12.441615717103875,11.875706488418569,0.0,,0,0.0,0.0,0,0,,,Media,0.5625342068521225,0.7542198407594914,proteotypicity,Q12926,0.405,16.0,0.0,0.0,0.0,0.0,0.0985074626865671,5.0,0.6875,2.0,4.0,1,0.7045941151762956,0,1,0.7045941151762956
ENSG00000160868,0.0,,0,0.0,0.0,0,0,,,,,1.0,14.70337283969043,1,1.0,1.0,1,1,14.726649293811402,14.68009638556946,0.0,-0.3207822540387284,0,0.0,0.0,0,0,-0.43742004109707916,-0.20414446698037772,Organoid,0.7405611241668334,0.6992021068897156,proteotypicity,P08684,0.4011,23.0,1.0,0.0,0.0,1.0,0.2364016736401673,9.0,0.6086956521739131,3.0,3.0,1,0.7014074119361711,0,1,0.7014074119361711
ENSG00000163577,0.6,14.87859576508373,0,0.4,0.8,0,1,15.388754841749073,14.623516226751065,2.0,2.0,1.0,12.869072787189785,1,1.0,1.0,1,1,12.830997826043538,12.907147748336024,0.0,2.4085503143480773,0,0.0,0.0,0,0,2.6111115932971183,2.2059890353990377,Organoid,0.936135413358806,0.9465966178603644,proteotypicity,Q9GZV4,0.4168,7.0,0.0,0.0,0.0,1.0,0.265625,3.0,0.5714285714285714,2.0,1.0,1,0.70006328455761,0,1,0.70006328455761
ENSG00000204967,1.0,20.86025787392109,1,1.0,1.0,1,1,21.36294989191268,20.357565855929497,3.0,9.0,1.0,12.12994040454726,1,1.0,1.0,1,1,12.179690058064343,12.080190751030175,0.0,,0,0.0,0.0,0,0,,,Organoid,0.5269937092065936,0.333539116604592,abundance,Q9UN74,0.3813,39.0,1.0,0.0,1.0,1.0,0.1834451901565995,18.0,0.5384615384615384,14.0,12.0,1,0.6935554038598175,0,1,0.6935554038598175
ENSG00000078967,0.0,,0,0.0,0.0,0,0,,,,,1.0,12.102447124952269,1,1.0,1.0,1,1,12.403011371388828,11.801882878515702,0.0,,0,0.0,0.0,0,0,,,Media,0.2754079546740625,0.7857886307494101,proteotypicity,Q9Y2X8,0.2403,4.0,0.0,0.0,0.0,0.0,0.1463414634146341,2.0,0.5,3.0,1.0,1,0.6829884470842065,0,1,0.6829884470842065
ENSG00000152601,1.0,20.35556319595795,1,1.0,1.0,1,1,20.38570344243515,20.32542294948074,1.0,3.0,1.0,12.059038522519645,1,1.0,1.0,1,1,12.267483630910652,11.850593414128635,0.0,,0,0.0,0.0,0,0,,,Organoid,0.2276498838392216,0.8641807345644842,proteotypicity,Q9NR56,0.287,12.0,0.0,0.0,0.0,0.0,0.1510989010989011,5.0,0.5833333333333334,2.0,1.0,1,0.6663044853178263,0,1,0.6663044853178263
ENSG00000151967,0.0,,0,0.0,0.0,0,0,,,,,1.0,12.05809559208107,1,1.0,1.0,1,1,12.113983162980261,12.002208021181877,0.0,,0,0.0,0.0,0,0,,,Organoid,0.6254611843751917,0.3445016300661069,proteotypicity,P0DPB3,0.5049,27.0,0.0,0.0,0.0,0.0,0.4190064794816415,2.0,0.925925925925926,2.0,1.0,1,0.6659420729271037,0,1,0.6659420729271037
ENSG00000233803,0.0,,0,0.0,0.0,0,0,,,,,1.0,12.056378643773389,1,1.0,1.0,1,1,12.078362550514537,12.034394737032242,0.0,,0,0.0,0.0,0,0,,,Organoid,0.3175023533525192,0.2088365959199887,proteotypicity,P0CV99,0.3079,11.0,0.0,0.0,0.0,0.0,0.2724137931034482,0.0,1.0,14.0,0.0,1,0.665282169168058,1,1,0.665282169168058
ENSG00000173757,1.0,24.79212522262689,1,1.0,1.0,1,1,24.817880436975834,24.766370008277953,10.0,30.0,1.0,10.88072859308889,1,1.0,1.0,1,1,10.871229517878454,10.890227668299321,1.0,5.107486148299255,1,1.0,1.0,1,1,4.464725500343468,5.750246796255043,Organoid,0.856492755013277,0.9811257128767532,proteotypicity,P51692,0.4117,37.0,0.0,0.0,0.0,0.0,0.1480996068152031,14.0,0.6216216216216216,2.0,7.0,1,0.6652050778461587,0,1,0.6652050778461587
ENSG00000196368,1.0,24.38474267370825,1,1.0,1.0,1,1,24.070744105062595,24.698741242353893,2.0,10.0,1.0,12.030966617196675,1,1.0,1.0,1,1,11.912795645956592,12.149137588436762,0.0,,0,0.0,0.0,0,0,,,Organoid,0.7617234557198398,0.7138095676613069,proteotypicity,Q96G61,0.5388,10.0,0.0,0.0,0.0,0.0,0.7214285714285714,1.0,0.9,4.0,1.0,1,0.6555151355375654,0,1,0.6555151355375654
ENSG00000186847,1.0,19.781497657116688,1,1.0,1.0,1,1,20.017934438676683,19.545060875556686,8.0,8.0,1.0,10.382384956868083,1,1.0,1.0,1,1,10.30267201058463,10.462097903151536,1.0,5.742491751118961,1,1.0,1.0,1,1,6.056704126546165,5.4282793756917584,Organoid,0.9605547529461907,0.9821913721614004,proteotypicity,P02533,0.5818,30.0,0.0,0.0,0.0,0.0,0.4732142857142857,13.0,0.5666666666666667,16.0,8.0,1,0.6511373469074552,0,1,0.6511373469074552
ENSG00000187758,0.0,,0,0.0,0.0,0,0,,,,,1.0,12.016452470436557,1,1.0,1.0,1,1,11.940934959466649,12.091969981406459,0.0,,0,0.0,0.0,0,0,,,Organoid,0.9056577266270198,0.932732509186952,proteotypicity,P07327,0.4265,17.0,0.0,0.0,0.0,0.0,0.18,5.0,0.7058823529411765,2.0,3.0,1,0.649936668228158,0,1,0.649936668228158
ENSG00000124575,1.0,14.752631381731735,1,1.0,1.0,1,1,14.965726042536701,14.539536720926776,2.0,2.0,1.0,11.98238747190102,1,1.0,1.0,1,1,12.012638032767066,11.952136911034968,0.0,,0,0.0,0.0,0,0,,,Organoid,0.9634458246987132,0.900131104193861,proteotypicity,P16402,0.4922,11.0,0.0,0.0,0.0,0.0,0.6326530612244898,5.0,0.5454545454545454,5.0,3.0,1,0.6368438916518833,0,1,0.6368438916518833
ENSG00000211892,0.0,,0,0.0,0.0,0,0,,,,,1.0,11.961396021220963,1,1.0,1.0,1,1,11.986871805177067,11.935920237264861,0.0,,0,0.0,0.0,0,0,,,Organoid,,,,P01861,0.3422,15.0,1.0,1.0,0.0,1.0,0.0994623655913978,7.0,0.5333333333333333,4.0,2.0,1,0.6287758926622701,0,1,0.6287758926622701
ENSG00000112183,1.0,16.780071315166534,1,1.0,1.0,1,1,16.53820175284788,17.021940877485193,0.0,4.0,1.0,11.942861049730096,1,1.0,1.0,1,1,11.892021912081386,11.993700187378806,0.0,,0,0.0,0.0,0,0,,,Organoid,0.5085968891234299,0.4977203875252826,proteotypicity,Q9BX46,0.2018,5.0,0.0,0.0,0.0,0.0,0.1367924528301886,1.0,0.8,1.0,1.0,1,0.6216520338332614,0,1,0.6216520338332614
ENSG00000230667,0.0,,0,0.0,0.0,0,0,,,,,1.0,11.940517992561205,1,1.0,1.0,1,1,12.177545200717397,11.703490784405016,0.0,,0,0.0,0.0,0,0,,,Media,0.9315303797902836,0.9750455767413486,proteotypicity,P0DME0,0.2675,9.0,0.0,0.0,0.0,0.0,0.832089552238806,4.0,0.5555555555555556,1.0,4.0,1,0.6207514870745191,0,1,0.6207514870745191
ENSG00000159409,0.0,,0,0.0,0.0,0,0,,,3.0,4.0,1.0,11.92722165656952,1,1.0,1.0,1,1,12.267264106715757,11.587179206423283,0.0,,0,0.0,0.0,0,0,,,Media,0.5671569974510937,0.2842319135335751,abundance,Q5SZQ8,0.2572,13.0,0.0,0.0,0.0,0.0,0.1882086167800453,6.0,0.5384615384615384,2.0,4.0,1,0.6156410815584114,0,1,0.6156410815584114
ENSG00000177889,1.0,27.410104850695,1,1.0,1.0,1,1,27.54653471079329,27.27367499059671,5.0,12.0,1.0,11.903094613883566,1,1.0,1.0,1,1,12.163550495483463,11.642638732283668,0.0,,0,0.0,0.0,0,0,,,Media,0.902580917718634,0.9092448257954846,proteotypicity,P61088,0.5835,10.0,0.0,0.0,0.0,0.0,0.1796875,5.0,0.5,1.0,2.0,1,0.6063679275025287,0,1,0.6063679275025287
ENSG00000103512,1.0,22.897704649541005,1,1.0,1.0,1,1,22.88525040097736,22.910158898104648,2.0,43.0,1.0,11.107805274585203,1,1.0,1.0,1,1,11.061080872912214,11.15452967625819,1.0,4.285171305673398,1,1.0,1.0,1,1,4.235409900667491,4.334932710679306,Organoid,0.8335413677384401,0.8393975927387333,proteotypicity,Q15155,0.4765,64.0,1.0,0.0,1.0,1.0,0.1113967437874892,3.0,0.953125,2.0,1.0,1,0.6030430406142995,0,1,0.6030430406142995
ENSG00000277865,0.0,,0,0.0,0.0,0,0,,,,,1.0,11.86665591197563,1,1.0,1.0,1,1,11.821125071247263,11.912186752704,0.0,,0,0.0,0.0,0,0,,,Organoid,,,,H0YM25,0.3711,40.0,0.0,0.0,0.0,0.0,0.8216867469879519,2.0,0.95,6.0,1.0,1,0.5923628253942054,0,1,0.5923628253942054
ENSG00000136698,0.0,,0,0.0,0.0,0,0,,,,,1.0,11.990289034096165,1,1.0,1.0,1,1,12.055592459316756,11.924985608875577,1.0,2.854938446785153,1,1.0,1.0,1,1,2.9345074958335013,2.7753693977368057,Organoid,0.5281811855632872,0.0802064051516483,abundance,P0CG37,0.2032,5.0,0.0,1.0,1.0,1.0,0.0642201834862385,1.0,0.8,1.0,1.0,1,0.5886172835199395,0,1,0.5886172835199395
ENSG00000169131,0.0,,0,0.0,0.0,0,0,,,,,1.0,11.822656512309567,1,1.0,1.0,1,1,11.783922178929148,11.861390845689986,0.0,,0,0.0,0.0,0,0,,,Organoid,0.2231874416687818,0.161222822495233,abundance,O60765,0.52,36.0,0.0,0.0,0.0,0.0,0.2220309810671256,18.0,0.5,51.0,10.0,1,0.5754517925427866,0,1,0.5754517925427866
ENSG00000148672,1.0,25.85906588431684,1,1.0,1.0,1,1,25.873001774082915,25.845129994550764,5.0,29.0,1.0,11.802952022043112,1,1.0,1.0,1,1,11.808020418172827,11.797883625913396,0.0,,0,0.0,0.0,0,0,,,Organoid,0.9217275925032264,0.9720316358410696,proteotypicity,P00367,0.4398,27.0,0.0,0.0,0.0,0.0,0.2224532224532224,10.0,0.6296296296296297,1.0,2.0,1,0.56787843279821,0,1,0.56787843279821
ENSG00000186523,0.0,,0,0.0,0.0,0,0,,,,,1.0,11.785568389946471,1,1.0,1.0,1,1,11.750399236385903,11.820737543507041,0.0,,0,0.0,0.0,0,0,,,Organoid,0.5237539250185982,0.1851704534464912,proteotypicity,Q8N7N1,0.4078,15.0,0.0,0.0,0.0,0.0,0.2058823529411764,1.0,0.9333333333333332,4.0,0.0,1,0.5611970876959038,0,1,0.5611970876959038
ENSG00000213934,0.0,,0,0.0,0.0,0,0,,,,,1.0,11.774951570372242,1,1.0,1.0,1,1,11.69345037794331,11.856452762801174,0.0,,0,0.0,0.0,0,0,,,Organoid,0.9324864375305988,0.9193954976886964,proteotypicity,P69891,0.62,10.0,0.0,0.0,0.0,0.0,0.1639344262295081,2.0,0.8,4.0,1.0,1,0.5571165460076075,0,1,0.5571165460076075
ENSG00000147133,1.0,20.393742593412952,1,1.0,1.0,1,1,20.448552005439105,20.338933181386796,11.0,23.0,1.0,11.765154554825234,1,1.0,1.0,1,1,11.719951284383892,11.810357825266575,0.0,,0,0.0,0.0,0,0,,,Organoid,0.9332776204780276,0.7916620971569361,proteotypicity,P21675,0.354,76.0,0.0,0.0,0.0,0.0,0.512573568753344,32.0,0.5789473684210527,1.0,11.0,1,0.553351093455556,0,1,0.553351093455556
ENSG00000196604,0.5,13.195171287591233,0,1.0,0.0,1,0,13.195171287591231,,0.0,3.0,1.0,11.72488251109177,1,1.0,1.0,1,1,11.646939315627504,11.802825706556035,0.0,,0,0.0,0.0,0,0,,,Organoid,,,,A5A3E0,0.4446,54.0,0.0,0.0,0.0,0.0,0.4138915318744053,5.0,0.9074074074074074,11.0,2.0,1,0.5378726583010042,0,1,0.5378726583010042
ENSG00000196507,0.0,,0,0.0,0.0,0,0,,,3.0,5.0,1.0,11.720859696768636,1,1.0,1.0,1,1,11.884961933326085,11.556757460211184,0.0,,0,0.0,0.0,0,0,,,Media,0.823112056888924,0.8717779654760843,proteotypicity,Q969E4,0.5777,13.0,0.0,0.0,0.0,0.0,0.9034090909090908,3.0,0.7692307692307693,2.0,3.0,1,0.5363265020877377,0,1,0.5363265020877377
ENSG00000165246,0.0,,0,0.0,0.0,0,0,,,,,1.0,11.715082278939663,1,1.0,1.0,1,1,12.38278609960371,11.047378458275617,0.0,,0,0.0,0.0,0,0,,,Organoid,0.5691411110148652,0.5652797980501397,proteotypicity,Q8NFZ3,0.2717,25.0,1.0,0.0,1.0,1.0,0.1268357810413885,7.0,0.72,4.0,2.0,1,0.534105969456755,0,1,0.534105969456755
ENSG00000121905,1.0,19.62528067013868,1,1.0,1.0,1,1,19.642542015039584,19.608019325237784,6.0,6.0,1.0,11.713030478438329,1,1.0,1.0,1,1,11.702566789611852,11.723494167264807,0.0,,0,0.0,0.0,0,0,,,Organoid,0.9379390782353646,0.9643927724454264,proteotypicity,P84074,0.6688,15.0,0.0,0.0,0.0,1.0,0.4583333333333333,6.0,0.6,2.0,2.0,1,0.5333173662952126,0,1,0.5333173662952126
ENSG00000211896,0.8,19.085601901791208,1,0.8,0.8,1,1,19.645530175954782,18.525673627627636,4.0,9.0,1.0,11.686021419502008,1,1.0,1.0,1,1,11.647054700031266,11.724988138972757,0.0,,0,0.0,0.0,0,0,,,Organoid,,,,P01857,0.3871,17.0,1.0,1.0,0.0,1.0,0.1386666666666666,0.0,1.0,4.0,0.0,1,0.5229365182285444,1,1,0.5229365182285444
ENSG00000211899,0.0,,0,0.0,0.0,0,0,,,,,1.0,11.661901232354984,1,1.0,1.0,1,1,11.678351163248907,11.645451301461064,0.0,,0,0.0,0.0,0,0,,,Organoid,,,,P01871,0.4622,24.0,1.0,1.0,0.0,1.0,0.0466666666666666,7.0,0.7083333333333334,1.0,4.0,1,0.5136659990777952,0,1,0.5136659990777952
ENSG00000258947,1.0,32.860347802959666,1,1.0,1.0,1,1,32.991811852952836,32.72888375296649,13.0,34.0,0.0,,0,0.0,0.0,0,0,,,1.0,2.75175961143218,1,1.0,1.0,1,1,2.71848176137584,2.78503746148852,Organoid,0.8822853109686758,0.958758074939414,proteotypicity,Q13509,0.3767,19.0,0.0,0.0,0.0,0.0,0.1267605633802817,6.0,0.6842105263157895,9.0,3.0,1,0.5108034757708954,0,1,0.5108034757708954
ENSG00000205097,0.0,,0,0.0,0.0,0,0,,,,,1.0,11.61363186935766,1,1.0,1.0,1,1,11.604850767060524,11.622412971654796,0.0,,0,0.0,0.0,0,0,,,Organoid,,,,Q64ET8,0.3936,12.0,0.0,0.0,0.0,0.0,0.3346456692913386,2.0,0.8333333333333334,2.0,0.0,1,0.49511381905806623,0,1,0.49511381905806623
ENSG00000156976,0.1,25.388611206554668,0,0.0,0.2,0,0,,25.388611206554668,13.0,13.0,1.0,11.58228207647996,1,1.0,1.0,1,1,11.997646593102004,11.166917559857914,0.0,,0,0.0,0.0,0,0,,,Media,0.901501136214466,0.985238514415509,proteotypicity,Q14240,0.4741,22.0,0.0,0.0,0.0,0.0,0.412532637075718,11.0,0.5,2.0,6.0,1,0.4830646233584969,0,1,0.4830646233584969
ENSG00000177504,0.0,,0,0.0,0.0,0,0,,,,,1.0,11.553622975501304,1,1.0,1.0,1,1,11.551224112154125,11.556021838848485,0.0,,0,0.0,0.0,0,0,,,Organoid,0.3177931390357794,0.2835005204884403,proteotypicity,Q9H322,0.1364,2.0,0.0,0.0,0.0,0.0,0.5130434782608696,0.0,1.0,4.0,0.0,1,0.4720495867484408,1,1,0.4720495867484408
ENSG00000101266,1.0,26.260502304576363,1,1.0,1.0,1,1,26.27126458603231,26.24974002312042,4.0,21.0,1.0,11.565758879287342,1,1.0,1.0,1,1,11.677787967315181,11.453729791259503,0.1,2.461177417872341,0,0.0,0.2,0,0,2.4490259364349516,2.4733288993097298,Organoid,0.7804718046182779,0.9517570785510708,proteotypicity,P68400,0.3987,18.0,0.0,0.0,0.0,0.0,0.3978201634877384,2.0,0.8888888888888888,2.0,2.0,1,0.4563720293662883,0,1,0.4563720293662883
ENSG00000013016,0.0,,0,0.0,0.0,0,0,,,13.0,13.0,1.0,13.723931403768828,1,1.0,1.0,1,1,13.839012747801672,13.608850059735985,0.0,-0.7913811338435455,0,0.0,0.0,0,0,-0.7209443236861226,-0.8618179440009683,Media,0.9574735484489988,0.9882817924570504,proteotypicity,Q9NZN3,0.4599,28.0,0.0,0.0,0.0,1.0,0.4227005870841487,13.0,0.5357142857142857,2.0,6.0,1,0.4526368800816496,0,1,0.4526368800816496
ENSG00000113712,1.0,24.736873959915147,1,1.0,1.0,1,1,24.80005532291727,24.67369259691302,7.0,14.0,1.0,11.500400891416826,1,1.0,1.0,1,1,11.44978571866248,11.55101606417117,0.0,,0,0.0,0.0,0,0,,,Organoid,0.8429357240014784,0.8695667547304572,proteotypicity,P48729,0.4625,18.0,0.0,0.0,0.0,0.0,0.1762820512820513,9.0,0.5,2.0,4.0,1,0.45159384373366096,0,1,0.45159384373366096
ENSG00000120324,0.9,18.84870506547133,1,1.0,0.8,1,1,19.36742749738006,18.20030202558542,0.0,7.0,1.0,11.49944406772182,1,1.0,1.0,1,1,11.487776947091612,11.511111188352032,0.0,,0,0.0,0.0,0,0,,,Organoid,0.3339844296560946,0.1677269586418512,abundance,Q9UN67,0.3424,30.0,1.0,0.0,1.0,1.0,0.1653333333333333,9.0,0.7,17.0,7.0,1,0.4512260915129019,0,1,0.4512260915129019
ENSG00000126561,1.0,17.298089812465104,1,1.0,1.0,1,1,17.585312277212342,17.01086734771787,2.0,2.0,1.0,11.495382757837918,1,1.0,1.0,1,1,11.439225238199137,11.5515402774767,0.0,,0,0.0,0.0,0,0,,,Organoid,0.8697191565612431,0.9857920690896216,proteotypicity,P42229,0.4523,41.0,0.0,0.0,0.0,0.0,0.1688311688311688,18.0,0.5609756097560976,2.0,11.0,1,0.44966513965020116,0,1,0.44966513965020116
ENSG00000131508,0.0,,0,0.0,0.0,0,0,,,,,1.0,12.775553992831313,1,1.0,1.0,1,1,12.751318858491958,12.799789127170671,0.0,0.5660835204810983,0,0.0,0.0,0,0,0.4298582653980823,0.7023087755641144,Organoid,0.8308089622071592,0.8273643170952447,proteotypicity,P62837,0.239,4.0,0.0,0.0,0.0,0.0,0.1544715447154471,1.0,0.75,3.0,1.0,1,0.44503717064935394,0,1,0.44503717064935394
ENSG00000107404,1.0,19.62000963504368,1,1.0,1.0,1,1,19.568890363369228,19.67112890671812,5.0,15.0,1.0,11.479805743546404,1,1.0,1.0,1,1,11.414701729433947,11.54490975765886,0.0,,0,0.0,0.0,0,0,,,Organoid,0.8637565038092521,0.6564012588867739,proteotypicity,O14640,0.4123,31.0,0.0,0.0,0.0,1.0,0.2309985096870342,11.0,0.6451612903225806,3.0,8.0,1,0.44367816250028347,0,1,0.44367816250028347
ENSG00000167797,0.0,,0,0.0,0.0,0,0,,,,,1.0,11.747546471443098,1,1.0,1.0,1,1,11.628323619566693,11.866769323319502,1.0,2.083750675590869,1,1.0,1.0,1,1,2.275750133373323,1.8917512178084153,Organoid,0.3267760054253436,0.2647056958337103,proteotypicity,O75956,0.1527,2.0,0.0,0.0,0.0,0.0,0.2352941176470588,0.0,1.0,1.0,0.0,1,0.4427465399022298,1,1,0.4427465399022298
ENSG00000114978,0.0,,0,0.0,0.0,0,0,,,,,1.0,11.46965213232112,1,1.0,1.0,1,1,11.420760797926729,11.518543466715503,0.0,,0,0.0,0.0,0,0,,,Organoid,0.6590338727482078,0.9180649438155208,proteotypicity,Q9H8S9,0.3589,9.0,0.0,0.0,0.0,0.0,0.0837696335078534,1.0,0.8888888888888888,1.0,0.0,1,0.439775653504831,0,1,0.439775653504831
ENSG00000198692,0.0,,0,0.0,0.0,0,0,,,,,1.0,11.443614242081704,1,1.0,1.0,1,1,12.181981615259179,10.705246868904227,0.0,,0,0.0,0.0,0,0,,,Media,0.8074135158296847,0.87572964336482,proteotypicity,O14602,0.4257,7.0,0.0,0.0,0.0,0.0,0.8083333333333333,1.0,0.8571428571428571,1.0,0.0,1,0.4297680711159283,0,1,0.4297680711159283
ENSG00000074706,0.0,,0,0.0,0.0,0,0,,,,,0.0,,0,0.0,0.0,0,0,,,1.0,2.424127834019873,1,1.0,1.0,1,1,2.6300502498237988,2.2182054182159483,Organoid,0.2514472774226806,0.2741799612066924,proteotypicity,Q8WWN9,0.3674,18.0,0.0,0.0,0.0,1.0,0.4455205811138014,0.0,1.0,2.0,0.0,1,0.42649637525195633,1,1,0.42649637525195633
ENSG00000057149,0.1,13.168506029429793,0,0.2,0.0,0,0,13.168506029429793,,0.0,1.0,1.0,11.427454850655549,1,1.0,1.0,1,1,11.407774011650423,11.44713568966067,0.0,,0,0.0,0.0,0,0,,,Organoid,0.9147939383896246,0.984982106744119,proteotypicity,P29508,0.4937,22.0,0.0,1.0,0.0,0.0,0.3114754098360656,10.0,0.5454545454545454,1.0,7.0,1,0.42355725911984043,0,1,0.42355725911984043
ENSG00000136488,0.0,,0,0.0,0.0,0,0,,,,,1.0,12.44608847316481,1,1.0,1.0,1,1,12.454640207402797,12.437536738926823,0.4,0.8532853979594657,0,0.2,0.6,0,0,0.2888380499270208,1.4177327459919107,Organoid,,,,P0DML2,0.3997,10.0,0.0,1.0,1.0,0.0,0.3293413173652694,0.0,1.0,4.0,0.0,1,0.4186744294491018,1,1,0.4186744294491018
ENSG00000162385,0.2,26.26770868007941,0,0.4,0.0,0,0,26.267708680079412,,0.0,12.0,1.0,11.412619948363808,1,1.0,1.0,1,1,11.771252878720396,11.053987018007223,0.0,,0,0.0,0.0,0,0,,,Media,0.9021882119164178,0.9204731956984574,proteotypicity,P61326,0.5826,10.0,0.0,0.0,0.0,0.0,0.6065573770491803,1.0,0.9,1.0,0.0,1,0.4178555104162846,0,1,0.4178555104162846
ENSG00000136682,0.0,,0,0.0,0.0,0,0,,,,,0.0,,0,0.0,0.0,0,0,,,0.7,2.351498971503429,1,0.6,0.8,0,1,2.119455031768285,2.583542911238573,Organoid,,,,Q8IUF1,0.3861,17.0,0.0,0.0,0.0,0.0,0.3504043126684636,1.0,0.9411764705882352,4.0,1.0,1,0.40780731871076364,0,1,0.40780731871076364
ENSG00000170122,0.0,,0,0.0,0.0,0,0,,,,,1.0,11.36959236430528,1,1.0,1.0,1,1,11.539243391616518,11.19994133699404,0.0,,0,0.0,0.0,0,0,,,Media,,,,Q12950,0.3805,18.0,0.0,0.0,0.0,0.0,0.1975903614457831,8.0,0.5555555555555556,10.0,4.0,1,0.4013179918807264,0,1,0.4013179918807264
ENSG00000258947,1.0,29.87616560464529,1,1.0,1.0,1,1,29.85967957467189,29.892651634618698,13.0,34.0,0.0,,0,0.0,0.0,0,0,,,0.9,2.3080052269492954,1,1.0,0.8,1,1,1.9758816537555202,2.64012880014307,Media,0.8822853109686758,0.958758074939414,proteotypicity,Q13509,0.3767,19.0,0.0,0.0,0.0,0.0,0.1267605633802817,6.0,0.6842105263157895,9.0,3.0,1,0.39661539000643686,0,1,0.39661539000643686
ENSG00000173542,0.7,24.568789073134305,1,0.4,1.0,0,1,24.558117718068164,24.573057615160764,0.0,7.0,1.0,11.351939912017006,1,1.0,1.0,1,1,11.547150381596051,11.156729442437955,0.0,,0,0.0,0.0,0,0,,,Media,0.3786890264547926,0.8113475269265665,proteotypicity,Q7L9L4,0.3587,9.0,0.0,0.0,0.0,0.0,0.0837696335078534,1.0,0.8888888888888888,1.0,0.0,1,0.3945333265711822,0,1,0.3945333265711822
ENSG00000124610,1.0,28.518280803317044,1,1.0,1.0,1,1,28.48978334016757,28.54677826646652,5.0,8.0,1.0,10.875887147048449,1,1.0,1.0,1,1,11.344723464418276,10.40705082967862,1.0,2.9968308559057304,1,1.0,1.0,1,1,2.625711239074818,3.3679504727366427,Media,0.906712889126831,0.8802465194668332,proteotypicity,Q02539,0.2747,6.0,0.0,0.0,0.0,0.0,0.5,3.0,0.5,5.0,3.0,1,0.3927148987696688,0,1,0.3927148987696688
ENSG00000169246,0.0,,0,0.0,0.0,0,0,,,,,1.0,11.346855796197527,1,1.0,1.0,1,1,11.292239441514848,11.4014721508802,0.0,,0,0.0,0.0,0,0,,,Organoid,0.0365588872176937,0.0595779858702965,abundance,Q92617,0.4707,55.0,1.0,0.0,0.0,1.0,0.2962962962962963,0.0,1.0,15.0,0.0,1,0.3925792624181221,1,1,0.3925792624181221
ENSG00000271567,0.0,,0,0.0,0.0,0,0,,,,,1.0,11.33702244204949,1,1.0,1.0,1,1,11.277785150121112,11.396259733977864,0.0,,0,0.0,0.0,0,0,,,Organoid,,,,A0A075B759,0.4946,9.0,0.0,0.0,0.0,0.0,0.4357142857142857,0.0,1.0,7.0,0.0,1,0.3887998432374245,1,1,0.3887998432374245
ENSG00000133433,0.0,,0,0.0,0.0,0,0,,,,,1.0,9.95839996208983,1,1.0,1.0,1,1,9.890387032320694,10.026412891858964,1.0,4.287940988015552,1,1.0,1.0,1,1,3.231836858881903,5.344045117149202,Organoid,,,,P0CG30,0.3635,10.0,0.0,0.0,0.0,0.0,0.1095890410958904,1.0,0.9,2.0,1.0,1,0.3825142075202844,0,1,0.3825142075202844
ENSG00000140416,1.0,24.68665283201278,1,1.0,1.0,1,1,24.7918632431604,24.58144242086516,7.0,13.0,1.0,11.309847944782277,1,1.0,1.0,1,1,11.315077647436395,11.30461824212816,0.0,,0,0.0,0.0,0,0,,,Organoid,0.9416563545448354,0.9584922226227928,proteotypicity,P09493,0.4892,16.0,0.0,0.0,0.0,0.0,0.9961538461538462,7.0,0.5625,3.0,6.0,1,0.37835540946118196,0,1,0.37835540946118196
ENSG00000267631,0.0,,0,0.0,0.0,0,0,,,,,1.0,11.30857141797514,1,1.0,1.0,1,1,11.261825311424067,11.35531752452621,0.0,,0,0.0,0.0,0,0,,,Organoid,0.2211037925922559,0.2825530458900244,proteotypicity,A6NKQ9,0.3909,8.0,0.0,1.0,1.0,0.0,0.0884955752212389,0.0,1.0,3.0,0.0,1,0.3778647803404427,1,1,0.3778647803404427
ENSG00000157326,1.0,21.897381500958357,1,1.0,1.0,1,1,21.619627872455546,22.17513512946116,2.0,7.0,1.0,11.294023795621012,1,1.0,1.0,1,1,11.199122158793035,11.388925432448989,0.0,,0,0.0,0.0,0,0,,,Organoid,0.8981528840885388,0.8478006060444372,proteotypicity,Q9BTZ2,0.4401,13.0,0.0,0.0,0.0,0.0,0.1771653543307086,5.0,0.6153846153846154,2.0,3.0,1,0.3722734467902616,0,1,0.3722734467902616
ENSG00000133134,0.0,,0,0.0,0.0,0,0,,,,,1.0,11.273744963825315,1,1.0,1.0,1,1,11.049511603448519,11.49797832420211,0.0,,0,0.0,0.0,0,0,,,Organoid,0.695140173823134,0.156886379743085,abundance,Q9BXY8,0.3916,6.0,0.0,0.0,0.0,0.0,0.7980769230769231,2.0,0.6666666666666666,1.0,1.0,1,0.364479340659538,0,1,0.364479340659538
ENSG00000172969,0.0,,0,0.0,0.0,0,0,,,,,1.0,11.269424673084714,1,1.0,1.0,1,1,11.443565338843767,11.09528400732566,0.0,,0,0.0,0.0,0,0,,,Media,,,,A6NGY1,0.3247,10.0,0.0,0.0,0.0,0.0,0.3837209302325581,5.0,0.5,2.0,3.0,1,0.3628188503074767,0,1,0.3628188503074767
ENSG00000236637,0.0,,0,0.0,0.0,0,0,,,,,1.0,11.248720943752009,1,1.0,1.0,1,1,11.195555745680403,11.301886141823612,0.0,,0,0.0,0.0,0,0,,,Organoid,,,,P05014,0.2751,6.0,0.0,1.0,1.0,0.0,0.1830985915492957,1.0,0.8333333333333334,11.0,1.0,1,0.35486143612570287,0,1,0.35486143612570287
ENSG00000283154,0.0,,0,0.0,0.0,0,0,,,,,1.0,12.054250273326144,1,1.0,1.0,1,1,12.066741440472617,12.041759106179672,1.0,0.9407129473855684,1,1.0,1.0,1,1,0.8939266367555186,0.9874992580156181,Organoid,0.4194987582991914,0.3548951152471581,proteotypicity,B3KU38,0.4819,30.0,0.0,0.0,0.0,0.0,0.3636363636363636,1.0,0.9666666666666668,2.0,0.0,1,0.3546220782617341,0,1,0.3546220782617341
ENSG00000005889,1.0,17.255500779431063,1,1.0,1.0,1,1,17.40447279517346,17.106528763688665,2.0,8.0,0.0,,0,0.0,0.0,0,0,,,0.8,2.0976993318420805,1,1.0,0.6,1,0,2.320557690053675,1.8748409736304859,Organoid,0.391006122888035,0.4098752222362044,proteotypicity,P17010,0.2872,26.0,0.0,0.0,0.0,0.0,0.4455825864276568,6.0,0.7692307692307693,2.0,1.0,1,0.34249890479072825,0,1,0.34249890479072825
ENSG00000167552,0.0,,0,0.0,0.0,0,0,,,,,1.0,11.206528576273058,1,1.0,1.0,1,1,11.401537458715575,11.01151969383054,0.0,,0,0.0,0.0,0,0,,,Media,0.9249986874955568,0.7902333959095438,proteotypicity,Q71U36,0.4189,21.0,0.0,0.0,0.0,0.0,0.1686182669789227,0.0,1.0,8.0,0.0,1,0.33864493049310446,1,1,0.33864493049310446
ENSG00000099977,1.0,25.22198283148433,1,1.0,1.0,1,1,24.99141057801888,25.452555084949772,2.0,7.0,1.0,10.675645712517664,1,1.0,1.0,1,1,10.778417568258675,10.572873856776654,1.0,2.869407371815769,1,1.0,1.0,1,1,2.8563877591064832,2.882426984525055,Organoid,0.8490958550334389,0.9103979835794004,proteotypicity,P30046,0.472,6.0,0.0,0.0,0.0,0.0,0.021505376344086,2.0,0.6666666666666666,1.0,1.0,1,0.3378393326543487,0,1,0.3378393326543487
ENSG00000198053,1.0,20.266857544650087,1,1.0,1.0,1,1,20.399373172168897,20.13434191713128,9.0,12.0,1.0,10.43684027316602,1,1.0,1.0,1,1,10.628482428349296,10.245198117982742,1.0,3.1939022148340444,1,1.0,1.0,1,1,3.44369846515797,2.9441059645101184,Organoid,0.5943727315061739,0.9679623467349432,proteotypicity,P78324,0.4366,24.0,1.0,0.0,1.0,1.0,0.1088888888888888,10.0,0.5833333333333334,2.0,7.0,1,0.33369721554039966,0,1,0.33369721554039966
ENSG00000104818,0.0,,0,0.0,0.0,0,0,,,,,1.0,11.154953486444368,1,1.0,1.0,1,1,11.136321280914697,11.17358569197404,0.0,,0,0.0,0.0,0,0,,,Organoid,0.2063503136611019,0.2240024405280089,proteotypicity,Q6NT52,0.518,9.0,0.0,1.0,1.0,0.0,0.0578512396694214,0.0,1.0,3.0,0.0,1,0.3188222046144018,1,1,0.3188222046144018
ENSG00000198429,0.0,,0,0.0,0.0,0,0,,,,,1.0,11.15379149411095,1,1.0,1.0,1,1,11.128903955243134,11.178679032978765,0.0,,0,0.0,0.0,0,0,,,Organoid,0.1809728215422155,0.2115580692104902,abundance,Q9UC07,0.441,29.0,0.0,0.0,0.0,0.0,0.4077490774907749,14.0,0.5172413793103449,63.0,5.0,1,0.31837559646354796,0,1,0.31837559646354796
ENSG00000119335,1.0,28.921074408295244,1,1.0,1.0,1,1,28.890457156601222,28.95169165998926,7.0,11.0,1.0,11.147408721645927,1,1.0,1.0,1,1,11.479807003660401,10.815010439631456,0.0,,0,0.0,0.0,0,0,,,Media,0.923678477815342,0.9344525474253256,proteotypicity,Q01105,0.2687,9.0,0.0,0.0,0.0,0.0,0.8150943396226416,4.0,0.5555555555555556,1.0,4.0,1,0.3159223976549657,0,1,0.3159223976549657
ENSG00000133275,1.0,19.38274977534748,1,1.0,1.0,1,1,19.560468404199618,19.205031146495337,4.0,4.0,1.0,12.581075964151331,1,1.0,1.0,1,1,12.80058737079951,12.361564557503153,0.0,-0.1617420608296402,0,0.0,0.0,0,0,-0.6565858106989142,0.3331016890396336,Organoid,0.6724343922915516,0.8055814709536369,proteotypicity,P78368,0.4004,19.0,0.0,0.0,0.0,0.0,0.3222506393861892,8.0,0.5789473684210527,2.0,3.0,1,0.31402062738051295,0,1,0.31402062738051295
ENSG00000150991,0.0,,0,0.0,0.0,0,0,,,,,1.0,11.1336939763578,1,1.0,1.0,1,1,11.355408157504073,10.911979795211526,0.0,,0,0.0,0.0,0,0,,,Media,0.5562924988639217,0.8454719696605718,proteotypicity,P0CG48,0.0519,4.0,0.0,0.0,0.0,1.0,0.6923076923076923,0.0,1.0,3.0,0.0,1,0.3106511778229536,1,1,0.3106511778229536
ENSG00000161960,0.7,26.394455485050152,1,1.0,0.4,1,0,26.35050769734064,26.504324954323955,14.0,22.0,1.0,11.117046430229736,1,1.0,1.0,1,1,11.644467883649726,10.589624976809748,0.0,,0,0.0,0.0,0,0,,,Media,0.9561337768559104,0.9842312982314542,proteotypicity,P60842,0.455,21.0,0.0,0.0,0.0,1.0,0.4015748031496063,10.0,0.5238095238095238,2.0,4.0,1,0.30425274508060146,0,1,0.30425274508060146
ENSG00000142875,1.0,26.03726005402906,1,1.0,1.0,1,1,25.909739558532813,26.164780549525307,8.0,23.0,1.0,11.111240601170897,1,1.0,1.0,1,1,11.068163610058555,11.15431759228324,0.0,,0,0.0,0.0,0,0,,,Organoid,0.9372571079396728,0.9666203538629636,proteotypicity,P22694,0.4185,17.0,0.0,0.0,0.0,1.0,0.2791411042944785,7.0,0.5882352941176471,2.0,6.0,1,0.30202129268150224,0,1,0.30202129268150224
ENSG00000289549,0.0,,0,0.0,0.0,0,0,,,,,1.0,11.106997610230213,1,1.0,1.0,1,1,11.106950742905852,11.10704447755457,0.0,,0,0.0,0.0,0,0,,,Organoid,,,,F5H284,0.4954,9.0,0.0,0.0,0.0,0.0,0.4357142857142857,1.0,0.8888888888888888,7.0,1.0,1,0.30039051226788854,0,1,0.30039051226788854
ENSG00000170298,0.0,,0,0.0,0.0,0,0,,,,,1.0,11.105617083791833,1,1.0,1.0,1,1,11.086972386513143,11.124261781070523,0.0,,0,0.0,0.0,0,0,,,Organoid,0.3542885792780776,0.4999638638744317,proteotypicity,Q3B8N2,0.3782,15.0,0.0,0.0,0.0,0.0,0.0512048192771084,0.0,1.0,2.0,0.0,1,0.29985991121130856,1,1,0.29985991121130856
ENSG00000211890,0.0,,0,0.0,0.0,0,0,,,,,1.0,11.083186445673771,1,1.0,1.0,1,1,11.03973719554636,11.126635695801186,0.0,,0,0.0,0.0,0,0,,,Organoid,,,,P01877,0.3307,14.0,1.0,1.0,0.0,1.0,0.0108991825613079,0.0,1.0,2.0,0.0,1,0.2912387649917751,1,1,0.2912387649917751
ENSG00000182718,0.8,27.747364713296967,1,0.8,0.8,1,1,27.36062874085034,28.134100685743594,9.0,31.0,1.0,12.17298696281434,1,1.0,1.0,1,1,11.75581029508777,12.590163630540909,0.9,0.2482997567686445,1,0.8,1.0,1,1,-0.6476664858964025,1.1442659994336914,Media,0.9596653718220598,0.977255947126332,proteotypicity,P07355,0.544,21.0,0.0,1.0,0.0,1.0,0.5987261146496815,5.0,0.7619047619047619,1.0,4.0,1,0.28835329429996465,0,1,0.28835329429996465
ENSG00000182782,0.0,,0,0.0,0.0,0,0,,,,,1.0,11.0672354577846,1,1.0,1.0,1,1,11.088245529752669,11.046225385816536,0.0,,0,0.0,0.0,0,0,,,Organoid,0.3097130051801466,0.4169374726649831,abundance,Q8TDS4,0.3106,13.0,7.0,0.0,0.0,1.0,0.0678466076696165,6.0,0.5384615384615384,1.0,0.0,1,0.28510805224901875,0,1,0.28510805224901875
ENSG00000187581,0.0,,0,0.0,0.0,0,0,,,,,1.0,11.060221274038224,1,1.0,1.0,1,1,10.972285129768508,11.14815741830794,0.0,,0,0.0,0.0,0,0,,,Organoid,0.3465377087578601,0.1416644581951122,abundance,Q7Z4L0,0.0,0.0,1.0,0.0,0.0,1.0,0.0,0.0,,0.0,0.0,1,0.28241217247199657,1,0,0.28241217247199657
ENSG00000135018,1.0,24.236060237267864,1,1.0,1.0,1,1,24.189217605027032,24.282902869508696,6.0,6.0,1.0,11.052433664200752,1,1.0,1.0,1,1,10.997141629220177,11.107725699181326,0.0,,0,0.0,0.0,0,0,,,Organoid,0.9557674357979952,0.9616998490323592,proteotypicity,Q9UMX0,0.2079,13.0,0.0,0.0,0.0,1.0,0.0726950354609929,6.0,0.5384615384615384,2.0,2.0,1,0.2794190287746954,0,1,0.2794190287746954
ENSG00000260691,0.0,,0,0.0,0.0,0,0,,,,,0.0,,0,0.0,0.0,0,0,,,1.0,1.8468161363857745,1,1.0,1.0,1,1,1.3311231409382405,2.3625091318333085,Organoid,,,,Q5TYW2,0.5423,51.0,0.0,0.0,0.0,1.0,0.5794743429286608,2.0,0.9607843137254902,7.0,1.0,1,0.2779409582297946,0,1,0.2779409582297946
ENSG00000186350,1.0,19.1755530708164,1,1.0,1.0,1,1,19.406108086130338,18.944998055502467,5.0,6.0,1.0,11.045941657494732,1,1.0,1.0,1,1,11.00150042036499,11.090382894624474,0.0,,0,0.0,0.0,0,0,,,Organoid,0.852983439845254,0.767401173625539,proteotypicity,P19793,0.4527,23.0,0.0,0.0,0.0,0.0,0.2922374429223744,11.0,0.5217391304347826,2.0,3.0,1,0.27692384612424165,0,1,0.27692384612424165
ENSG00000243709,0.7,22.790438960296,1,0.6,0.8,0,1,21.457185266930875,23.790379230319843,6.0,6.0,1.0,11.029465797106724,1,1.0,1.0,1,1,10.986310531280482,11.072621062932969,0.0,,0,0.0,0.0,0,0,,,Organoid,,,,O75610,0.3914,16.0,0.0,1.0,1.0,0.0,0.1278195488721804,5.0,0.6875,1.0,2.0,1,0.27059140026380657,0,1,0.27059140026380657
ENSG00000134184,1.0,23.286527521125382,1,1.0,1.0,1,1,23.926941341879946,22.646113700370826,4.0,6.0,1.0,11.02866770020256,1,1.0,1.0,1,1,11.190195570232145,10.867139830172977,0.0,,0,0.0,0.0,0,0,,,Organoid,0.8791967770525086,0.9580801302001812,proteotypicity,P09488,0.5834,15.0,0.0,0.0,0.0,0.0,0.5077720207253886,5.0,0.6666666666666666,3.0,3.0,1,0.2702846541930108,0,1,0.2702846541930108
ENSG00000134201,0.0,,0,0.0,0.0,0,0,,,,,1.0,11.02807211308786,1,1.0,1.0,1,1,10.975567730702164,11.080576495473554,0.0,,0,0.0,0.0,0,0,,,Organoid,0.953640617043434,0.9790369701646692,proteotypicity,P46439,0.6232,16.0,0.0,0.0,0.0,0.0,0.5876288659793815,8.0,0.5,3.0,4.0,1,0.2700557421319601,0,1,0.2700557421319601
ENSG00000196890,0.1,27.086680249601173,0,0.0,0.2,0,0,,27.086680249601173,0.0,1.0,1.0,11.027328747522557,1,1.0,1.0,1,1,11.296699264577713,10.757958230467395,0.0,,0,0.0,0.0,0,0,,,Media,,,,Q8N257,0.5033,7.0,0.0,0.0,0.0,0.0,0.3366336633663366,0.0,1.0,15.0,0.0,1,0.269770031881573,1,1,0.269770031881573
ENSG00000196502,0.9,23.926316912206183,1,1.0,0.8,1,1,24.08009728629475,23.73409144459548,2.0,9.0,1.0,10.46005038234937,1,1.0,1.0,1,1,10.541511117895999,10.378589646802741,0.9,2.64216734097789,1,1.0,0.8,1,1,3.018358294230583,2.265976387725197,Organoid,0.9147737141152738,0.9174659074125374,proteotypicity,P50225,0.4976,17.0,0.0,0.0,0.0,0.0,0.1549815498154981,5.0,0.7058823529411765,3.0,2.0,1,0.26717062273000797,0,1,0.26717062273000797
ENSG00000187837,1.0,22.63832722368906,1,1.0,1.0,1,1,22.532358112562342,22.744296334815772,1.0,1.0,1.0,10.9941390813923,1,1.0,1.0,1,1,11.002029032015933,10.986249130768673,0.0,,0,0.0,0.0,0,0,,,Organoid,0.5777727438968022,0.8465162882002025,proteotypicity,P16403,0.4681,10.0,0.0,0.0,0.0,0.0,0.5957446808510638,4.0,0.6,5.0,1.0,1,0.25701368660149626,0,1,0.25701368660149626
ENSG00000234278,0.0,,0,0.0,0.0,0,0,,,,,1.0,10.991899056250915,1,1.0,1.0,1,1,11.201398290630447,10.782399821871383,0.0,,0,0.0,0.0,0,0,,,Media,,,,P86478,0.086,2.0,0.0,0.0,0.0,0.0,0.1928934010152284,0.0,1.0,4.0,0.0,1,0.2561527398830987,1,1,0.2561527398830987
ENSG00000099984,1.0,21.62140310303924,1,1.0,1.0,1,1,20.894210625943185,22.348595580135306,0.0,7.0,1.0,10.98768214343281,1,1.0,1.0,1,1,10.883452388775785,11.09191189808983,0.0,,0,0.0,0.0,0,0,,,Organoid,,,,P0CG29,0.3636,10.0,0.0,0.0,0.0,0.0,0.1095890410958904,1.0,0.9,2.0,1.0,1,0.2545319825150488,0,1,0.2545319825150488
ENSG00000160868,0.0,,0,0.0,0.0,0,0,,,,,1.0,12.173372355390516,1,1.0,1.0,1,1,12.151248779004181,12.195495931776852,0.0,-0.0510465489599294,0,0.0,0.0,0,0,-0.18972244609222047,0.0876293481723615,Media,0.7405611241668334,0.6992021068897156,proteotypicity,P08684,0.4011,23.0,1.0,0.0,0.0,1.0,0.2364016736401673,9.0,0.6086956521739131,3.0,3.0,1,0.24991305353360793,0,1,0.24991305353360793
ENSG00000100031,0.4,17.22411855104952,0,0.6,0.2,0,0,17.242783521612953,17.16812363935923,0.0,1.0,0.0,,0,0.0,0.0,0,0,,,1.0,1.7376571859638024,1,1.0,1.0,1,1,1.9003654671034234,1.5749489048241814,Organoid,0.6022573440950352,0.7767797972653926,proteotypicity,P19440,0.2605,16.0,1.0,0.0,0.0,1.0,0.1601123595505618,3.0,0.8125,2.0,2.0,1,0.24985188006267353,0,1,0.24985188006267353
ENSG00000198467,0.9,19.82187984396916,1,1.0,0.8,1,1,18.770184744643355,21.13649871812641,4.0,4.0,1.0,10.973227904875117,1,1.0,1.0,1,1,10.944793086998988,11.001662722751249,0.0,,0,0.0,0.0,0,0,,,Organoid,0.927942330728731,0.973110513627396,proteotypicity,P07951,0.487,16.0,0.0,0.0,0.0,0.0,0.9961538461538462,8.0,0.5,3.0,8.0,1,0.24897654073751183,0,1,0.24897654073751183
ENSG00000136698,0.0,,0,0.0,0.0,0,0,,,,,1.0,10.872147955478688,1,1.0,1.0,1,1,10.866031667827627,10.878264243129749,1.0,1.8660854280577688,1,1.0,1.0,1,1,2.004553557511314,1.7276172986042233,Media,0.5281811855632872,0.0802064051516483,abundance,P0CG37,0.2032,5.0,0.0,1.0,1.0,1.0,0.0642201834862385,1.0,0.8,1.0,1.0,1,0.24651308018063073,0,1,0.24651308018063073
ENSG00000168757,0.0,,0,0.0,0.0,0,0,,,,,1.0,10.952922367450464,1,1.0,1.0,1,1,10.913256836849076,10.992587898051854,0.0,,0,0.0,0.0,0,0,,,Organoid,0.182650467079059,0.1209962635533531,abundance,A6NKD2,0.2849,10.0,0.0,0.0,0.0,0.0,0.3028169014084507,1.0,0.9,14.0,0.0,1,0.2411721703810937,0,1,0.2411721703810937
ENSG00000243130,0.0,,0,0.0,0.0,0,0,,,,,1.0,10.936443531277025,1,1.0,1.0,1,1,10.891708880936363,10.981178181617684,0.0,,0,0.0,0.0,0,0,,,Organoid,0.6112411554317457,0.6136244113523042,proteotypicity,Q9UQ72,0.3769,14.0,0.0,1.0,1.0,0.0,0.0,6.0,0.5714285714285714,5.0,3.0,1,0.23483858078675388,0,1,0.23483858078675388
ENSG00000170848,0.0,,0,0.0,0.0,0,0,,,,,1.0,10.911623306771029,1,1.0,1.0,1,1,10.884810609529278,10.938436004012777,0.0,,0,0.0,0.0,0,0,,,Organoid,0.2461889062051704,0.4648608012609732,proteotypicity,Q00889,0.4097,20.0,0.0,1.0,1.0,0.0,0.0291777188328912,9.0,0.55,6.0,2.0,1,0.22529900444739231,0,1,0.22529900444739231
ENSG00000205420,1.0,21.96041419228471,1,1.0,1.0,1,1,22.25398301230922,21.66684537226019,2.0,14.0,1.0,10.887835467054904,1,1.0,1.0,1,1,10.915440102812095,10.860230831297715,0.0,,0,0.0,0.0,0,0,,,Organoid,0.8568173401134822,0.8989843476546235,proteotypicity,P02538,0.483,29.0,0.0,0.0,0.0,0.0,0.4341372912801484,2.0,0.9310344827586208,17.0,1.0,1,0.21615622200134124,0,1,0.21615622200134124
ENSG00000107796,0.0,,0,0.0,0.0,0,0,,,,,1.0,11.585200445109637,1,1.0,1.0,1,1,11.47844672089351,11.691954169325763,0.0,0.555434744204373,0,0.0,0.0,0,0,0.4973763090330003,0.6134931793757457,Organoid,0.9346292465175248,0.7606840147005737,proteotypicity,P62736,0.4523,19.0,0.0,0.0,0.0,0.0,0.1590909090909091,0.0,1.0,9.0,0.0,1,0.21491273678298253,1,1,0.21491273678298253
ENSG00000257017,0.0,,0,0.0,0.0,0,0,,,2.0,4.0,1.0,10.874717636243451,1,1.0,1.0,1,1,10.83801161326985,10.911423659217053,0.0,,0,0.0,0.0,0,0,,,Organoid,0.8296119471442422,0.977840813667563,proteotypicity,P00738,0.4424,20.0,0.0,1.0,1.0,0.0,0.1703296703296703,9.0,0.55,1.0,5.0,1,0.21111442439784042,0,1,0.21111442439784042
ENSG00000175646,0.0,,0,0.0,0.0,0,0,,,,,1.0,10.860185117599192,1,1.0,1.0,1,1,10.815369550614344,10.905000684584042,0.0,,0,0.0,0.0,0,0,,,Organoid,,,,P04553,0.0,0.0,0.0,0.0,0.0,0.0,1.0,0.0,,0.0,0.0,1,0.20552889591172166,1,0,0.20552889591172166
ENSG00000177551,0.9,13.14287941802035,1,1.0,0.8,1,1,13.37101175821913,12.857713992771876,1.0,2.0,1.0,10.85575024283558,1,1.0,1.0,1,1,10.838819866094074,10.872680619577086,0.0,,0,0.0,0.0,0,0,,,Organoid,,,,Q02577,0.3995,6.0,0.0,0.0,0.0,0.0,0.6666666666666666,3.0,0.5,1.0,2.0,1,0.20382436554565792,0,1,0.20382436554565792
ENSG00000101335,0.0,,0,0.0,0.0,0,0,,,3.0,9.0,1.0,10.825858493167123,1,1.0,1.0,1,1,11.084561025734818,10.567155960599434,0.0,,0,0.0,0.0,0,0,,,Media,0.8966950341078014,0.9589609052787156,proteotypicity,P24844,0.4539,9.0,0.0,0.0,0.0,0.0,0.5986394557823129,4.0,0.5555555555555556,2.0,1.0,1,0.19233556423322673,0,1,0.19233556423322673
ENSG00000170035,0.0,,0,0.0,0.0,0,0,,,2.0,7.0,1.0,10.777298770861028,1,1.0,1.0,1,1,11.358711535811668,10.195886005910387,0.0,,0,0.0,0.0,0,0,,,Media,0.7312447013389041,0.7849647552203596,proteotypicity,Q969T4,0.3491,8.0,0.0,0.0,0.0,0.0,0.2582417582417582,4.0,0.5,2.0,3.0,1,0.1736717855133654,0,1,0.1736717855133654
ENSG00000114547,0.0,,0,0.0,0.0,0,0,,,,,1.0,10.770569679539516,1,1.0,1.0,1,1,10.736328315665933,10.8048110434131,0.0,,0,0.0,0.0,0,0,,,Organoid,0.6679067439649449,0.3563026222380769,abundance,Q9BZX4,0.5008,12.0,0.0,0.0,0.0,0.0,0.1382978723404255,5.0,0.5833333333333334,1.0,1.0,1,0.17108548012597485,0,1,0.17108548012597485
ENSG00000067048,0.0,,0,0.0,0.0,0,0,,,,,1.0,10.770088943915322,1,1.0,1.0,1,1,10.756386273429259,10.783791614401386,0.0,,0,0.0,0.0,0,0,,,Organoid,0.866050491551875,0.9879452238501611,proteotypicity,O15523,0.5605,41.0,0.0,0.0,0.0,0.0,0.3433070866141732,14.0,0.6585365853658537,3.0,13.0,1,0.17090071087922845,0,1,0.17090071087922845
ENSG00000156508,1.0,28.648532110872047,1,1.0,1.0,1,1,28.635961640231194,28.661102581512903,0.0,18.0,1.0,10.764597992480669,1,1.0,1.0,1,1,11.091181064499994,10.438014920461338,0.0,,0,0.0,0.0,0,0,,,Media,0.93852904487292,0.8827055571124591,proteotypicity,P68104,0.3789,19.0,0.0,0.0,0.0,1.0,0.2791762013729977,0.0,1.0,2.0,0.0,1,0.16879028071877797,1,1,0.16879028071877797
ENSG00000108691,0.0,,0,0.0,0.0,0,0,,,,,1.0,11.248650275325922,1,1.0,1.0,1,1,11.233850326806841,11.263450223845004,1.0,0.6501704032994033,1,1.0,1.0,1,1,0.7686986226679021,0.5316421839309046,Organoid,0.4494782291817478,0.6147236236028675,proteotypicity,P13500,0.1814,2.0,0.0,1.0,1.0,0.0,0.5576923076923077,1.0,0.5,1.0,0.0,1,0.16242554840083878,0,1,0.16242554840083878
ENSG00000179399,0.0,,0,0.0,0.0,0,0,,,,,1.0,10.316525954739674,1,1.0,1.0,1,1,10.210457785410048,10.422594124069303,1.0,1.927632557657573,1,1.0,1.0,1,1,2.599897874478068,1.2553672408370775,Organoid,0.6305625352591367,0.060118336727502,composition,P78333,0.0,0.0,0.0,1.0,1.0,1.0,0.0,0.0,,0.0,0.0,1,0.14765602091474544,1,0,0.14765602091474544
ENSG00000237763,0.0,,0,0.0,0.0,0,0,,,,,1.0,10.699539187974633,1,1.0,1.0,1,1,10.677715331079101,10.721363044870163,0.0,,0,0.0,0.0,0,0,,,Organoid,,,,P0DUB6,0.3981,23.0,0.0,1.0,1.0,0.0,0.0783898305084745,0.0,1.0,4.0,0.0,1,0.14378513090705916,1,1,0.14378513090705916
ENSG00000163737,0.0,,0,0.0,0.0,0,0,,,,,1.0,11.102026402953053,1,1.0,1.0,1,1,10.951857157514498,11.252195648391607,1.0,0.7203569116965898,1,1.0,1.0,1,1,0.09229500857530945,1.3484188148178702,Organoid,0.5050539556472907,0.8128319597011369,proteotypicity,P02776,0.3688,4.0,0.0,1.0,1.0,0.0,0.1304347826086956,1.0,0.75,1.0,0.0,1,0.1432786246812675,0,1,0.1432786246812675
ENSG00000168028,1.0,27.615360882703943,1,1.0,1.0,1,1,27.568225204558257,27.662496560849632,4.0,19.0,1.0,10.696221963801396,1,1.0,1.0,1,1,10.710424729868665,10.682019197734126,0.0,,0,0.0,0.0,0,0,,,Organoid,0.9415083648767232,0.9289921891674936,proteotypicity,P08865,0.3653,12.0,0.0,0.0,0.0,1.0,0.1925925925925926,2.0,0.8333333333333334,1.0,1.0,1,0.1425101660803821,0,1,0.1425101660803821
ENSG00000136488,0.0,,0,0.0,0.0,0,0,,,,,1.0,10.900638141459694,1,1.0,1.0,1,1,10.881268778998606,10.92000750392078,0.4,0.8964393035604414,0,0.0,0.8,0,1,0.15970796023746947,1.6331706468834135,Media,,,,P0DML2,0.3997,10.0,0.0,1.0,1.0,0.0,0.3293413173652694,0.0,1.0,4.0,0.0,1,0.12723214782413947,1,1,0.12723214782413947
ENSG00000221826,0.0,,0,0.0,0.0,0,0,,,,,1.0,10.65149570265595,1,1.0,1.0,1,1,10.617201414174145,10.685789991137751,0.0,,0,0.0,0.0,0,0,,,Organoid,0.3885342572526194,0.6397875683084204,proteotypicity,Q16557,0.4171,20.0,0.0,1.0,1.0,0.0,0.0135135135135135,5.0,0.75,6.0,3.0,1,0.12531976627283312,0,1,0.12531976627283312
ENSG00000197253,0.0,,0,0.0,0.0,0,0,,,,,1.0,10.649957047458448,1,1.0,1.0,1,1,10.67395887288589,10.625955222031005,0.0,,0,0.0,0.0,0,0,,,Organoid,0.8063383665581554,0.6018584681866975,proteotypicity,P20231,0.3263,10.0,0.0,1.0,1.0,0.0,0.0950226244343891,1.0,0.9,4.0,0.0,1,0.12472838891792738,0,1,0.12472838891792738
ENSG00000228083,0.0,,0,0.0,0.0,0,0,,,,,1.0,10.636686875654018,1,1.0,1.0,1,1,10.61196528989296,10.661408461415077,0.0,,0,0.0,0.0,0,0,,,Organoid,,,,P01570,0.3626,8.0,0.0,1.0,1.0,0.0,0.2112676056338028,4.0,0.5,11.0,1.0,1,0.11962803952607451,0,1,0.11962803952607451
ENSG00000172116,0.0,,0,0.0,0.0,0,0,,,,,1.0,10.616592712164636,1,1.0,1.0,1,1,10.548546968664825,10.684638455664446,0.0,,0,0.0,0.0,0,0,,,Organoid,0.4657347772077023,0.2591701901232245,proteotypicity,P10966,0.2951,7.0,1.0,1.0,1.0,1.0,0.2303030303030303,2.0,0.7142857142857143,1.0,1.0,1,0.1119049100863603,0,1,0.1119049100863603
ENSG00000160072,0.0,,0,0.0,0.0,0,0,,,6.0,9.0,0.0,,0,0.0,0.0,0,0,,,1.0,1.143957028120547,1,1.0,1.0,1,1,0.5639690856706672,1.7239449705704264,Media,0.8821783955098421,0.9466852140178694,proteotypicity,Q5T9A4,0.4685,34.0,0.0,0.0,0.0,1.0,0.4414125200642054,11.0,0.6764705882352942,2.0,2.0,1,0.09707933986303295,0,1,0.09707933986303295
ENSG00000205863,0.0,,0,0.0,0.0,0,0,,,,,1.0,10.57448667086538,1,1.0,1.0,1,1,10.542021036020705,10.606952305710053,0.0,,0,0.0,0.0,0,0,,,Organoid,,,,B2RNN3,0.4897,17.0,0.0,1.0,1.0,0.0,0.2689655172413793,6.0,0.6470588235294118,1.0,4.0,1,0.09572158365329253,0,1,0.09572158365329253
ENSG00000240654,0.0,,0,0.0,0.0,0,0,,,,,1.0,13.970814063980972,1,1.0,1.0,1,1,13.890112740789439,14.051515387172506,0.0,-3.9433715713032393,0,0.0,0.0,0,0,-3.955822397130741,-3.930920745475736,Organoid,,,,P0C862,0.4902,17.0,0.0,1.0,1.0,0.0,0.2724137931034482,6.0,0.6470588235294118,1.0,4.0,1,0.09454179430673992,0,1,0.09454179430673992
ENSG00000188100,0.0,,0,0.0,0.0,0,0,,,,,1.0,10.56759456760816,1,1.0,1.0,1,1,10.603958884937546,10.531230250278774,0.0,,0,0.0,0.0,0,0,,,Organoid,,,,B3EWG3,0.7511,7.0,0.0,0.0,0.0,0.0,0.7230769230769231,0.0,1.0,3.0,0.0,1,0.0930726251337944,1,1,0.0930726251337944
ENSG00000181218,0.0,,0,0.0,0.0,0,0,,,,,1.0,10.541928995114684,1,1.0,1.0,1,1,10.758478903849582,10.32537908637978,0.0,,0,0.0,0.0,0,0,,,Media,,,,Q7L7L0,0.3541,5.0,0.0,0.0,0.0,0.0,0.2952380952380952,0.0,1.0,14.0,0.0,1,0.08320814191625647,1,1,0.08320814191625647
ENSG00000105649,1.0,26.02129123919214,1,1.0,1.0,1,1,26.154143665037026,25.88843881334725,5.0,5.0,1.0,10.530368049801542,1,1.0,1.0,1,1,10.609723944118311,10.451012155484772,0.0,,0,0.0,0.0,0,0,,,Organoid,0.9734627585230518,0.8699078960540412,proteotypicity,P20336,0.5203,13.0,0.0,0.0,0.0,1.0,0.3826530612244898,5.0,0.6153846153846154,23.0,1.0,1,0.0787647284272582,0,1,0.0787647284272582
ENSG00000196550,0.0,,0,0.0,0.0,0,0,,,,,1.0,10.485894738596198,1,1.0,1.0,1,1,10.411669402161175,10.560120075031222,0.0,1.1164294635195886,0,0.0,0.0,0,0,1.1192470486570985,1.1136118783820792,Organoid,,,,Q5TYM5,0.1805,3.0,0.0,0.0,0.0,0.0,0.048,0.0,1.0,3.0,0.0,1,0.07583371058828747,1,1,0.07583371058828747
ENSG00000203859,0.0,,0,0.0,0.0,0,0,,,,,1.0,10.522218935846023,1,1.0,1.0,1,1,10.518075211418335,10.526362660273715,0.0,,0,0.0,0.0,0,0,,,Organoid,0.9304470805773886,0.96668738486935,proteotypicity,P26439,0.2854,12.0,1.0,0.0,0.0,1.0,0.2183908045977011,6.0,0.5,1.0,4.0,1,0.07563264174294786,0,1,0.07563264174294786
ENSG00000244414,0.0,,0,0.0,0.0,0,0,,,,,1.0,10.517628935375487,1,1.0,1.0,1,1,10.492935288348638,10.542322582402335,0.0,,0,0.0,0.0,0,0,,,Organoid,0.6479469841238051,0.8604606674680488,proteotypicity,Q03591,0.3453,13.0,0.0,1.0,1.0,0.0,0.1180555555555555,2.0,0.8461538461538461,2.0,0.0,1,0.07386848929236044,0,1,0.07386848929236044
ENSG00000274641,0.0,,0,0.0,0.0,0,0,,,,,1.0,10.489737179660963,1,1.0,1.0,1,1,10.768225052439004,10.211249306882923,0.0,,0,0.0,0.0,0,0,,,Media,0.5193860277624478,0.5792935017716934,proteotypicity,P23527,0.5034,7.0,0.0,0.0,0.0,0.0,0.3366336633663366,0.0,1.0,15.0,0.0,1,0.06314837945559208,1,1,0.06314837945559208
ENSG00000261701,0.0,,0,0.0,0.0,0,0,,,,,1.0,10.485056675136825,1,1.0,1.0,1,1,10.46102942719875,10.509083923074899,0.0,,0,0.0,0.0,0,0,,,Organoid,0.8258808015718431,0.9762563468692818,proteotypicity,P00739,0.5124,20.0,0.0,1.0,1.0,0.0,0.1203703703703703,9.0,0.55,1.0,6.0,1,0.061349442052589964,0,1,0.061349442052589964
ENSG00000225899,0.0,,0,0.0,0.0,0,0,,,,,1.0,10.453962238352682,1,1.0,1.0,1,1,10.49371218945962,10.414212287245745,0.0,,0,0.0,0.0,0,0,,,Organoid,,,,Q96QU4,0.3599,11.0,0.0,0.0,0.0,0.0,0.3937007874015748,1.0,0.9090909090909092,2.0,0.0,1,0.049398391675905394,0,1,0.049398391675905394
ENSG00000274611,0.0,,0,0.0,0.0,0,0,,,,,1.0,10.436793661298465,1,1.0,1.0,1,1,10.429309332215391,10.444277990381536,0.0,,0,0.0,0.0,0,0,,,Organoid,0.0473625207230764,0.091308093086045,abundance,Q8IZP1,0.4181,26.0,0.0,0.0,0.0,1.0,0.3180952380952381,0.0,1.0,11.0,0.0,1,0.04279970231242467,1,1,0.04279970231242467
ENSG00000078328,0.0,,0,0.0,0.0,0,0,,,1.0,1.0,1.0,10.423890841736409,1,1.0,1.0,1,1,10.646863662112573,10.20091802136024,0.0,,0,0.0,0.0,0,0,,,Media,0.6080450837019026,0.668079561219418,proteotypicity,Q9NWB1,0.2337,10.0,0.0,0.0,0.0,0.0,0.1126005361930295,4.0,0.6,2.0,4.0,1,0.03784054361603557,0,1,0.03784054361603557
ENSG00000254415,0.0,,0,0.0,0.0,0,0,,,,,1.0,10.41474603552893,1,1.0,1.0,1,1,10.420234028492391,10.409258042565465,0.0,,0,0.0,0.0,0,0,,,Organoid,0.5210997478617923,0.8584976234007534,proteotypicity,Q08ET2,0.4549,20.0,1.0,0.0,1.0,1.0,0.1657303370786516,10.0,0.5,1.0,2.0,1,0.03432576570160394,0,1,0.03432576570160394
ENSG00000151292,1.0,21.248913352109007,1,1.0,1.0,1,1,21.423635454525808,21.074191249692205,4.0,14.0,1.0,10.414641072474414,1,1.0,1.0,1,1,10.472274021256386,10.357008123692442,0.0,,0,0.0,0.0,0,0,,,Organoid,0.6652215993892325,0.8013898362636899,proteotypicity,Q9Y6M4,0.5059,26.0,0.0,0.0,0.0,0.0,0.2789598108747045,13.0,0.5,2.0,6.0,1,0.03428542347701486,0,1,0.03428542347701486
ENSG00000174827,0.0,,0,0.0,0.0,0,0,,,,,1.0,12.1792911664688,1,1.0,1.0,1,1,12.107588429727906,12.25099390320969,0.1,-1.7381655957991249,0,0.0,0.2,0,0,-1.8607234473548444,-1.6156077442434054,Organoid,0.9483237605784172,0.9464710698192226,proteotypicity,Q5T2W1,0.5076,29.0,0.0,0.0,0.0,1.0,0.4383838383838384,12.0,0.5862068965517241,1.0,8.0,1,0.033983459807801875,0,1,0.033983459807801875
ENSG00000243955,0.0,,0,0.0,0.0,0,0,,,,,1.0,11.460609679293642,1,1.0,1.0,1,1,11.398516333742943,11.522703024844338,1.0,-0.6829890297559227,1,1.0,1.0,1,1,0.8597007548644056,-2.225678814376251,Organoid,0.8966168577734128,0.9234685217203944,proteotypicity,P08263,0.4682,12.0,0.0,0.0,0.0,0.0,0.3737373737373737,2.0,0.8333333333333334,3.0,1.0,1,0.03163241173115888,0,1,0.03163241173115888
ENSG00000066813,0.0,,0,0.0,0.0,0,0,,,,,1.0,10.391231885230898,1,1.0,1.0,1,1,10.419077486874627,10.36338628358717,0.0,,0,0.0,0.0,0,0,,,Organoid,0.8149227670531879,0.8344421646549833,proteotypicity,Q68CK6,0.4512,29.0,0.0,0.0,0.0,0.0,0.1183431952662721,10.0,0.6551724137931034,12.0,3.0,1,0.025288174934884246,0,1,0.025288174934884246
ENSG00000143184,0.0,,0,0.0,0.0,0,0,,,,,1.0,11.892210187985023,1,1.0,1.0,1,1,11.93499645068868,11.849423925281368,0.0,-1.3843837613917942,0,0.0,0.0,0,0,-1.7640553661052543,-1.004712156678334,Organoid,0.2496260570471963,0.0571665354946646,abundance,P47992,0.3995,5.0,0.0,1.0,1.0,0.0,0.2318840579710145,0.0,1.0,1.0,0.0,1,0.024332169955013028,1,1,0.024332169955013028
ENSG00000213281,1.0,25.587790533281115,1,1.0,1.0,1,1,25.49290706352139,25.682674003040837,2.0,5.0,1.0,11.326373553538335,1,1.0,1.0,1,1,11.529856220552713,11.122890886523958,0.0,-0.5402183573975572,0,0.0,0.0,0,0,-0.7218544556134494,-0.3585822591816649,Organoid,0.9472237405320908,0.9603413132792632,proteotypicity,P01111,0.4239,9.0,0.0,0.0,0.0,1.0,0.4506172839506173,3.0,0.6666666666666666,2.0,2.0,1,0.024204861308766895,0,1,0.024204861308766895
ENSG00000133703,1.0,25.740672534486684,1,1.0,1.0,1,1,25.709022408275484,25.77232266069789,4.0,10.0,1.0,10.378332670545438,1,1.0,1.0,1,1,10.352168213224049,10.404497127866824,0.0,,0,0.0,0.0,0,0,,,Organoid,0.8968536654536859,0.9593906306518736,proteotypicity,P01116,0.4156,9.0,0.0,0.0,0.0,1.0,0.4938271604938271,3.0,0.6666666666666666,2.0,2.0,1,0.020330401761638837,0,1,0.020330401761638837
ENSG00000186298,0.0,,0,0.0,0.0,0,0,,,4.0,4.0,1.0,10.669984655371866,1,1.0,1.0,1,1,10.8741069486512,10.465862362092532,1.0,0.3931611868574184,1,1.0,1.0,1,1,0.3663354543298702,0.4199869193849667,Media,0.8998036862091706,0.9564897420477344,proteotypicity,P36873,0.4597,17.0,0.0,0.0,0.0,0.0,0.261744966442953,4.0,0.7647058823529411,2.0,3.0,1,0.01815422442182276,0,1,0.01815422442182276
ENSG00000174021,1.0,24.646275598666524,1,1.0,1.0,1,1,25.017792822284147,24.274758375048897,1.0,3.0,1.0,10.37135730310568,1,1.0,1.0,1,1,10.342678252406676,10.400036353804683,0.0,,0,0.0,0.0,0,0,,,Organoid,0.6569124944484144,0.761403466448532,proteotypicity,P63218,0.4099,3.0,0.0,0.0,0.0,1.0,0.0,1.0,0.6666666666666666,1.0,1.0,1,0.01764944091172436,0,1,0.01764944091172436
ENSG00000138069,0.2,26.182250516784748,0,0.2,0.2,0,0,25.87110077040717,26.49340026316233,8.0,14.0,1.0,10.34650107228286,1,1.0,1.0,1,1,10.421932864378675,10.271069280187046,0.0,,0,0.0,0.0,0,0,,,Media,0.9492270038233432,0.9549425011230342,proteotypicity,P62820,0.6173,14.0,0.0,0.0,0.0,0.0,0.2055555555555555,6.0,0.5714285714285714,23.0,3.0,1,0.008096025656120946,0,1,0.008096025656120946
ENSG00000184270,0.0,,0,0.0,0.0,0,0,,,1.0,2.0,1.0,10.342259684410417,1,1.0,1.0,1,1,10.618678703010392,10.065840665810441,0.0,,0,0.0,0.0,0,0,,,Media,0.6152088646038968,0.6682770558548126,proteotypicity,Q8IUE6,0.4287,6.0,0.0,0.0,0.0,0.0,0.2761904761904762,2.0,0.6666666666666666,14.0,2.0,1,0.00646586137681533,0,1,0.00646586137681533
ENSG00000174903,0.0,,0,0.0,0.0,0,0,,,5.0,7.0,1.0,10.331927371397482,1,1.0,1.0,1,1,10.326079550732116,10.337775192062846,0.0,,0,0.0,0.0,0,0,,,Media,0.8435193461473214,0.9328122061932862,proteotypicity,Q9H0U4,0.6315,14.0,0.0,0.0,0.0,0.0,0.2372881355932203,3.0,0.7857142857142857,23.0,1.0,1,0.002494668903304154,0,1,0.002494668903304154
ENSG00000131737,0.0,,0,0.0,0.0,0,0,,,,,1.0,10.3218285106787,1,1.0,1.0,1,1,10.332019262781404,10.311637758576,0.0,,0,0.0,0.0,0,0,,,Organoid,,,,O76011,0.5143,23.0,0.0,1.0,0.0,0.0,0.4432432432432432,10.0,0.5652173913043478,7.0,6.0,1,-0.0013867969047159558,0,1,-0.0013867969047159558
ENSG00000196337,0.0,,0,0.0,0.0,0,0,,,,,1.0,10.315040106907256,1,1.0,1.0,1,1,10.313835591252737,10.316244622561774,0.0,,0,0.0,0.0,0,0,,,Organoid,0.1999283307995667,0.2201344445388117,proteotypicity,P0DN87,0.5068,9.0,0.0,1.0,1.0,0.0,0.0578512396694214,0.0,1.0,3.0,0.0,1,-0.003995898848352597,1,1,-0.003995898848352597
ENSG00000147873,0.0,,0,0.0,0.0,0,0,,,,,1.0,10.31138228651898,1,1.0,1.0,1,1,10.260300300107035,10.36246427293093,0.0,,0,0.0,0.0,0,0,,,Organoid,,,,P01569,0.3646,8.0,0.0,1.0,1.0,0.0,0.1111111111111111,3.0,0.625,11.0,2.0,1,-0.005401770774338229,0,1,-0.005401770774338229
ENSG00000146938,0.1,21.29344358318913,0,0.2,0.0,0,0,21.29344358318913,,2.0,11.0,1.0,10.310090850353934,1,1.0,1.0,1,1,10.666730007220169,9.9534516934877,0.0,,0,0.0,0.0,0,0,,,Media,0.6776337212496378,0.502567008930882,abundance,Q8N0W4,0.2502,23.0,1.0,0.0,1.0,1.0,0.1304926764314247,5.0,0.782608695652174,4.0,2.0,1,-0.005898130260566418,0,1,-0.005898130260566418
ENSG00000244067,0.0,,0,0.0,0.0,0,0,,,,,1.0,10.302533307850137,1,1.0,1.0,1,1,10.771753679683432,9.833312936016835,0.0,,0,0.0,0.0,0,0,,,Organoid,0.9380377313485976,0.9156006666551646,proteotypicity,P09210,0.4676,12.0,0.0,0.0,0.0,0.0,0.3604060913705584,2.0,0.8333333333333334,3.0,2.0,1,-0.0088028482914417,0,1,-0.0088028482914417
ENSG00000111704,0.0,,0,0.0,0.0,0,0,,,,,1.0,9.077492412026965,1,1.0,1.0,1,1,9.057792990621566,9.097191833432365,0.1,2.5374234842084946,0,0.0,0.2,0,0,2.2732015208547685,2.801645447562221,Organoid,,,,Q9H9S0,0.2022,7.0,0.0,0.0,0.0,0.0,0.1067615658362989,2.0,0.7142857142857143,2.0,1.0,1,-0.011996799188861151,0,1,-0.011996799188861151
ENSG00000111196,0.0,,0,0.0,0.0,0,0,,,,,1.0,10.289901101539987,1,1.0,1.0,1,1,10.578595731042876,10.0012064720371,0.0,,0,0.0,0.0,0,0,,,Media,0.5576811482753717,0.7887993729741252,proteotypicity,Q96A72,0.521,9.0,0.0,0.0,0.0,0.0,0.5853658536585366,0.0,1.0,1.0,0.0,1,-0.013657997623435973,1,1,-0.013657997623435973
ENSG00000229183,0.0,,0,0.0,0.0,0,0,,,,,1.0,12.2959259511835,1,1.0,1.0,1,1,12.276762805738503,12.315089096628496,1.0,-2.2874369851893577,1,1.0,1.0,1,1,-1.7086273442715778,-2.8662466261071375,Organoid,0.9412495087048722,0.721066021568637,proteotypicity,P0DJD7,0.0476,2.0,0.0,1.0,1.0,0.0,0.0,0.0,1.0,2.0,0.0,1,-0.014272435540223283,1,1,-0.014272435540223283
ENSG00000118680,1.0,26.762722494407846,1,1.0,1.0,1,1,26.708089486662754,26.817355502152942,0.0,4.0,1.0,10.28088099227029,1,1.0,1.0,1,1,10.434372875868073,10.127389108672507,0.0,,0,0.0,0.0,0,0,,,Organoid,0.643876589836559,0.9288858716931,proteotypicity,O14950,0.455,9.0,0.0,0.0,0.0,0.0,0.5878378378378378,1.0,0.8888888888888888,2.0,0.0,1,-0.01712484865642597,0,1,-0.01712484865642597
ENSG00000131508,0.0,,0,0.0,0.0,0,0,,,,,1.0,10.41656642136891,1,1.0,1.0,1,1,10.418441114085365,10.414691728652453,0.0,0.4951073853406019,0,0.0,0.0,0,0,0.5073015697248767,0.4829132009563272,Media,0.8308089622071592,0.8273643170952447,proteotypicity,P62837,0.239,4.0,0.0,0.0,0.0,0.0,0.1544715447154471,1.0,0.75,3.0,1.0,1,-0.017429495259199405,0,1,-0.017429495259199405
ENSG00000169612,1.0,22.275253686511995,1,1.0,1.0,1,1,22.157125579379294,22.393381793644693,1.0,7.0,1.0,10.276890406608024,1,1.0,1.0,1,1,10.276352419967077,10.277428393248968,0.0,,0,0.0,0.0,0,0,,,Organoid,0.3960349973354187,0.6314738628106699,proteotypicity,Q9BTL3,0.4868,7.0,0.0,0.0,0.0,0.0,0.5591397849462365,1.0,0.8571428571428571,1.0,0.0,1,-0.018658617883805913,0,1,-0.018658617883805913
ENSG00000151632,1.0,24.798763389811874,1,1.0,1.0,1,1,25.041722831119436,24.55580394850431,4.0,16.0,1.0,10.275343327785034,1,1.0,1.0,1,1,10.334574324765333,10.216112330804735,0.0,,0,0.0,0.0,0,0,,,Organoid,0.9018005366457632,0.9639998276203776,proteotypicity,P52895,0.4628,17.0,0.0,0.0,0.0,0.0,0.2040133779264214,5.0,0.7058823529411765,4.0,3.0,1,-0.01925323283305232,0,1,-0.01925323283305232
ENSG00000124467,0.0,,0,0.0,0.0,0,0,,,,,1.0,10.26486210662337,1,1.0,1.0,1,1,10.279659313030649,10.250064900216088,0.0,,0,0.0,0.0,0,0,,,Organoid,0.4554158243347487,0.5342743925847099,proteotypicity,Q9UQ74,0.4396,21.0,0.0,1.0,1.0,0.0,0.0244565217391304,7.0,0.6666666666666666,6.0,5.0,1,-0.02328165769187127,0,1,-0.02328165769187127
ENSG00000254647,0.2,35.95851059113049,0,0.0,0.4,0,0,,35.95851059113049,1.0,2.0,1.0,15.45416461642512,1,1.0,1.0,1,1,15.32983636737884,15.578492865471398,1.0,-7.096753491833441,1,1.0,1.0,1,1,-6.893612753072692,-7.299894230594191,Media,0.5379472247708093,0.5920618358551951,proteotypicity,P01308,0.1669,2.0,0.0,1.0,1.0,0.0,0.1935483870967742,1.0,0.5,1.0,0.0,1,-0.02611602107875599,0,1,-0.02611602107875599
ENSG00000118894,1.0,16.332990890868682,1,1.0,1.0,1,1,16.154380419762628,16.511601361974737,2.0,3.0,1.0,10.242822933556194,1,1.0,1.0,1,1,10.237354647973945,10.248291219138446,0.0,,0,0.0,0.0,0,0,,,Organoid,0.7785252215576487,0.5398668730349241,abundance,Q96G04,0.3251,12.0,0.0,0.0,0.0,0.0,0.218954248366013,6.0,0.5,4.0,1.0,1,-0.03175234553274621,0,1,-0.03175234553274621
ENSG00000234829,0.0,,0,0.0,0.0,0,0,,,,,1.0,10.222163008447918,1,1.0,1.0,1,1,10.197313526447422,10.247012490448416,0.0,,0,0.0,0.0,0,0,,,Organoid,,,,P01571,0.2761,6.0,0.0,1.0,1.0,0.0,0.1408450704225352,1.0,0.8333333333333334,11.0,1.0,1,-0.039692923696665834,0,1,-0.039692923696665834
ENSG00000118260,1.0,23.226622555748964,1,1.0,1.0,1,1,22.926569866477188,23.526675245020737,3.0,5.0,1.0,10.219778207307614,1,1.0,1.0,1,1,10.198691719899301,10.240864694715928,0.0,,0,0.0,0.0,0,0,,,Organoid,0.6563701558765878,0.93961661063109,proteotypicity,P16220,0.1138,4.0,0.0,0.0,0.0,0.0,0.33003300330033,2.0,0.5,1.0,1.0,1,-0.040609514621402505,0,1,-0.040609514621402505
ENSG00000186803,0.0,,0,0.0,0.0,0,0,,,,,1.0,10.21433794992736,1,1.0,1.0,1,1,10.184458440621935,10.244217459232784,0.0,,0,0.0,0.0,0,0,,,Organoid,,,,P01566,0.2748,6.0,0.0,1.0,1.0,0.0,0.1830985915492957,3.0,0.5,11.0,2.0,1,-0.04270046067920999,0,1,-0.04270046067920999
ENSG00000120322,0.0,,0,0.0,0.0,0,0,,,,,1.0,10.210167654381292,1,1.0,1.0,1,1,10.179918763202316,10.24041654556027,0.0,,0,0.0,0.0,0,0,,,Organoid,,,,Q9UN66,0.3083,27.0,1.0,0.0,1.0,1.0,0.1791443850267379,11.0,0.5925925925925926,17.0,10.0,1,-0.04430330084327873,0,1,-0.04430330084327873
ENSG00000109272,0.0,,0,0.0,0.0,0,0,,,,,1.0,10.208698231949189,1,1.0,1.0,1,1,10.202671079042574,10.214725384855807,0.0,,0,0.0,0.0,0,0,,,Organoid,,,,P10720,0.4328,5.0,0.0,1.0,1.0,0.0,0.2,2.0,0.6,1.0,0.0,1,-0.044868068799444355,0,1,-0.044868068799444355
ENSG00000196565,0.0,,0,0.0,0.0,0,0,,,0.0,3.0,1.0,11.014558988106293,1,1.0,1.0,1,1,10.988767046229624,11.04035092998296,0.1,-0.6172194911800868,0,0.0,0.2,0,0,-0.6765673949386141,-0.5578715874215594,Media,0.9528647687157404,0.9335033751368402,proteotypicity,P69892,0.6201,10.0,0.0,0.0,0.0,0.0,0.1639344262295081,2.0,0.8,4.0,1.0,1,-0.04562469008833417,0,1,-0.04562469008833417
ENSG00000100320,0.0,,0,0.0,0.0,0,0,,,3.0,11.0,1.0,10.175937252082544,1,1.0,1.0,1,1,10.442498531414188,9.909375972750903,0.0,,0,0.0,0.0,0,0,,,Media,0.5400938419552701,0.7738296240372415,proteotypicity,O43251,0.2659,11.0,0.0,0.0,0.0,0.0,0.1147540983606557,5.0,0.5454545454545454,2.0,3.0,1,-0.05745964984314687,0,1,-0.05745964984314687
ENSG00000124614,1.0,28.929307442815094,1,1.0,1.0,1,1,28.823477292368995,29.035137593261204,9.0,13.0,1.0,10.4784427417552,1,1.0,1.0,1,1,10.38689618017952,10.569989303330882,0.0,0.0008020531783433,0,0.0,0.0,0,0,0.03527545357870174,-0.03367134722201504,Organoid,0.9607518225706482,0.9593785498511268,proteotypicity,P46783,0.5292,10.0,0.0,0.0,0.0,0.0,0.475177304964539,5.0,0.5,2.0,5.0,1,-0.06913650589631998,0,1,-0.06913650589631998
ENSG00000164508,0.0,,0,0.0,0.0,0,0,,,,,1.0,10.143786151202056,1,1.0,1.0,1,1,10.347947790795228,9.939624511608887,0.0,,0,0.0,0.0,0,0,,,Media,0.5975985491149547,0.5870879607944589,proteotypicity,Q96QV6,0.4215,6.0,0.0,0.0,0.0,0.0,0.2735849056603773,2.0,0.6666666666666666,14.0,1.0,1,-0.06981682578931293,0,1,-0.06981682578931293
ENSG00000136238,0.1,27.527236325861608,0,0.0,0.2,0,0,,27.527236325861608,3.0,10.0,1.0,10.140980357813367,1,1.0,1.0,1,1,10.29301477520878,9.98894594041796,0.0,,0,0.0,0.0,0,0,,,Media,0.837840119396719,0.8468775996238551,proteotypicity,P63000,0.3263,7.0,0.0,0.0,0.0,1.0,0.2363636363636363,2.0,0.7142857142857143,6.0,0.0,1,-0.07089522377952465,0,1,-0.07089522377952465
ENSG00000269586,0.0,,0,0.0,0.0,0,0,,,,,1.0,10.101072667136076,1,1.0,1.0,1,1,10.131601963762309,10.07054337050984,0.0,,0,0.0,0.0,0,0,,,Organoid,0.2388893519021174,0.4585024959503956,proteotypicity,P0DMU9,0.4256,9.0,0.0,0.0,0.0,0.0,0.4545454545454545,2.0,0.7777777777777778,8.0,0.0,1,-0.08623362096653127,0,1,-0.08623362096653127
ENSG00000173914,0.0,,0,0.0,0.0,0,0,,,4.0,19.0,0.7,10.099950896383834,1,1.0,0.4,1,0,10.171102548063114,10.028799244704555,0.0,,0,0.0,0.0,0,0,,,Media,0.5283810777158596,0.8662662799882943,proteotypicity,Q9BQ04,0.4732,19.0,0.0,0.0,0.0,0.0,0.2656716417910448,5.0,0.7368421052631579,1.0,1.0,1,-0.08666477007735782,0,1,-0.08666477007735782
ENSG00000092054,0.0,,0,0.0,0.0,0,0,,,2.0,2.0,1.0,12.26634023534504,1,1.0,1.0,1,1,12.21748704681083,12.315193423879252,0.0,-2.923529131336661,0,0.0,0.0,0,0,-3.281219772614469,-2.5658384900588533,Organoid,0.9433891904743114,0.9860750051288912,proteotypicity,P12883,0.4482,100.0,0.0,0.0,0.0,0.0,0.6645735217163788,31.0,0.69,12.0,23.0,1,-0.10179850561334575,0,1,-0.10179850561334575
ENSG00000086205,0.0,,0,0.0,0.0,0,0,,,,,1.0,12.04411389958774,1,1.0,1.0,1,1,11.974563496504283,12.113664302671195,0.0,-2.6215565486634924,0,0.0,0.0,0,0,-2.9183022953849544,-2.32481080194203,Organoid,0.9565477992626032,0.9210209500330276,proteotypicity,Q04609,0.4862,41.0,1.0,0.0,0.0,1.0,0.1570247933884297,20.0,0.5121951219512195,2.0,13.0,1,-0.10565230385385377,0,1,-0.10565230385385377
ENSG00000131015,0.0,,0,0.0,0.0,0,0,,,,,1.0,10.025551143438545,1,1.0,1.0,1,1,10.029978128162751,10.021124158714334,0.0,,0,0.0,0.0,0,0,,,Organoid,,,,Q9BZM5,0.4019,11.0,0.0,1.0,1.0,1.0,0.1785714285714285,4.0,0.6363636363636364,2.0,2.0,1,-0.11526008446219634,0,1,-0.11526008446219634
ENSG00000228836,0.0,,0,0.0,0.0,0,0,,,,,1.0,10.012601891594974,1,1.0,1.0,1,1,9.995122947415087,10.030080835774863,0.0,,0,0.0,0.0,0,0,,,Organoid,0.1413364530905069,0.2145106605639501,proteotypicity,P0DMU8,0.4239,9.0,0.0,0.0,0.0,0.0,0.5333333333333333,0.0,1.0,8.0,0.0,1,-0.12023708926203282,1,1,-0.12023708926203282
ENSG00000196139,1.0,23.45509171267553,1,1.0,1.0,1,1,23.634733342328413,23.275450083022662,3.0,7.0,1.0,10.009981112339643,1,1.0,1.0,1,1,10.424331129142868,9.595631095536422,0.0,,0,0.0,0.0,0,0,,,Organoid,0.937523600545434,0.970520490479208,proteotypicity,P42330,0.4613,17.0,0.0,0.0,0.0,0.0,0.2408026755852843,8.0,0.5294117647058824,4.0,3.0,1,-0.12124437764368316,0,1,-0.12124437764368316
ENSG00000196620,0.0,,0,0.0,0.0,0,0,,,,,1.0,9.98555926940851,1,1.0,1.0,1,1,9.96055946256799,10.010559076249033,0.0,,0,0.0,0.0,0,0,,,Organoid,0.652750863539499,0.6351050289138521,proteotypicity,P54855,0.3441,21.0,1.0,0.0,1.0,1.0,0.0807453416149068,10.0,0.5238095238095238,7.0,4.0,1,-0.13063083725983854,0,1,-0.13063083725983854
ENSG00000101210,1.0,31.359627090542897,1,1.0,1.0,1,1,31.361753910379832,31.357500270705962,13.0,27.0,1.0,9.985129929342976,1,1.0,1.0,1,1,9.899003281622416,10.071256577063536,0.0,,0,0.0,0.0,0,0,,,Organoid,0.7918041179069005,0.9496397259806284,proteotypicity,Q05639,0.3765,19.0,0.0,0.0,0.0,0.0,0.3013698630136986,7.0,0.631578947368421,2.0,2.0,1,-0.13079585278295414,0,1,-0.13079585278295414
ENSG00000147224,1.0,26.99535856825776,1,1.0,1.0,1,1,27.11115309712067,26.879564039394843,7.0,20.0,1.0,9.9800732349429,1,1.0,1.0,1,1,10.042717355885467,9.917429114000333,0.0,,0,0.0,0.0,0,0,,,Organoid,0.8599792229116712,0.9589409100720704,proteotypicity,P60891,0.4593,16.0,0.0,0.0,0.0,0.0,0.2593856655290102,6.0,0.625,2.0,1.0,1,-0.1327393775984811,0,1,-0.1327393775984811
ENSG00000169629,0.0,,0,0.0,0.0,0,0,,,,,1.0,9.97917167143486,1,1.0,1.0,1,1,10.101565207632742,9.856778135236983,0.0,,0,0.0,0.0,0,0,,,Media,0.1894119521576955,0.4623686064607552,proteotypicity,O14715,0.4372,87.0,0.0,0.0,0.0,0.0,0.4014933946008041,3.0,0.9655172413793104,14.0,2.0,1,-0.13308589073770127,0,1,-0.13308589073770127
ENSG00000143556,0.4,21.711477320695348,0,0.4,0.4,0,0,21.02524694118809,22.397707700202613,2.0,4.0,1.0,9.977906092373884,1,1.0,1.0,1,1,9.922245675295162,10.033566509452605,0.0,,0,0.0,0.0,0,0,,,Media,0.9449572814000966,0.9660803883680434,proteotypicity,P31151,0.5231,6.0,0.0,1.0,0.0,0.0,0.7368421052631579,2.0,0.6666666666666666,1.0,2.0,1,-0.13357231212614484,0,1,-0.13357231212614484
ENSG00000115756,0.0,,0,0.0,0.0,0,0,,,7.0,9.0,1.0,10.439442829415508,1,1.0,1.0,1,1,10.803588010216622,10.0752976486144,1.0,-0.4647547884018856,1,1.0,1.0,1,1,-0.3809980571858926,-0.5485115196178787,Media,0.8631820123938085,0.961489608961975,proteotypicity,P37235,0.6723,15.0,0.0,0.0,0.0,0.0,0.4761904761904761,6.0,0.6,2.0,3.0,1,-0.13653043027189335,0,1,-0.13653043027189335
ENSG00000184330,0.0,,0,0.0,0.0,0,0,,,,,1.0,9.954016682313696,1,1.0,1.0,1,1,9.90158615246828,10.006447212159117,0.0,,0,0.0,0.0,0,0,,,Organoid,0.9495318667137664,0.8995022818917983,proteotypicity,Q86SG5,0.6192,7.0,0.0,0.0,0.0,0.0,0.5324675324675324,2.0,0.7142857142857143,1.0,2.0,1,-0.14275413281904037,0,1,-0.14275413281904037
ENSG00000163286,0.4,18.464707501382744,0,0.0,0.8,0,1,,18.464707501382744,0.0,2.0,1.0,10.14035987361305,1,1.0,1.0,1,1,10.113178202824756,10.167541544401345,1.0,-0.1303234132211392,1,1.0,1.0,1,1,-1.0362410339945405,0.7755942075522622,Organoid,0.8572279261737661,0.9123940613330064,proteotypicity,P10696,0.4357,25.0,0.0,0.0,1.0,1.0,0.1304347826086956,7.0,0.72,2.0,3.0,1,-0.15097783792361918,0,1,-0.15097783792361918
ENSG00000244731,0.0,,0,0.0,0.0,0,0,,,,,1.0,9.910880899602072,1,1.0,1.0,1,1,9.888972156921115,9.932789642283023,0.0,,0,0.0,0.0,0,0,,,Organoid,0.5412787409664961,0.854092137395679,proteotypicity,P0C0L4,0.1556,30.0,0.0,1.0,1.0,1.0,0.0759493670886076,0.0,1.0,1.0,0.0,1,-0.1593332371714707,1,1,-0.1593332371714707
ENSG00000161640,0.0,,0,0.0,0.0,0,0,,,1.0,1.0,1.0,9.901417087472216,1,1.0,1.0,1,1,9.942334068015716,9.860500106928708,0.0,,0,0.0,0.0,0,0,,,Media,,,,Q96RL6,0.3298,25.0,1.0,0.0,1.0,1.0,0.0973724884080371,11.0,0.56,2.0,7.0,1,-0.16297062402316168,0,1,-0.16297062402316168
ENSG00000109332,0.3,26.000106919061334,0,0.6,0.0,0,0,26.000106919061338,,1.0,4.0,1.0,9.89958811306013,1,1.0,1.0,1,1,9.86075101849737,9.938425207622892,0.0,,0,0.0,0.0,0,0,,,Media,0.7392295623663431,0.5113904737974704,proteotypicity,P61077,0.2397,4.0,0.0,0.0,0.0,1.0,0.1544715447154471,0.0,1.0,3.0,0.0,1,-0.16367358466812382,1,1,-0.16367358466812382
ENSG00000183709,0.0,,0,0.0,0.0,0,0,,,,,1.0,10.015398428326526,1,1.0,1.0,1,1,10.001090485094533,10.029706371558518,0.0,-0.0457260517433813,0,0.0,0.0,0,0,0.134226069899482,-0.22567817338624466,Organoid,,,,Q8IZJ0,0.4038,9.0,0.0,1.0,1.0,0.0,0.3774834437086092,3.0,0.6666666666666666,1.0,2.0,1,-0.16410769833277883,0,1,-0.16410769833277883
ENSG00000153976,0.0,,0,0.0,0.0,0,0,,,1.0,1.0,1.0,9.885474991332703,1,1.0,1.0,1,1,9.960992708281246,9.809957274384164,0.0,,0,0.0,0.0,0,0,,,Media,0.4555512897735984,0.33386556600785,abundance,Q9Y663,0.4454,20.0,1.0,0.0,0.0,1.0,0.3115183246073298,5.0,0.75,4.0,2.0,1,-0.16909791924950368,0,1,-0.16909791924950368
ENSG00000174775,0.0,,0,0.0,0.0,0,0,,,0.0,4.0,1.0,11.628550369777502,1,1.0,1.0,1,1,11.655664039287007,11.601436700267998,0.0,-2.505760359443643,0,0.0,0.0,0,0,-2.6670520797487285,-2.344468639138557,Media,0.9263168923740818,0.95503666383576,proteotypicity,P01112,0.4695,10.0,0.0,0.0,0.0,1.0,0.4629629629629629,3.0,0.7,2.0,2.0,1,-0.1706140857565953,0,1,-0.1706140857565953
ENSG00000268940,0.0,,0,0.0,0.0,0,0,,,,,1.0,10.423185204923588,1,1.0,1.0,1,1,10.412667376729752,10.433703033117421,0.0,-0.7236945532364911,0,0.0,0.0,0,0,-1.2647074104161073,-0.18268169605687495,Organoid,0.1032273350939027,0.1851376722116249,proteotypicity,Q5HYN5,0.4231,9.0,0.0,0.0,0.0,0.0,0.5333333333333333,0.0,1.0,8.0,0.0,1,-0.17297025651556758,1,1,-0.17297025651556758
ENSG00000243137,0.0,,0,0.0,0.0,0,0,,,,,1.0,9.869169046289722,1,1.0,1.0,1,1,9.876092405466062,9.862245687113381,0.0,,0,0.0,0.0,0,0,,,Organoid,0.2398241299265544,0.5011806046620284,proteotypicity,Q00888,0.4245,20.0,0.0,1.0,1.0,0.0,0.0166204986149584,9.0,0.55,6.0,4.0,1,-0.1753650586738622,0,1,-0.1753650586738622
ENSG00000240038,0.0,,0,0.0,0.0,0,0,,,,,1.0,9.86331660614631,1,1.0,1.0,1,1,9.83132875467712,9.895304457615499,0.0,,0,0.0,0.0,0,0,,,Organoid,0.8473108561661395,0.8640175275128582,proteotypicity,P19961,0.3985,23.0,0.0,1.0,1.0,0.0,0.097457627118644,1.0,0.9565217391304348,4.0,1.0,1,-0.1776144258988097,0,1,-0.1776144258988097
ENSG00000257017,0.9,26.662181983003425,1,1.0,0.8,1,1,26.574058414332985,26.77233644384147,2.0,4.0,1.0,9.804597825331038,1,1.0,1.0,1,1,9.683514027850531,9.925681622811545,0.0,,0,0.0,0.0,0,0,,,Media,0.8296119471442422,0.977840813667563,proteotypicity,P00738,0.4424,20.0,0.0,1.0,1.0,0.0,0.1703296703296703,9.0,0.55,1.0,5.0,1,-0.20018280726079915,0,1,-0.20018280726079915
ENSG00000214042,0.0,,0,0.0,0.0,0,0,,,,,1.0,9.784203696440152,1,1.0,1.0,1,1,9.775012524291824,9.793394868588484,0.0,,0,0.0,0.0,0,0,,,Organoid,,,,P01567,0.2714,6.0,0.0,1.0,1.0,0.0,0.204225352112676,2.0,0.6666666666666666,11.0,2.0,1,-0.20802122747260646,0,1,-0.20802122747260646
ENSG00000182247,0.0,,0,0.0,0.0,0,0,,,2.0,2.0,1.0,8.209498929684345,1,1.0,1.0,1,1,8.26267589435316,8.156321965015533,1.0,2.2924155202179466,1,1.0,1.0,1,1,2.499062931308858,2.0857681091270353,Media,0.4310318677042664,0.6519113943409482,proteotypicity,Q96LR5,0.3145,7.0,0.0,0.0,0.0,0.0,0.2613636363636363,2.0,0.7142857142857143,2.0,2.0,1,-0.21032515915507843,0,1,-0.21032515915507843
ENSG00000143761,0.8,26.2750725381509,1,0.8,0.8,1,1,26.902598141307898,25.64754693499391,2.0,8.0,1.0,9.769856632517378,1,1.0,1.0,1,1,10.073441004211126,9.46627226082363,0.0,,0,0.0,0.0,0,0,,,Media,0.6598333992689743,0.9025923880953142,proteotypicity,P84077,0.4348,9.0,0.0,0.0,0.0,0.0,0.1923076923076923,1.0,0.8888888888888888,3.0,0.0,1,-0.2135354770114829,0,1,-0.2135354770114829
ENSG00000175582,0.4,25.62682817885959,0,0.2,0.6,0,0,25.3782019683352,25.70970358236772,7.0,13.0,1.0,9.75558839916124,1,1.0,1.0,1,1,9.852480291689707,9.65869650663277,0.0,,0,0.0,0.0,0,0,,,Media,0.947620987398792,0.94487296231489,proteotypicity,P20340,0.5086,12.0,0.0,0.0,0.0,1.0,0.4043715846994535,5.0,0.5833333333333334,23.0,1.0,1,-0.2190194282664692,0,1,-0.2190194282664692
ENSG00000133020,0.2,10.089609282738657,0,0.2,0.2,0,0,10.883513905298637,9.295704660178677,1.0,1.0,1.0,9.750119160482058,1,1.0,1.0,1,1,9.727178645166827,9.773059675797288,0.0,,0,0.0,0.0,0,0,,,Organoid,0.9619395752018046,0.966301950985432,proteotypicity,P13535,0.4444,99.0,0.0,0.0,0.0,0.0,0.6393099843178254,34.0,0.6565656565656566,12.0,22.0,1,-0.22112151319666992,0,1,-0.22112151319666992
ENSG00000164871,0.0,,0,0.0,0.0,0,0,,,,,1.0,9.746212014817562,1,1.0,1.0,1,1,9.73962009257247,9.752803937062652,0.0,,0,0.0,0.0,0,0,,,Organoid,,,,Q08648,0.3499,4.0,0.0,1.0,1.0,0.0,0.037037037037037,2.0,0.5,1.0,1.0,1,-0.22262321251959327,0,1,-0.22262321251959327
ENSG00000105419,0.0,,0,0.0,0.0,0,0,,,2.0,3.0,1.0,8.421977887996892,1,1.0,1.0,1,1,8.849020361261656,7.9949354147321285,0.0,1.860572762753652,0,0.0,0.0,0,0,2.2898193339093385,1.4313261915979656,Media,0.4090133548575893,0.2611635481411679,proteotypicity,Q99687,0.2919,12.0,0.0,0.0,0.0,0.0,0.2535612535612536,4.0,0.6666666666666666,4.0,0.0,1,-0.22505382145594321,0,1,-0.22505382145594321
ENSG00000269096,0.0,,0,0.0,0.0,0,0,,,,,1.0,9.7378088906718,1,1.0,1.0,1,1,9.717348928684086,9.758268852659516,0.0,,0,0.0,0.0,0,0,,,Organoid,0.1253158976840784,0.2145106605639501,proteotypicity,Q8NHU0,0.4219,9.0,0.0,0.0,0.0,0.0,0.5333333333333333,0.0,1.0,8.0,0.0,1,-0.22585292723302222,1,1,-0.22585292723302222
ENSG00000267368,0.0,,0,0.0,0.0,0,0,,,,,1.0,10.843725878749842,1,1.0,1.0,1,1,10.817626688179928,10.869825069319754,0.0,-1.8564970412002888,0,0.0,0.0,0,0,-2.063009080496934,-1.649985001903643,Organoid,0.3680952999246881,0.2593100208876387,proteotypicity,B0FP48,0.3171,9.0,1.0,0.0,1.0,1.0,0.0145631067961165,0.0,1.0,1.0,0.0,1,-0.23790141381757735,1,1,-0.23790141381757735
ENSG00000142089,0.9,17.89703556773308,1,1.0,0.8,1,1,17.601574821610058,18.266361500386857,1.0,2.0,1.0,9.698131681270558,1,1.0,1.0,1,1,9.643403940695386,9.75285942184573,0.0,,0,0.0,0.0,0,0,,,Organoid,0.5364824545034351,0.6093338616520503,proteotypicity,Q01628,0.2734,4.0,1.0,0.0,0.0,1.0,0.0,2.0,0.5,2.0,1.0,1,-0.2411027396561349,0,1,-0.2411027396561349
ENSG00000274997,0.0,,0,0.0,0.0,0,0,,,,,1.0,9.69658721249617,1,1.0,1.0,1,1,9.85399961976228,9.539174805230058,0.0,,0,0.0,0.0,0,0,,,Media,0.1888968536857733,0.4118333871378687,proteotypicity,Q96KK5,0.3596,5.0,0.0,0.0,0.0,0.0,0.3009708737864077,0.0,1.0,14.0,0.0,1,-0.24169635144129364,1,1,-0.24169635144129364
ENSG00000113712,0.0,,0,0.0,0.0,0,0,,,7.0,14.0,1.0,9.661277119245929,1,1.0,1.0,1,1,9.624544431306004,9.698009807185851,0.0,,0,0.0,0.0,0,0,,,Media,0.8429357240014784,0.8695667547304572,proteotypicity,P48729,0.4625,18.0,0.0,0.0,0.0,0.0,0.1762820512820513,9.0,0.5,2.0,4.0,1,-0.25526767631102915,0,1,-0.25526767631102915
ENSG00000152082,0.0,,0,0.0,0.0,0,0,,,2.0,5.0,0.0,,0,0.0,0.0,0,0,,,1.0,-0.2468110064015342,1,1.0,1.0,1,1,-0.32159723125361184,-0.17202478154945666,Media,0.2912381729296566,0.654245373117871,proteotypicity,Q6NZ67,0.4314,7.0,0.0,0.0,0.0,0.0,0.1716417910447761,2.0,0.7142857142857143,1.0,1.0,1,-0.2607968753534954,0,1,-0.2607968753534954
ENSG00000204967,0.1,21.107999859191672,0,0.2,0.0,0,0,21.107999859191672,,3.0,9.0,1.0,9.64058943085975,1,1.0,1.0,1,1,9.646723219093742,9.634455642625754,0.0,,0,0.0,0.0,0,0,,,Media,0.5269937092065936,0.333539116604592,abundance,Q9UN74,0.3813,39.0,1.0,0.0,1.0,1.0,0.1834451901565995,18.0,0.5384615384615384,14.0,12.0,1,-0.2632189252047368,0,1,-0.2632189252047368
ENSG00000132507,1.0,27.023887681409253,1,1.0,1.0,1,1,26.969008456964655,27.078766905853843,3.0,11.0,0.8,9.472582767572408,1,1.0,0.6,1,0,9.596843300018724,9.348322235126089,0.0,-0.0118025188834709,0,0.0,0.0,0,0,-0.040104481396284156,0.016499443629342348,Media,0.9443367488611868,0.8981137179953551,proteotypicity,P63241,0.4159,7.0,0.0,0.0,0.0,1.0,0.2945736434108527,1.0,0.8571428571428571,2.0,1.0,1,-0.26405780860502637,0,1,-0.26405780860502637
ENSG00000116954,1.0,24.54758348539895,1,1.0,1.0,1,1,24.370940561316583,24.724226409481307,9.0,17.0,1.0,9.627197651436791,1,1.0,1.0,1,1,9.7444576478456,9.509937655027985,0.0,,0,0.0,0.0,0,0,,,Organoid,0.95790480729004,0.94060560864473,proteotypicity,Q9HB90,0.407,18.0,0.0,0.0,0.0,0.0,0.1791443850267379,9.0,0.5,1.0,3.0,1,-0.26836601410775385,0,1,-0.26836601410775385
ENSG00000143556,0.9,20.00324763342664,1,0.8,1.0,1,1,19.597756300839244,20.32764069949655,2.0,4.0,0.7,9.624394386775998,1,0.6,0.8,0,1,9.54107448939177,9.707714284160229,0.0,,0,0.0,0.0,0,0,,,Organoid,0.9449572814000966,0.9660803883680434,proteotypicity,P31151,0.5231,6.0,0.0,1.0,0.0,0.0,0.7368421052631579,2.0,0.6666666666666666,1.0,2.0,1,-0.26944344018923866,0,1,-0.26944344018923866
ENSG00000189064,0.0,,0,0.0,0.0,0,0,,,,,1.0,10.502227580705409,1,1.0,1.0,1,1,10.512639105585226,10.491816055825591,0.0,-1.6917944195400456,0,0.0,0.0,0,0,-1.684512202445084,-1.6990766366350072,Organoid,0.1297450608331141,0.1414868789286328,proteotypicity,Q6NT46,0.1564,2.0,0.0,0.0,0.0,0.0,0.5760869565217391,0.0,1.0,13.0,0.0,1,-0.2823374564768706,1,1,-0.2823374564768706
ENSG00000278085,0.0,,0,0.0,0.0,0,0,,,,,1.0,9.590528926194477,1,1.0,1.0,1,1,9.539064319750938,9.641993532638008,0.0,,0,0.0,0.0,0,0,,,Organoid,0.0383101704605934,0.2197402790845807,proteotypicity,P0DMV1,0.4213,9.0,0.0,0.0,0.0,0.0,0.509090909090909,0.0,1.0,8.0,0.0,1,-0.2824595249715105,1,1,-0.2824595249715105
ENSG00000181404,0.0,,0,0.0,0.0,0,0,,,,,1.0,9.589063087142671,1,1.0,1.0,1,1,9.623488138872014,9.554638035413333,0.0,,0,0.0,0.0,0,0,,,Organoid,0.8685717660950493,0.7250685611894597,proteotypicity,A8K0Z3,0.3378,17.0,0.0,0.0,0.0,0.0,0.2290249433106576,2.0,0.8823529411764706,4.0,1.0,1,-0.28302291566656795,0,1,-0.28302291566656795
ENSG00000111328,1.0,21.328891979942576,1,1.0,1.0,1,1,21.037151738294995,21.62063222159015,2.0,3.0,1.0,9.58404230917105,1,1.0,1.0,1,1,9.488980208695299,9.679104409646799,0.0,,0,0.0,0.0,0,0,,,Organoid,0.7753223093710851,0.8066279566962216,proteotypicity,O14519,0.3235,4.0,0.0,0.0,0.0,0.0,0.2857142857142857,2.0,0.5,1.0,2.0,1,-0.28495263611416893,0,1,-0.28495263611416893
ENSG00000122852,0.0,,0,0.0,0.0,0,0,,,,,1.0,9.575750947065844,1,1.0,1.0,1,1,9.73740053637351,9.414101357758176,0.0,,0,0.0,0.0,0,0,,,Media,0.7930844023107791,0.6094329792343022,proteotypicity,Q8IWL2,0.343,9.0,0.0,1.0,1.0,0.0,0.088235294117647,0.0,1.0,1.0,0.0,1,-0.2881393954338034,1,1,-0.2881393954338034
ENSG00000170465,0.0,,0,0.0,0.0,0,0,,,,,1.0,12.234234486787372,1,1.0,1.0,1,1,12.199138046983688,12.269330926591055,0.5,-4.360008141631074,0,1.0,0.0,1,0,-3.631313243058088,-5.088703040204061,Organoid,0.655623943140172,0.8904160226978787,proteotypicity,P48668,0.4831,29.0,0.0,0.0,0.0,0.0,0.4341372912801484,1.0,0.9655172413793104,17.0,0.0,1,-0.29278772201983105,0,1,-0.29278772201983105
ENSG00000072401,1.0,23.93172014774341,1,1.0,1.0,1,1,23.92012354114037,23.943316754346448,1.0,2.0,1.0,9.556733788300436,1,1.0,1.0,1,1,9.509645612548715,9.603821964052155,0.0,,0,0.0,0.0,0,0,,,Organoid,0.5372718623006153,0.8263854580568321,proteotypicity,P51668,0.2409,4.0,0.0,0.0,0.0,0.0,0.1463414634146341,2.0,0.5,3.0,1.0,1,-0.29544858144686864,0,1,-0.29544858144686864
ENSG00000186523,0.0,,0,0.0,0.0,0,0,,,,,1.0,9.536224055377824,1,1.0,1.0,1,1,9.526145029284653,9.546303081470999,0.0,,0,0.0,0.0,0,0,,,Media,0.5237539250185982,0.1851704534464912,proteotypicity,Q8N7N1,0.4078,15.0,0.0,0.0,0.0,0.0,0.2058823529411764,1.0,0.9333333333333332,4.0,0.0,1,-0.30333143370986526,0,1,-0.30333143370986526
ENSG00000122824,0.0,,0,0.0,0.0,0,0,,,1.0,1.0,1.0,7.976677050770077,1,1.0,1.0,1,1,8.083823898912026,7.869530202628129,0.0,1.801822864303005,0,0.0,0.0,0,0,1.8755034234661754,1.7281423051398341,Media,0.6997689139648638,0.5827977677997325,proteotypicity,Q8NFP7,0.5405,10.0,0.0,0.0,0.0,0.0,0.6714285714285714,1.0,0.9,4.0,1.0,1,-0.3181876614426071,0,1,-0.3181876614426071
ENSG00000143185,0.0,,0,0.0,0.0,0,0,,,,,1.0,9.480810931668865,1,1.0,1.0,1,1,9.279999161763495,9.681622701574229,0.0,,0,0.0,0.0,0,0,,,Media,0.2257705511809871,0.1067336954405497,proteotypicity,Q9UBD3,0.3979,5.0,0.0,1.0,1.0,0.0,0.2318840579710145,0.0,1.0,1.0,0.0,1,-0.32462929601148943,1,1,-0.32462929601148943
ENSG00000099977,0.8,25.031830063442904,1,0.6,1.0,0,1,25.010050753285714,25.044897649537216,2.0,7.0,0.5,7.963737117705489,0,0.6,0.4,0,0,7.978370826117034,7.94910340929394,1.0,1.7380026974077878,1,1.0,1.0,1,1,1.5593384789067286,1.9166669159088472,Media,0.8490958550334389,0.9103979835794004,proteotypicity,P30046,0.472,6.0,0.0,0.0,0.0,0.0,0.021505376344086,2.0,0.6666666666666666,1.0,1.0,1,-0.3288855625274291,0,1,-0.3288855625274291
ENSG00000184227,1.0,21.87649207938566,1,1.0,1.0,1,1,21.944526789967302,21.80845736880402,2.0,19.0,1.0,9.459627049123544,1,1.0,1.0,1,1,9.90239887370294,9.01685522454415,0.0,,0,0.0,0.0,0,0,,,Organoid,0.867582635189719,0.8086432511597724,proteotypicity,Q86TX2,0.5186,24.0,0.0,0.0,0.0,0.0,0.2373737373737373,2.0,0.9166666666666666,2.0,0.0,1,-0.33277125559192505,0,1,-0.33277125559192505
ENSG00000205916,0.0,,0,0.0,0.0,0,0,,,,,1.0,10.091545803681518,1,1.0,1.0,1,1,10.259642545684958,9.923449061678076,0.0,-1.5274671457134896,0,0.0,0.0,0,0,-1.6819072119657883,-1.373027079461191,Media,0.3208380692357203,0.1082239276434017,abundance,Q86SG3,0.2315,15.0,0.0,0.0,0.0,0.0,0.0486486486486486,0.0,1.0,3.0,0.0,1,-0.34011701972812336,1,1,-0.34011701972812336
ENSG00000184009,1.0,12.608186712004082,1,1.0,1.0,1,1,12.762585836890029,12.453787587118132,1.0,1.0,1.0,9.438652350527404,1,1.0,1.0,1,1,9.430495574144716,9.446809126910091,0.0,,0,0.0,0.0,0,0,,,Organoid,0.8855354265770529,0.8208870350930667,proteotypicity,P63261,0.4785,20.0,0.0,0.0,0.0,0.0,0.1566951566951566,1.0,0.95,9.0,0.0,1,-0.3408328159700207,0,1,-0.3408328159700207
ENSG00000239839,0.0,,0,0.0,0.0,0,0,,,,,1.0,9.431154271739322,1,1.0,1.0,1,1,9.385035091249803,9.477273452228843,0.0,,0,0.0,0.0,0,0,,,Organoid,0.4810592953614778,0.8084902546429047,proteotypicity,P59666,0.2928,3.0,0.0,1.0,1.0,0.0,0.0625,1.0,0.6666666666666666,1.0,0.0,1,-0.34371467930611477,0,1,-0.34371467930611477
ENSG00000168961,0.0,,0,0.0,0.0,0,0,,,,,1.0,10.821322064924924,1,1.0,1.0,1,1,10.769820484850579,10.872823644999269,0.7,-2.676209275280124,1,0.8,0.6,1,0,-1.8897885901862366,-3.4626299603740107,Organoid,0.5202275182456015,0.8864552975921561,proteotypicity,O00182,0.4049,16.0,0.0,1.0,0.0,0.0,0.0332326283987915,8.0,0.5,2.0,4.0,1,-0.34767212335208575,0,1,-0.34767212335208575
ENSG00000103226,0.0,,0,0.0,0.0,0,0,,,,,1.0,9.39118508193638,1,1.0,1.0,1,1,9.376090673366251,9.406279490506513,0.0,,0,0.0,0.0,0,0,,,Organoid,0.7003383415327327,0.8032536951419935,proteotypicity,P69849,0.4771,64.0,1.0,0.0,1.0,1.0,0.1062553556126821,2.0,0.96875,2.0,1.0,1,-0.3590767134914014,0,1,-0.3590767134914014
ENSG00000147885,0.0,,0,0.0,0.0,0,0,,,,,1.0,9.386160646235751,1,1.0,1.0,1,1,9.359910711832566,9.412410580638937,0.0,,0,0.0,0.0,0,0,,,Organoid,,,,P05015,0.3685,8.0,0.0,1.0,1.0,0.0,0.0352112676056338,4.0,0.5,11.0,2.0,1,-0.36100783977580614,0,1,-0.36100783977580614
ENSG00000278289,0.0,,0,0.0,0.0,0,0,,,,,1.0,9.382678988415574,1,1.0,1.0,1,1,9.513455128200174,9.251902848630973,0.0,,0,0.0,0.0,0,0,,,Media,0.041965809797825,0.1581848819917939,proteotypicity,P0DMU7,0.4239,9.0,0.0,0.0,0.0,0.0,0.5333333333333333,0.0,1.0,8.0,0.0,1,-0.36234600416489526,1,1,-0.36234600416489526
ENSG00000188486,1.0,32.7979309687035,1,1.0,1.0,1,1,32.79794312365137,32.79791881375561,3.0,11.0,1.0,9.36961514000632,1,1.0,1.0,1,1,9.529177353154187,9.210052926858449,0.0,,0,0.0,0.0,0,0,,,Media,0.7067237856967775,0.7302354108482493,proteotypicity,P16104,0.4622,7.0,0.0,0.0,0.0,0.0,0.2457627118644068,2.0,0.7142857142857143,14.0,2.0,1,-0.3673670537994708,0,1,-0.3673670537994708
ENSG00000198573,0.0,,0,0.0,0.0,0,0,,,,,0.7,9.35602109542705,1,0.6,0.8,0,1,9.367483029633492,9.344559161220605,0.0,,0,0.0,0.0,0,0,,,Organoid,0.2637479454461461,0.3915336931343658,proteotypicity,Q9NY87,0.4553,5.0,0.0,0.0,0.0,0.0,0.547945205479452,0.0,1.0,3.0,0.0,1,-0.37259188268823906,1,1,-0.37259188268823906
ENSG00000275302,0.0,,0,0.0,0.0,0,0,,,,,1.0,10.86647154663546,1,1.0,1.0,1,1,10.84667466353928,10.88626842973164,0.0,-2.9376946172567755,0,0.0,0.0,0,0,-3.2339027478974094,-2.6414864866161407,Organoid,,,,P13236,0.1958,2.0,0.0,1.0,1.0,0.0,0.0666666666666666,0.0,1.0,1.0,0.0,1,-0.3726386515693787,1,1,-0.3726386515693787
ENSG00000187134,0.8,20.23800689549744,1,1.0,0.6,1,0,20.10659945024304,20.457019304254775,1.0,1.0,1.0,9.349825094305722,1,1.0,1.0,1,1,9.302344619533782,9.39730556907766,0.0,,0,0.0,0.0,0,0,,,Organoid,0.8665270237330498,0.9316382676109344,proteotypicity,Q04828,0.4893,18.0,0.0,0.0,0.0,0.0,0.2307692307692307,2.0,0.8888888888888888,4.0,0.0,1,-0.374973296509915,0,1,-0.374973296509915
ENSG00000197903,0.0,,0,0.0,0.0,0,0,,,,,1.0,9.343578110561896,1,1.0,1.0,1,1,9.586189376357114,9.10096684476668,0.0,,0,0.0,0.0,0,0,,,Media,0.2851739778755584,0.3716883026190949,proteotypicity,O60814,0.504,7.0,0.0,0.0,0.0,0.0,0.3366336633663366,0.0,1.0,15.0,0.0,1,-0.3773743053444875,1,1,-0.3773743053444875
ENSG00000198814,0.0,,0,0.0,0.0,0,0,,,3.0,20.0,1.0,9.32953011803126,1,1.0,1.0,1,1,9.420550115909158,9.238510120153364,0.0,,0,0.0,0.0,0,0,,,Media,0.8320170963894807,0.8130050610554505,proteotypicity,P32189,0.4409,27.0,1.0,0.0,0.0,1.0,0.1401869158878504,2.0,0.925925925925926,2.0,1.0,1,-0.3827736077209997,0,1,-0.3827736077209997
ENSG00000214510,0.0,,0,0.0,0.0,0,0,,,,,1.0,9.32719383178884,1,1.0,1.0,1,1,9.301207882334031,9.353179781243647,0.0,,0,0.0,0.0,0,0,,,Organoid,0.2913256486488669,0.0885273250127099,abundance,Q1W4C9,0.0,0.0,0.0,1.0,1.0,0.0,0.2765957446808511,0.0,,0.0,0.0,1,-0.38367155209514425,1,0,-0.38367155209514425
ENSG00000204390,1.0,27.99590862592309,1,1.0,1.0,1,1,27.75455154592184,28.237265705924322,3.0,14.0,1.0,9.319139290973403,1,1.0,1.0,1,1,9.296600902980737,9.341677678966075,0.0,,0,0.0,0.0,0,0,,,Organoid,0.9391003682851514,0.976048650009245,proteotypicity,P34931,0.4831,34.0,0.0,0.0,0.0,1.0,0.3322528363047001,17.0,0.5,7.0,7.0,1,-0.38676728988626685,0,1,-0.38676728988626685
ENSG00000134138,0.0,,0,0.0,0.0,0,0,,,4.0,10.0,1.0,9.02724967393927,1,1.0,1.0,1,1,9.603613548496442,8.4508857993821,0.0,-0.3015084197153667,0,0.0,0.0,0,0,0.07685979133050119,-0.6798766307612347,Media,0.4197259527922788,0.5772821214410205,proteotypicity,O14770,0.2317,12.0,0.0,0.0,0.0,0.0,0.1479028697571744,4.0,0.6666666666666666,4.0,2.0,1,-0.3869129609229547,0,1,-0.3869129609229547
ENSG00000100985,0.0,,0,0.0,0.0,0,0,,,,,1.0,10.355181219528465,1,1.0,1.0,1,1,10.428423247047514,10.281939192009418,1.0,-2.2867886913701008,1,1.0,1.0,1,1,-1.8470017032254973,-2.726575679514704,Organoid,0.2825424451123269,0.4633137017928913,hydrophobicity,P14780,0.0,0.0,0.0,1.0,1.0,0.0,0.0,0.0,,0.0,0.0,1,-0.387148635560122,1,0,-0.387148635560122
ENSG00000166949,0.0,,0,0.0,0.0,0,0,,,5.0,9.0,1.0,8.362461577387053,1,1.0,1.0,1,1,8.510132548386224,8.214790606387883,0.0,0.6690609363398281,0,0.0,0.0,0,0,0.42419157170102295,0.9139303009786331,Media,0.7945255744259541,0.82179366868433,proteotypicity,P84022,0.3744,18.0,0.0,0.0,0.0,0.0,0.12,8.0,0.5555555555555556,4.0,5.0,1,-0.389792808952889,0,1,-0.389792808952889
ENSG00000101608,0.0,,0,0.0,0.0,0,0,,,,,1.0,9.304159904057274,1,1.0,1.0,1,1,9.528872819232346,9.0794469888822,0.0,,0,0.0,0.0,0,0,,,Media,0.8565167084262768,0.8883542106525427,proteotypicity,P19105,0.4547,9.0,0.0,0.0,0.0,0.0,0.6054421768707483,1.0,0.8888888888888888,2.0,0.0,1,-0.3925245708072646,0,1,-0.3925245708072646
ENSG00000188219,0.0,,0,0.0,0.0,0,0,,,,,1.0,9.298471100353066,1,1.0,1.0,1,1,9.423381259214398,9.173560941491733,0.0,,0,0.0,0.0,0,0,,,Media,,,,Q6S8J3,0.4367,53.0,0.0,1.0,0.0,0.0,0.4167459562321599,5.0,0.9056603773584906,11.0,1.0,1,-0.3947110448741219,0,1,-0.3947110448741219
ENSG00000101307,0.0,,0,0.0,0.0,0,0,,,,,1.0,10.494097307053137,1,1.0,1.0,1,1,10.461518940621033,10.526675673485244,0.8,-2.5611744727955768,1,1.0,0.6,1,0,-2.4206295172106898,-2.701719428380464,Organoid,0.7030749894738235,0.7029400036852739,proteotypicity,Q5TFQ8,0.4613,20.0,1.0,0.0,1.0,1.0,0.0347826086956521,7.0,0.65,2.0,5.0,1,-0.3957554997481033,0,1,-0.3957554997481033
ENSG00000072694,0.0,,0,0.0,0.0,0,0,,,,,1.0,9.980481741152255,1,1.0,1.0,1,1,9.890010514726987,10.070952967577524,0.0,-1.825892244810495,0,0.0,0.0,0,0,-1.7902216261921087,-1.8615628634288819,Organoid,0.443027892777064,0.8426276319101115,proteotypicity,P31994,0.1762,6.0,1.0,0.0,1.0,1.0,0.1434426229508196,3.0,0.5,2.0,0.0,1,-0.39985636306877936,0,1,-0.39985636306877936
ENSG00000130383,0.0,,0,0.0,0.0,0,0,,,,,1.0,9.27616324006201,1,1.0,1.0,1,1,9.436037519778997,9.116288960345022,0.0,,0,0.0,0.0,0,0,,,Organoid,,,,Q11128,0.4187,18.0,1.0,0.0,0.0,1.0,0.0885714285714285,7.0,0.6111111111111112,2.0,1.0,1,-0.4032850018164908,0,1,-0.4032850018164908
ENSG00000206073,0.0,,0,0.0,0.0,0,0,,,,,1.0,10.841928112792816,1,1.0,1.0,1,1,10.824663943602365,10.859192281983269,0.8,-3.139252474009586,1,1.0,0.6,1,0,-2.7795176278311855,-3.4989873201879873,Organoid,0.828040062780586,0.9601247503601305,proteotypicity,P48594,0.4682,21.0,0.0,1.0,0.0,0.0,0.2868852459016393,9.0,0.5714285714285714,1.0,4.0,1,-0.4032879560129407,0,1,-0.4032879560129407
ENSG00000179399,0.0,,0,0.0,0.0,0,0,,,,,1.0,8.392136912664977,1,1.0,1.0,1,1,8.480124137440908,8.304149687889042,1.0,0.5144070973371451,1,1.0,1.0,1,1,0.7980644174192948,0.2307497772549953,Media,0.6305625352591367,0.060118336727502,composition,P78333,0.0,0.0,0.0,1.0,1.0,1.0,0.0,0.0,,0.0,0.0,1,-0.4039879707456529,1,0,-0.4039879707456529
ENSG00000103769,0.0,,0,0.0,0.0,0,0,,,1.0,1.0,1.0,8.343893587922604,1,1.0,1.0,1,1,8.628846387670219,8.058940788174988,0.0,0.5470475566538971,0,0.0,0.0,0,0,0.5877470311528497,0.5063480821549448,Media,0.9350078119235063,0.9572361934970958,proteotypicity,P62491,0.5329,13.0,0.0,0.0,0.0,1.0,0.25,2.0,0.8461538461538461,2.0,1.0,1,-0.4090594909877528,0,1,-0.4090594909877528
ENSG00000169059,0.0,,0,0.0,0.0,0,0,,,,,1.0,9.225724413813872,1,1.0,1.0,1,1,9.155414375406817,9.296034452220928,0.0,,0,0.0,0.0,0,0,,,Organoid,0.1211496815537051,0.2569347425278549,proteotypicity,Q9NNX9,0.0999,2.0,0.0,0.0,0.0,0.0,0.7037037037037037,0.0,1.0,4.0,0.0,1,-0.42267100831073773,1,1,-0.42267100831073773
ENSG00000157349,0.0,,0,0.0,0.0,0,0,,,2.0,2.0,1.0,7.954614053873939,1,1.0,1.0,1,1,8.03582586910187,7.873402238646008,0.6,1.007239499110728,0,0.8,0.4,1,0,1.3932391992239646,0.6212397989974912,Media,0.7387376372188025,0.8191522452444387,proteotypicity,Q9UMR2,0.4821,26.0,0.0,0.0,0.0,0.0,0.3193832599118942,4.0,0.8461538461538461,1.0,2.0,1,-0.42465976055058946,0,1,-0.42465976055058946
ENSG00000271449,0.0,,0,0.0,0.0,0,0,,,,,1.0,9.214228868386408,1,1.0,1.0,1,1,9.252597101167243,9.175860635605568,0.0,,0,0.0,0.0,0,0,,,Media,0.0342963421337395,0.2197402790845807,proteotypicity,Q5DJT8,0.4213,9.0,0.0,0.0,0.0,0.0,0.509090909090909,0.0,1.0,8.0,0.0,1,-0.4270892855564327,1,1,-0.4270892855564327
ENSG00000184260,0.0,,0,0.0,0.0,0,0,,,,,0.9,9.208484619248695,1,1.0,0.8,1,1,9.240527274946057,9.176441963551332,0.0,,0,0.0,0.0,0,0,,,Media,0.412728086430933,0.4996401894325361,proteotypicity,Q16777,0.3574,5.0,0.0,0.0,0.0,0.0,0.2980769230769231,0.0,1.0,14.0,0.0,1,-0.4292970699037616,1,1,-0.4292970699037616
ENSG00000088256,0.0,,0,0.0,0.0,0,0,,,8.0,11.0,1.0,9.207985826193754,1,1.0,1.0,1,1,9.258531494860982,9.157440157526526,0.0,,0,0.0,0.0,0,0,,,Media,0.9343000562628572,0.9795723935764756,proteotypicity,P29992,0.4511,19.0,0.0,0.0,0.0,1.0,0.4328358208955223,9.0,0.5263157894736842,5.0,7.0,1,-0.42948877946803266,0,1,-0.42948877946803266
ENSG00000197165,0.0,,0,0.0,0.0,0,0,,,,,0.8,9.200731628866007,1,1.0,0.6,1,0,9.272545339527957,9.128917918204056,0.0,,0,0.0,0.0,0,0,,,Media,0.9134891838011764,0.9423851865516468,proteotypicity,P50226,0.5246,18.0,0.0,0.0,0.0,0.0,0.2361623616236162,7.0,0.6111111111111112,3.0,2.0,1,-0.43227690772094646,0,1,-0.43227690772094646
ENSG00000125285,0.0,,0,0.0,0.0,0,0,,,1.0,1.0,1.0,9.192044998293548,1,1.0,1.0,1,1,9.227000453451002,9.157089543136092,0.0,,0,0.0,0.0,0,0,,,Media,,,,Q9Y651,0.3149,9.0,0.0,0.0,0.0,0.0,0.2857142857142857,4.0,0.5555555555555556,5.0,3.0,1,-0.43561558725052874,0,1,-0.43561558725052874
ENSG00000143632,0.0,,0,0.0,0.0,0,0,,,,,1.0,9.18173158299028,1,1.0,1.0,1,1,9.237721621258938,9.125741544721624,0.0,,0,0.0,0.0,0,0,,,Media,0.7864292637774811,0.9176938769859344,proteotypicity,P68133,0.4518,19.0,0.0,0.0,0.0,0.0,0.1590909090909091,2.0,0.8947368421052632,9.0,0.0,1,-0.4395795164479181,0,1,-0.4395795164479181
ENSG00000182583,0.0,,0,0.0,0.0,0,0,,,,,1.0,9.172232583298989,1,1.0,1.0,1,1,9.222534011216032,9.12193115538194,0.0,,0,0.0,0.0,0,0,,,Media,0.3671647023836255,0.3250673707391072,proteotypicity,Q9H320,0.0897,2.0,0.0,0.0,0.0,0.0,0.7362637362637363,0.0,1.0,4.0,0.0,1,-0.4432304275297556,1,1,-0.4432304275297556
ENSG00000254647,1.0,30.66009867294136,1,1.0,1.0,1,1,30.60770054158342,30.712496804299313,1.0,2.0,1.0,11.70145167362062,1,1.0,1.0,1,1,11.557343117567394,11.845560229673854,1.0,-4.772823591140089,1,1.0,1.0,1,1,-5.086012902714397,-4.459634279565781,Organoid,0.5379472247708093,0.5920618358551951,proteotypicity,P01308,0.1669,2.0,0.0,1.0,1.0,0.0,0.1935483870967742,1.0,0.5,1.0,0.0,1,-0.44828783066637706,0,1,-0.44828783066637706
ENSG00000211899,0.0,,0,0.0,0.0,0,0,,,,,1.0,9.14682096498065,1,1.0,1.0,1,1,9.150759755860836,9.142882174100464,0.0,,0,0.0,0.0,0,0,,,Media,,,,P01871,0.4622,24.0,1.0,1.0,0.0,1.0,0.0466666666666666,7.0,0.7083333333333334,1.0,4.0,1,-0.45299730424740775,0,1,-0.45299730424740775
ENSG00000182890,0.0,,0,0.0,0.0,0,0,,,4.0,4.0,1.0,9.14599568316205,1,1.0,1.0,1,1,9.1525979122529,9.1393934540712,0.0,,0,0.0,0.0,0,0,,,Media,0.9622309154927844,0.985608739459218,proteotypicity,P49448,0.4558,28.0,0.0,0.0,0.0,0.0,0.2162162162162162,11.0,0.6071428571428571,1.0,5.0,1,-0.45331449875578594,0,1,-0.45331449875578594
ENSG00000104833,1.0,29.444709790250744,1,1.0,1.0,1,1,29.54509817164226,29.344321408859223,4.0,9.0,1.0,9.145812956705102,1,1.0,1.0,1,1,9.127546923121816,9.164078990288385,0.0,,0,0.0,0.0,0,0,,,Organoid,0.7573974913740865,0.9196415540246454,proteotypicity,P04350,0.3832,19.0,0.0,0.0,0.0,0.0,0.1071428571428571,3.0,0.8421052631578947,9.0,1.0,1,-0.45338472910301186,0,1,-0.45338472910301186
ENSG00000172236,0.0,,0,0.0,0.0,0,0,,,,,1.0,10.352090231284128,1,1.0,1.0,1,1,10.307970466109442,10.396209996458813,0.0,-2.884390388123184,0,0.0,0.0,0,0,-2.9292553815100497,-2.839525394736318,Organoid,0.8179659261241209,0.5281800877831913,proteotypicity,Q15661,0.2949,9.0,0.0,1.0,1.0,0.0,0.0950226244343891,0.0,1.0,4.0,0.0,1,-0.46463088883893483,1,1,-0.46463088883893483
ENSG00000080709,0.9,16.240172389490056,1,0.8,1.0,1,1,16.636205014463556,15.923346289511258,2.0,2.0,1.0,9.10099685812283,1,1.0,1.0,1,1,9.082403576926732,9.119590139318934,0.0,,0,0.0,0.0,0,0,,,Organoid,,,,Q9H2S1,0.3921,25.0,6.0,0.0,0.0,1.0,0.2,12.0,0.52,2.0,5.0,1,-0.4706096576508844,0,1,-0.4706096576508844
ENSG00000130383,0.0,,0,0.0,0.0,0,0,,,,,1.0,9.088259916207404,1,1.0,1.0,1,1,9.259154195254089,8.91736563716072,0.0,,0,0.0,0.0,0,0,,,Media,,,,Q11128,0.4187,18.0,1.0,0.0,0.0,1.0,0.0885714285714285,7.0,0.6111111111111112,2.0,1.0,1,-0.47550506178805757,0,1,-0.47550506178805757
ENSG00000155366,0.0,,0,0.0,0.0,0,0,,,1.0,1.0,1.0,8.558920900641088,1,1.0,1.0,1,1,8.538351739852237,8.579490061429937,1.0,-0.30297943214314,1,1.0,1.0,1,1,-0.32673583937073064,-0.27922302491554946,Media,,,,P08134,0.3635,8.0,0.0,0.0,0.0,1.0,0.5180722891566265,2.0,0.75,2.0,1.0,1,-0.47710257941799694,0,1,-0.47710257941799694
ENSG00000213281,0.0,,0,0.0,0.0,0,0,,,2.0,5.0,1.0,8.250758318063621,1,1.0,1.0,1,1,8.411121732926244,8.090394903201,0.0,0.1486558599071078,0,0.0,0.0,0,0,-0.13158530265361573,0.4288970224678314,Media,0.9472237405320908,0.9603413132792632,proteotypicity,P01111,0.4239,9.0,0.0,0.0,0.0,1.0,0.4506172839506173,3.0,0.6666666666666666,2.0,2.0,1,-0.47821523485781536,0,1,-0.47821523485781536
ENSG00000037042,0.0,,0,0.0,0.0,0,0,,,2.0,2.0,1.0,8.043142648370148,1,1.0,1.0,1,1,8.116320440399608,7.96996485634069,0.0,0.4416268515515826,0,0.0,0.0,0,0,0.44898415372161615,0.43426954938154905,Media,0.8291086188524532,0.9583014145531058,proteotypicity,Q9NRH3,0.411,21.0,0.0,0.0,0.0,0.0,0.2318501170960187,5.0,0.7619047619047619,1.0,2.0,1,-0.4804194079454139,0,1,-0.4804194079454139
ENSG00000184110,0.8,26.37541251737412,1,1.0,0.6,1,0,26.337227986936874,26.43905340143618,2.0,34.0,1.0,9.065545696999004,1,1.0,1.0,1,1,9.077571784632045,9.053519609365965,0.0,,0,0.0,0.0,0,0,,,Media,0.5677331605716948,0.8769524836970646,proteotypicity,Q99613,0.3892,41.0,0.0,0.0,0.0,0.0,0.5433070866141733,1.0,0.975609756097561,2.0,1.0,1,-0.48423520152048316,0,1,-0.48423520152048316
ENSG00000158517,0.0,,0,0.0,0.0,0,0,,,,,1.0,9.056145769244674,1,1.0,1.0,1,1,9.017853126991733,9.094438411497615,0.0,,0,0.0,0.0,0,0,,,Organoid,0.7627582154506666,0.7407328659847459,proteotypicity,P14598,0.5371,24.0,0.0,0.0,0.0,1.0,0.3524590163934426,2.0,0.9166666666666666,2.0,0.0,1,-0.48784803461050036,0,1,-0.48784803461050036
ENSG00000175387,0.0,,0,0.0,0.0,0,0,,,4.0,4.0,1.0,8.588615430588847,1,1.0,1.0,1,1,8.590012063775395,8.587218797402297,0.0,-0.4629438508661395,0,0.0,0.0,0,0,-0.9115979244356712,-0.014289777296607853,Media,0.7426952501300479,0.7393471377502124,proteotypicity,Q15796,0.325,17.0,0.0,0.0,0.0,0.0,0.090497737556561,7.0,0.5882352941176471,4.0,3.0,1,-0.49197731891725954,0,1,-0.49197731891725954
ENSG00000165584,0.0,,0,0.0,0.0,0,0,,,,,1.0,9.043120647631357,1,1.0,1.0,1,1,9.05787472129683,9.028366573965881,0.0,,0,0.0,0.0,0,0,,,Organoid,0.4699104201475865,0.3730183010096817,proteotypicity,Q99909,0.6453,14.0,0.0,0.0,0.0,0.0,0.5670731707317073,6.0,0.5714285714285714,5.0,1.0,1,-0.4928541997211219,0,1,-0.4928541997211219
ENSG00000243480,0.0,,0,0.0,0.0,0,0,,,,,1.0,9.041988942989992,1,1.0,1.0,1,1,9.009195892965636,9.07478199301435,0.0,,0,0.0,0.0,0,0,,,Organoid,0.7125909769118376,0.9209808494818,proteotypicity,P04746,0.3986,23.0,0.0,1.0,1.0,0.0,0.097457627118644,3.0,0.8695652173913043,4.0,3.0,1,-0.493289166891435,0,1,-0.493289166891435
ENSG00000213218,0.0,,0,0.0,0.0,0,0,,,,,1.0,9.041140924158306,1,1.0,1.0,1,1,9.016266133014751,9.066015715301859,0.0,,0,0.0,0.0,0,0,,,Media,,,,P0DML3,0.4001,10.0,0.0,1.0,1.0,0.0,0.3293413173652694,0.0,1.0,4.0,0.0,1,-0.49361510030030203,1,1,-0.49361510030030203
ENSG00000170365,0.0,,0,0.0,0.0,0,0,,,3.0,4.0,0.9,8.196540267483003,1,1.0,0.8,1,1,8.214105758446482,8.178974776519523,0.1,0.0644832075557932,0,0.2,0.0,0,0,0.5195103316482911,-0.39054391653670456,Media,0.781469012621535,0.7075406893085733,proteotypicity,Q15797,0.421,22.0,0.0,0.0,0.0,0.0,0.0952380952380952,6.0,0.7272727272727273,4.0,3.0,1,-0.49946427266001087,0,1,-0.49946427266001087
ENSG00000229183,0.0,,0,0.0,0.0,0,0,,,,,1.0,8.806153470465727,1,1.0,1.0,1,1,8.840063642125568,8.772243298805886,1.0,-0.8500350578976021,1,1.0,1.0,1,1,0.043758544573718285,-1.7438286603689228,Media,0.9412495087048722,0.721066021568637,proteotypicity,P0DJD7,0.0476,2.0,0.0,1.0,1.0,0.0,0.0,0.0,1.0,2.0,0.0,1,-0.49997596469287586,1,1,-0.49997596469287586
ENSG00000184492,0.0,,0,0.0,0.0,0,0,,,,,1.0,8.991213285670755,1,1.0,1.0,1,1,9.053321215997517,8.92910535534399,0.0,,0,0.0,0.0,0,0,,,Media,,,,Q9NU39,0.3898,17.0,0.0,0.0,0.0,0.0,0.1666666666666666,8.0,0.5294117647058824,10.0,5.0,1,-0.5128046333635898,0,1,-0.5128046333635898
ENSG00000219481,0.0,,0,0.0,0.0,0,0,,,,,0.9,8.978682417562286,1,1.0,0.8,1,1,9.036539209284125,8.920825625840447,0.0,,0,0.0,0.0,0,0,,,Media,0.177542259576944,0.1174362391466826,abundance,Q3BBV0,0.3878,54.0,0.0,0.0,0.0,0.0,0.5957983193277311,21.0,0.6111111111111112,11.0,8.0,1,-0.5176208336719444,0,1,-0.5176208336719444
ENSG00000163737,0.0,,0,0.0,0.0,0,0,,,,,1.0,8.59034738938583,1,1.0,1.0,1,1,8.552795308707767,8.627899470063891,0.8,-0.7123511655977189,1,0.6,1.0,0,1,-0.9672276028558333,-0.4574747283396047,Media,0.5050539556472907,0.8128319597011369,proteotypicity,P02776,0.3688,4.0,0.0,1.0,1.0,0.0,0.1304347826086956,1.0,0.75,1.0,0.0,1,-0.5237335668785555,0,1,-0.5237335668785555
ENSG00000105514,0.1,25.774394075199577,0,0.2,0.0,0,0,25.774394075199577,,5.0,8.0,1.0,8.94220790609452,1,1.0,1.0,1,1,8.963962575839094,8.920453236349946,0.0,,0,0.0,0.0,0,0,,,Media,0.8926846708189088,0.8330918743518873,proteotypicity,O95716,0.5357,13.0,0.0,0.0,0.0,1.0,0.3865979381443299,6.0,0.5384615384615384,23.0,2.0,1,-0.5316396990735694,0,1,-0.5316396990735694
ENSG00000214940,0.0,,0,0.0,0.0,0,0,,,,,1.0,8.937793615064894,1,1.0,1.0,1,1,8.919320932259968,8.956266297869819,0.0,,0,0.0,0.0,0,0,,,Organoid,0.0071180220597714,0.0377630121951056,abundance,P0DM63,0.3552,15.0,0.0,0.0,0.0,0.0,0.3739130434782609,0.0,1.0,15.0,0.0,1,-0.5333363181452906,1,1,-0.5333363181452906
ENSG00000107404,0.0,,0,0.0,0.0,0,0,,,5.0,15.0,0.8,8.937125742548329,1,0.8,0.8,1,1,8.939407189752439,8.934844295344224,0.0,,0,0.0,0.0,0,0,,,Media,0.8637565038092521,0.6564012588867739,proteotypicity,O14640,0.4123,31.0,0.0,0.0,0.0,1.0,0.2309985096870342,11.0,0.6451612903225806,3.0,8.0,1,-0.5335930128764442,0,1,-0.5335930128764442
ENSG00000186787,0.0,,0,0.0,0.0,0,0,,,0.0,4.0,0.9,8.921721755366834,1,1.0,0.8,1,1,8.947514150291013,8.895929360442656,0.0,,0,0.0,0.0,0,0,,,Media,0.4375159040225849,0.4005972598947049,proteotypicity,Q9BPZ2,0.5144,15.0,0.0,0.0,0.0,0.0,0.4615384615384615,1.0,0.9333333333333332,3.0,0.0,1,-0.5395134875930576,0,1,-0.5395134875930576
ENSG00000238083,0.0,,0,0.0,0.0,0,0,,,,,1.0,10.728041930424297,1,1.0,1.0,1,1,10.697827259627235,10.758256601221357,0.0,-4.093110122866856,0,0.0,0.0,0,0,-4.147897850868044,-4.038322394865668,Organoid,0.1411407521595628,0.1916477051955739,abundance,A6NM11,0.2707,51.0,1.0,0.0,1.0,1.0,0.1462522851919561,3.0,0.9411764705882352,3.0,2.0,1,-0.5478984794963275,0,1,-0.5478984794963275
ENSG00000261052,0.3,11.896978537462104,0,0.0,0.6,0,0,,11.896978537462104,0.0,1.0,1.0,8.898385134524151,1,1.0,1.0,1,1,8.871813746663959,8.92495652238434,0.0,,0,0.0,0.0,0,0,,,Organoid,0.8212550233441575,0.8994959665793938,proteotypicity,P0DMM9,0.4679,16.0,0.0,0.0,0.0,0.0,0.1808118081180811,0.0,1.0,3.0,0.0,1,-0.5484828454640037,1,1,-0.5484828454640037
ENSG00000173598,0.0,,0,0.0,0.0,0,0,,,1.0,3.0,0.7,8.220269277765137,1,0.6,0.8,0,1,8.146890410515253,8.293648145015023,0.2,-0.3704034095825003,0,0.2,0.2,0,0,-0.3464620596478355,-0.39434475951716513,Media,0.697294722292977,0.7415644434608513,proteotypicity,Q9NZJ9,0.394,8.0,0.0,0.0,0.0,0.0,0.5576923076923077,1.0,0.875,4.0,1.0,1,-0.5508572907624099,0,1,-0.5508572907624099
ENSG00000172531,0.3,25.318705057463063,0,0.2,0.4,0,0,26.00742632643692,24.974344422976145,7.0,10.0,1.0,8.881875110851079,1,1.0,1.0,1,1,9.046206291956638,8.717543929745517,0.0,,0,0.0,0.0,0,0,,,Media,0.7857622670082055,0.960882863841028,proteotypicity,P62136,0.4798,18.0,0.0,0.0,0.0,0.0,0.1967213114754098,4.0,0.7777777777777778,2.0,4.0,1,-0.5548284218771379,0,1,-0.5548284218771379
ENSG00000243466,0.0,,0,0.0,0.0,0,0,,,,,1.0,8.878823874747825,1,1.0,1.0,1,1,8.869887594250946,8.887760155244704,0.0,,0,0.0,0.0,0,0,,,Media,,,,P01602,0.1565,2.0,0.0,1.0,1.0,1.0,0.0,1.0,0.5,1.0,1.0,1,-0.5560011550137528,0,1,-0.5560011550137528
ENSG00000234745,0.0,,0,0.0,0.0,0,0,,,6.0,7.0,1.0,8.877405484464628,1,1.0,1.0,1,1,8.99875397110041,8.75605699782885,0.0,,0,0.0,0.0,0,0,,,Media,0.834978110453977,0.9754112499319676,proteotypicity,P01889,0.3955,16.0,1.0,0.0,1.0,1.0,0.4012738853503185,8.0,0.5,4.0,5.0,1,-0.5565463089216999,0,1,-0.5565463089216999
ENSG00000106153,0.0,,0,0.0,0.0,0,0,,,1.0,4.0,1.0,8.876520273722438,1,1.0,1.0,1,1,9.09951507613764,8.653525471307233,0.0,,0,0.0,0.0,0,0,,,Media,0.3880231603045552,0.697478583214745,proteotypicity,Q9Y6H1,0.2578,4.0,0.0,0.0,0.0,0.0,0.0,1.0,0.75,1.0,0.0,1,-0.556886536926064,0,1,-0.556886536926064
ENSG00000165246,0.0,,0,0.0,0.0,0,0,,,,,1.0,8.871621039509018,1,1.0,1.0,1,1,9.134303512832696,8.608938566185342,0.0,,0,0.0,0.0,0,0,,,Media,0.5691411110148652,0.5652797980501397,proteotypicity,Q8NFZ3,0.2717,25.0,1.0,0.0,1.0,1.0,0.1268357810413885,7.0,0.72,4.0,2.0,1,-0.5587695424070194,0,1,-0.5587695424070194
ENSG00000197919,0.0,,0,0.0,0.0,0,0,,,,,1.0,8.863015801662977,1,1.0,1.0,1,1,8.852579258810291,8.873452344515663,0.0,,0,0.0,0.0,0,0,,,Organoid,,,,P0DY56,0.4603,10.0,0.0,1.0,1.0,0.0,0.2957746478873239,0.0,1.0,11.0,0.0,1,-0.5620769388945427,1,1,-0.5620769388945427
ENSG00000196616,0.0,,0,0.0,0.0,0,0,,,,,1.0,9.375429021334089,1,1.0,1.0,1,1,9.381026068573489,9.369831974094678,0.0,-2.1865716038140723,0,0.0,0.0,0,0,-2.3732289068656534,-1.9999143007624915,Organoid,0.9451323135167928,0.9703433849812702,proteotypicity,P00325,0.4519,18.0,0.0,0.0,0.0,0.0,0.1914285714285714,4.0,0.7777777777777778,2.0,4.0,1,-0.5625369286566917,0,1,-0.5625369286566917
ENSG00000143768,1.0,23.571082783491565,1,1.0,1.0,1,1,22.42658937809653,24.715576188886594,6.0,18.0,1.0,11.3142624039593,1,1.0,1.0,1,1,11.206030109723724,11.422494698194877,0.4,-5.096683866875203,0,0.0,0.8,0,1,-6.034730680829818,-4.158637052920588,Organoid,,,,O00292,0.3666,15.0,0.0,1.0,1.0,0.0,0.1541353383458646,4.0,0.7333333333333333,1.0,1.0,1,-0.564363632089118,0,1,-0.564363632089118
ENSG00000215126,0.0,,0,0.0,0.0,0,0,,,,,1.0,8.852418462147785,1,1.0,1.0,1,1,8.967298722753544,8.737538201542021,0.0,,0,0.0,0.0,0,0,,,Media,,,,Q4V339,0.3867,17.0,0.0,0.0,0.0,0.0,0.3665768194070081,2.0,0.8823529411764706,4.0,1.0,1,-0.5661499934825414,0,1,-0.5661499934825414
ENSG00000143549,1.0,26.061734309875607,1,1.0,1.0,1,1,26.04795555828045,26.075513061470765,6.0,6.0,1.0,8.565096114893374,1,1.0,1.0,1,1,8.34755364031749,8.782638589469254,0.0,-1.009708835411409,0,0.0,0.0,0,0,-0.9290773735558797,-1.0903402972669383,Media,0.932020387201337,0.9729607895069404,proteotypicity,P06753,0.4856,16.0,0.0,0.0,0.0,0.0,0.9961538461538462,7.0,0.5625,3.0,5.0,1,-0.5668446337959114,0,1,-0.5668446337959114
ENSG00000125835,0.7,26.140281012062434,1,1.0,0.4,1,0,26.17252839744078,26.059662548616565,3.0,14.0,1.0,8.812999402132945,1,1.0,1.0,1,1,8.871936978313585,8.754061825952304,0.0,,0,0.0,0.0,0,0,,,Media,0.9206564453647896,0.9438343032729016,proteotypicity,P14678,0.5689,14.0,0.0,0.0,0.0,0.0,0.1898148148148148,6.0,0.5714285714285714,1.0,2.0,1,-0.5813005869893243,0,1,-0.5813005869893243
ENSG00000173110,1.0,28.4813935429583,1,1.0,1.0,1,1,28.497226603886837,28.46556048202977,5.0,16.0,1.0,8.808752406821537,1,1.0,1.0,1,1,8.819076816737644,8.798427996905435,0.0,,0,0.0,0.0,0,0,,,Media,0.9172918107440492,0.9915461940687986,proteotypicity,P17066,0.5209,37.0,0.0,1.0,0.0,1.0,0.3634894991922455,18.0,0.5135135135135135,7.0,11.0,1,-0.5829329064704114,0,1,-0.5829329064704114
ENSG00000198053,0.0,,0,0.0,0.0,0,0,,,9.0,12.0,1.0,8.107354241890631,1,1.0,1.0,1,1,8.365298323372837,7.849410160408428,1.0,-0.4595059330947298,1,1.0,1.0,1,1,-0.2285476113982126,-0.6904642547912471,Media,0.5943727315061739,0.9679623467349432,proteotypicity,P78324,0.4366,24.0,1.0,0.0,1.0,1.0,0.1088888888888888,10.0,0.5833333333333334,2.0,7.0,1,-0.5840206146562377,0,1,-0.5840206146562377
ENSG00000079974,0.0,,0,0.0,0.0,0,0,,,1.0,1.0,1.0,8.269271461006536,1,1.0,1.0,1,1,8.251720174302486,8.286822747710586,0.2,-0.7080117201582667,0,0.0,0.4,0,0,-0.5353754149484058,-0.8806480253681277,Media,0.787504150265987,0.7428085753432201,proteotypicity,Q9UNT1,0.4981,13.0,0.0,0.0,0.0,0.0,0.3039215686274509,2.0,0.8461538461538461,1.0,1.0,1,-0.5848775167485187,0,1,-0.5848775167485187
ENSG00000185164,0.0,,0,0.0,0.0,0,0,,,0.0,1.0,1.0,8.789869247234513,1,1.0,1.0,1,1,8.535364298811153,9.04437419565787,0.0,,0,0.0,0.0,0,0,,,Media,0.7080201503990561,0.8376627034311728,proteotypicity,Q5JPE7,0.4733,66.0,1.0,0.0,1.0,1.0,0.1204620462046204,3.0,0.9545454545454546,2.0,0.0,1,-0.5901905903146989,0,1,-0.5901905903146989
ENSG00000169246,0.0,,0,0.0,0.0,0,0,,,,,0.9,8.781893338868386,1,1.0,0.8,1,1,8.789900884266117,8.773885793470654,0.0,,0,0.0,0.0,0,0,,,Media,0.0365588872176937,0.0595779858702965,abundance,Q92617,0.4707,55.0,1.0,0.0,0.0,1.0,0.2962962962962963,0.0,1.0,15.0,0.0,1,-0.5932561059677117,1,1,-0.5932561059677117
ENSG00000163577,0.0,,0,0.0,0.0,0,0,,,2.0,2.0,1.0,7.747433580401338,1,1.0,1.0,1,1,7.721772121553938,7.7730950392487355,0.0,-0.0577063479915741,0,0.0,0.0,0,0,0.04304168065239664,-0.158454376635545,Media,0.936135413358806,0.9465966178603644,proteotypicity,Q9GZV4,0.4168,7.0,0.0,0.0,0.0,1.0,0.265625,3.0,0.5714285714285714,2.0,1.0,1,-0.6014917285413515,0,1,-0.6014917285413515
ENSG00000188958,0.0,,0,0.0,0.0,0,0,,,,,1.0,8.741588483971713,1,1.0,1.0,1,1,8.87459689823193,8.608580069711497,0.0,,0,0.0,0.0,0,0,,,Media,,,,Q765I0,0.0,0.0,0.0,1.0,1.0,0.0,0.0,0.0,,0.0,0.0,1,-0.6087471519911197,1,0,-0.6087471519911197
ENSG00000236362,0.0,,0,0.0,0.0,0,0,,,,,1.0,8.584112422461079,1,1.0,1.0,1,1,8.53225263591851,8.635972209003647,0.2,-1.3723923068405603,0,0.0,0.4,0,0,-1.499506078631965,-1.2452785350491555,Organoid,0.0998537712177707,0.1616119814525301,proteotypicity,P0CL80,0.1541,2.0,0.0,0.0,0.0,0.0,0.4946236559139785,0.0,1.0,13.0,0.0,1,-0.6098535532701828,1,1,-0.6098535532701828
ENSG00000137080,0.0,,0,0.0,0.0,0,0,,,,,1.0,8.735972466727425,1,1.0,1.0,1,1,8.734853817481014,8.737091115973836,0.0,,0,0.0,0.0,0,0,,,Organoid,,,,P01568,0.322,7.0,0.0,1.0,1.0,0.0,0.1267605633802817,1.0,0.8571428571428571,11.0,1.0,1,-0.6109056508077646,0,1,-0.6109056508077646
ENSG00000143184,0.0,,0,0.0,0.0,0,0,,,,,1.0,8.616824911909417,1,1.0,1.0,1,1,8.531498769710437,8.702151054108397,0.1,-1.4923965049967567,0,0.0,0.2,0,0,-1.7652961014932118,-1.2194969085003018,Media,0.2496260570471963,0.0571665354946646,abundance,P47992,0.3995,5.0,0.0,1.0,1.0,0.0,0.2318840579710145,0.0,1.0,1.0,0.0,1,-0.6190069847324524,1,1,-0.6190069847324524
ENSG00000174827,0.0,,0,0.0,0.0,0,0,,,,,0.8,9.778016301395764,1,0.6,1.0,0,1,9.75826543187359,9.797767170917934,0.0,-3.269333763559486,0,0.0,0.0,0,0,-3.204875898779605,-3.333791628339367,Media,0.9483237605784172,0.9464710698192226,proteotypicity,Q5T2W1,0.5076,29.0,0.0,0.0,0.0,1.0,0.4383838383838384,12.0,0.5862068965517241,1.0,8.0,1,-0.6244799948614579,0,1,-0.6244799948614579
ENSG00000100985,0.0,,0,0.0,0.0,0,0,,,,,1.0,9.143814176857816,1,1.0,1.0,1,1,9.546513125123568,8.741115228592061,1.0,-2.3355048102922944,1,1.0,1.0,1,1,-2.3331884800628555,-2.337821140521733,Media,0.2825424451123269,0.4633137017928913,hydrophobicity,P14780,0.0,0.0,0.0,1.0,1.0,0.0,0.0,0.0,,0.0,0.0,1,-0.6262091013439093,1,0,-0.6262091013439093
ENSG00000115042,0.7,23.489054471026773,1,1.0,0.4,1,0,23.50933474848418,23.438353777383252,3.0,12.0,1.0,8.687526191930164,1,1.0,1.0,1,1,9.213408476093376,8.161643907766955,0.0,,0,0.0,0.0,0,0,,,Media,0.8046008137253018,0.8673616698586909,proteotypicity,Q96GK7,0.2891,10.0,0.0,0.0,0.0,0.0,0.1067961165048543,2.0,0.8,1.0,1.0,1,-0.629525826329324,0,1,-0.629525826329324
ENSG00000211892,0.0,,0,0.0,0.0,0,0,,,,,1.0,8.683108108740583,1,1.0,1.0,1,1,8.694780426000074,8.671435791481093,0.0,,0,0.0,0.0,0,0,,,Media,,,,P01861,0.3422,15.0,1.0,1.0,0.0,1.0,0.0994623655913978,7.0,0.5333333333333333,4.0,2.0,1,-0.6312239029059671,0,1,-0.6312239029059671
ENSG00000147133,0.0,,0,0.0,0.0,0,0,,,11.0,23.0,1.0,8.675880054462812,1,1.0,1.0,1,1,8.68325799396951,8.668502114956116,0.0,,0,0.0,0.0,0,0,,,Media,0.9332776204780276,0.7916620971569361,proteotypicity,P21675,0.354,76.0,0.0,0.0,0.0,0.0,0.512573568753344,32.0,0.5789473684210527,1.0,11.0,1,-0.6340019831586735,0,1,-0.6340019831586735
ENSG00000196604,0.0,,0,0.0,0.0,0,0,,,0.0,3.0,1.0,8.644015537550327,1,1.0,1.0,1,1,8.65902835158984,8.629002723510817,0.0,,0,0.0,0.0,0,0,,,Media,,,,A5A3E0,0.4446,54.0,0.0,0.0,0.0,0.0,0.4138915318744053,5.0,0.9074074074074074,11.0,2.0,1,-0.6462490114452264,0,1,-0.6462490114452264
ENSG00000134201,0.0,,0,0.0,0.0,0,0,,,,,0.7,8.633054741615982,1,0.4,1.0,0,1,8.592810426781577,8.673299056450386,0.0,,0,0.0,0.0,0,0,,,Media,0.953640617043434,0.9790369701646692,proteotypicity,P46439,0.6232,16.0,0.0,0.0,0.0,0.0,0.5876288659793815,8.0,0.5,3.0,4.0,1,-0.6504617593811118,0,1,-0.6504617593811118
ENSG00000205420,1.0,25.928592082375765,1,1.0,1.0,1,1,25.057401097899476,26.799783066852047,2.0,14.0,1.0,8.626153763502602,1,1.0,1.0,1,1,8.616984702676977,8.635322824328227,0.0,,0,0.0,0.0,0,0,,,Media,0.8568173401134822,0.8989843476546235,proteotypicity,P02538,0.483,29.0,0.0,0.0,0.0,0.0,0.4341372912801484,2.0,0.9310344827586208,17.0,1.0,1,-0.6531141289240606,0,1,-0.6531141289240606
ENSG00000124575,0.0,,0,0.0,0.0,0,0,,,2.0,2.0,0.8,8.619062401226929,1,1.0,0.6,1,0,8.642625501442074,8.595499301011781,0.0,,0,0.0,0.0,0,0,,,Media,0.9634458246987132,0.900131104193861,proteotypicity,P16402,0.4922,11.0,0.0,0.0,0.0,0.0,0.6326530612244898,5.0,0.5454545454545454,5.0,3.0,1,-0.6558396720295435,0,1,-0.6558396720295435
ENSG00000248144,0.0,,0,0.0,0.0,0,0,,,,,1.0,8.609652750672083,1,1.0,1.0,1,1,8.614991278530585,8.604314222813581,0.0,,0,0.0,0.0,0,0,,,Organoid,0.9209637127958556,0.9676328994540904,proteotypicity,P00326,0.4766,19.0,0.0,0.0,0.0,0.0,0.1971428571428571,6.0,0.6842105263157895,2.0,3.0,1,-0.6594562420477953,0,1,-0.6594562420477953
ENSG00000186847,0.5,24.53781456300688,0,0.6,0.4,0,0,23.22770305716355,26.502981821771883,8.0,8.0,1.0,7.15418581262163,1,1.0,1.0,1,1,7.24143308437565,7.066938540867608,0.0,0.305091357955798,0,0.0,0.0,0,0,0.27067220201946735,0.3395105138921286,Media,0.9605547529461907,0.9821913721614004,proteotypicity,P02533,0.5818,30.0,0.0,0.0,0.0,0.0,0.4732142857142857,13.0,0.5666666666666667,16.0,8.0,1,-0.6688201522270998,0,1,-0.6688201522270998
ENSG00000154917,0.0,,0,0.0,0.0,0,0,,,6.0,6.0,1.0,8.224325861409557,1,1.0,1.0,1,1,8.1982669463265,8.250384776492616,0.0,-1.4035219060492017,0,0.0,0.0,0,0,-1.371764191168056,-1.435279620930347,Media,0.8672098644183063,0.948145143274898,proteotypicity,Q9NRW1,0.5541,13.0,0.0,0.0,0.0,0.0,0.3858695652173913,6.0,0.5384615384615384,23.0,2.0,1,-0.6830001545109319,0,1,-0.6830001545109319
ENSG00000196337,0.0,,0,0.0,0.0,0,0,,,,,0.7,8.521794061462293,1,1.0,0.4,1,0,8.579780797977637,8.46380732494695,0.0,,0,0.0,0.0,0,0,,,Media,0.1999283307995667,0.2201344445388117,proteotypicity,P0DN87,0.5068,9.0,0.0,1.0,1.0,0.0,0.0578512396694214,0.0,1.0,3.0,0.0,1,-0.6932244568594929,1,1,-0.6932244568594929
ENSG00000244414,0.0,,0,0.0,0.0,0,0,,,,,1.0,8.499643514777919,1,1.0,1.0,1,1,8.56897610931809,8.430310920237748,0.0,,0,0.0,0.0,0,0,,,Media,0.6479469841238051,0.8604606674680488,proteotypicity,Q03591,0.3453,13.0,0.0,1.0,1.0,0.0,0.1180555555555555,2.0,0.8461538461538461,2.0,0.0,1,-0.701737950804849,0,1,-0.701737950804849
ENSG00000120322,0.0,,0,0.0,0.0,0,0,,,,,1.0,8.471601596717564,1,1.0,1.0,1,1,8.46094660822531,8.482256585209818,0.0,,0,0.0,0.0,0,0,,,Media,,,,Q9UN66,0.3083,27.0,1.0,0.0,1.0,1.0,0.1791443850267379,11.0,0.5925925925925926,17.0,10.0,1,-0.7125157750736929,0,1,-0.7125157750736929
ENSG00000255072,0.0,,0,0.0,0.0,0,0,,,,,1.0,8.46682257637261,1,1.0,1.0,1,1,8.47157608904995,8.462069063695276,0.0,,0,0.0,0.0,0,0,,,Organoid,,,,Q3MUY2,0.0,0.0,2.0,0.0,0.0,1.0,0.0,0.0,,0.0,0.0,1,-0.714352576726999,1,0,-0.714352576726999
ENSG00000142875,0.1,24.80066513298478,0,0.2,0.0,0,0,24.80066513298478,,8.0,23.0,0.7,8.461574837620597,1,0.6,0.8,0,1,8.431827618543352,8.491322056697845,0.0,,0,0.0,0.0,0,0,,,Media,0.9372571079396728,0.9666203538629636,proteotypicity,P22694,0.4185,17.0,0.0,0.0,0.0,1.0,0.2791411042944785,7.0,0.5882352941176471,2.0,6.0,1,-0.7163695288469027,0,1,-0.7163695288469027
ENSG00000259384,0.0,,0,0.0,0.0,0,0,,,,,1.0,10.14725537316106,1,1.0,1.0,1,1,10.128098188251187,10.166412558070933,0.4,-4.57821655252255,0,0.4,0.4,0,0,-4.921844773569291,-4.234588331475808,Organoid,,,,P01241,0.4427,11.0,0.0,1.0,1.0,0.0,0.2335329341317365,4.0,0.6363636363636364,4.0,4.0,1,-0.7219246891173924,0,1,-0.7219246891173924
ENSG00000198429,0.0,,0,0.0,0.0,0,0,,,,,0.7,8.444864983043782,1,0.4,1.0,0,1,8.411487675416705,8.478242290670861,0.0,,0,0.0,0.0,0,0,,,Media,0.1809728215422155,0.2115580692104902,abundance,Q9UC07,0.441,29.0,0.0,0.0,0.0,0.0,0.4077490774907749,14.0,0.5172413793103449,63.0,5.0,1,-0.7227919096483596,0,1,-0.7227919096483596
ENSG00000109181,0.0,,0,0.0,0.0,0,0,,,,,1.0,8.44132813012158,1,1.0,1.0,1,1,8.534590695246292,8.34806556499687,0.0,,0,0.0,0.0,0,0,,,Media,,,,P36537,0.3291,20.0,1.0,0.0,1.0,1.0,0.0977130977130977,9.0,0.55,7.0,1.0,1,-0.724151288103792,0,1,-0.724151288103792
ENSG00000101441,0.0,,0,0.0,0.0,0,0,,,,,1.0,8.41733707501243,1,1.0,1.0,1,1,8.428618318270967,8.40605583175389,0.0,,0,0.0,0.0,0,0,,,Organoid,,,,P01036,0.4934,8.0,0.0,1.0,1.0,0.0,0.3917525773195876,4.0,0.5,2.0,3.0,1,-0.7333721757561288,0,1,-0.7333721757561288
ENSG00000240654,0.0,,0,0.0,0.0,0,0,,,,,0.9,9.562110258742964,1,1.0,0.8,1,1,9.629208010183985,9.495012507301947,0.1,-3.8220197153279294,0,0.2,0.0,0,0,-3.847701129771756,-3.7963383008841034,Media,,,,P0C862,0.4902,17.0,0.0,1.0,1.0,0.0,0.2724137931034482,6.0,0.6470588235294118,1.0,4.0,1,-0.7370807304663021,0,1,-0.7370807304663021
ENSG00000221878,0.0,,0,0.0,0.0,0,0,,,,,1.0,8.402239763860667,1,1.0,1.0,1,1,8.40900418690146,8.395475340819877,0.0,,0,0.0,0.0,0,0,,,Organoid,0.3699260236473894,0.7533020253448125,proteotypicity,Q13046,0.404,19.0,0.0,1.0,1.0,0.0,0.0360110803324099,8.0,0.5789473684210527,6.0,5.0,1,-0.7391747804914947,0,1,-0.7391747804914947
ENSG00000109339,0.0,,0,0.0,0.0,0,0,,,6.0,6.0,1.0,8.394147334857065,1,1.0,1.0,1,1,8.573603987033179,8.21469068268095,0.0,,0,0.0,0.0,0,0,,,Media,,,,P53779,0.4184,22.0,0.0,0.0,0.0,0.0,0.1477272727272727,10.0,0.5454545454545454,10.0,4.0,1,-0.7422850804902749,0,1,-0.7422850804902749
ENSG00000099984,0.0,,0,0.0,0.0,0,0,,,0.0,7.0,0.9,8.390521740071751,1,1.0,0.8,1,1,8.433103410655026,8.34794006948848,0.0,,0,0.0,0.0,0,0,,,Media,,,,P0CG29,0.3636,10.0,0.0,0.0,0.0,0.0,0.1095890410958904,1.0,0.9,2.0,1.0,1,-0.7436785666056699,0,1,-0.7436785666056699
ENSG00000126561,0.0,,0,0.0,0.0,0,0,,,2.0,2.0,1.0,8.388898311929939,1,1.0,1.0,1,1,8.405609820348943,8.372186803510939,0.0,,0,0.0,0.0,0,0,,,Media,0.8697191565612431,0.9857920690896216,proteotypicity,P42229,0.4523,41.0,0.0,0.0,0.0,0.0,0.1688311688311688,18.0,0.5609756097560976,2.0,11.0,1,-0.7443025261789019,0,1,-0.7443025261789019
ENSG00000159289,0.0,,0,0.0,0.0,0,0,,,,,0.0,,0,0.0,0.0,0,0,,,0.8,-2.135566720862615,1,0.8,0.8,1,1,-1.9552841157470446,-2.315849325978185,Media,0.3132862693692409,0.1962289395101168,proteotypicity,Q9NYA3,0.3502,28.0,0.0,0.0,0.0,0.0,0.6053811659192825,1.0,0.9642857142857144,6.0,1.0,1,-0.7468166355014912,0,1,-0.7468166355014912
ENSG00000213934,0.0,,0,0.0,0.0,0,0,,,,,1.0,8.363175946694907,1,1.0,1.0,1,1,8.39674017667878,8.329611716711039,0.0,,0,0.0,0.0,0,0,,,Media,0.9324864375305988,0.9193954976886964,proteotypicity,P69891,0.62,10.0,0.0,0.0,0.0,0.0,0.1639344262295081,2.0,0.8,4.0,1.0,1,-0.7541888375105841,0,1,-0.7541888375105841
ENSG00000148672,1.0,25.45689464551276,1,1.0,1.0,1,1,25.37534968126795,25.538439609757567,5.0,29.0,1.0,8.343174713968384,1,1.0,1.0,1,1,8.393985622022065,8.29236380591471,0.0,,0,0.0,0.0,0,0,,,Media,0.9217275925032264,0.9720316358410696,proteotypicity,P00367,0.4398,27.0,0.0,0.0,0.0,0.0,0.2224532224532224,10.0,0.6296296296296297,1.0,2.0,1,-0.7618762492997042,0,1,-0.7618762492997042
ENSG00000172023,0.0,,0,0.0,0.0,0,0,,,,,1.0,9.984916155839803,1,1.0,1.0,1,1,9.949196278997373,10.020636032682237,0.1,-4.65531814687945,0,0.0,0.2,0,0,-4.891704435187032,-4.418931858571868,Organoid,0.6858808618845662,0.8363387715376915,proteotypicity,P48304,0.2143,4.0,0.0,1.0,1.0,0.0,0.1333333333333333,2.0,0.5,1.0,1.0,1,-0.7630419725928209,0,1,-0.7630419725928209
ENSG00000131737,0.0,,0,0.0,0.0,0,0,,,,,0.8,8.338943421491201,1,0.6,1.0,0,1,8.284064834878652,8.393822008103747,0.0,,0,0.0,0.0,0,0,,,Media,,,,O76011,0.5143,23.0,0.0,1.0,0.0,0.0,0.4432432432432432,10.0,0.5652173913043478,7.0,6.0,1,-0.7635025334451397,0,1,-0.7635025334451397
ENSG00000168028,0.1,25.730536682306656,0,0.2,0.0,0,0,25.730536682306656,,4.0,19.0,1.0,8.316278332642735,1,1.0,1.0,1,1,8.300165455596911,8.332391209688558,0.0,,0,0.0,0.0,0,0,,,Media,0.9415083648767232,0.9289921891674936,proteotypicity,P08865,0.3653,12.0,0.0,0.0,0.0,1.0,0.1925925925925926,2.0,0.8333333333333334,1.0,1.0,1,-0.7722137900760426,0,1,-0.7722137900760426
ENSG00000182782,0.0,,0,0.0,0.0,0,0,,,,,1.0,8.306503667313342,1,1.0,1.0,1,1,8.30764286259217,8.305364472034517,0.0,,0,0.0,0.0,0,0,,,Media,0.3097130051801466,0.4169374726649831,abundance,Q8TDS4,0.3106,13.0,7.0,0.0,0.0,1.0,0.0678466076696165,6.0,0.5384615384615384,1.0,0.0,1,-0.7759706523912459,0,1,-0.7759706523912459
ENSG00000236637,0.0,,0,0.0,0.0,0,0,,,,,1.0,8.296455140768956,1,1.0,1.0,1,1,8.30165736027465,8.291252921263261,0.0,,0,0.0,0.0,0,0,,,Media,,,,P05014,0.2751,6.0,0.0,1.0,1.0,0.0,0.1830985915492957,1.0,0.8333333333333334,11.0,1.0,1,-0.7798327724153864,0,1,-0.7798327724153864
ENSG00000248333,0.0,,0,0.0,0.0,0,0,,,3.0,31.0,1.0,8.292749321882592,1,1.0,1.0,1,1,8.286329614337252,8.299169029427928,0.0,,0,0.0,0.0,0,0,,,Media,0.8383972362901699,0.9372519116803976,proteotypicity,P21127,0.4319,40.0,0.0,0.0,0.0,0.0,0.5914396887159533,6.0,0.85,2.0,5.0,1,-0.7812570924153031,0,1,-0.7812570924153031
ENSG00000100197,0.0,,0,0.0,0.0,0,0,,,,,1.0,8.292389781551199,1,1.0,1.0,1,1,8.386089689814918,8.198689873287483,0.0,,0,0.0,0.0,0,0,,,Media,0.8952227067774855,0.6097738380603446,proteotypicity,P10635,0.4124,23.0,0.0,0.0,0.0,1.0,0.1712473572938689,9.0,0.6086956521739131,1.0,5.0,1,-0.7813952806270003,0,1,-0.7813952806270003
ENSG00000211893,0.5,17.135186228316506,0,0.4,0.6,0,0,17.259259328430453,17.052470828240544,1.0,2.0,1.0,8.287014057638729,1,1.0,1.0,1,1,8.282992892928906,8.291035222348551,0.0,,0,0.0,0.0,0,0,,,Organoid,,,,P01859,0.3196,14.0,1.0,1.0,0.0,1.0,0.1132075471698113,6.0,0.5714285714285714,4.0,3.0,1,-0.7834614234465365,0,1,-0.7834614234465365
ENSG00000170298,0.0,,0,0.0,0.0,0,0,,,,,1.0,8.251959482666253,1,1.0,1.0,1,1,8.278487695845996,8.22543126948651,0.0,,0,0.0,0.0,0,0,,,Media,0.3542885792780776,0.4999638638744317,proteotypicity,Q3B8N2,0.3782,15.0,0.0,0.0,0.0,0.0,0.0512048192771084,0.0,1.0,2.0,0.0,1,-0.79693454065839,1,1,-0.79693454065839
ENSG00000204531,0.0,,0,0.0,0.0,0,0,,,4.0,5.0,1.0,8.248893216572664,1,1.0,1.0,1,1,8.286284665848262,8.21150176729707,0.0,,0,0.0,0.0,0,0,,,Media,0.4972364325449513,0.4389835765108409,proteotypicity,Q01860,0.2593,10.0,0.0,0.0,0.0,0.0,0.3125,5.0,0.5,4.0,3.0,1,-0.798113050525193,0,1,-0.798113050525193
ENSG00000255974,0.0,,0,0.0,0.0,0,0,,,,,1.0,8.24324322420064,1,1.0,1.0,1,1,8.182126716493167,8.304359731908116,0.0,,0,0.0,0.0,0,0,,,Media,0.8732989608577888,0.7508010060756003,proteotypicity,P11509,0.5485,31.0,0.0,0.0,0.0,1.0,0.3170212765957447,8.0,0.7419354838709677,2.0,4.0,1,-0.8002846075768514,0,1,-0.8002846075768514
ENSG00000133275,0.0,,0,0.0,0.0,0,0,,,4.0,4.0,1.0,6.713961156886481,1,1.0,1.0,1,1,6.764146463908427,6.663775849864534,0.0,-0.071612508738333,0,0.0,0.0,0,0,-0.13150081480261294,-0.011724202674053224,Media,0.6724343922915516,0.8055814709536369,proteotypicity,P78368,0.4004,19.0,0.0,0.0,0.0,0.0,0.3222506393861892,8.0,0.5789473684210527,2.0,3.0,1,-0.8018868750685098,0,1,-0.8018868750685098
ENSG00000197620,0.0,,0,0.0,0.0,0,0,,,0.0,5.0,1.0,8.23273600016933,1,1.0,1.0,1,1,8.183054794610328,8.282417205728333,0.0,,0,0.0,0.0,0,0,,,Media,,,,Q8TE69,0.503,9.0,0.0,0.0,0.0,0.0,0.2164179104477611,1.0,0.8888888888888888,1.0,1.0,1,-0.8043230265580027,0,1,-0.8043230265580027
ENSG00000114978,0.0,,0,0.0,0.0,0,0,,,,,1.0,8.208474904835505,1,1.0,1.0,1,1,8.21163767173434,8.205312137936666,0.0,,0,0.0,0.0,0,0,,,Media,0.6590338727482078,0.9180649438155208,proteotypicity,Q9H8S9,0.3589,9.0,0.0,0.0,0.0,0.0,0.0837696335078534,1.0,0.8888888888888888,1.0,0.0,1,-0.8136477033334946,0,1,-0.8136477033334946
ENSG00000133433,0.0,,0,0.0,0.0,0,0,,,,,0.2,8.453747392901636,0,0.0,0.4,0,0,8.404250740906395,8.503244044896878,1.0,-2.791648766610844,1,1.0,1.0,1,1,-3.511600830974556,-2.0716967022471318,Media,,,,P0CG30,0.3635,10.0,0.0,0.0,0.0,0.0,0.1095890410958904,1.0,0.9,2.0,1.0,1,-0.817509717904263,0,1,-0.817509717904263
ENSG00000131721,0.0,,0,0.0,0.0,0,0,,,,,0.9,8.17674452479066,1,1.0,0.8,1,1,8.215028555101135,8.138460494480183,0.0,,0,0.0,0.0,0,0,,,Media,0.3425396176444239,0.3763378070830805,proteotypicity,Q9BQY4,0.2524,8.0,0.0,0.0,0.0,0.0,0.4166666666666667,0.0,1.0,1.0,0.0,1,-0.8258431765308312,1,1,-0.8258431765308312
ENSG00000267631,0.0,,0,0.0,0.0,0,0,,,,,1.0,8.176295302829034,1,1.0,1.0,1,1,8.193656311980783,8.158934293677286,0.0,,0,0.0,0.0,0,0,,,Media,0.2211037925922559,0.2825530458900244,proteotypicity,A6NKQ9,0.3909,8.0,0.0,1.0,1.0,0.0,0.0884955752212389,0.0,1.0,3.0,0.0,1,-0.8260158335990705,1,1,-0.8260158335990705
ENSG00000169131,0.0,,0,0.0,0.0,0,0,,,,,1.0,8.137611693593804,1,1.0,1.0,1,1,8.16453317537473,8.110690211812878,0.0,,0,0.0,0.0,0,0,,,Media,0.2231874416687818,0.161222822495233,abundance,O60765,0.52,36.0,0.0,0.0,0.0,0.0,0.2220309810671256,18.0,0.5,51.0,10.0,1,-0.84088375887881,0,1,-0.84088375887881
ENSG00000101266,0.0,,0,0.0,0.0,0,0,,,4.0,21.0,1.0,6.796830375902577,1,1.0,1.0,1,1,6.770796871402119,6.822863880403037,0.0,-0.5050816396276775,0,0.0,0.0,0,0,-1.2119582822649897,0.20179500300963454,Media,0.7804718046182779,0.9517570785510708,proteotypicity,P68400,0.3987,18.0,0.0,0.0,0.0,0.0,0.3978201634877384,2.0,0.8888888888888888,2.0,2.0,1,-0.8417323395234813,0,1,-0.8417323395234813
ENSG00000169612,0.0,,0,0.0,0.0,0,0,,,1.0,7.0,0.8,8.135069921042607,1,1.0,0.6,1,0,8.235430098767887,8.034709743317325,0.0,,0,0.0,0.0,0,0,,,Media,0.3960349973354187,0.6314738628106699,proteotypicity,Q9BTL3,0.4868,7.0,0.0,0.0,0.0,0.0,0.5591397849462365,1.0,0.8571428571428571,1.0,0.0,1,-0.8418606812786691,0,1,-0.8418606812786691
ENSG00000188100,0.0,,0,0.0,0.0,0,0,,,,,1.0,8.11778810935995,1,1.0,1.0,1,1,8.093257826609232,8.142318392110665,0.0,,0,0.0,0.0,0,0,,,Media,,,,B3EWG3,0.7511,7.0,0.0,0.0,0.0,0.0,0.7230769230769231,0.0,1.0,3.0,0.0,1,-0.8485028920205322,1,1,-0.8485028920205322
ENSG00000189064,0.0,,0,0.0,0.0,0,0,,,,,1.0,7.369328683929242,1,1.0,1.0,1,1,7.407877801488465,7.330779566370017,0.5,-1.5066673493190057,0,0.4,0.6,0,0,-1.5426148439849023,-1.4707198546531086,Media,0.1297450608331141,0.1414868789286328,proteotypicity,Q6NT46,0.1564,2.0,0.0,0.0,0.0,0.0,0.5760869565217391,0.0,1.0,13.0,0.0,1,-0.860578744801436,1,1,-0.860578744801436
ENSG00000163283,0.0,,0,0.0,0.0,0,0,,,,,1.0,8.233141022163533,1,1.0,1.0,1,1,8.185493004909093,8.280789039417977,0.9,-2.817704260578165,1,0.8,1.0,1,1,-3.892409997423249,-1.7429985237330805,Organoid,0.8657512186983662,0.9455965252914774,proteotypicity,P05187,0.4314,25.0,1.0,0.0,1.0,1.0,0.1913043478260869,6.0,0.76,2.0,2.0,1,-0.8632567405357497,0,1,-0.8632567405357497
ENSG00000289549,0.0,,0,0.0,0.0,0,0,,,,,1.0,8.077447595087307,1,1.0,1.0,1,1,8.078243219779328,8.076651970395286,0.0,,0,0.0,0.0,0,0,,,Media,,,,F5H284,0.4954,9.0,0.0,0.0,0.0,0.0,0.4357142857142857,1.0,0.8888888888888888,7.0,1.0,1,-0.8640076436145402,0,1,-0.8640076436145402
ENSG00000128383,0.0,,0,0.0,0.0,0,0,,,,,1.0,8.06915608243786,1,1.0,1.0,1,1,8.049465129525801,8.088847035349922,0.0,,0,0.0,0.0,0,0,,,Organoid,0.7997439980509197,0.59747899045412,proteotypicity,P31941,0.6084,14.0,0.0,0.0,0.0,0.0,0.0857142857142857,7.0,0.5,1.0,1.0,1,-0.8671944607953866,0,1,-0.8671944607953866
ENSG00000243130,0.0,,0,0.0,0.0,0,0,,,,,1.0,8.054077696313248,1,1.0,1.0,1,1,8.017357773407147,8.09079761921935,0.0,,0,0.0,0.0,0,0,,,Media,0.6112411554317457,0.6136244113523042,proteotypicity,Q9UQ72,0.3769,14.0,0.0,1.0,1.0,0.0,0.0,6.0,0.5714285714285714,5.0,3.0,1,-0.8729897917552399,0,1,-0.8729897917552399
ENSG00000103512,0.0,,0,0.0,0.0,0,0,,,2.0,43.0,1.0,6.352935027544687,1,1.0,1.0,1,1,6.337908700606493,6.3679613544828815,1.0,-0.1199830829645256,1,1.0,1.0,1,1,-0.6179914427133694,0.378025276784318,Media,0.8335413677384401,0.8393975927387333,proteotypicity,Q15155,0.4765,64.0,1.0,0.0,1.0,1.0,0.1113967437874892,3.0,0.953125,2.0,1.0,1,-0.8774899357278647,0,1,-0.8774899357278647
ENSG00000134108,0.0,,0,0.0,0.0,0,0,,,3.0,3.0,1.0,8.01249899782717,1,1.0,1.0,1,1,8.017308915230391,8.007689080423948,0.0,,0,0.0,0.0,0,0,,,Media,0.8840958978652201,0.955369517244942,proteotypicity,Q9NVJ2,0.4643,10.0,0.0,0.0,0.0,0.0,0.3518518518518518,4.0,0.6,1.0,1.0,1,-0.8889704356129708,0,1,-0.8889704356129708
ENSG00000283154,0.0,,0,0.0,0.0,0,0,,,,,1.0,8.47579352533204,1,1.0,1.0,1,1,8.643224012861383,8.3083630378027,0.0,-3.440681738689313,0,0.0,0.0,0,0,-3.557189374042916,-3.3241741033357095,Media,0.4194987582991914,0.3548951152471581,proteotypicity,B3KU38,0.4819,30.0,0.0,0.0,0.0,0.0,0.3636363636363636,1.0,0.9666666666666668,2.0,0.0,1,-0.8967785018444401,0,1,-0.8967785018444401
ENSG00000135175,0.0,,0,0.0,0.0,0,0,,,,,1.0,7.957352546467902,1,1.0,1.0,1,1,7.95881230534188,7.955892787593922,0.0,,0,0.0,0.0,0,0,,,Organoid,,,,P0CE71,0.5771,7.0,0.0,0.0,0.0,0.0,0.5647058823529412,2.0,0.7142857142857143,1.0,0.0,1,-0.9101658032237484,0,1,-0.9101658032237484
ENSG00000072694,0.0,,0,0.0,0.0,0,0,,,,,0.7,7.439685698368417,1,0.8,0.6,1,0,7.482936824163713,7.396434572573121,0.3,-2.053821823113381,0,0.2,0.4,0,0,-2.154504330189637,-1.953139316037125,Media,0.443027892777064,0.8426276319101115,proteotypicity,P31994,0.1762,6.0,1.0,0.0,1.0,1.0,0.1434426229508196,3.0,0.5,2.0,0.0,1,-0.9174556336744062,0,1,-0.9174556336744062
ENSG00000153779,0.0,,0,0.0,0.0,0,0,,,,,1.0,7.883193888226328,1,1.0,1.0,1,1,7.893538315111907,7.872849461340754,0.0,,0,0.0,0.0,0,0,,,Organoid,0.712884080909087,0.7434126997677438,proteotypicity,Q8IUE1,0.5248,14.0,0.0,0.0,0.0,0.0,0.2949308755760368,5.0,0.6428571428571429,1.0,4.0,1,-0.9386684536066736,0,1,-0.9386684536066736
ENSG00000104388,0.0,,0,0.0,0.0,0,0,,,9.0,9.0,1.0,7.882716551600113,1,1.0,1.0,1,1,7.934484513666187,7.830948589534039,0.0,,0,0.0,0.0,0,0,,,Media,0.9077332050797108,0.973452655970023,proteotypicity,P61019,0.5521,13.0,0.0,0.0,0.0,0.0,0.213903743315508,6.0,0.5384615384615384,1.0,3.0,1,-0.9388519164590845,0,1,-0.9388519164590845
ENSG00000134184,0.6,22.36846060970793,0,0.8,0.4,1,0,22.45164333512385,22.2020951588761,4.0,6.0,1.0,7.862747731638469,1,1.0,1.0,1,1,8.101867426225159,7.623628037051776,0.0,,0,0.0,0.0,0,0,,,Media,0.8791967770525086,0.9580801302001812,proteotypicity,P09488,0.5834,15.0,0.0,0.0,0.0,0.0,0.5077720207253886,5.0,0.6666666666666666,3.0,3.0,1,-0.9465268705025123,0,1,-0.9465268705025123
ENSG00000143226,0.0,,0,0.0,0.0,0,0,,,,,1.0,9.517466967011936,1,1.0,1.0,1,1,9.524313973585746,9.510619960438124,0.5,-5.413876210590535,0,0.2,0.8,0,1,-5.817616892345639,-5.0101355288354315,Organoid,0.4807496416054914,0.8816484385683439,proteotypicity,P12318,0.2286,8.0,1.0,0.0,1.0,1.0,0.1307692307692307,3.0,0.625,2.0,1.0,1,-0.950470408420683,0,1,-0.950470408420683
ENSG00000164871,0.0,,0,0.0,0.0,0,0,,,,,1.0,7.844362081510525,1,1.0,1.0,1,1,7.806269136139153,7.882455026881897,0.0,,0,0.0,0.0,0,0,,,Media,,,,Q08648,0.3499,4.0,0.0,1.0,1.0,0.0,0.037037037037037,2.0,0.5,1.0,1.0,1,-0.9535933381286186,0,1,-0.9535933381286186
ENSG00000172354,0.0,,0,0.0,0.0,0,0,,,7.0,7.0,1.0,7.8383409481303,1,1.0,1.0,1,1,7.89779130065772,7.778890595602883,0.0,,0,0.0,0.0,0,0,,,Media,0.9797262843523664,0.9383694934030526,proteotypicity,P62879,0.3214,12.0,0.0,0.0,0.0,1.0,0.0571428571428571,4.0,0.6666666666666666,3.0,0.0,1,-0.9559075420761395,0,1,-0.9559075420761395
ENSG00000213923,0.0,,0,0.0,0.0,0,0,,,6.0,14.0,1.0,7.835240982076695,1,1.0,1.0,1,1,7.903461189363462,7.767020774789931,0.0,,0,0.0,0.0,0,0,,,Media,0.8299187152773568,0.8824479965866315,proteotypicity,P49674,0.465,22.0,0.0,0.0,0.0,0.0,0.2831632653061224,9.0,0.5909090909090909,2.0,5.0,1,-0.9570990044180957,0,1,-0.9570990044180957
ENSG00000259384,0.0,,0,0.0,0.0,0,0,,,,,0.0,9.162746977970585,0,0.0,0.0,0,0,9.123686416318648,9.201807539622523,0.9,-4.9931919120086885,1,0.8,1.0,1,1,-4.9232734380437595,-5.0631103859736175,Media,,,,P01241,0.4427,11.0,0.0,1.0,1.0,0.0,0.2335329341317365,4.0,0.6363636363636364,4.0,4.0,1,-0.9645123582090568,0,1,-0.9645123582090568
ENSG00000067048,0.0,,0,0.0,0.0,0,0,,,,,1.0,7.814110693119112,1,1.0,1.0,1,1,7.817377185312575,7.810844200925649,0.0,,0,0.0,0.0,0,0,,,Media,0.866050491551875,0.9879452238501611,proteotypicity,O15523,0.5605,41.0,0.0,0.0,0.0,0.0,0.3433070866141732,14.0,0.6585365853658537,3.0,13.0,1,-0.9652203654692393,0,1,-0.9652203654692393
ENSG00000213417,0.0,,0,0.0,0.0,0,0,,,,,1.0,7.79243071741823,1,1.0,1.0,1,1,7.805265252709427,7.779596182127034,0.0,,0,0.0,0.0,0,0,,,Organoid,,,,Q9BYR9,0.2226,3.0,0.0,0.0,0.0,0.0,0.0,0.0,1.0,3.0,0.0,1,-0.9735529969159895,1,1,-0.9735529969159895
ENSG00000204941,0.0,,0,0.0,0.0,0,0,,,,,1.0,7.766781507121226,1,1.0,1.0,1,1,7.698519856602776,7.835043157639674,0.0,,0,0.0,0.0,0,0,,,Organoid,0.2457450339275202,0.2855145093611654,proteotypicity,Q15238,0.4508,17.0,0.0,1.0,1.0,0.0,0.1444043321299639,8.0,0.5294117647058824,6.0,2.0,1,-0.9834111913740413,0,1,-0.9834111913740413
ENSG00000167797,0.0,,0,0.0,0.0,0,0,,,,,1.0,8.038336158452413,1,1.0,1.0,1,1,8.264046733470414,7.812625583434413,0.0,-3.5990897243153293,0,0.0,0.0,0,0,-3.593302122774612,-3.604877325856047,Media,0.3267760054253436,0.2647056958337103,proteotypicity,O75956,0.1527,2.0,0.0,0.0,0.0,0.0,0.2352941176470588,0.0,1.0,1.0,0.0,1,-1.0012271801669157,1,1,-1.0012271801669157
ENSG00000275896,0.0,,0,0.0,0.0,0,0,,,,,1.0,8.551173371239457,1,1.0,1.0,1,1,8.564371458175208,8.537975284303705,1.0,-4.432452118402715,1,1.0,1.0,1,1,-3.9448441602084174,-4.920060076597013,Organoid,0.9375437990709437,0.9496136092294064,proteotypicity,P07478,0.302,8.0,0.0,1.0,1.0,0.0,0.0,4.0,0.5,2.0,2.0,1,-1.009895023268474,0,1,-1.009895023268474
ENSG00000121905,0.0,,0,0.0,0.0,0,0,,,6.0,6.0,1.0,7.697393960498344,1,1.0,1.0,1,1,7.6942288955304905,7.700559025466198,0.0,,0,0.0,0.0,0,0,,,Media,0.9379390782353646,0.9643927724454264,proteotypicity,P84074,0.6688,15.0,0.0,0.0,0.0,1.0,0.4583333333333333,6.0,0.6,2.0,2.0,1,-1.0100800797980796,0,1,-1.0100800797980796
ENSG00000211898,0.0,,0,0.0,0.0,0,0,,,,,1.0,7.688004871211777,1,1.0,1.0,1,1,7.690165400740961,7.685844341682596,0.0,,0,0.0,0.0,0,0,,,Organoid,,,,P01880,0.3789,18.0,1.0,1.0,0.0,1.0,0.1009852216748768,3.0,0.8333333333333334,1.0,1.0,1,-1.0136887471566143,0,1,-1.0136887471566143
ENSG00000120324,0.0,,0,0.0,0.0,0,0,,,0.0,7.0,1.0,7.651236833529568,1,1.0,1.0,1,1,7.634371150105191,7.668102516953946,0.0,,0,0.0,0.0,0,0,,,Media,0.3339844296560946,0.1677269586418512,abundance,Q9UN67,0.3424,30.0,1.0,0.0,1.0,1.0,0.1653333333333333,9.0,0.7,17.0,7.0,1,-1.0278204284487482,0,1,-1.0278204284487482
ENSG00000127955,0.0,,0,0.0,0.0,0,0,,,8.0,8.0,1.0,7.638013369368558,1,1.0,1.0,1,1,7.652864713082676,7.62316202565444,0.0,,0,0.0,0.0,0,0,,,Media,0.9944516242582234,0.954442085175217,proteotypicity,P63096,0.3469,14.0,0.0,0.0,0.0,1.0,0.4133738601823708,7.0,0.5,10.0,3.0,1,-1.0329028259026591,0,1,-1.0329028259026591
ENSG00000092054,0.1,25.88649534998312,0,0.0,0.2,0,0,,25.88649534998312,2.0,2.0,1.0,8.59494836068161,1,1.0,1.0,1,1,8.567064431547927,8.622832289815294,0.0,-4.682946228221187,0,0.0,0.0,0,0,-4.391408647450026,-4.974483808992348,Media,0.9433891904743114,0.9860750051288912,proteotypicity,P12883,0.4482,100.0,0.0,0.0,0.0,0.0,0.6645735217163788,31.0,0.69,12.0,23.0,1,-1.0337115455225891,0,1,-1.0337115455225891
ENSG00000243480,0.0,,0,0.0,0.0,0,0,,,,,1.0,7.556530714396159,1,1.0,1.0,1,1,7.434937579241554,7.678123849550765,0.0,,0,0.0,0.0,0,0,,,Media,0.7125909769118376,0.9209808494818,proteotypicity,P04746,0.3986,23.0,0.0,1.0,1.0,0.0,0.097457627118644,3.0,0.8695652173913043,4.0,3.0,1,-1.064220431722674,0,1,-1.064220431722674
ENSG00000196368,0.0,,0,0.0,0.0,0,0,,,2.0,10.0,1.0,7.511225076959024,1,1.0,1.0,1,1,7.602078135412792,7.420372018505257,0.0,,0,0.0,0.0,0,0,,,Media,0.7617234557198398,0.7138095676613069,proteotypicity,Q96G61,0.5388,10.0,0.0,0.0,0.0,0.0,0.7214285714285714,1.0,0.9,4.0,1.0,1,-1.081633513011708,0,1,-1.081633513011708
ENSG00000173757,0.0,,0,0.0,0.0,0,0,,,10.0,30.0,1.0,8.4278972251192,1,1.0,1.0,1,1,8.447893349431656,8.407901100806738,0.0,-4.810437093191089,0,0.0,0.0,0,0,-4.769704133917588,-4.85117005246459,Media,0.856492755013277,0.9811257128767532,proteotypicity,P51692,0.4117,37.0,0.0,0.0,0.0,0.0,0.1480996068152031,14.0,0.6216216216216216,2.0,7.0,1,-1.0822174866988785,0,1,-1.0822174866988785
ENSG00000173933,0.0,,0,0.0,0.0,0,0,,,3.0,3.0,1.0,7.503676185971318,1,1.0,1.0,1,1,7.727569386004494,7.2797829859381435,0.0,,0,0.0,0.0,0,0,,,Media,0.5040787640333865,0.9448767856696892,proteotypicity,Q9BWF3,0.4465,18.0,0.0,0.0,0.0,0.0,0.2647058823529412,4.0,0.7777777777777778,1.0,2.0,1,-1.0845349058591958,0,1,-1.0845349058591958
ENSG00000213417,0.0,,0,0.0,0.0,0,0,,,,,1.0,7.496535330753379,1,1.0,1.0,1,1,7.474684786976043,7.518385874530717,0.0,,0,0.0,0.0,0,0,,,Media,,,,Q9BYR9,0.2226,3.0,0.0,0.0,0.0,0.0,0.0,0.0,1.0,3.0,0.0,1,-1.0872794714235967,1,1,-1.0872794714235967
ENSG00000196616,0.0,,0,0.0,0.0,0,0,,,,,1.0,6.942985775418225,1,1.0,1.0,1,1,6.948817132763151,6.9371544180733,0.0,-2.689356086703018,0,0.0,0.0,0,0,-2.8057087355934494,-2.5730034378125874,Media,0.9451323135167928,0.9703433849812702,proteotypicity,P00325,0.4519,18.0,0.0,0.0,0.0,0.0,0.1914285714285714,4.0,0.7777777777777778,2.0,4.0,1,-1.0946768744790822,0,1,-1.0946768744790822
ENSG00000243955,0.0,,0,0.0,0.0,0,0,,,,,0.6,9.014047551762843,0,0.8,0.4,1,0,9.050031811329724,8.978063292195964,1.0,-5.833265169681708,1,1.0,1.0,1,1,-5.286874292741468,-6.379656046621946,Media,0.8966168577734128,0.9234685217203944,proteotypicity,P08263,0.4682,12.0,0.0,0.0,0.0,0.0,0.3737373737373737,2.0,0.8333333333333334,3.0,1.0,1,-1.1011734082764986,0,1,-1.1011734082764986
ENSG00000170465,0.0,,0,0.0,0.0,0,0,,,,,1.0,8.455628086690274,1,1.0,1.0,1,1,8.464414030531113,8.446842142849434,0.0,-5.099500360237168,0,0.0,0.0,0,0,-4.99906105089356,-5.199939669580777,Media,0.655623943140172,0.8904160226978787,proteotypicity,P48668,0.4831,29.0,0.0,0.0,0.0,0.0,0.4341372912801484,1.0,0.9655172413793104,17.0,0.0,1,-1.1140796246023268,0,1,-1.1140796246023268
ENSG00000118894,0.0,,0,0.0,0.0,0,0,,,2.0,3.0,1.0,7.419862998121514,1,1.0,1.0,1,1,7.42536522741397,7.414360768829058,0.0,,0,0.0,0.0,0,0,,,Media,0.7785252215576487,0.5398668730349241,abundance,Q96G04,0.3251,12.0,0.0,0.0,0.0,0.0,0.218954248366013,6.0,0.5,4.0,1.0,1,-1.116748244765349,0,1,-1.116748244765349
ENSG00000136487,0.0,,0,0.0,0.0,0,0,,,,,1.0,9.093306238161093,1,1.0,1.0,1,1,9.075385962246107,9.111226514076076,0.0,-6.2479598417651,0,0.0,0.0,0,0,-6.752663213360341,-5.743256470169859,Organoid,,,,P01242,0.48,12.0,0.0,1.0,1.0,0.0,0.2694610778443114,6.0,0.5,4.0,4.0,1,-1.139297173825877,0,1,-1.139297173825877
ENSG00000172236,0.0,,0,0.0,0.0,0,0,,,,,1.0,6.887453852081578,1,1.0,1.0,1,1,7.0442432677899305,6.730664436373226,0.0,-2.969907546787386,0,0.0,0.0,0,0,-2.976096574158855,-2.9637185194159166,Media,0.8179659261241209,0.5281800877831913,proteotypicity,Q15661,0.2949,9.0,0.0,1.0,1.0,0.0,0.0950226244343891,0.0,1.0,4.0,0.0,1,-1.141444768338507,1,1,-1.141444768338507
ENSG00000133020,0.0,,0,0.0,0.0,0,0,,,1.0,1.0,0.7,7.351579171589679,1,0.8,0.6,1,0,7.34217939464302,7.3609789485363395,0.0,,0,0.0,0.0,0,0,,,Media,0.9619395752018046,0.966301950985432,proteotypicity,P13535,0.4444,99.0,0.0,0.0,0.0,0.0,0.6393099843178254,34.0,0.6565656565656566,12.0,22.0,1,-1.1429929217942287,0,1,-1.1429929217942287
ENSG00000143226,0.0,,0,0.0,0.0,0,0,,,,,0.2,8.526009244660315,0,0.2,0.2,0,0,8.521553422974133,8.530465066346498,0.9,-5.500523360183572,1,1.0,0.8,1,1,-5.435862804662652,-5.565183915704492,Media,0.4807496416054914,0.8816484385683439,proteotypicity,P12318,0.2286,8.0,1.0,0.0,1.0,1.0,0.1307692307692307,3.0,0.625,2.0,1.0,1,-1.1521503994771096,0,1,-1.1521503994771096
ENSG00000203747,0.0,,0,0.0,0.0,0,0,,,,,1.0,7.313717569514127,1,1.0,1.0,1,1,7.308180940607121,7.319254198421132,0.0,,0,0.0,0.0,0,0,,,Organoid,0.5394854182002097,0.905584421800102,proteotypicity,P08637,0.2063,6.0,1.0,1.0,1.0,1.0,0.0934579439252336,2.0,0.6666666666666666,1.0,2.0,1,-1.1575449111705942,0,1,-1.1575449111705942
ENSG00000157326,0.0,,0,0.0,0.0,0,0,,,2.0,7.0,1.0,7.293087801617162,1,1.0,1.0,1,1,7.302726872577456,7.28344873065687,0.0,,0,0.0,0.0,0,0,,,Media,0.8981528840885388,0.8478006060444372,proteotypicity,Q9BTZ2,0.4401,13.0,0.0,0.0,0.0,0.0,0.1771653543307086,5.0,0.6153846153846154,2.0,3.0,1,-1.165473898503842,0,1,-1.165473898503842
ENSG00000143768,0.0,,0,0.0,0.0,0,0,,,6.0,18.0,1.0,9.040315357570282,1,1.0,1.0,1,1,8.520632069524742,9.559998645615822,0.6,-6.534868303603799,0,0.2,1.0,0,1,-8.003886684150586,-5.065849923057014,Media,,,,O00292,0.3666,15.0,0.0,1.0,1.0,0.0,0.1541353383458646,4.0,0.7333333333333333,1.0,1.0,1,-1.1863946472296703,0,1,-1.1863946472296703
ENSG00000228836,0.0,,0,0.0,0.0,0,0,,,,,0.7,7.195100999870343,1,0.8,0.6,1,0,7.216774091991553,7.173427907749131,0.0,,0,0.0,0.0,0,0,,,Media,0.1413364530905069,0.2145106605639501,proteotypicity,P0DMU8,0.4239,9.0,0.0,0.0,0.0,0.0,0.5333333333333333,0.0,1.0,8.0,0.0,1,-1.203134821969214,1,1,-1.203134821969214
ENSG00000243709,0.0,,0,0.0,0.0,0,0,,,6.0,6.0,1.0,7.190270179453298,1,1.0,1.0,1,1,6.938253304619996,7.4422870542866,0.0,,0,0.0,0.0,0,0,,,Media,,,,O75610,0.3914,16.0,0.0,1.0,1.0,0.0,0.1278195488721804,5.0,0.6875,1.0,2.0,1,-1.204991532819634,0,1,-1.204991532819634
ENSG00000239839,0.0,,0,0.0,0.0,0,0,,,,,1.0,7.172326075343472,1,1.0,1.0,1,1,7.140709208640078,7.203942942046865,0.0,,0,0.0,0.0,0,0,,,Media,0.4810592953614778,0.8084902546429047,proteotypicity,P59666,0.2928,3.0,0.0,1.0,1.0,0.0,0.0625,1.0,0.6666666666666666,1.0,0.0,1,-1.2118882936025908,0,1,-1.2118882936025908
ENSG00000222038,1.0,30.500081354004458,1,1.0,1.0,1,1,30.419187168657288,30.58097553935163,1.0,10.0,1.0,7.169226877928933,1,1.0,1.0,1,1,7.189209990669174,7.149243765188691,0.0,,0,0.0,0.0,0,0,,,Media,,,,P0CG39,0.443,52.0,0.0,1.0,0.0,0.0,0.408284023668639,4.0,0.9230769230769232,11.0,1.0,1,-1.213079460520505,0,1,-1.213079460520505
ENSG00000274611,0.0,,0,0.0,0.0,0,0,,,,,1.0,7.1533745020472255,1,1.0,1.0,1,1,7.15601793202197,7.150731072072482,0.0,,0,0.0,0.0,0,0,,,Media,0.0473625207230764,0.091308093086045,abundance,Q8IZP1,0.4181,26.0,0.0,0.0,0.0,1.0,0.3180952380952381,0.0,1.0,11.0,0.0,1,-1.2191722720439169,1,1,-1.2191722720439169
ENSG00000135018,0.0,,0,0.0,0.0,0,0,,,6.0,6.0,1.0,7.150924047017692,1,1.0,1.0,1,1,7.148226981485247,7.153621112550138,0.0,,0,0.0,0.0,0,0,,,Media,0.9557674357979952,0.9616998490323592,proteotypicity,Q9UMX0,0.2079,13.0,0.0,0.0,0.0,1.0,0.0726950354609929,6.0,0.5384615384615384,2.0,2.0,1,-1.220114096837434,0,1,-1.220114096837434
ENSG00000168872,0.0,,0,0.0,0.0,0,0,,,2.0,25.0,1.0,7.147127955811842,1,1.0,1.0,1,1,7.216855493498896,7.077400418124787,0.0,,0,0.0,0.0,0,0,,,Media,0.6995507068245561,0.8271617813867694,proteotypicity,Q9NUU7,0.5002,27.0,0.0,0.0,0.0,0.0,0.3222958057395143,4.0,0.8518518518518519,1.0,2.0,1,-1.2215731127234761,0,1,-1.2215731127234761
ENSG00000197253,0.0,,0,0.0,0.0,0,0,,,,,1.0,7.139383881927833,1,1.0,1.0,1,1,7.1959639163064635,7.0828038475492034,0.0,,0,0.0,0.0,0,0,,,Media,0.8063383665581554,0.6018584681866975,proteotypicity,P20231,0.3263,10.0,0.0,1.0,1.0,0.0,0.0950226244343891,1.0,0.9,4.0,0.0,1,-1.2245495235120378,0,1,-1.2245495235120378
ENSG00000105649,0.0,,0,0.0,0.0,0,0,,,5.0,5.0,1.0,7.127474905220926,1,1.0,1.0,1,1,7.122681854600391,7.132267955841459,0.0,,0,0.0,0.0,0,0,,,Media,0.9734627585230518,0.8699078960540412,proteotypicity,P20336,0.5203,13.0,0.0,0.0,0.0,1.0,0.3826530612244898,5.0,0.6153846153846154,23.0,1.0,1,-1.2291267017882361,0,1,-1.2291267017882361
ENSG00000254415,0.0,,0,0.0,0.0,0,0,,,,,1.0,7.121312945431951,1,1.0,1.0,1,1,7.113100799791324,7.12952509107258,0.0,,0,0.0,0.0,0,0,,,Media,0.5210997478617923,0.8584976234007534,proteotypicity,Q08ET2,0.4549,20.0,1.0,0.0,1.0,1.0,0.1657303370786516,10.0,0.5,1.0,2.0,1,-1.2314950319293598,0,1,-1.2314950319293598
ENSG00000101307,0.0,,0,0.0,0.0,0,0,,,,,1.0,8.41226419987124,1,1.0,1.0,1,1,8.386309541126142,8.438218858616334,0.0,-6.077946494650303,0,0.0,0.0,0,0,-5.741303542879487,-6.414589446421118,Media,0.7030749894738235,0.7029400036852739,proteotypicity,Q5TFQ8,0.4613,20.0,1.0,0.0,1.0,1.0,0.0347826086956521,7.0,0.65,2.0,5.0,1,-1.2483012232645878,0,1,-1.2483012232645878
ENSG00000204147,0.0,,0,0.0,0.0,0,0,,,,,1.0,7.002463320798592,1,1.0,1.0,1,1,7.00653120890699,6.9983954326901925,0.0,,0,0.0,0.0,0,0,,,Organoid,0.5759531975769193,0.2921013985563786,proteotypicity,P0C7U1,0.3679,7.0,0.0,0.0,0.0,1.0,0.1205673758865248,1.0,0.8571428571428571,1.0,1.0,1,-1.277174516690688,0,1,-1.277174516690688
ENSG00000174021,0.0,,0,0.0,0.0,0,0,,,1.0,3.0,0.8,6.963858074181791,1,0.6,1.0,0,1,6.904102269717896,7.023613878645685,0.0,,0,0.0,0.0,0,0,,,Media,0.6569124944484144,0.761403466448532,proteotypicity,P63218,0.4099,3.0,0.0,0.0,0.0,1.0,0.0,1.0,0.6666666666666666,1.0,1.0,1,-1.2920123235409802,0,1,-1.2920123235409802
ENSG00000277865,0.0,,0,0.0,0.0,0,0,,,,,1.0,6.950783434231456,1,1.0,1.0,1,1,6.945118351551772,6.9564485169111405,0.0,,0,0.0,0.0,0,0,,,Media,,,,H0YM25,0.3711,40.0,0.0,0.0,0.0,0.0,0.8216867469879519,2.0,0.95,6.0,1.0,1,-1.2970375208709137,0,1,-1.2970375208709137
ENSG00000151632,0.0,,0,0.0,0.0,0,0,,,4.0,16.0,1.0,6.935841433276184,1,1.0,1.0,1,1,7.065921552674853,6.805761313877514,0.0,,0,0.0,0.0,0,0,,,Media,0.9018005366457632,0.9639998276203776,proteotypicity,P52895,0.4628,17.0,0.0,0.0,0.0,0.0,0.2040133779264214,5.0,0.7058823529411765,4.0,3.0,1,-1.3027804326137626,0,1,-1.3027804326137626
ENSG00000186803,0.0,,0,0.0,0.0,0,0,,,,,1.0,6.901416326599309,1,1.0,1.0,1,1,6.842046565945113,6.9607860872535054,0.0,,0,0.0,0.0,0,0,,,Media,,,,P01566,0.2748,6.0,0.0,1.0,1.0,0.0,0.1830985915492957,3.0,0.5,11.0,2.0,1,-1.3160116156377268,0,1,-1.3160116156377268
ENSG00000275896,0.0,,0,0.0,0.0,0,0,,,,,0.1,7.410918384253357,0,0.0,0.2,0,0,7.398606857609768,7.4232299108969455,1.0,-5.17612146601174,1,1.0,1.0,1,1,-4.801403383528351,-5.550839548495127,Media,0.9375437990709437,0.9496136092294064,proteotypicity,P07478,0.302,8.0,0.0,1.0,1.0,0.0,0.0,4.0,0.5,2.0,2.0,1,-1.3247032679445836,0,1,-1.3247032679445836
ENSG00000267368,0.0,,0,0.0,0.0,0,0,,,,,1.0,7.666950011892534,1,1.0,1.0,1,1,7.641633099905381,7.6922669238796875,0.0,-5.699306805710975,0,0.0,0.0,0,0,-5.815792748484347,-5.582820862937604,Media,0.3680952999246881,0.2593100208876387,proteotypicity,B0FP48,0.3171,9.0,1.0,0.0,1.0,1.0,0.0145631067961165,0.0,1.0,1.0,0.0,1,-1.3428145244417942,1,1,-1.3428145244417942
ENSG00000147885,0.0,,0,0.0,0.0,0,0,,,,,0.7,6.814784161092037,1,0.6,0.8,0,1,6.8059352048629504,6.823633117321123,0.0,,0,0.0,0.0,0,0,,,Media,,,,P05015,0.3685,8.0,0.0,1.0,1.0,0.0,0.0352112676056338,4.0,0.5,11.0,2.0,1,-1.3493084198669218,0,1,-1.3493084198669218
ENSG00000165584,0.0,,0,0.0,0.0,0,0,,,,,1.0,6.79401801719347,1,1.0,1.0,1,1,6.829510701040651,6.75852533334629,0.0,,0,0.0,0.0,0,0,,,Media,0.4699104201475865,0.3730183010096817,proteotypicity,Q99909,0.6453,14.0,0.0,0.0,0.0,0.0,0.5670731707317073,6.0,0.5714285714285714,5.0,1.0,1,-1.3572898228935824,0,1,-1.3572898228935824
ENSG00000204390,1.0,27.766641285129094,1,1.0,1.0,1,1,27.54923538428339,27.98404718597481,3.0,14.0,1.0,6.764631591170359,1,1.0,1.0,1,1,6.830938013541328,6.698325168799393,0.0,,0,0.0,0.0,0,0,,,Media,0.9391003682851514,0.976048650009245,proteotypicity,P34931,0.4831,34.0,0.0,0.0,0.0,1.0,0.3322528363047001,17.0,0.5,7.0,7.0,1,-1.368584404629567,0,1,-1.368584404629567
ENSG00000187837,0.1,23.154237137280973,0,0.2,0.0,0,0,23.154237137280973,,1.0,1.0,1.0,6.74491299993245,1,1.0,1.0,1,1,6.995647449640162,6.4941785502247384,0.0,,0,0.0,0.0,0,0,,,Media,0.5777727438968022,0.8465162882002025,proteotypicity,P16403,0.4681,10.0,0.0,0.0,0.0,0.0,0.5957446808510638,4.0,0.6,5.0,1.0,1,-1.3761631840388049,0,1,-1.3761631840388049
ENSG00000100031,0.0,,0,0.0,0.0,0,0,,,0.0,1.0,0.0,,0,0.0,0.0,0,0,,,0.9,-4.590282392339466,1,0.8,1.0,1,1,-4.829966623215079,-4.350598161463854,Media,0.6022573440950352,0.7767797972653926,proteotypicity,P19440,0.2605,16.0,1.0,0.0,0.0,1.0,0.1601123595505618,3.0,0.8125,2.0,2.0,1,-1.378470751885259,0,1,-1.378470751885259
ENSG00000172116,0.0,,0,0.0,0.0,0,0,,,,,1.0,6.721503767472771,1,1.0,1.0,1,1,6.752055896347359,6.690951638598184,0.0,,0,0.0,0.0,0,0,,,Media,0.4657347772077023,0.2591701901232245,proteotypicity,P10966,0.2951,7.0,1.0,1.0,1.0,1.0,0.2303030303030303,2.0,0.7142857142857143,1.0,1.0,1,-1.3851604499596277,0,1,-1.3851604499596277
ENSG00000184227,0.0,,0,0.0,0.0,0,0,,,2.0,19.0,0.9,6.710263865658556,1,1.0,0.8,1,1,6.751145620368635,6.669382110948476,0.0,,0,0.0,0.0,0,0,,,Media,0.867582635189719,0.8086432511597724,proteotypicity,Q86TX2,0.5186,24.0,0.0,0.0,0.0,0.0,0.2373737373737373,2.0,0.9166666666666666,2.0,0.0,1,-1.3894804713751363,0,1,-1.3894804713751363
ENSG00000037241,0.0,,0,0.0,0.0,0,0,,,2.0,2.0,1.0,6.696212930733331,1,1.0,1.0,1,1,6.716205965084212,6.6762198963824515,0.0,,0,0.0,0.0,0,0,,,Media,0.6786646649774278,0.7720150142880081,proteotypicity,Q9UNX3,0.3477,6.0,0.0,0.0,0.0,0.0,0.7603305785123967,1.0,0.8333333333333334,1.0,1.0,1,-1.394880904651886,0,1,-1.394880904651886
ENSG00000070756,0.9,25.57815647468223,1,1.0,0.8,1,1,25.646528268708572,25.492691732149304,8.0,24.0,1.0,6.618193193138853,1,1.0,1.0,1,1,6.635107631104046,6.601278755173661,0.0,,0,0.0,0.0,0,0,,,Media,0.9289080227897762,0.952161808300136,proteotypicity,P11940,0.4387,31.0,0.0,0.0,0.0,0.0,0.3202614379084967,7.0,0.7741935483870968,3.0,3.0,1,-1.4248675489136926,0,1,-1.4248675489136926
ENSG00000066813,0.0,,0,0.0,0.0,0,0,,,,,1.0,6.606745221094377,1,1.0,1.0,1,1,6.557722440865332,6.655768001323421,0.0,,0,0.0,0.0,0,0,,,Media,0.8149227670531879,0.8344421646549833,proteotypicity,Q68CK6,0.4512,29.0,0.0,0.0,0.0,0.0,0.1183431952662721,10.0,0.6551724137931034,12.0,3.0,1,-1.4292675414771272,0,1,-1.4292675414771272
ENSG00000211893,1.0,27.145383305966583,1,1.0,1.0,1,1,27.058123263901717,27.232643348031452,1.0,2.0,1.0,6.515150686646903,1,1.0,1.0,1,1,6.482115750201601,6.548185623092205,0.0,,0,0.0,0.0,0,0,,,Media,,,,P01859,0.3196,14.0,1.0,1.0,0.0,1.0,0.1132075471698113,6.0,0.5714285714285714,4.0,3.0,1,-1.4644716168237812,0,1,-1.4644716168237812
ENSG00000278085,0.0,,0,0.0,0.0,0,0,,,,,1.0,6.47729245603094,1,1.0,1.0,1,1,6.470462584286342,6.484122327775539,0.0,,0,0.0,0.0,0,0,,,Media,0.0383101704605934,0.2197402790845807,proteotypicity,P0DMV1,0.4213,9.0,0.0,0.0,0.0,0.0,0.509090909090909,0.0,1.0,8.0,0.0,1,-1.479022310390106,1,1,-1.479022310390106
ENSG00000101210,1.0,29.33022090524944,1,1.0,1.0,1,1,28.719478560840606,29.940963249658274,13.0,27.0,1.0,6.453204327178051,1,1.0,1.0,1,1,6.413960171099657,6.4924484832564415,0.0,,0,0.0,0.0,0,0,,,Media,0.7918041179069005,0.9496397259806284,proteotypicity,Q05639,0.3765,19.0,0.0,0.0,0.0,0.0,0.3013698630136986,7.0,0.631578947368421,2.0,2.0,1,-1.4882805080348935,0,1,-1.4882805080348935
ENSG00000244067,0.0,,0,0.0,0.0,0,0,,,,,1.0,6.414770839762964,1,1.0,1.0,1,1,6.536065980300765,6.293475699225164,0.0,,0,0.0,0.0,0,0,,,Media,0.9380377313485976,0.9156006666551646,proteotypicity,P09210,0.4676,12.0,0.0,0.0,0.0,0.0,0.3604060913705584,2.0,0.8333333333333334,3.0,2.0,1,-1.5030522997685076,0,1,-1.5030522997685076
ENSG00000231924,0.0,,0,0.0,0.0,0,0,,,,,1.0,9.17708060641486,1,1.0,1.0,1,1,9.198796372466905,9.155364840362816,0.4,-10.111615697751494,0,0.2,0.6,0,0,-10.30925444239532,-9.913976953107667,Organoid,0.351804823443871,0.6689381294147149,proteotypicity,P11464,0.4235,20.0,0.0,1.0,1.0,0.0,0.0221606648199446,5.0,0.75,6.0,3.0,1,-1.6203011838111554,0,1,-1.6203011838111554
ENSG00000118680,0.2,26.12944933443079,0,0.4,0.0,0,0,26.129449334430788,,0.0,4.0,1.0,5.911598885208766,1,1.0,1.0,1,1,6.068387251439861,5.7548105189776715,0.0,,0,0.0,0.0,0,0,,,Media,0.643876589836559,0.9288858716931,proteotypicity,O14950,0.455,9.0,0.0,0.0,0.0,0.0,0.5878378378378378,1.0,0.8888888888888888,2.0,0.0,1,-1.6964448805300527,0,1,-1.6964448805300527
ENSG00000203747,0.0,,0,0.0,0.0,0,0,,,,,0.9,5.560650193368329,1,1.0,0.8,1,1,5.566502463182219,5.55479792355444,0.0,,0,0.0,0.0,0,0,,,Media,0.5394854182002097,0.905584421800102,proteotypicity,P08637,0.2063,6.0,1.0,1.0,1.0,1.0,0.0934579439252336,2.0,0.6666666666666666,1.0,2.0,1,-1.8313309222015186,0,1,-1.8313309222015186
ENSG00000133703,0.0,,0,0.0,0.0,0,0,,,4.0,10.0,1.0,2.9281310364752784,1,1.0,1.0,1,1,3.0688096748627034,2.787452398087855,0.0,,0,0.0,0.0,0,0,,,Media,0.8968536654536859,0.9593906306518736,proteotypicity,P01116,0.4156,9.0,0.0,0.0,0.0,1.0,0.4938271604938271,3.0,0.6666666666666666,2.0,2.0,1,-2.8431314986204037,0,1,-2.8431314986204037
