ensg	paxdb_ppm_global	ensp	symbol
ENSG00000205542	82964.0	ENSP00000370010	TMSB4X
ENSG00000158874	31361.0	ENSP00000356969	APOA2
ENSG00000138207	24443.0	ENSP00000360522	RBP4
ENSG00000229314	22835.0	ENSP00000259396	ORM1
ENSG00000118137	20723.0	ENSP00000236850	APOA1
ENSG00000163631	19929.0	ENSP00000295897	ALB
ENSG00000118271	19096.0	ENSP00000237014	TTR
ENSG00000234906	17564.0	ENSP00000466775	APOC2
ENSG00000130208	16749.0	ENSP00000465356	APOC1
ENSG00000110169	15511.0	ENSP00000265983	HPX
ENSG00000110245	11298.0	ENSP00000227667	APOC3
ENSG00000145192	11180.0	ENSP00000273784	AHSG
ENSG00000111640	9978.0	ENSP00000380070	GAPDH
ENSG00000228278	9784.0	ENSP00000394936	ORM2
ENSG00000197249	7748.0	ENSP00000416066	SERPINA1
ENSG00000257017	7425.0	ENSP00000348170	HP
ENSG00000145321	7169.0	ENSP00000421725	GC
ENSG00000075624	6893.0	ENSP00000494750	ACTB
ENSG00000184009	6850.0	ENSP00000458162	ACTG1
ENSG00000117601	6838.0	ENSP00000356671	SERPINC1
ENSG00000244734	6494.0	ENSP00000494175	HBB
ENSG00000091583	6122.0	ENSP00000205948	APOH
ENSG00000125730	5811.0	ENSP00000245907	C3
ENSG00000171564	5411.0	ENSP00000306099	FGB
ENSG00000163736	5183.0	ENSP00000296028	PPBP
ENSG00000000971	5040.0	ENSP00000356399	CFH
ENSG00000189058	5010.0	ENSP00000345179	APOD
ENSG00000188536	4979.0	ENSP00000251595	HBA2
ENSG00000206172	4979.0	ENSP00000322421	HBA1
ENSG00000108518	4950.0	ENSP00000225655	PFN1
ENSG00000091513	4792.0	ENSP00000385834	TF
ENSG00000026025	4542.0	ENSP00000446007	VIM
ENSG00000196136	4275.0	ENSP00000450540	SERPINA3
ENSG00000121410	4203.0	ENSP00000263100	A1BG
ENSG00000113889	4187.0	ENSP00000493985	KNG1
ENSG00000180210	4017.0	ENSP00000308541	F2
ENSG00000074800	3890.0	ENSP00000495530	ENO1
ENSG00000167768	3624.0	ENSP00000252244	KRT1
ENSG00000196262	3530.0	ENSP00000419425	PPIA
ENSG00000175899	3520.0	ENSP00000323929	A2M
ENSG00000122194	3516.0	ENSP00000308938	PLG
ENSG00000123838	3449.0	ENSP00000356037	C4BPA
ENSG00000156508	3342.0	ENSP00000339063	EEF1A1
ENSG00000148180	3250.0	ENSP00000362924	GSN
ENSG00000067225	3152.0	ENSP00000320171	PKM
ENSG00000171557	3105.0	ENSP00000336829	FGG
ENSG00000171560	3068.0	ENSP00000498441	FGA
ENSG00000047457	3067.0	ENSP00000264613	CP
	2966.0	ENSP00000431254	IGLL5
ENSG00000113905	2935.0	ENSP00000232003	HRG
ENSG00000109072	2724.0	ENSP00000226218	VTN
ENSG00000106927	2686.0	ENSP00000265132	AMBP
ENSG00000110244	2644.0	ENSP00000350425	APOA4
ENSG00000171403	2639.0	ENSP00000246662	KRT9
ENSG00000055955	2626.0	ENSP00000266041	ITIH4
ENSG00000120885	2454.0	ENSP00000315130	CLU
ENSG00000163737	2377.0	ENSP00000296029	PF4
ENSG00000244414	2253.0	ENSP00000314299	CFHR1
ENSG00000172757	2243.0	ENSP00000432660	CFL1
ENSG00000144381	2191.0	ENSP00000340019	HSPD1
ENSG00000160862	2177.0	ENSP00000292401	AZGP1
ENSG00000223609	2173.0	ENSP00000494708	HBD
ENSG00000163815	2146.0	ENSP00000296130	CLEC3B
ENSG00000017427	2104.0	ENSP00000376637	IGF1
ENSG00000163220	2091.0	ENSP00000357727	S100A9
ENSG00000109971	2076.0	ENSP00000437125	HSPA8
ENSG00000196230	2063.0	ENSP00000339001	TUBB
ENSG00000167460	2030.0	ENSP00000494125	TPM4
ENSG00000164924	2017.0	ENSP00000379287	YWHAZ
ENSG00000108953	2005.0	ENSP00000264335	YWHAE
ENSG00000080910	1987.0	ENSP00000356385	CFHR2
ENSG00000158710	1919.0	ENSP00000357076	TAGLN2
ENSG00000100345	1740.0	ENSP00000216181	MYH9
ENSG00000186395	1736.0	ENSP00000269576	KRT10
ENSG00000181163	1708.0	ENSP00000296930	NPM1
	1674.0	ENSP00000384906	SAA1
ENSG00000142669	1597.0	ENSP00000270792	SH3BGRL3
ENSG00000261701	1548.0	ENSP00000441828	HPR
ENSG00000137076	1511.0	ENSP00000316029	TLN1
ENSG00000092841	1501.0	ENSP00000446955	MYL6
ENSG00000196924	1492.0	ENSP00000358866	FLNA
ENSG00000243649	1488.0	ENSP00000416561	CFB
ENSG00000107317	1483.0	ENSP00000360687	PTGDS
ENSG00000130203	1475.0	ENSP00000252486	APOE
ENSG00000134333	1445.0	ENSP00000445175	LDHA
ENSG00000221983	1439.0	ENSP00000388107	UBA52
ENSG00000096384	1415.0	ENSP00000360609	HSP90AB1
ENSG00000102144	1393.0	ENSP00000362413	PGK1
ENSG00000166710	1392.0	ENSP00000497910	B2M
ENSG00000149131	1382.0	ENSP00000278407	SERPING1
ENSG00000179218	1361.0	ENSP00000320866	CALR
ENSG00000182718	1336.0	ENSP00000346032	ANXA2
ENSG00000110955	1308.0	ENSP00000262030	ATP5F1B
ENSG00000152234	1246.0	ENSP00000381736	ATP5F1A
ENSG00000101162	1226.0	ENSP00000217133	TUBB1
ENSG00000084207	1223.0	ENSP00000381607	GSTP1
ENSG00000140416	1221.0	ENSP00000351022	TPM1
ENSG00000188229	1203.0	ENSP00000341289	TUBB4B
ENSG00000224389	1200.0	ENSP00000415941	C4B
ENSG00000167711	1198.0	ENSP00000321853	SERPINF2
ENSG00000244731	1197.0	ENSP00000396688	C4A
ENSG00000035403	1186.0	ENSP00000211998	VCL
ENSG00000173369	1181.0	ENSP00000313967	C1QB
ENSG00000132703	1169.0	ENSP00000255040	APCS
ENSG00000111669	1134.0	ENSP00000229270	TPI1
ENSG00000117450	1117.0	ENSP00000262746	PRDX1
ENSG00000137801	1110.0	ENSP00000260356	THBS1
	1104.0	ENSP00000452347	H0YJW9_HUMAN
ENSG00000143546	1092.0	ENSP00000357721	S100A8
ENSG00000171863	1082.0	ENSP00000495273	RPS7
ENSG00000267467	1057.0	ENSP00000468236	APOC4
ENSG00000146701	1037.0	ENSP00000327070	MDH2
ENSG00000123416	1023.0	ENSP00000336799	TUBA1B
ENSG00000115414	1010.0	ENSP00000346839	FN1
	1006.0	ENSP00000436126	SAA2
	997.0	ENSP00000279227	FERMT3
ENSG00000080824	988.0	ENSP00000335153	HSP90AA1
ENSG00000143947	988.0	ENSP00000272317	RPS27A
ENSG00000188219	986.0	ENSP00000439189	POTEE
ENSG00000197903	977.0	ENSP00000349430	H2BC12
ENSG00000180596	977.0	ENSP00000321744	H2BC4
ENSG00000277224	977.0	ENSP00000348924	H2BC7
ENSG00000278588	977.0	ENSP00000366962	H2BC10
ENSG00000273802	977.0	ENSP00000445633	H2BC8
ENSG00000274290	977.0	ENSP00000489317	H2BC6
ENSG00000275713	977.0	ENSP00000479169	H2BC9
ENSG00000158373	976.0	ENSP00000289316	H2BC5
ENSG00000233822	976.0	ENSP00000483903	H2BC15
	976.0	ENSP00000481622	H2BS1
	976.0	ENSP00000491341	LOC102724334
ENSG00000273703	975.0	ENSP00000477907	H2BC14
ENSG00000185130	975.0	ENSP00000366618	H2BC13
ENSG00000139329	974.0	ENSP00000266718	LUM
ENSG00000124635	972.0	ENSP00000476136	H2BC11
ENSG00000184678	971.0	ENSP00000358151	H2BC21
ENSG00000274641	971.0	ENSP00000477527	H2BC17
ENSG00000276410	970.0	ENSP00000482674	H2BC3
ENSG00000137285	967.0	ENSP00000259818	TUBB2B
	965.0	ENSP00000479284	H2BU1
	963.0	ENSP00000410815	B4E1Z4_HUMAN
	962.0	ENSP00000250559	RAP1B
ENSG00000142168	956.0	ENSP00000270142	SOD1
ENSG00000137267	953.0	ENSP00000369703	TUBB2A
ENSG00000044574	949.0	ENSP00000324173	HSPA5
ENSG00000203814	948.0	ENSP00000445831	H2BC18
ENSG00000005961	937.0	ENSP00000262407	ITGA2B
ENSG00000127824	936.0	ENSP00000248437	TUBA4A
ENSG00000143549	935.0	ENSP00000498577	TPM3
ENSG00000135046	933.0	ENSP00000366109	ANXA1
ENSG00000079557	923.0	ENSP00000226355	AFM
	923.0	ENSP00000346037	RPLP1
ENSG00000104833	923.0	ENSP00000264071	TUBB4A
ENSG00000161031	923.0	ENSP00000292609	PGLYRP2
ENSG00000118680	913.0	ENSP00000463559	MYL12B
ENSG00000189403	912.0	ENSP00000345347	HMGB1
ENSG00000131187	911.0	ENSP00000253496	F12
ENSG00000132465	911.0	ENSP00000440066	JCHAIN
ENSG00000102879	909.0	ENSP00000219150	CORO1A
ENSG00000149925	905.0	ENSP00000496166	ALDOA
ENSG00000131236	902.0	ENSP00000361883	CAP1
ENSG00000159403	902.0	ENSP00000444271	C1R
ENSG00000184270	894.0	ENSP00000332790	H2AC21
ENSG00000148965	894.0	ENSP00000278222	SAA4
ENSG00000167552	890.0	ENSP00000439020	TUBA1A
ENSG00000122566	881.0	ENSP00000346694	HNRNPA2B1
ENSG00000109272	879.0	ENSP00000226524	PF4V1
ENSG00000167815	876.0	ENSP00000301522	PRDX2
ENSG00000101608	875.0	ENSP00000464359	MYL12A
ENSG00000211445	858.0	ENSP00000373477	GPX3
ENSG00000090382	857.0	ENSP00000261267	LYZ
ENSG00000005421	853.0	ENSP00000222381	PON1
ENSG00000188486	850.0	ENSP00000434024	H2AX
ENSG00000164508	843.0	ENSP00000297012	H2AC1
ENSG00000243678	843.0	ENSP00000376886	NME2
ENSG00000135744	835.0	ENSP00000355627	AGT
ENSG00000274618	830.0	ENSP00000244537	H4C6
ENSG00000197238	830.0	ENSP00000347168	H4C11
ENSG00000278705	830.0	ENSP00000366974	H4C2
ENSG00000197061	830.0	ENSP00000367034	H4C3
	830.0	ENSP00000443017	H4-16
ENSG00000270276	830.0	ENSP00000462355	H4C15
ENSG00000270882	830.0	ENSP00000462667	H4C14
ENSG00000278637	830.0	ENSP00000479106	H4C1
ENSG00000277157	830.0	ENSP00000479461	H4C4
ENSG00000273542	830.0	ENSP00000479794	H4C12
ENSG00000275126	830.0	ENSP00000480960	H4C13
ENSG00000276180	830.0	ENSP00000481486	H4C9
ENSG00000276966	830.0	ENSP00000484789	H4C5
ENSG00000158406	830.0	ENSP00000489236	H4C8
ENSG00000072110	818.0	ENSP00000377941	ACTN1
ENSG00000132386	804.0	ENSP00000254722	SERPINF1
ENSG00000108561	804.0	ENSP00000225698	C1QBP
ENSG00000115956	794.0	ENSP00000234313	PLEK
ENSG00000101439	790.0	ENSP00000381448	CST3
	787.0	ENSP00000370473	IGFBP3
ENSG00000159251	786.0	ENSP00000290378	ACTC1
ENSG00000163191	775.0	ENSP00000271638	S100A11
ENSG00000163017	768.0	ENSP00000386857	ACTG2
ENSG00000107796	763.0	ENSP00000224784	ACTA2
ENSG00000111348	762.0	ENSP00000228945	ARHGDIB
ENSG00000167553	760.0	ENSP00000443475	TUBA1C
ENSG00000167658	759.0	ENSP00000307940	EEF2
ENSG00000177600	758.0	ENSP00000431240	RPLP2
ENSG00000147065	753.0	ENSP00000353408	MSN
ENSG00000099901	753.0	ENSP00000401564	RANBP1
ENSG00000132475	752.0	ENSP00000254810	H3-3B
ENSG00000163041	752.0	ENSP00000355780	H3-3A
ENSG00000182326	745.0	ENSP00000385035	C1S
ENSG00000165119	744.0	ENSP00000365458	HNRNPK
ENSG00000166333	742.0	ENSP00000379975	ILK
ENSG00000175334	730.0	ENSP00000433760	BANF1
ENSG00000117592	730.0	ENSP00000342026	PRDX6
ENSG00000204444	729.0	ENSP00000365081	APOM
ENSG00000168497	723.0	ENSP00000305675	CAVIN2
ENSG00000167088	720.0	ENSP00000300413	SNRPD1
ENSG00000255071	714.0	ENSP00000485552	SAA2-SAA4
ENSG00000073754	709.0	ENSP00000357156	CD5L
ENSG00000164111	702.0	ENSP00000296511	ANXA5
ENSG00000122705	700.0	ENSP00000242285	CLTA
ENSG00000167244	698.0	ENSP00000391826	IGF2
ENSG00000143632	697.0	ENSP00000355645	ACTA1
ENSG00000113600	695.0	ENSP00000263408	C9
ENSG00000151655	691.0	ENSP00000351190	ITIH2
ENSG00000124491	690.0	ENSP00000264870	F13A1
ENSG00000167004	690.0	ENSP00000300289	PDIA3
ENSG00000107438	682.0	ENSP00000360305	PDLIM1
	680.0	ENSP00000493607	ENSP00000493607
ENSG00000196565	679.0	ENSP00000338082	HBG2
ENSG00000100028	674.0	ENSP00000215829	SNRPD3
ENSG00000103187	672.0	ENSP00000262428	COTL1
ENSG00000205403	670.0	ENSP00000378131	CFI
ENSG00000172867	668.0	ENSP00000310861	KRT2
ENSG00000106211	657.0	ENSP00000248553	HSPB1
ENSG00000166165	656.0	ENSP00000299198	CKB
ENSG00000116288	655.0	ENSP00000340278	PARK7
	649.0	ENSP00000485952	LOC112694756
ENSG00000197043	647.0	ENSP00000346550	ANXA6
ENSG00000101210	645.0	ENSP00000217182	EEF1A2
ENSG00000213719	644.0	ENSP00000364935	CLIC1
ENSG00000168028	635.0	ENSP00000389351	RPSA
ENSG00000129538	630.0	ENSP00000381057	RNASE1
ENSG00000055957	627.0	ENSP00000273283	ITIH1
ENSG00000148175	626.0	ENSP00000286713	STOM
ENSG00000110880	626.0	ENSP00000394496	CORO1C
ENSG00000166794	625.0	ENSP00000300026	PPIB
	621.0	ENSP00000358723	RAP1A
ENSG00000115541	620.0	ENSP00000233893	HSPE1
ENSG00000166598	616.0	ENSP00000299767	HSP90B1
ENSG00000109846	613.0	ENSP00000433560	CRYAB
ENSG00000039537	613.0	ENSP00000263413	C6
ENSG00000125691	613.0	ENSP00000420311	RPL23
ENSG00000068976	612.0	ENSP00000164139	PYGM
ENSG00000204628	611.0	ENSP00000426909	RACK1
ENSG00000171236	610.0	ENSP00000302621	LRG1
ENSG00000204388	610.0	ENSP00000364801	HSPA1B
ENSG00000204389	610.0	ENSP00000364802	HSPA1A
ENSG00000213934	605.0	ENSP00000327431	HBG1
ENSG00000170323	602.0	ENSP00000256104	FABP4
ENSG00000147403	599.0	ENSP00000413436	RPL10
ENSG00000142748	598.0	ENSP00000270879	FCN3
ENSG00000171314	594.0	ENSP00000359991	PGAM1
ENSG00000071127	593.0	ENSP00000427687	WDR1
ENSG00000105220	591.0	ENSP00000405573	GPI
ENSG00000138071	591.0	ENSP00000367220	ACTR2
ENSG00000149273	591.0	ENSP00000278572	RPS3
ENSG00000089157	590.0	ENSP00000449328	RPLP0
ENSG00000288825	590.0	ENSP00000358155	H2AC18
ENSG00000288859	590.0	ENSP00000475814	H2AC19
ENSG00000184260	589.0	ENSP00000332194	H2AC20
ENSG00000148484	586.0	ENSP00000367154	RSU1
	585.0	ENSP00000346088	RPL22
ENSG00000096006	583.0	ENSP00000389026	CRISP3
ENSG00000166226	580.0	ENSP00000299300	CCT2
ENSG00000174444	579.0	ENSP00000311430	RPL4
ENSG00000185624	578.0	ENSP00000327801	P4HB
ENSG00000183598	575.0	ENSP00000333277	H3C13
ENSG00000203811	575.0	ENSP00000358154	H3C14
ENSG00000203852	575.0	ENSP00000385479	H3C15
	573.0	ENSP00000264690	KLKB1
ENSG00000231500	572.0	ENSP00000393241	RPS18
ENSG00000173372	570.0	ENSP00000363773	C1QA
ENSG00000163466	569.0	ENSP00000295685	ARPC2
ENSG00000132507	559.0	ENSP00000336702	EIF5A
ENSG00000119335	554.0	ENSP00000361777	SET
ENSG00000145425	552.0	ENSP00000346050	RPS3A
ENSG00000115053	551.0	ENSP00000318195	NCL
ENSG00000187837	551.0	ENSP00000339566	H1-2
ENSG00000099937	547.0	ENSP00000215727	SERPIND1
ENSG00000198467	546.0	ENSP00000496494	TPM2
ENSG00000092199	546.0	ENSP00000451291	HNRNPC
ENSG00000165280	540.0	ENSP00000351777	VCP
ENSG00000075886	540.0	ENSP00000326042	TUBA3D
ENSG00000198033	540.0	ENSP00000382982	TUBA3C
ENSG00000170315	536.0	ENSP00000478771	UBB
ENSG00000197958	535.0	ENSP00000354739	RPL12
ENSG00000166913	535.0	ENSP00000361930	YWHAB
ENSG00000092820	534.0	ENSP00000338934	EZR
ENSG00000089009	531.0	ENSP00000403172	RPL6
ENSG00000108515	523.0	ENSP00000324105	ENO3
ENSG00000182774	522.0	ENSP00000498019	RPS17
ENSG00000111229	517.0	ENSP00000228825	ARPC3
ENSG00000168298	515.0	ENSP00000307705	H1-4
ENSG00000089220	514.0	ENSP00000261313	PEBP1
ENSG00000011052	513.0	ENSP00000376889	NME1-NME2
ENSG00000170027	513.0	ENSP00000306330	YWHAG
ENSG00000115091	511.0	ENSP00000263238	ACTR3
ENSG00000144746	511.0	ENSP00000273258	ARL6IP5
ENSG00000123843	510.0	ENSP00000243611	C4BPB
ENSG00000124575	505.0	ENSP00000244534	H1-3
ENSG00000180573	500.0	ENSP00000367022	H2AC6
	500.0	ENSP00000355656	H2AW
ENSG00000277075	500.0	ENSP00000303373	H2AC8
ENSG00000278463	500.0	ENSP00000483842	H2AC4
ENSG00000141522	500.0	ENSP00000463939	ARHGDIA
ENSG00000152086	496.0	ENSP00000318197	TUBA3E
ENSG00000184357	496.0	ENSP00000330074	H1-5
ENSG00000164587	495.0	ENSP00000385958	RPS14
ENSG00000138668	492.0	ENSP00000313199	HNRNPD
ENSG00000182054	492.0	ENSP00000331897	IDH2
	483.0	ENSP00000381250	APOF
ENSG00000198755	482.0	ENSP00000363018	RPL10A
ENSG00000159840	481.0	ENSP00000324422	ZYX
ENSG00000136810	478.0	ENSP00000363641	TXN
ENSG00000135486	477.0	ENSP00000341826	HNRNPA1
ENSG00000156482	475.0	ENSP00000428085	RPL30
ENSG00000134308	474.0	ENSP00000371267	YWHAQ
ENSG00000146731	470.0	ENSP00000275603	CCT6A
ENSG00000198805	468.0	ENSP00000354532	PNP
	466.0	ENSP00000496470	ENSP00000496470
ENSG00000183785	464.0	ENSP00000333326	TUBA8
ENSG00000021355	463.0	ENSP00000370115	SERPINB1
ENSG00000070831	462.0	ENSP00000497733	CDC42
ENSG00000163931	461.0	ENSP00000391481	TKT
ENSG00000114391	461.0	ENSP00000377640	RPL24
	460.0	ENSP00000356395	CFHR3
ENSG00000100097	457.0	ENSP00000215909	LGALS1
ENSG00000258947	455.0	ENSP00000320295	TUBB3
	455.0	ENSP00000446215	RAN
ENSG00000111674	454.0	ENSP00000437402	ENO2
ENSG00000196747	454.0	ENSP00000351589	H2AC13
ENSG00000196787	454.0	ENSP00000352119	H2AC11
ENSG00000278677	454.0	ENSP00000352627	H2AC17
ENSG00000275221	454.0	ENSP00000482431	H2AC15
ENSG00000276903	454.0	ENSP00000482538	H2AC16
ENSG00000274997	454.0	ENSP00000366679	H2AC12
ENSG00000276368	454.0	ENSP00000328484	H2AC14
ENSG00000196866	454.0	ENSP00000341094	H2AC7
ENSG00000246705	453.0	ENSP00000438553	H2AJ
	451.0	ENSP00000247153	CFP
ENSG00000169567	451.0	ENSP00000304229	HINT1
ENSG00000122026	449.0	ENSP00000346027	RPL21
ENSG00000077549	449.0	ENSP00000401010	CAPZB
ENSG00000166819	448.0	ENSP00000300055	PLIN1
	447.0	ENSP00000309334	RPL15
ENSG00000240972	447.0	ENSP00000215754	MIF
ENSG00000143278	445.0	ENSP00000356382	F13B
ENSG00000196419	443.0	ENSP00000352257	XRCC6
ENSG00000125753	437.0	ENSP00000245932	VASP
ENSG00000101335	435.0	ENSP00000279022	MYL9
	435.0	ENSP00000493701	ENSP00000493701
ENSG00000198242	434.0	ENSP00000389103	RPL23A
ENSG00000170421	433.0	ENSP00000449404	KRT8
ENSG00000165672	426.0	ENSP00000298510	PRDX3
ENSG00000011304	425.0	ENSP00000349428	PTBP1
ENSG00000111057	422.0	ENSP00000373489	KRT18
ENSG00000130402	421.0	ENSP00000252699	ACTN4
ENSG00000115484	420.0	ENSP00000377958	CCT4
ENSG00000075785	418.0	ENSP00000265062	RAB7A
ENSG00000271503	418.0	ENSP00000474412	CCL5
ENSG00000148834	417.0	ENSP00000358727	GSTO1
ENSG00000172809	414.0	ENSP00000309830	RPL38
ENSG00000153187	413.0	ENSP00000491215	HNRNPU
ENSG00000090512	413.0	ENSP00000265029	FETUB
ENSG00000100316	412.0	ENSP00000346001	RPL3
ENSG00000133742	412.0	ENSP00000430656	CA1
ENSG00000215021	411.0	ENSP00000441875	PHB2
ENSG00000127022	410.0	ENSP00000247461	CANX
	409.0	ENSP00000361076	RPL7A
ENSG00000160014	409.0	ENSP00000291295	CALM3
ENSG00000143933	409.0	ENSP00000499797	CALM2
ENSG00000136942	407.0	ENSP00000259469	RPL35
	407.0	ENSP00000489311	hCG_2039566
ENSG00000213585	405.0	ENSP00000378487	VDAC1
ENSG00000137154	402.0	ENSP00000369757	RPS6
ENSG00000155368	401.0	ENSP00000486361	DBI
ENSG00000112936	400.0	ENSP00000322061	C7
ENSG00000147604	400.0	ENSP00000339795	RPL7
ENSG00000156261	400.0	ENSP00000286788	CCT8
ENSG00000177469	400.0	ENSP00000349541	CAVIN1
ENSG00000122406	397.0	ENSP00000359345	RPL5
ENSG00000167526	395.0	ENSP00000307889	RPL13
ENSG00000115268	394.0	ENSP00000466010	RPS15
ENSG00000131469	392.0	ENSP00000464813	RPL27
ENSG00000175084	391.0	ENSP00000363071	DES
	390.0	ENSP00000383382	GP1BB
ENSG00000079246	388.0	ENSP00000375978	XRCC5
ENSG00000198668	388.0	ENSP00000499717	CALM1
	386.0	ENSP00000468253	CFD
ENSG00000188846	385.0	ENSP00000379506	RPL14
ENSG00000123561	385.0	ENSP00000329374	SERPINA7
ENSG00000104824	385.0	ENSP00000221419	HNRNPL
ENSG00000083845	383.0	ENSP00000472985	RPS5
ENSG00000057608	382.0	ENSP00000369538	GDI2
ENSG00000160213	382.0	ENSP00000291568	CSTB
ENSG00000171858	382.0	ENSP00000345957	RPS21
ENSG00000021852	381.0	ENSP00000360281	C8B
ENSG00000114942	381.0	ENSP00000376055	EEF1B2
ENSG00000143870	380.0	ENSP00000385385	PDIA6
ENSG00000105887	377.0	ENSP00000376800	MTPN
ENSG00000126247	377.0	ENSP00000464849	CAPNS1
ENSG00000150753	376.0	ENSP00000280326	CCT5
ENSG00000187109	374.0	ENSP00000477538	NAP1L1
ENSG00000136167	369.0	ENSP00000381581	LCP1
ENSG00000169067	368.0	ENSP00000416706	ACTBL2
ENSG00000145741	367.0	ENSP00000369965	BTF3
ENSG00000147140	366.0	ENSP00000276079	NONO
ENSG00000154277	364.0	ENSP00000284440	UCHL1
ENSG00000163468	364.0	ENSP00000295688	CCT3
ENSG00000140350	360.0	ENSP00000417864	ANP32A
	359.0	ENSP00000379888	RPS8
ENSG00000160789	358.0	ENSP00000357283	LMNA
ENSG00000164104	356.0	ENSP00000296503	HMGB2
ENSG00000198563	355.0	ENSP00000416269	DDX39B
ENSG00000113013	355.0	ENSP00000297185	HSPA9
ENSG00000128245	349.0	ENSP00000248975	YWHAH
ENSG00000174903	347.0	ENSP00000310226	RAB1B
ENSG00000112081	347.0	ENSP00000362820	SRSF3
ENSG00000165410	346.0	ENSP00000298159	CFL2
ENSG00000164687	345.0	ENSP00000297258	FABP5
ENSG00000005022	344.0	ENSP00000360671	SLC25A5
ENSG00000116161	342.0	ENSP00000356652	CACYBP
ENSG00000088832	342.0	ENSP00000383003	FKBP1A
ENSG00000169704	342.0	ENSP00000303942	GP9
ENSG00000204390	341.0	ENSP00000364805	HSPA1L
ENSG00000125743	339.0	ENSP00000342374	SNRPD2
ENSG00000198034	338.0	ENSP00000362744	RPS4X
ENSG00000197728	337.0	ENSP00000348849	RPS26
ENSG00000144713	337.0	ENSP00000416429	RPL32
ENSG00000078369	337.0	ENSP00000367872	GNB1
	336.0	ENSP00000233143	TMSB10
ENSG00000165828	335.0	ENSP00000416126	PRAP1
ENSG00000119396	332.0	ENSP00000362946	RAB14
	332.0	ENSP00000493805	HNRNPA1P48
ENSG00000008018	332.0	ENSP00000262193	PSMB1
ENSG00000004455	331.0	ENSP00000499935	AK2
ENSG00000172115	331.0	ENSP00000307786	CYCS
	328.0	ENSP00000321259	TALDO1
	328.0	ENSP00000479488	PHB
ENSG00000188404	326.0	ENSP00000498227	SELL
ENSG00000084754	326.0	ENSP00000370023	HADHA
	323.0	ENSP00000354458	C8A
ENSG00000113140	322.0	ENSP00000231061	SPARC
ENSG00000170889	319.0	ENSP00000375632	RPS9
ENSG00000100243	318.0	ENSP00000354468	CYB5R3
ENSG00000106588	317.0	ENSP00000223321	PSMA2
ENSG00000141367	316.0	ENSP00000479606	CLTC
ENSG00000142534	315.0	ENSP00000270625	RPS11
ENSG00000162244	314.0	ENSP00000294189	RPL29
ENSG00000130985	314.0	ENSP00000338413	UBA1
ENSG00000129084	313.0	ENSP00000414359	PSMA1
ENSG00000142864	313.0	ENSP00000360034	SERBP1
ENSG00000135624	312.0	ENSP00000258091	CCT7
ENSG00000108298	312.0	ENSP00000225430	RPL19
ENSG00000138326	312.0	ENSP00000414321	RPS24
ENSG00000067560	310.0	ENSP00000400175	RHOA
ENSG00000239672	310.0	ENSP00000337060	NME1
	310.0	ENSP00000451560	ENSP00000451560
ENSG00000099783	309.0	ENSP00000325376	HNRNPM
ENSG00000109107	308.0	ENSP00000378731	ALDOC
ENSG00000110958	305.0	ENSP00000482075	PTGES3
ENSG00000143106	304.0	ENSP00000271308	PSMA5
ENSG00000242076	304.0	ENSP00000479032	IGKV1-33
ENSG00000239975	304.0	ENSP00000482678	IGKV1D-33
ENSG00000133112	303.0	ENSP00000477781	TPT1
ENSG00000169045	302.0	ENSP00000349168	HNRNPH1
	301.0	ENSP00000442920	SOD2-2
ENSG00000104267	299.0	ENSP00000285379	CA2
ENSG00000165637	299.0	ENSP00000361635	VDAC2
ENSG00000176919	298.0	ENSP00000360697	C8G
ENSG00000143369	298.0	ENSP00000358045	ECM1
ENSG00000241837	295.0	ENSP00000290299	ATP5PO
ENSG00000233927	295.0	ENSP00000472469	RPS28
	295.0	ENSP00000400591	SNRPE
	294.0	ENSP00000480035	IGHV3-72
ENSG00000008988	294.0	ENSP00000429374	RPS20
ENSG00000105640	294.0	ENSP00000222247	RPL18A
ENSG00000186832	293.0	ENSP00000301653	KRT16
ENSG00000126267	293.0	ENSP00000466818	COX6B1
ENSG00000120438	291.0	ENSP00000317334	TCP1
ENSG00000063177	290.0	ENSP00000447001	RPL18
ENSG00000177889	289.0	ENSP00000316176	UBE2N
ENSG00000142657	288.0	ENSP00000270776	PGD
ENSG00000116489	288.0	ENSP00000263168	CAPZA1
ENSG00000250722	288.0	ENSP00000425915	SELENOP
ENSG00000159176	286.0	ENSP00000356275	CSRP1
ENSG00000092010	286.0	ENSP00000372155	PSME1
ENSG00000136938	285.0	ENSP00000345848	ANP32B
ENSG00000277791	285.0	ENSP00000483688	PSMB3
ENSG00000163682	285.0	ENSP00000494697	RPL9
ENSG00000122565	284.0	ENSP00000336687	CBX3
ENSG00000112306	283.0	ENSP00000230050	RPS12
ENSG00000186847	280.0	ENSP00000167586	KRT14
ENSG00000113387	280.0	ENSP00000265073	SUB1
	280.0	ENSP00000333547	RAB11B
ENSG00000151729	280.0	ENSP00000281456	SLC25A4
ENSG00000165629	278.0	ENSP00000349142	ATP5F1C
ENSG00000115875	278.0	ENSP00000325905	SRSF7
ENSG00000170458	277.0	ENSP00000385519	CD14
ENSG00000188677	276.0	ENSP00000384515	PARVB
ENSG00000162704	275.0	ENSP00000294742	ARPC5
ENSG00000084674	274.0	ENSP00000233242	APOB
ENSG00000161960	274.0	ENSP00000293831	EIF4A1
ENSG00000198918	273.0	ENSP00000355315	RPL39
ENSG00000012223	271.0	ENSP00000231751	LTF
ENSG00000138069	271.0	ENSP00000387286	RAB1A
	270.0	ENSP00000369816	SHBG
ENSG00000170373	268.0	ENSP00000305731	CST1
ENSG00000170515	268.0	ENSP00000302886	PA2G4
ENSG00000183684	267.0	ENSP00000421592	ALYREF
ENSG00000259207	265.0	ENSP00000452786	ITGB3
ENSG00000132646	264.0	ENSP00000368458	PCNA
ENSG00000138796	264.0	ENSP00000474560	HADH
ENSG00000100342	262.0	ENSP00000317674	APOL1
ENSG00000071082	262.0	ENSP00000386717	RPL31
ENSG00000140988	261.0	ENSP00000341885	RPS2
ENSG00000103769	260.0	ENSP00000261890	RAB11A
ENSG00000159377	260.0	ENSP00000290541	PSMB4
ENSG00000176788	260.0	ENSP00000319281	BASP1
ENSG00000170950	260.0	ENSP00000305995	PGK2
	260.0	ENSP00000478725	IGHV3-16
	259.0	ENSP00000475107	IGHV3OR16-9
	259.0	ENSP00000487719	TUBA4B
ENSG00000184500	255.0	ENSP00000377783	PROS1
ENSG00000114353	253.0	ENSP00000312999	GNAI2
ENSG00000187514	253.0	ENSP00000344547	PTMA
ENSG00000291237	252.0	ENSP00000446252	SOD2
ENSG00000146386	252.0	ENSP00000356632	ABRACL
ENSG00000176014	251.0	ENSP00000318697	TUBB6
ENSG00000145335	250.0	ENSP00000500990	SNCA
ENSG00000168439	249.0	ENSP00000351646	STIP1
ENSG00000072506	248.0	ENSP00000168216	HSD17B10
ENSG00000100902	247.0	ENSP00000261479	PSMA6
ENSG00000103018	247.0	ENSP00000308430	CYB5B
ENSG00000130255	245.0	ENSP00000464342	RPL36
ENSG00000167863	245.0	ENSP00000301587	ATP5PD
ENSG00000122359	245.0	ENSP00000398610	ANXA11
	244.0	ENSP00000350090	HNRNPA1L2
ENSG00000089597	243.0	ENSP00000340466	GANAB
ENSG00000186081	242.0	ENSP00000252242	KRT5
ENSG00000196154	241.0	ENSP00000357704	S100A4
	241.0	ENSP00000347933	PLGLB1
	241.0	ENSP00000352458	PLGLB2
ENSG00000041357	241.0	ENSP00000044462	PSMA4
ENSG00000142541	241.0	ENSP00000375730	RPL13A
ENSG00000141753	239.0	ENSP00000269593	IGFBP4
ENSG00000169564	238.0	ENSP00000305556	PCBP1
ENSG00000254772	238.0	ENSP00000331901	EEF1G
ENSG00000134419	237.0	ENSP00000318646	RPS15A
ENSG00000197451	237.0	ENSP00000425031	HNRNPAB
ENSG00000159189	236.0	ENSP00000363770	C1QC
ENSG00000065978	236.0	ENSP00000361626	YBX1
ENSG00000142676	236.0	ENSP00000496250	RPL11
ENSG00000166278	235.0	ENSP00000299367	C2
ENSG00000164919	235.0	ENSP00000429707	COX6C
ENSG00000161016	233.0	ENSP00000262584	RPL8
ENSG00000240247	233.0	ENSP00000372136	DEFA1B
ENSG00000206047	233.0	ENSP00000372139	DEFA1
ENSG00000239839	233.0	ENSP00000328359	DEFA3
ENSG00000170099	233.0	ENSP00000342850	SERPINA6
ENSG00000126432	233.0	ENSP00000265462	PRDX5
ENSG00000127884	233.0	ENSP00000357535	ECHS1
ENSG00000101444	232.0	ENSP00000217426	AHCY
ENSG00000166411	231.0	ENSP00000299518	IDH3A
ENSG00000169100	230.0	ENSP00000370808	SLC25A6
ENSG00000119318	230.0	ENSP00000350708	RAD23B
ENSG00000140374	230.0	ENSP00000452762	ETFA
ENSG00000085063	229.0	ENSP00000498879	CD59
ENSG00000155366	229.0	ENSP00000285735	RHOC
ENSG00000131143	229.0	ENSP00000457513	COX4I1
ENSG00000136488	228.0	ENSP00000316416	CSH1
ENSG00000213218	228.0	ENSP00000376623	CSH2
ENSG00000196465	228.0	ENSP00000450385	MYL6B
ENSG00000163359	228.0	ENSP00000295550	COL6A3
ENSG00000014216	227.0	ENSP00000431984	CAPN1
ENSG00000117632	226.0	ENSP00000410452	STMN1
ENSG00000105974	226.0	ENSP00000339191	CAV1
ENSG00000099284	225.0	ENSP00000362352	MACROH2A2
ENSG00000104529	225.0	ENSP00000410059	EEF1D
ENSG00000169813	225.0	ENSP00000400433	HNRNPF
ENSG00000166347	224.0	ENSP00000341625	CYB5A
ENSG00000106804	224.0	ENSP00000223642	C5
ENSG00000092054	224.0	ENSP00000347507	MYH7
ENSG00000166974	224.0	ENSP00000300249	MAPRE2
ENSG00000213931	224.0	ENSP00000292896	HBE1
ENSG00000143799	223.0	ENSP00000355759	PARP1
ENSG00000090013	223.0	ENSP00000263368	BLVRB
ENSG00000110700	223.0	ENSP00000435777	RPS13
	222.0	ENSP00000300935	RAB8A
ENSG00000041353	221.0	ENSP00000262094	RAB27B
ENSG00000127920	221.0	ENSP00000248564	GNG11
ENSG00000185479	220.0	ENSP00000252252	KRT6B
ENSG00000166441	220.0	ENSP00000346015	RPL27A
ENSG00000089248	220.0	ENSP00000261735	ERP29
ENSG00000137309	218.0	ENSP00000399888	HMGA1
ENSG00000165704	218.0	ENSP00000298556	HPRT1
ENSG00000108424	217.0	ENSP00000290158	KPNB1
ENSG00000175130	217.0	ENSP00000362638	MARCKSL1
ENSG00000126838	217.0	ENSP00000261336	PZP
ENSG00000131171	217.0	ENSP00000362308	SH3BGRL
ENSG00000091140	216.0	ENSP00000205402	DLD
ENSG00000136450	216.0	ENSP00000258962	SRSF1
ENSG00000203879	215.0	ENSP00000394071	GDI1
ENSG00000154146	215.0	ENSP00000284292	NRGN
ENSG00000143761	215.0	ENSP00000440005	ARF1
ENSG00000138029	214.0	ENSP00000325136	HADHB
	214.0	ENSP00000430706	EIF5AL1
ENSG00000113368	213.0	ENSP00000261366	LMNB1
ENSG00000087470	213.0	ENSP00000449089	DNM1L
	213.0	ENSP00000305230	SRP9
ENSG00000064666	213.0	ENSP00000456436	CNN2
ENSG00000121691	212.0	ENSP00000241052	CAT
ENSG00000178772	211.0	ENSP00000319464	CPN2
ENSG00000261456	211.0	ENSP00000456206	TUBB8
	211.0	ENSP00000266735	SNRPF
	210.0	ENSP00000470972	RPS19
ENSG00000277443	209.0	ENSP00000478061	MARCKS
ENSG00000198898	209.0	ENSP00000354947	CAPZA2
	209.0	ENSP00000324804	PPP2R1A
ENSG00000129351	209.0	ENSP00000404121	ILF3
ENSG00000138385	208.0	ENSP00000386636	SSB
ENSG00000118181	208.0	ENSP00000435096	RPS25
ENSG00000106028	208.0	ENSP00000419665	SSBP1
ENSG00000100911	207.0	ENSP00000216802	PSME2
ENSG00000197153	207.0	ENSP00000352252	H3C12
ENSG00000278828	207.0	ENSP00000358160	H3C10
ENSG00000197409	207.0	ENSP00000366999	H3C4
ENSG00000275714	207.0	ENSP00000480826	H3C1
ENSG00000275379	207.0	ENSP00000483283	H3C11
ENSG00000277775	207.0	ENSP00000484095	H3C7
ENSG00000273983	207.0	ENSP00000484638	H3C8
ENSG00000287080	207.0	ENSP00000484658	H3C3
ENSG00000286522	207.0	ENSP00000484841	H3C2
ENSG00000274750	207.0	ENSP00000489282	H3C6
	207.0	ENSP00000256682	ARF3
ENSG00000169764	206.0	ENSP00000338703	UGP2
ENSG00000130726	206.0	ENSP00000253024	TRIM28
ENSG00000100994	205.0	ENSP00000216962	PYGB
ENSG00000198830	205.0	ENSP00000355228	HMGN2
ENSG00000137710	204.0	ENSP00000496414	RDX
	204.0	ENSP00000233809	IGFBP2
	204.0	ENSP00000225174	PPIF
ENSG00000148346	203.0	ENSP00000362108	LCN2
ENSG00000100567	203.0	ENSP00000216455	PSMA3
ENSG00000062485	202.0	ENSP00000342056	CS
ENSG00000005381	202.0	ENSP00000225275	MPO
ENSG00000116560	202.0	ENSP00000349748	SFPQ
ENSG00000138722	202.0	ENSP00000378431	MMRN1
ENSG00000088812	201.0	ENSP00000262919	ATRN
ENSG00000265681	201.0	ENSP00000463842	RPL17
	201.0	ENSP00000481313	SMR3B
ENSG00000173660	201.0	ENSP00000309565	UQCRH
ENSG00000078668	200.0	ENSP00000428845	VDAC3
ENSG00000172354	200.0	ENSP00000305260	GNB2
ENSG00000067057	200.0	ENSP00000370517	PFKP
ENSG00000100380	200.0	ENSP00000216218	ST13
ENSG00000156515	199.0	ENSP00000494664	HK1
ENSG00000170144	199.0	ENSP00000376309	HNRNPA3
ENSG00000181092	199.0	ENSP00000389814	ADIPOQ
ENSG00000149591	199.0	ENSP00000376678	TAGLN
ENSG00000149257	199.0	ENSP00000434412	SERPINH1
ENSG00000169756	197.0	ENSP00000337598	LIMS1
ENSG00000128340	197.0	ENSP00000249071	RAC2
ENSG00000131981	197.0	ENSP00000254301	LGALS3
ENSG00000100412	195.0	ENSP00000216254	ACO2
ENSG00000122786	195.0	ENSP00000354826	CALD1
ENSG00000125868	194.0	ENSP00000246069	DSTN
ENSG00000168385	194.0	ENSP00000479861	SEPTIN2
ENSG00000100448	193.0	ENSP00000216336	CTSG
ENSG00000158869	193.0	ENSP00000289902	FCER1G
	193.0	ENSP00000233813	IGFBP5
ENSG00000079332	193.0	ENSP00000362339	SAR1A
ENSG00000099769	192.0	ENSP00000416683	IGFALS
ENSG00000124614	191.0	ENSP00000481646	RPS10
ENSG00000126457	191.0	ENSP00000406162	PRMT1
ENSG00000173213	189.0	ENSP00000496713	TUBB8B
	189.0	ENSP00000267884	SRP14
ENSG00000123131	189.0	ENSP00000368646	PRDX4
ENSG00000198478	189.0	ENSP00000358853	SH3BGRL2
ENSG00000138279	189.0	ENSP00000362010	ANXA7
ENSG00000116690	189.0	ENSP00000399679	PRG4
ENSG00000100665	189.0	ENSP00000451172	SERPINA4
ENSG00000180817	189.0	ENSP00000362329	PPA1
ENSG00000197746	189.0	ENSP00000378394	PSAP
ENSG00000196975	189.0	ENSP00000377833	ANXA4
ENSG00000178952	189.0	ENSP00000322439	TUFM
ENSG00000130175	188.0	ENSP00000466134	PRKCSH
	188.0	ENSP00000228318	SLC25A3
ENSG00000126067	188.0	ENSP00000362334	PSMB2
ENSG00000161634	187.0	ENSP00000406773	DCD
ENSG00000101182	187.0	ENSP00000359910	PSMA7
ENSG00000077522	186.0	ENSP00000355537	ACTN2
ENSG00000126803	186.0	ENSP00000378199	HSPA2
ENSG00000173786	186.0	ENSP00000377470	CNP
ENSG00000169710	185.0	ENSP00000304592	FASN
	185.0	ENSP00000243997	ATP5F1E
ENSG00000077942	184.0	ENSP00000331544	FBLN1
ENSG00000004478	183.0	ENSP00000001008	FKBP4
ENSG00000161970	183.0	ENSP00000463784	RPL26
ENSG00000110047	182.0	ENSP00000479153	EHD1
ENSG00000147419	182.0	ENSP00000348933	CCDC25
ENSG00000010256	182.0	ENSP00000203407	UQCRC1
ENSG00000002834	182.0	ENSP00000325240	LASP1
ENSG00000186468	182.0	ENSP00000296674	RPS23
ENSG00000197122	181.0	ENSP00000362680	SRC
ENSG00000101367	181.0	ENSP00000364721	MAPRE1
ENSG00000108671	181.0	ENSP00000261712	PSMD11
ENSG00000105968	179.0	ENSP00000308405	H2AZ2
ENSG00000164032	179.0	ENSP00000296417	H2AZ1
ENSG00000164040	179.0	ENSP00000481886	PGRMC2
ENSG00000205420	178.0	ENSP00000369317	KRT6A
ENSG00000104823	178.0	ENSP00000221418	ECH1
ENSG00000100442	178.0	ENSP00000216330	FKBP3
ENSG00000150991	177.0	ENSP00000441543	UBC
ENSG00000121774	177.0	ENSP00000313829	KHDRBS1
ENSG00000130429	176.0	ENSP00000389631	ARPC1B
ENSG00000197694	176.0	ENSP00000487444	SPTAN1
ENSG00000198712	176.0	ENSP00000354876	MT-CO2
ENSG00000122862	175.0	ENSP00000242465	SRGN
ENSG00000101441	175.0	ENSP00000217423	CST4
ENSG00000125354	175.0	ENSP00000341524	SEPTIN6
ENSG00000161547	174.0	ENSP00000376276	SRSF2
ENSG00000072778	174.0	ENSP00000438689	ACADVL
ENSG00000160211	174.0	ENSP00000377192	G6PD
ENSG00000163902	174.0	ENSP00000296255	RPN1
ENSG00000099624	174.0	ENSP00000215375	ATP5F1D
ENSG00000138363	173.0	ENSP00000236959	ATIC
ENSG00000159228	172.0	ENSP00000290349	CBR1
ENSG00000197111	172.0	ENSP00000352438	PCBP2
ENSG00000126549	171.0	ENSP00000246895	STATH
ENSG00000155660	171.0	ENSP00000499129	PDIA4
ENSG00000197157	171.0	ENSP00000346762	SND1
	170.0	ENSP00000379873	HLA-A
ENSG00000172232	170.0	ENSP00000233997	AZU1
ENSG00000113648	170.0	ENSP00000423563	MACROH2A1
ENSG00000075142	168.0	ENSP00000265729	SRI
ENSG00000107223	168.0	ENSP00000224073	EDF1
ENSG00000154723	168.0	ENSP00000389649	ATP5PF
ENSG00000182199	168.0	ENSP00000333667	SHMT2
ENSG00000022267	167.0	ENSP00000498684	FHL1
ENSG00000115866	167.0	ENSP00000264161	DARS1
ENSG00000140105	167.0	ENSP00000347495	WARS1
ENSG00000140740	166.0	ENSP00000268379	UQCRC2
ENSG00000175793	166.0	ENSP00000340989	SFN
ENSG00000024422	166.0	ENSP00000263277	EHD2
ENSG00000115306	166.0	ENSP00000349259	SPTBN1
ENSG00000139178	166.0	ENSP00000266542	C1RL
ENSG00000198959	165.0	ENSP00000355330	TGM2
ENSG00000171345	165.0	ENSP00000355124	KRT19
ENSG00000135218	165.0	ENSP00000415743	CD36
ENSG00000143401	164.0	ENSP00000463154	ANP32E
ENSG00000134001	163.0	ENSP00000256383	EIF2S1
ENSG00000170465	163.0	ENSP00000252250	KRT6C
	163.0	ENSP00000364709	F10
ENSG00000002549	162.0	ENSP00000226299	LAP3
	162.0	ENSP00000359446	CPN1
ENSG00000106809	162.0	ENSP00000364711	OGN
	162.0	ENSP00000474135	IGHV3-11
ENSG00000172531	162.0	ENSP00000326031	PPP1CA
ENSG00000138430	161.0	ENSP00000284719	OLA1
ENSG00000131473	161.0	ENSP00000466259	ACLY
ENSG00000105402	161.0	ENSP00000263354	NAPA
ENSG00000142156	160.0	ENSP00000355180	COL6A1
ENSG00000154917	160.0	ENSP00000285208	RAB6B
ENSG00000066044	160.0	ENSP00000385269	ELAVL1
ENSG00000023191	159.0	ENSP00000433999	RNH1
ENSG00000172725	159.0	ENSP00000340211	CORO1B
ENSG00000136279	159.0	ENSP00000417653	DBNL
ENSG00000123136	159.0	ENSP00000242776	DDX39A
ENSG00000204983	158.0	ENSP00000308720	PRSS1
ENSG00000108946	158.0	ENSP00000376475	PRKAR1A
ENSG00000161911	158.0	ENSP00000402855	TREML1
ENSG00000167676	156.0	ENSP00000488481	PLIN4
ENSG00000128050	155.0	ENSP00000382595	PAICS
ENSG00000230667	154.0	ENSP00000480946	SETSIP
ENSG00000101558	154.0	ENSP00000345656	VAPA
	154.0	ENSP00000452662	IGKV2D-28
ENSG00000125166	154.0	ENSP00000245206	GOT2
ENSG00000161850	154.0	ENSP00000257974	KRT82
ENSG00000213639	154.0	ENSP00000378769	PPP1CB
ENSG00000169385	154.0	ENSP00000303276	RNASE2
ENSG00000275896	153.0	ENSP00000488437	PRSS2
ENSG00000130204	153.0	ENSP00000410339	TOMM40
ENSG00000175390	153.0	ENSP00000431800	EIF3F
	153.0	ENSP00000495672	RPL35A
ENSG00000131471	152.0	ENSP00000312326	AOC3
	152.0	ENSP00000376297	DYNLL1
ENSG00000118705	151.0	ENSP00000237530	RPN2
ENSG00000076944	151.0	ENSP00000413606	STXBP2
ENSG00000215301	150.0	ENSP00000494040	DDX3X
ENSG00000011465	150.0	ENSP00000052754	DCN
ENSG00000133026	150.0	ENSP00000353590	MYH10
	149.0	ENSP00000226004	DUSP3
ENSG00000120437	149.0	ENSP00000356015	ACAT2
ENSG00000134684	148.0	ENSP00000362576	YARS1
ENSG00000087088	148.0	ENSP00000293288	BAX
ENSG00000138413	148.0	ENSP00000390265	IDH1
ENSG00000134389	148.0	ENSP00000256785	CFHR5
ENSG00000124767	148.0	ENSP00000362463	GLO1
	148.0	ENSP00000000233	ARF5
ENSG00000131504	147.0	ENSP00000373706	DIAPH1
ENSG00000143621	147.0	ENSP00000355011	ILF2
ENSG00000196604	147.0	ENSP00000386786	POTEF
ENSG00000105193	146.0	ENSP00000367806	RPS16
ENSG00000170606	146.0	ENSP00000302961	HSPA4
ENSG00000178741	145.0	ENSP00000317780	COX5A
ENSG00000128422	145.0	ENSP00000308452	KRT17
ENSG00000197956	145.0	ENSP00000357709	S100A6
ENSG00000244752	145.0	ENSP00000498905	CRYBB2
ENSG00000120265	145.0	ENSP00000497225	PCMT1
ENSG00000136238	145.0	ENSP00000348461	RAC1
ENSG00000145907	145.0	ENSP00000377681	G3BP1
ENSG00000085662	145.0	ENSP00000285930	AKR1B1
ENSG00000171530	144.0	ENSP00000306362	TBCA
ENSG00000013016	144.0	ENSP00000327116	EHD3
ENSG00000143198	144.0	ENSP00000356864	MGST3
ENSG00000162267	144.0	ENSP00000415769	ITIH3
ENSG00000149428	144.0	ENSP00000480150	HYOU1
ENSG00000090273	144.0	ENSP00000319664	NUDC
ENSG00000198125	144.0	ENSP00000352835	MB
ENSG00000135829	144.0	ENSP00000356520	DHX9
ENSG00000163577	142.0	ENSP00000295822	EIF5A2
ENSG00000100504	142.0	ENSP00000216392	PYGL
ENSG00000198931	142.0	ENSP00000367615	APRT
	141.0	ENSP00000256103	PMP2
ENSG00000063244	141.0	ENSP00000307863	U2AF2
ENSG00000188612	141.0	ENSP00000405965	SUMO2
ENSG00000169020	141.0	ENSP00000306003	ATP5ME
ENSG00000142507	140.0	ENSP00000270586	PSMB6
ENSG00000163586	140.0	ENSP00000295834	FABP1
ENSG00000092531	140.0	ENSP00000249647	SNAP23
	140.0	ENSP00000418009	RARRES2
ENSG00000104325	139.0	ENSP00000220764	DECR1
ENSG00000106682	139.0	ENSP00000265753	EIF4H
ENSG00000186298	139.0	ENSP00000341779	PPP1CC
	139.0	ENSP00000463393	SEC22B
	139.0	ENSP00000306010	ARF4
	139.0	ENSP00000343924	PRELP
ENSG00000196616	139.0	ENSP00000306606	ADH1B
ENSG00000023318	138.0	ENSP00000262455	ERP44
ENSG00000136286	138.0	ENSP00000258787	MYO1G
ENSG00000143321	137.0	ENSP00000357189	HDGF
ENSG00000079739	137.0	ENSP00000360124	PGM1
ENSG00000135387	137.0	ENSP00000340329	CAPRIN1
ENSG00000205531	137.0	ENSP00000369915	NAP1L4
ENSG00000133313	137.0	ENSP00000325548	CNDP2
ENSG00000084733	136.0	ENSP00000264710	RAB10
ENSG00000115718	136.0	ENSP00000234071	PROC
ENSG00000177733	136.0	ENSP00000316042	HNRNPA0
	136.0	ENSP00000265866	HNRNPH3
ENSG00000111679	136.0	ENSP00000391592	PTPN6
ENSG00000100216	135.0	ENSP00000216034	TOMM22
ENSG00000283496	135.0	ENSP00000357542	ZNF511-PRAP1
ENSG00000169504	135.0	ENSP00000363500	CLIC4
ENSG00000089280	135.0	ENSP00000254108	FUS
	135.0	ENSP00000383931	GP5
ENSG00000135406	134.0	ENSP00000257860	PRPH
ENSG00000177885	134.0	ENSP00000376345	GRB2
ENSG00000197561	134.0	ENSP00000466090	ELANE
ENSG00000105401	134.0	ENSP00000222005	CDC37
ENSG00000122545	133.0	ENSP00000413507	SEPTIN7
ENSG00000109475	133.0	ENSP00000378163	RPL34
ENSG00000099942	133.0	ENSP00000346300	CRKL
	133.0	ENSP00000470059	M0QYT0_HUMAN
ENSG00000109758	133.0	ENSP00000421801	HGFAC
ENSG00000131467	133.0	ENSP00000293362	PSME3
ENSG00000105379	133.0	ENSP00000346173	ETFB
ENSG00000145050	132.0	ENSP00000499582	MANF
ENSG00000087302	132.0	ENSP00000261700	RTRAF
ENSG00000204287	132.0	ENSP00000378786	HLA-DRA
ENSG00000112667	131.0	ENSP00000230431	DNPH1
ENSG00000110934	131.0	ENSP00000498807	BIN2
ENSG00000101856	130.0	ENSP00000217971	PGRMC1
ENSG00000174175	130.0	ENSP00000263686	SELP
ENSG00000142173	130.0	ENSP00000300527	COL6A2
ENSG00000091483	129.0	ENSP00000355518	FH
ENSG00000135604	129.0	ENSP00000356540	STX11
ENSG00000136930	129.0	ENSP00000259457	PSMB7
ENSG00000185651	129.0	ENSP00000400906	UBE2L3
ENSG00000092621	128.0	ENSP00000493382	PHGDH
ENSG00000025708	128.0	ENSP00000379038	TYMP
ENSG00000126261	128.0	ENSP00000246548	UBA2
ENSG00000102265	127.0	ENSP00000218388	TIMP1
ENSG00000144161	127.0	ENSP00000386488	ZC3H8
ENSG00000124610	127.0	ENSP00000244573	H1-1
ENSG00000074416	127.0	ENSP00000265052	MGLL
ENSG00000138107	127.0	ENSP00000358921	ACTR1A
ENSG00000128609	126.0	ENSP00000417142	NDUFA5
ENSG00000165283	126.0	ENSP00000348886	STOML2
ENSG00000075239	126.0	ENSP00000265838	ACAT1
ENSG00000163993	126.0	ENSP00000296370	S100P
ENSG00000108774	125.0	ENSP00000447053	RAB5C
ENSG00000135316	125.0	ENSP00000358635	SYNCRIP
ENSG00000138594	125.0	ENSP00000308753	TMOD3
ENSG00000160202	125.0	ENSP00000291554	CRYAA
	125.0	ENSP00000482816	CRYAA2
ENSG00000148702	124.0	ENSP00000277903	HABP2
ENSG00000100632	124.0	ENSP00000451080	ERH
ENSG00000211898	123.0	ENSP00000478893	IGHD
ENSG00000175792	123.0	ENSP00000318297	RUVBL1
ENSG00000119689	123.0	ENSP00000335304	DLST
ENSG00000196839	122.0	ENSP00000361965	ADA
ENSG00000074695	122.0	ENSP00000251047	LMAN1
ENSG00000121552	122.0	ENSP00000264474	CSTA
ENSG00000108654	122.0	ENSP00000225792	DDX5
ENSG00000114200	121.0	ENSP00000264381	BCHE
ENSG00000100804	121.0	ENSP00000355325	PSMB5
ENSG00000102024	121.0	ENSP00000348163	PLS3
ENSG00000182481	121.0	ENSP00000438483	KPNA2
ENSG00000122694	120.0	ENSP00000367196	GLIPR2
ENSG00000100823	120.0	ENSP00000216714	APEX1
ENSG00000100138	120.0	ENSP00000383949	SNU13
ENSG00000148672	120.0	ENSP00000277865	GLUD1
ENSG00000187475	120.0	ENSP00000341214	H1-6
ENSG00000132780	119.0	ENSP00000255120	NASP
ENSG00000084623	119.0	ENSP00000362688	EIF3I
ENSG00000006125	119.0	ENSP00000483185	AP2B1
ENSG00000112514	119.0	ENSP00000499422	CUTA
ENSG00000185825	119.0	ENSP00000392330	BCAP31
ENSG00000153048	118.0	ENSP00000379838	CARHSP1
ENSG00000134717	118.0	ENSP00000360664	BTF3L4
ENSG00000176387	118.0	ENSP00000316786	HSD11B2
ENSG00000139684	118.0	ENSP00000367992	ESD
ENSG00000117054	118.0	ENSP00000359871	ACADM
ENSG00000103275	118.0	ENSP00000348056	UBE2I
ENSG00000126945	118.0	ENSP00000361927	HNRNPH2
ENSG00000078900	118.0	ENSP00000367545	TP73
ENSG00000137714	117.0	ENSP00000260270	FDX1
	117.0	ENSP00000449770	H0YIN7_HUMAN
ENSG00000242372	117.0	ENSP00000363559	EIF6
ENSG00000108828	117.0	ENSP00000347872	VAT1
ENSG00000173221	117.0	ENSP00000369314	GLRX
ENSG00000031698	117.0	ENSP00000358939	SARS1
	116.0	ENSP00000448035	NACA
ENSG00000102054	116.0	ENSP00000369424	RBBP7
ENSG00000128595	116.0	ENSP00000438248	CALU
ENSG00000170348	116.0	ENSP00000303145	TMED10
ENSG00000135443	115.0	ENSP00000257901	KRT85
ENSG00000167283	115.0	ENSP00000300688	ATP5MG
ENSG00000080618	115.0	ENSP00000181383	CPB2
	115.0	ENSP00000225899	KRT32
ENSG00000175203	115.0	ENSP00000408910	DCTN2
ENSG00000132305	115.0	ENSP00000387262	IMMT
ENSG00000114209	115.0	ENSP00000376506	PDCD10
ENSG00000167005	115.0	ENSP00000300291	NUDT21
ENSG00000169344	115.0	ENSP00000379438	UMOD
ENSG00000079950	115.0	ENSP00000356918	STX7
ENSG00000196415	115.0	ENSP00000234347	PRTN3
ENSG00000130313	114.0	ENSP00000252603	PGLS
ENSG00000170442	114.0	ENSP00000444533	KRT86
	114.0	ENSP00000218099	F9
ENSG00000037241	114.0	ENSP00000428223	RPL26L1
ENSG00000124207	114.0	ENSP00000262982	CSE1L
ENSG00000079785	114.0	ENSP00000370745	DDX1
ENSG00000105355	114.0	ENSP00000221957	PLIN3
ENSG00000167779	114.0	ENSP00000301464	IGFBP6
	114.0	ENSP00000499044	RPS27
ENSG00000197756	114.0	ENSP00000418082	RPL37A
ENSG00000170542	114.0	ENSP00000370074	SERPINB9
ENSG00000004776	113.0	ENSP00000004982	HSPB6
ENSG00000215472	113.0	ENSP00000463379	RPL17-C18orf32
ENSG00000115415	113.0	ENSP00000354394	STAT1
ENSG00000131737	113.0	ENSP00000377570	KRT34
ENSG00000175220	113.0	ENSP00000310491	ARHGAP1
ENSG00000087086	112.0	ENSP00000366525	FTL
ENSG00000152795	112.0	ENSP00000483254	HNRNPDL
ENSG00000138095	112.0	ENSP00000260665	LRPPRC
ENSG00000106399	112.0	ENSP00000223129	RPA3
ENSG00000116459	111.0	ENSP00000358737	ATP5PB
ENSG00000108829	111.0	ENSP00000225972	LRRC59
ENSG00000150093	111.0	ENSP00000379350	ITGB1
	111.0	ENSP00000336762	ANG
ENSG00000165916	111.0	ENSP00000481029	PSMC3
ENSG00000198670	111.0	ENSP00000321334	LPA
ENSG00000140575	111.0	ENSP00000268182	IQGAP1
ENSG00000023734	110.0	ENSP00000392270	STRAP
ENSG00000119655	110.0	ENSP00000451206	NPC2
ENSG00000171401	110.0	ENSP00000246635	KRT13
ENSG00000170248	110.0	ENSP00000411825	PDCD6IP
ENSG00000106105	110.0	ENSP00000373918	GARS1
ENSG00000178035	110.0	ENSP00000321584	IMPDH2
ENSG00000168291	110.0	ENSP00000307241	PDHB
ENSG00000010438	110.0	ENSP00000354280	PRSS3
ENSG00000108468	109.0	ENSP00000377060	CBX1
ENSG00000111275	109.0	ENSP00000261733	ALDH2
ENSG00000165609	109.0	ENSP00000419628	NUDT5
ENSG00000100714	109.0	ENSP00000498336	MTHFD1
ENSG00000004939	108.0	ENSP00000262418	SLC4A1
ENSG00000188488	108.0	ENSP00000333203	SERPINA5
ENSG00000162521	108.0	ENSP00000362592	RBBP4
ENSG00000117984	108.0	ENSP00000236671	CTSD
ENSG00000101557	108.0	ENSP00000261601	USP14
ENSG00000167699	108.0	ENSP00000301329	GLOD4
ENSG00000107581	108.0	ENSP00000358140	EIF3A
ENSG00000119862	108.0	ENSP00000238875	LGALSL
ENSG00000128951	108.0	ENSP00000370376	DUT
ENSG00000132693	107.0	ENSP00000255030	CRP
ENSG00000234745	107.0	ENSP00000399168	HLA-B
ENSG00000138772	107.0	ENSP00000264908	ANXA3
	107.0	ENSP00000388169	ARPC4
ENSG00000147853	106.0	ENSP00000371230	AK3
ENSG00000164530	106.0	ENSP00000497550	PI16
ENSG00000180879	106.0	ENSP00000317331	SSR4
ENSG00000106554	106.0	ENSP00000389297	CHCHD3
ENSG00000156976	106.0	ENSP00000326381	EIF4A2
ENSG00000070756	105.0	ENSP00000313007	PABPC1
ENSG00000125944	105.0	ENSP00000363745	HNRNPR
ENSG00000100519	105.0	ENSP00000484998	PSMC6
ENSG00000197894	105.0	ENSP00000296412	ADH5
	104.0	ENSP00000438507	F5H423_HUMAN
ENSG00000156709	104.0	ENSP00000287295	AIFM1
ENSG00000009724	104.0	ENSP00000383690	MASP2
ENSG00000053371	104.0	ENSP00000235835	AKR7A2
ENSG00000137106	104.0	ENSP00000313432	GRHPR
ENSG00000133392	104.0	ENSP00000379616	MYH11
ENSG00000188015	104.0	ENSP00000357702	S100A3
ENSG00000092964	104.0	ENSP00000427985	DPYSL2
ENSG00000189159	104.0	ENSP00000348316	JPT1
ENSG00000110107	104.0	ENSP00000227524	PRPF19
ENSG00000136872	104.0	ENSP00000497767	ALDOB
ENSG00000087191	103.0	ENSP00000310572	PSMC5
ENSG00000100280	103.0	ENSP00000350199	AP1B1
ENSG00000244038	103.0	ENSP00000399457	DDOST
ENSG00000114779	103.0	ENSP00000420065	ABHD14B
ENSG00000172270	103.0	ENSP00000333769	BSG
ENSG00000156052	103.0	ENSP00000286548	GNAQ
ENSG00000105669	103.0	ENSP00000469035	COPE
ENSG00000168918	102.0	ENSP00000405338	INPP5D
ENSG00000119705	102.0	ENSP00000450909	SLIRP
ENSG00000110799	102.0	ENSP00000261405	VWF
ENSG00000109610	102.0	ENSP00000371554	SOD3
ENSG00000083720	102.0	ENSP00000196371	OXCT1
ENSG00000088247	101.0	ENSP00000381216	KHSRP
ENSG00000105202	101.0	ENSP00000221801	FBL
ENSG00000185245	101.0	ENSP00000329380	GP1BA
ENSG00000154473	101.0	ENSP00000357858	BUB3
ENSG00000131238	101.0	ENSP00000493153	PPT1
ENSG00000189060	101.0	ENSP00000344504	H1-0
ENSG00000023228	101.0	ENSP00000392709	NDUFS1
ENSG00000100122	101.0	ENSP00000497249	CRYBB1
ENSG00000146047	101.0	ENSP00000274764	H2BC1
ENSG00000197747	100.0	ENSP00000357801	S100A10
ENSG00000189221	100.0	ENSP00000340684	MAOA
ENSG00000113407	100.0	ENSP00000387710	TARS1
ENSG00000013275	100.0	ENSP00000157812	PSMC4
ENSG00000239264	99.6	ENSP00000369081	TXNDC5
ENSG00000160752	99.5	ENSP00000349078	FDPS
ENSG00000203485	99.5	ENSP00000376410	INF2
ENSG00000104388	99.3	ENSP00000262646	RAB2A
ENSG00000106992	99.3	ENSP00000223836	AK1
ENSG00000113558	99.3	ENSP00000231487	SKP1
ENSG00000104687	99.3	ENSP00000221130	GSR
ENSG00000141279	99.1	ENSP00000320324	NPEPPS
ENSG00000134440	98.9	ENSP00000256854	NARS1
ENSG00000133835	98.8	ENSP00000411960	HSD17B4
ENSG00000093010	98.4	ENSP00000354511	COMT
ENSG00000102898	98.4	ENSP00000219169	NUTF2
	98.4	ENSP00000454786	H3BNC9_HUMAN
ENSG00000163453	98.4	ENSP00000295666	IGFBP7
	98.4	ENSP00000478121	ELOC
ENSG00000130755	97.9	ENSP00000472249	GMFG
	97.8	ENSP00000346012	RPL36AL
ENSG00000180353	97.5	ENSP00000320176	HCLS1
ENSG00000072274	97.5	ENSP00000376197	TFRC
ENSG00000115310	97.4	ENSP00000337838	RTN4
ENSG00000137312	97.3	ENSP00000365569	FLOT1
ENSG00000108622	97.2	ENSP00000415283	ICAM2
ENSG00000015475	97.2	ENSP00000318822	BID
ENSG00000214078	97.1	ENSP00000317257	CPNE1
ENSG00000073578	96.5	ENSP00000264932	SDHA
ENSG00000082898	96.1	ENSP00000384863	XPO1
ENSG00000113758	96.1	ENSP00000377195	DBN1
ENSG00000196834	96.0	ENSP00000392718	POTEI
ENSG00000213139	96.0	ENSP00000376287	CRYGS
	95.9	ENSP00000354346	MATR3-2
ENSG00000108679	95.7	ENSP00000262776	LGALS3BP
ENSG00000183207	95.7	ENSP00000473172	RUVBL2
ENSG00000204220	95.5	ENSP00000378563	PFDN6
ENSG00000103035	95.4	ENSP00000219313	PSMD7
ENSG00000164733	95.4	ENSP00000345672	CTSB
ENSG00000204392	95.4	ENSP00000364813	LSM2
ENSG00000099977	95.3	ENSP00000381386	DDT
ENSG00000100030	95.2	ENSP00000215832	MAPK1
ENSG00000170369	95.2	ENSP00000307540	CST2
ENSG00000276409	95.1	ENSP00000479097	CCL14
ENSG00000137563	95.1	ENSP00000260118	GGH
ENSG00000065427	95.0	ENSP00000325448	KARS1
ENSG00000119383	94.5	ENSP00000377036	PTPA
ENSG00000102317	94.2	ENSP00000365950	RBM3
ENSG00000129625	93.6	ENSP00000368959	REEP5
	93.4	ENSP00000228506	MLEC
ENSG00000124570	93.3	ENSP00000484343	SERPINB6
ENSG00000076706	93.2	ENSP00000264036	MCAM
	93.2	ENSP00000365402	HLA-C
ENSG00000101150	93.0	ENSP00000217121	TPD52L2
ENSG00000197879	92.7	ENSP00000496954	MYO1C
ENSG00000117448	92.7	ENSP00000361140	AKR1A1
ENSG00000104852	92.6	ENSP00000472998	SNRNP70
ENSG00000165471	92.6	ENSP00000363079	MBL2
ENSG00000108528	92.5	ENSP00000225665	SLC25A11
ENSG00000167315	92.5	ENSP00000285093	ACAA2
ENSG00000231925	92.3	ENSP00000404833	TAPBP
ENSG00000019582	92.3	ENSP00000009530	CD74
ENSG00000105835	92.2	ENSP00000222553	NAMPT
ENSG00000168906	92.1	ENSP00000303147	MAT2A
ENSG00000178209	92.0	ENSP00000323856	PLEC
ENSG00000197273	91.7	ENSP00000349493	GUCA2A
	91.7	ENSP00000384957	F11
ENSG00000125970	91.5	ENSP00000246194	RALY
ENSG00000100220	91.5	ENSP00000216038	RTCB
	91.0	ENSP00000394107	H7C0C1_HUMAN
ENSG00000161057	90.9	ENSP00000391211	PSMC2
	90.8	ENSP00000430598	ATOX1
ENSG00000129559	90.7	ENSP00000250495	NEDD8
ENSG00000153904	90.7	ENSP00000284031	DDAH1
ENSG00000241468	90.5	ENSP00000292475	ATP5MF
ENSG00000184897	90.2	ENSP00000329662	H1-10
ENSG00000163541	90.1	ENSP00000377446	SUCLG1
ENSG00000106615	90.1	ENSP00000262187	RHEB
ENSG00000169877	89.9	ENSP00000307199	AHSP
ENSG00000162613	89.7	ENSP00000359804	FUBP1
ENSG00000127445	89.7	ENSP00000247970	PIN1
ENSG00000139641	89.6	ENSP00000267113	ESYT1
	89.4	ENSP00000452747	IGKV2D-40
	89.4	ENSP00000483585	IGKV2-40
ENSG00000029993	89.4	ENSP00000359393	HMGB3
ENSG00000065135	89.1	ENSP00000358867	GNAI3
ENSG00000164047	89.1	ENSP00000296435	CAMP
ENSG00000120053	89.0	ENSP00000359539	GOT1
ENSG00000114573	89.0	ENSP00000273398	ATP6V1A
ENSG00000170312	88.9	ENSP00000378699	CDK1
ENSG00000105185	88.8	ENSP00000466214	PDCD5
ENSG00000111530	88.7	ENSP00000442318	CAND1
ENSG00000153113	88.6	ENSP00000422176	CAST
ENSG00000136628	88.4	ENSP00000355890	EPRS1
ENSG00000265241	88.3	ENSP00000463058	RBM8A
ENSG00000091527	87.9	ENSP00000264993	CDV3
ENSG00000077312	87.6	ENSP00000243563	SNRPA
ENSG00000136068	87.5	ENSP00000420213	FLNB
	87.5	ENSP00000331019	RPS27L
ENSG00000173531	87.5	ENSP00000414287	MST1
ENSG00000179091	87.3	ENSP00000317159	CYC1
ENSG00000075618	87.1	ENSP00000371798	FSCN1
ENSG00000185627	87.1	ENSP00000396937	PSMD13
ENSG00000115233	86.8	ENSP00000386541	PSMD14
ENSG00000065150	86.5	ENSP00000261574	IPO5
ENSG00000115159	86.2	ENSP00000308610	GPD2
ENSG00000091409	86.2	ENSP00000386896	ITGA6
ENSG00000130741	86.0	ENSP00000253039	EIF2S3
ENSG00000085733	85.9	ENSP00000365745	CTTN
ENSG00000166741	85.7	ENSP00000441434	NNMT
ENSG00000168003	85.7	ENSP00000367123	SLC3A2
ENSG00000143420	85.5	ENSP00000341743	ENSA
ENSG00000184640	85.5	ENSP00000391249	SEPTIN9
	85.4	ENSP00000379682	PRH2
ENSG00000138758	85.3	ENSP00000422896	SEPTIN11
	85.2	ENSP00000385714	DDT-2
ENSG00000130724	84.9	ENSP00000469240	CHMP2A
ENSG00000176619	84.8	ENSP00000327054	LMNB2
	84.4	ENSP00000468690	K7ESF4_HUMAN
ENSG00000150867	84.2	ENSP00000365757	PIP4K2A
	84.0	ENSP00000356771	F5
ENSG00000116791	84.0	ENSP00000399805	CRYZ
ENSG00000162368	83.8	ENSP00000360939	CMPK1
ENSG00000213145	83.8	ENSP00000332449	CRIP1
	83.8	ENSP00000432472	BRK1
	83.7	ENSP00000429150	FAM49B
ENSG00000108839	83.6	ENSP00000251535	ALOX12
ENSG00000174021	83.3	ENSP00000359675	GNG5
ENSG00000114867	83.3	ENSP00000416255	EIF4G1
ENSG00000092929	83.3	ENSP00000207549	UNC13D
ENSG00000247596	83.0	ENSP00000303908	TWF2
ENSG00000179115	82.9	ENSP00000320309	FARSA
	82.7	ENSP00000261994	SERPINA10
ENSG00000170367	82.4	ENSP00000307132	CST5
	82.4	ENSP00000489910	ENSP00000489910
ENSG00000173110	82.3	ENSP00000310219	HSPA6
ENSG00000111605	82.2	ENSP00000266679	CPSF6
ENSG00000174437	82.0	ENSP00000440045	ATP2A2
ENSG00000122873	81.9	ENSP00000363041	CISD1
ENSG00000197616	81.9	ENSP00000386041	MYH6
ENSG00000005249	81.8	ENSP00000265717	PRKAR2B
ENSG00000169814	81.5	ENSP00000500193	BTD
ENSG00000106263	81.1	ENSP00000354125	EIF3B
ENSG00000159763	81.1	ENSP00000291009	PIP
ENSG00000211460	80.9	ENSP00000374332	TSN
ENSG00000124795	80.5	ENSP00000498653	DEK
	80.4	ENSP00000230085	SNX3
ENSG00000078140	80.0	ENSP00000261427	UBE2K
ENSG00000148908	79.8	ENSP00000358099	RGS10
ENSG00000120802	79.6	ENSP00000266732	TMPO
ENSG00000155959	79.3	ENSP00000286428	VBP1
ENSG00000189182	79.3	ENSP00000342710	KRT77
ENSG00000182944	79.3	ENSP00000400142	EWSR1
ENSG00000118194	79.1	ENSP00000499593	TNNT2
ENSG00000101365	79.1	ENSP00000482773	IDH3B
ENSG00000110172	79.0	ENSP00000319255	CHORDC1
ENSG00000197448	78.9	ENSP00000431049	GSTK1
ENSG00000100297	78.9	ENSP00000216122	MCM5
ENSG00000086061	78.8	ENSP00000369127	DNAJA1
ENSG00000082212	78.8	ENSP00000321070	ME2
ENSG00000015479	78.7	ENSP00000378284	MATR3
ENSG00000069275	78.6	ENSP00000356110	NUCKS1
ENSG00000164708	78.6	ENSP00000297283	PGAM2
ENSG00000126602	78.5	ENSP00000246957	TRAP1
ENSG00000101474	78.5	ENSP00000217456	APMAP
ENSG00000127483	78.5	ENSP00000403039	HP1BP3
	78.4	ENSP00000449270	COPZ1
ENSG00000145703	78.2	ENSP00000274364	IQGAP2
ENSG00000120992	78.2	ENSP00000320043	LYPLA1
ENSG00000163254	78.1	ENSP00000282141	CRYGC
ENSG00000108344	78.0	ENSP00000264639	PSMD3
ENSG00000203857	77.6	ENSP00000358421	HSD3B1
ENSG00000169021	77.6	ENSP00000306397	UQCRFS1
ENSG00000130592	77.6	ENSP00000371194	LSP1
ENSG00000147274	77.5	ENSP00000359645	RBMX
ENSG00000205581	77.5	ENSP00000370125	HMGN1
	77.2	ENSP00000410769	CNBP
	77.1	ENSP00000264005	LCAT
ENSG00000179950	77.1	ENSP00000434359	PUF60
ENSG00000236444	77.1	ENSP00000490225	UBE2L5
ENSG00000100201	77.0	ENSP00000380033	DDX17
ENSG00000159131	76.9	ENSP00000371253	GART
ENSG00000091164	76.9	ENSP00000217515	TXNL1
ENSG00000138777	76.8	ENSP00000343885	PPA2
ENSG00000222038	76.8	ENSP00000387176	POTEJ
ENSG00000090861	76.7	ENSP00000261772	AARS1
ENSG00000135723	76.6	ENSP00000258201	FHOD1
ENSG00000169223	76.5	ENSP00000303366	LMAN2
ENSG00000164022	76.5	ENSP00000378191	AIMP1
ENSG00000109919	76.4	ENSP00000303222	MTCH2
	76.2	ENSP00000483567	IGKV2D-29
ENSG00000143416	75.9	ENSP00000397261	SELENBP1
ENSG00000123349	75.8	ENSP00000447942	PFDN5
ENSG00000072042	75.6	ENSP00000370750	RDH11
ENSG00000122218	75.5	ENSP00000357048	COPA
ENSG00000115685	75.5	ENSP00000234038	PPP1R7
ENSG00000123560	75.5	ENSP00000481006	PLP1
ENSG00000113643	75.4	ENSP00000231572	RARS1
ENSG00000100591	75.2	ENSP00000216479	AHSA1
ENSG00000103653	75.1	ENSP00000220003	CSK
ENSG00000114450	75.0	ENSP00000232564	GNB4
ENSG00000181789	75.0	ENSP00000325002	COPG1
ENSG00000131876	74.9	ENSP00000254193	SNRPA1
ENSG00000164266	74.7	ENSP00000296695	SPINK1
ENSG00000148218	74.7	ENSP00000386284	ALAD
ENSG00000140990	74.5	ENSP00000268668	NDUFB10
ENSG00000196431	74.4	ENSP00000346805	CRYBA4
ENSG00000146833	74.3	ENSP00000348216	TRIM4
ENSG00000198363	74.3	ENSP00000368767	ASPH
ENSG00000180198	74.3	ENSP00000497402	RCC1
ENSG00000143256	74.2	ENSP00000356989	PFDN2
ENSG00000157601	74.1	ENSP00000381601	MX1
ENSG00000163636	74.1	ENSP00000418695	PSMD6
ENSG00000196937	73.8	ENSP00000353025	FAM3C
ENSG00000141959	73.7	ENSP00000269848	PFKL
ENSG00000124102	73.6	ENSP00000243924	PI3
ENSG00000106605	73.6	ENSP00000385757	BLVRA
ENSG00000080371	73.5	ENSP00000261263	RAB21
ENSG00000175166	73.4	ENSP00000310129	PSMD2
ENSG00000134108	73.2	ENSP00000479202	ARL8B
ENSG00000187758	73.0	ENSP00000209668	ADH1A
ENSG00000135940	73.0	ENSP00000258424	COX5B
ENSG00000143727	73.0	ENSP00000272067	ACP1
ENSG00000005020	72.9	ENSP00000005587	SKAP2
ENSG00000168148	72.8	ENSP00000355657	H3-4
ENSG00000131100	72.6	ENSP00000253413	ATP6V1E1
ENSG00000148248	72.5	ENSP00000361057	SURF4
ENSG00000164985	72.4	ENSP00000370114	PSIP1
ENSG00000163399	72.3	ENSP00000445306	ATP1A1
ENSG00000095139	72.1	ENSP00000264028	ARCN1
	72.0	ENSP00000478289	LOC102723407
ENSG00000109062	71.7	ENSP00000262613	SLC9A3R1
	71.6	ENSP00000420826	PRB1
ENSG00000100129	71.6	ENSP00000499067	EIF3L
ENSG00000104969	71.4	ENSP00000221566	SGTA
ENSG00000110651	71.4	ENSP00000263645	CD81
ENSG00000126698	71.3	ENSP00000263697	DNAJC8
ENSG00000063046	71.2	ENSP00000388806	EIF4B
ENSG00000162441	71.1	ENSP00000366430	LZIC
ENSG00000059377	71.0	ENSP00000389414	TBXAS1
ENSG00000131051	71.0	ENSP00000253363	RBM39
ENSG00000165092	70.9	ENSP00000297785	ALDH1A1
ENSG00000122367	70.9	ENSP00000401437	LDB3
ENSG00000129083	70.9	ENSP00000249923	COPB1
ENSG00000172380	70.7	ENSP00000360021	GNG12
	70.7	ENSP00000168148	SPP2
ENSG00000136754	70.6	ENSP00000365312	ABI1
ENSG00000112992	70.6	ENSP00000264663	NNT
ENSG00000120694	70.6	ENSP00000487365	HSPH1
ENSG00000069329	70.5	ENSP00000299138	VPS35
ENSG00000130830	70.3	ENSP00000358547	MPP1
ENSG00000182149	70.3	ENSP00000438399	IST1
	70.3	ENSP00000419449	EIF1
ENSG00000226784	70.1	ENSP00000412189	PGAM4
ENSG00000184232	70.1	ENSP00000332613	OAF
ENSG00000213619	70.1	ENSP00000263774	NDUFS3
ENSG00000213722	70.1	ENSP00000364949	DDAH2
ENSG00000158769	70.0	ENSP00000357005	F11R
ENSG00000164466	70.0	ENSP00000316905	SFXN1
ENSG00000288867	70.0	ENSP00000463057	PPIAL4C
ENSG00000168066	69.9	ENSP00000366604	SF1
ENSG00000175315	69.7	ENSP00000311313	CST6
ENSG00000175582	69.7	ENSP00000311449	RAB6A
ENSG00000135480	69.7	ENSP00000329243	KRT7
ENSG00000127948	69.5	ENSP00000419970	POR
ENSG00000129991	69.5	ENSP00000341838	TNNI3
ENSG00000109606	69.5	ENSP00000336741	DHX15
ENSG00000097021	69.4	ENSP00000367086	ACOT7
ENSG00000167770	69.3	ENSP00000444357	OTUB1
ENSG00000108786	69.3	ENSP00000225929	HSD17B1
ENSG00000106244	69.2	ENSP00000222968	PDAP1
ENSG00000109180	69.1	ENSP00000370882	OCIAD1
	69.0	ENSP00000479168	PRH1
ENSG00000169397	68.7	ENSP00000302324	RNASE3
ENSG00000100764	68.6	ENSP00000261303	PSMC1
	68.6	ENSP00000173527	ISOC1
ENSG00000115128	68.4	ENSP00000233468	SF3B6
ENSG00000104408	68.3	ENSP00000220849	EIF3E
ENSG00000214753	68.3	ENSP00000301785	HNRNPUL2
ENSG00000204463	68.1	ENSP00000365131	BAG6
ENSG00000010278	68.0	ENSP00000371958	CD9
ENSG00000090339	68.0	ENSP00000264832	ICAM1
ENSG00000170955	68.0	ENSP00000307292	CAVIN3
ENSG00000144834	68.0	ENSP00000377494	TAGLN3
ENSG00000177105	67.9	ENSP00000339467	RHOG
ENSG00000073111	67.8	ENSP00000265056	MCM2
ENSG00000131828	67.8	ENSP00000369134	PDHA1
ENSG00000182866	67.7	ENSP00000477713	LCK
ENSG00000168092	67.6	ENSP00000435289	PAFAH1B2
ENSG00000204435	67.5	ENSP00000365042	CSNK2B
ENSG00000105135	67.3	ENSP00000263383	ILVBL
ENSG00000125977	67.0	ENSP00000364119	EIF2S2
ENSG00000095380	67.0	ENSP00000210444	NANS
ENSG00000118640	66.9	ENSP00000263864	VAMP8
	66.8	ENSP00000433642	FCGR3B
ENSG00000104879	66.8	ENSP00000221476	CKM
ENSG00000165496	66.7	ENSP00000298283	RPL10L
	66.6	ENSP00000454746	H3BN98_HUMAN
ENSG00000189043	66.6	ENSP00000339720	NDUFA4
ENSG00000130811	66.6	ENSP00000253108	EIF3G
ENSG00000060138	66.6	ENSP00000228251	YBX3
ENSG00000173801	66.4	ENSP00000377508	JUP
ENSG00000169738	66.3	ENSP00000303356	DCXR
ENSG00000116586	66.2	ENSP00000357288	LAMTOR2
ENSG00000102119	66.2	ENSP00000358857	EMD
ENSG00000103966	66.2	ENSP00000220325	EHD4
	66.0	ENSP00000311121	PSMA8
ENSG00000143977	65.9	ENSP00000393388	SNRPG
ENSG00000100650	65.9	ENSP00000452123	SRSF5
ENSG00000142634	65.8	ENSP00000365147	EFHD2
ENSG00000108883	65.7	ENSP00000392094	EFTUD2
ENSG00000120705	65.7	ENSP00000353741	ETF1
ENSG00000171490	65.7	ENSP00000460871	RSL1D1
ENSG00000128309	65.7	ENSP00000411719	MPST
ENSG00000289549	65.4	ENSP00000439444	PPIAL4D
ENSG00000271567	65.4	ENSP00000463419	PPIAL4E
ENSG00000279782	65.4	ENSP00000485638	PPIAL4F
ENSG00000188529	65.4	ENSP00000420195	SRSF10
ENSG00000142230	65.2	ENSP00000270225	SAE1
ENSG00000102760	65.0	ENSP00000368664	RGCC
ENSG00000134020	64.9	ENSP00000256404	PEBP4
ENSG00000160808	64.9	ENSP00000499406	MYL3
ENSG00000182492	64.8	ENSP00000327336	BGN
ENSG00000129235	64.7	ENSP00000250101	TXNDC17
ENSG00000166508	64.7	ENSP00000307288	MCM7
	64.6	ENSP00000054666	VAMP3
ENSG00000117691	64.6	ENSP00000355955	NENF
ENSG00000167986	64.5	ENSP00000301764	DDB1
ENSG00000164305	64.4	ENSP00000311032	CASP3
	64.3	ENSP00000264933	PDCD6
ENSG00000170454	64.2	ENSP00000252245	KRT75
ENSG00000170477	64.2	ENSP00000448220	KRT4
ENSG00000133800	64.1	ENSP00000256178	LYVE1
ENSG00000162734	64.1	ENSP00000357055	PEA15
ENSG00000147416	64.0	ENSP00000276390	ATP6V1B2
ENSG00000110696	63.9	ENSP00000228136	C11orf58
ENSG00000106049	63.9	ENSP00000265395	HIBADH
ENSG00000128591	63.8	ENSP00000327145	FLNC
ENSG00000004779	63.8	ENSP00000458770	NDUFAB1
ENSG00000047849	63.7	ENSP00000353375	MAP4
ENSG00000134202	63.6	ENSP00000354357	GSTM3
ENSG00000128335	63.3	ENSP00000249066	APOL2
ENSG00000179262	63.3	ENSP00000467024	RAD23A
ENSG00000055044	63.2	ENSP00000264279	NOP58
ENSG00000059573	63.2	ENSP00000360268	ALDH18A1
ENSG00000136026	63.1	ENSP00000367265	CKAP4
ENSG00000085719	63.1	ENSP00000477590	CPNE3
ENSG00000165527	62.9	ENSP00000298316	ARF6
ENSG00000151726	62.9	ENSP00000422607	ACSL1
ENSG00000120948	62.9	ENSP00000240185	TARDBP
ENSG00000082153	62.9	ENSP00000394316	BZW1
ENSG00000102103	62.8	ENSP00000498362	PQBP1
ENSG00000156738	62.7	ENSP00000433277	MS4A1
ENSG00000109519	62.7	ENSP00000264954	GRPEL1
ENSG00000170445	62.6	ENSP00000425634	HARS1
ENSG00000243284	62.6	ENSP00000357080	VSIG8
ENSG00000125656	62.6	ENSP00000245816	CLPP
ENSG00000100983	62.4	ENSP00000495750	GSS
	62.2	ENSP00000476252	U3KQV3_HUMAN
ENSG00000096696	62.2	ENSP00000369129	DSP
ENSG00000173267	62.1	ENSP00000361087	SNCG
ENSG00000140459	62.0	ENSP00000268053	CYP11A1
ENSG00000137869	62.0	ENSP00000379683	CYP19A1
ENSG00000105329	62.0	ENSP00000221930	TGFB1
	62.0	ENSP00000359098	COX7A2
ENSG00000115241	61.9	ENSP00000342778	PPM1G
ENSG00000188508	61.8	ENSP00000339251	KRTDAP
ENSG00000197170	61.8	ENSP00000348442	PSMD12
ENSG00000137198	61.8	ENSP00000259727	GMPR
ENSG00000205426	61.7	ENSP00000369349	KRT81
	61.7	ENSP00000360365	MCTS1
ENSG00000104763	61.6	ENSP00000371152	ASAH1
ENSG00000111144	61.5	ENSP00000228740	LTA4H
ENSG00000184900	61.3	ENSP00000409666	SUMO3
ENSG00000149084	61.2	ENSP00000278353	HSD17B12
ENSG00000203859	61.1	ENSP00000445122	HSD3B2
ENSG00000204843	61.0	ENSP00000354791	DCTN1
ENSG00000173692	61.0	ENSP00000309474	PSMD1
ENSG00000184702	60.9	ENSP00000391311	SEPTIN5
ENSG00000154127	60.8	ENSP00000284273	UBASH3B
ENSG00000156467	60.7	ENSP00000430494	UQCRB
ENSG00000099800	60.6	ENSP00000215570	TIMM13
ENSG00000167363	60.6	ENSP00000300784	FN3K
ENSG00000182591	60.6	ENSP00000330720	KRTAP11-1
ENSG00000100664	60.5	ENSP00000216554	EIF5
ENSG00000254986	60.5	ENSP00000440502	DPP3
ENSG00000172037	60.5	ENSP00000307156	LAMB2
ENSG00000086598	60.5	ENSP00000262225	TMED2
ENSG00000137133	60.3	ENSP00000259667	HINT2
ENSG00000170476	60.3	ENSP00000303920	MZB1
ENSG00000122378	60.3	ENSP00000482445	PRXL2A
ENSG00000069849	60.1	ENSP00000286371	ATP1B3
ENSG00000072958	59.9	ENSP00000388996	AP1M1
ENSG00000136527	59.9	ENSP00000416959	TRA2B
	59.8	ENSP00000319096	RAP2B
ENSG00000197930	59.8	ENSP00000379042	ERO1A
ENSG00000118939	59.8	ENSP00000366819	UCHL3
ENSG00000116962	59.7	ENSP00000264187	NID1
ENSG00000184117	59.5	ENSP00000216121	NIPSNAP1
ENSG00000253729	59.5	ENSP00000313420	PRKDC
ENSG00000049323	59.4	ENSP00000386043	LTBP1
ENSG00000117748	59.4	ENSP00000363017	RPA2
ENSG00000117906	59.4	ENSP00000319739	RCN2
ENSG00000205220	59.3	ENSP00000351314	PSMB10
	59.3	ENSP00000232905	EIF1B
	59.1	ENSP00000497720	MPIG6B
	59.1	ENSP00000317214	CAPN6
ENSG00000013364	59.1	ENSP00000378760	MVP
ENSG00000130725	59.0	ENSP00000253023	UBE2M
	59.0	ENSP00000363638	LYPLA2
ENSG00000138735	59.0	ENSP00000347046	PDE5A
ENSG00000135932	59.0	ENSP00000258418	CAB39
ENSG00000204574	58.7	ENSP00000313603	ABCF1
ENSG00000160180	58.6	ENSP00000430690	TFF3
ENSG00000160201	58.6	ENSP00000291552	U2AF1
ENSG00000164163	58.4	ENSP00000296577	ABCE1
ENSG00000178372	58.4	ENSP00000369689	CALML5
ENSG00000076554	58.3	ENSP00000429309	TPD52
ENSG00000101361	58.3	ENSP00000370589	NOP56
ENSG00000159348	58.3	ENSP00000356218	CYB5R1
ENSG00000108255	58.2	ENSP00000225387	CRYBA1
ENSG00000164904	58.2	ENSP00000387123	ALDH7A1
	58.1	ENSP00000360688	TXNDC12
ENSG00000263353	57.8	ENSP00000485206	PPIAL4A
ENSG00000111237	57.8	ENSP00000480853	VPS29
ENSG00000196305	57.8	ENSP00000364794	IARS1
ENSG00000131495	57.7	ENSP00000252102	NDUFA2
ENSG00000184840	57.7	ENSP00000330945	TMED9
ENSG00000154096	57.7	ENSP00000284240	THY1
ENSG00000270339	57.6	ENSP00000464619	PPIAL4H
ENSG00000168140	57.3	ENSP00000306864	VASN
ENSG00000108039	57.3	ENSP00000421566	XPNPEP1
ENSG00000149100	57.1	ENSP00000436049	EIF3M
ENSG00000240065	57.0	ENSP00000363993	PSMB9
ENSG00000128322	56.9	ENSP00000329312	IGLL1
ENSG00000115524	56.9	ENSP00000335321	SF3B1
	56.9	ENSP00000477310	DYNLL2
ENSG00000145779	56.8	ENSP00000427424	TNFAIP8
ENSG00000100353	56.8	ENSP00000216190	EIF3D
ENSG00000184432	56.8	ENSP00000329419	COPB2
ENSG00000263001	56.8	ENSP00000460070	GTF2I
ENSG00000198561	56.6	ENSP00000382004	CTNND1
ENSG00000178982	56.6	ENSP00000248342	EIF3K
ENSG00000168653	56.5	ENSP00000362058	NDUFS5
ENSG00000254087	56.4	ENSP00000428924	LYN
ENSG00000167588	56.2	ENSP00000301149	GPD1
ENSG00000143149	56.2	ENSP00000346827	ALDH9A1
ENSG00000148671	56.1	ENSP00000361083	ADIRF
ENSG00000115380	55.8	ENSP00000378058	EFEMP1
ENSG00000087365	55.8	ENSP00000318861	SF3B2
ENSG00000204264	55.7	ENSP00000364016	PSMB8
ENSG00000149357	55.6	ENSP00000278671	LAMTOR1
	55.6	ENSP00000452245	RNASE4
ENSG00000257727	55.6	ENSP00000273308	CNPY2
ENSG00000110367	55.5	ENSP00000478754	DDX6
ENSG00000125844	55.5	ENSP00000367038	RRBP1
ENSG00000118785	55.4	ENSP00000378517	SPP1
ENSG00000165732	55.4	ENSP00000346120	DDX21
ENSG00000142798	55.3	ENSP00000363827	HSPG2
ENSG00000130656	55.0	ENSP00000252951	HBZ
ENSG00000104738	55.0	ENSP00000262105	MCM4
ENSG00000166482	55.0	ENSP00000378957	MFAP4
ENSG00000239306	55.0	ENSP00000311747	RBM14
ENSG00000101132	55.0	ENSP00000360473	PFDN4
ENSG00000117394	54.9	ENSP00000416293	SLC2A1
ENSG00000090621	54.9	ENSP00000361949	PABPC4
ENSG00000074370	54.8	ENSP00000353072	ATP2A3
ENSG00000145354	54.8	ENSP00000273986	CISD2
ENSG00000112118	54.7	ENSP00000480987	MCM3
ENSG00000126088	54.7	ENSP00000246337	UROD
ENSG00000170860	54.7	ENSP00000302160	LSM3
	54.7	ENSP00000466025	CIRBP
ENSG00000167792	54.7	ENSP00000497587	NDUFV1
ENSG00000114021	54.7	ENSP00000377696	NIT2
ENSG00000081237	54.7	ENSP00000411355	PTPRC
ENSG00000180957	54.5	ENSP00000487693	PITPNB
ENSG00000124299	54.5	ENSP00000244137	PEPD
ENSG00000111786	54.5	ENSP00000229390	SRSF9
ENSG00000146232	54.5	ENSP00000275015	NFKBIE
ENSG00000196396	54.4	ENSP00000360683	PTPN1
ENSG00000158856	54.4	ENSP00000427866	DMTN
ENSG00000169976	54.4	ENSP00000356541	SF3B5
ENSG00000116005	54.3	ENSP00000387654	PCYOX1
ENSG00000173992	54.2	ENSP00000436318	CCS
ENSG00000042493	54.2	ENSP00000263867	CAPG
ENSG00000130414	54.1	ENSP00000252711	NDUFA10
ENSG00000150768	54.1	ENSP00000280346	DLAT
ENSG00000070010	54.0	ENSP00000263202	UFD1
ENSG00000121769	53.9	ENSP00000362817	FABP3
ENSG00000120708	53.9	ENSP00000416330	TGFBI
ENSG00000069535	53.8	ENSP00000367309	MAOB
ENSG00000072163	53.8	ENSP00000326888	LIMS2
ENSG00000060688	53.8	ENSP00000263694	SNRNP40
ENSG00000167969	53.7	ENSP00000301729	ECI1
ENSG00000127955	53.6	ENSP00000497260	GNAI1
ENSG00000180448	53.6	ENSP00000439601	ARHGAP45
ENSG00000214253	53.6	ENSP00000223136	FIS1
ENSG00000119421	53.5	ENSP00000362873	NDUFA8
ENSG00000152556	53.5	ENSP00000496597	PFKM
ENSG00000081154	53.3	ENSP00000265260	PCNP
ENSG00000213366	53.3	ENSP00000241337	GSTM2
	53.3	ENSP00000491073	ENSP00000491073
ENSG00000133818	53.2	ENSP00000256196	RRAS2
ENSG00000140263	53.2	ENSP00000267814	SORD
ENSG00000159352	53.2	ENSP00000357876	PSMD4
ENSG00000109332	53.2	ENSP00000349722	UBE2D3
ENSG00000169032	53.1	ENSP00000302486	MAP2K1
ENSG00000158417	53.1	ENSP00000289371	EIF5B
ENSG00000182512	53.1	ENSP00000328570	GLRX5
ENSG00000124164	53.0	ENSP00000417175	VAPB
ENSG00000009844	52.9	ENSP00000356602	VTA1
ENSG00000100836	52.8	ENSP00000216727	PABPN1
ENSG00000141543	52.8	ENSP00000497641	EIF4A3
ENSG00000183570	52.7	ENSP00000383168	PCBP3
ENSG00000183431	52.7	ENSP00000362110	SF3A3
ENSG00000133110	52.6	ENSP00000369071	POSTN
ENSG00000179051	52.6	ENSP00000364585	RCC2
ENSG00000139180	52.5	ENSP00000266544	NDUFA9
ENSG00000204394	52.4	ENSP00000364815	VARS1
ENSG00000124357	52.3	ENSP00000477639	NAGK
ENSG00000168496	52.3	ENSP00000305480	FEN1
ENSG00000007080	52.1	ENSP00000471455	CCDC124
ENSG00000116649	52.0	ENSP00000366156	SRM
ENSG00000073008	51.9	ENSP00000402060	PVR
ENSG00000166986	51.8	ENSP00000262027	MARS1
ENSG00000180398	51.8	ENSP00000386651	MCFD2
ENSG00000147813	51.7	ENSP00000401508	NAPRT
ENSG00000026508	51.7	ENSP00000398632	CD44
ENSG00000116120	51.7	ENSP00000281828	FARSB
ENSG00000071626	51.6	ENSP00000233078	DAZAP1
ENSG00000105254	51.5	ENSP00000221855	TBCB
ENSG00000150656	51.4	ENSP00000351682	CNDP1
	51.4	ENSP00000263598	LCN1
ENSG00000135069	51.3	ENSP00000365773	PSAT1
ENSG00000003056	51.3	ENSP00000000412	M6PR
ENSG00000163221	51.3	ENSP00000357726	S100A12
ENSG00000103876	51.3	ENSP00000385080	FAH
ENSG00000118508	51.3	ENSP00000356465	RAB32
ENSG00000196365	51.3	ENSP00000353826	LONP1
ENSG00000153037	51.2	ENSP00000424870	SRP19
ENSG00000158195	51.1	ENSP00000483313	WASF2
ENSG00000178363	51.0	ENSP00000315299	CALML3
ENSG00000069345	51.0	ENSP00000314030	DNAJA2
ENSG00000099995	51.0	ENSP00000215793	SF3A1
ENSG00000002586	50.9	ENSP00000370588	CD99
ENSG00000167996	50.9	ENSP00000273550	FTH1
	50.9	ENSP00000381844	ATL3
ENSG00000163344	50.8	ENSP00000357452	PMVK
ENSG00000163382	50.7	ENSP00000357218	NAXE
ENSG00000187735	50.7	ENSP00000428426	TCEA1
ENSG00000131508	50.7	ENSP00000381717	UBE2D2
ENSG00000161618	50.6	ENSP00000293350	ALDH16A1
ENSG00000079435	50.5	ENSP00000244289	LIPE
	50.4	ENSP00000332887	UQCR10
ENSG00000125870	50.2	ENSP00000246071	SNRPB2
ENSG00000164244	50.1	ENSP00000421965	PRRC1
ENSG00000105197	50.0	ENSP00000445806	TIMM50
ENSG00000117899	49.9	ENSP00000261758	MESD
ENSG00000189091	49.9	ENSP00000305790	SF3B3
ENSG00000117519	49.8	ENSP00000359225	CNN3
ENSG00000163110	49.7	ENSP00000480359	PDLIM5
ENSG00000118004	49.6	ENSP00000411770	COLEC11
ENSG00000213741	49.5	ENSP00000379339	RPS29
	49.5	ENSP00000446743	F8W031_HUMAN
ENSG00000088833	49.5	ENSP00000418529	NSFL1C
ENSG00000180370	49.3	ENSP00000314067	PAK2
ENSG00000012232	49.3	ENSP00000220562	EXTL3
ENSG00000134996	49.2	ENSP00000340836	OSTF1
ENSG00000169299	49.2	ENSP00000371393	PGM2
ENSG00000145494	49.2	ENSP00000274137	NDUFS6
ENSG00000152700	49.1	ENSP00000385432	SAR1B
ENSG00000196923	49.1	ENSP00000348099	PDLIM7
ENSG00000108107	49.0	ENSP00000452763	RPL28
ENSG00000029363	48.8	ENSP00000435210	BCLAF1
ENSG00000171793	48.6	ENSP00000497744	CTPS1
ENSG00000131844	48.4	ENSP00000343657	MCCC2
	48.4	ENSP00000478024	CCL16
ENSG00000100266	48.4	ENSP00000263246	PACSIN2
ENSG00000168610	48.3	ENSP00000264657	STAT3
	48.3	ENSP00000307275	SCAMP3
ENSG00000139921	48.2	ENSP00000393316	TMX1
ENSG00000105323	48.2	ENSP00000375863	HNRNPUL1
ENSG00000106333	48.1	ENSP00000223061	PCOLCE
ENSG00000083312	48.1	ENSP00000336712	TNPO1
ENSG00000161533	47.7	ENSP00000293217	ACOX1
ENSG00000105357	47.6	ENSP00000493594	MYH14
ENSG00000035862	47.5	ENSP00000262768	TIMP2
ENSG00000171914	47.5	ENSP00000453508	TLN2
ENSG00000166340	47.4	ENSP00000299427	TPP1
ENSG00000122729	47.3	ENSP00000309477	ACO1
ENSG00000196743	47.3	ENSP00000349687	GM2A
	47.2	ENSP00000448785	METTL7A
ENSG00000138663	47.2	ENSP00000424655	COPS4
ENSG00000104131	47.1	ENSP00000261868	EIF3J
ENSG00000100347	47.1	ENSP00000345445	SAMM50
ENSG00000149021	47.1	ENSP00000278282	SCGB1A1
ENSG00000143819	47.1	ENSP00000480004	EPHX1
ENSG00000100401	47.0	ENSP00000401470	RANGAP1
ENSG00000152583	46.9	ENSP00000414856	SPARCL1
ENSG00000206053	46.9	ENSP00000248098	JPT2
ENSG00000142875	46.8	ENSP00000359719	PRKACB
ENSG00000174876	46.7	ENSP00000330484	AMY1B
ENSG00000187733	46.7	ENSP00000359096	AMY1C
ENSG00000237763	46.7	ENSP00000359100	AMY1A
ENSG00000134318	46.6	ENSP00000317985	ROCK2
ENSG00000110717	46.6	ENSP00000315774	NDUFS8
ENSG00000141127	46.5	ENSP00000268835	PRPSAP2
ENSG00000073969	46.5	ENSP00000381293	NSF
ENSG00000162191	46.5	ENSP00000294119	UBXN1
ENSG00000108821	46.5	ENSP00000225964	COL1A1
ENSG00000102572	46.4	ENSP00000365730	STK24
ENSG00000106305	46.4	ENSP00000223029	AIMP2
ENSG00000076003	46.4	ENSP00000264156	MCM6
ENSG00000198900	46.3	ENSP00000354522	TOP1
ENSG00000158941	46.3	ENSP00000310670	CCAR2
ENSG00000160633	46.2	ENSP00000467423	SAFB
	46.2	ENSP00000332706	PURA
ENSG00000116754	46.2	ENSP00000359988	SRSF11
ENSG00000270647	46.0	ENSP00000474096	TAF15
ENSG00000126458	45.9	ENSP00000246792	RRAS
ENSG00000147677	45.9	ENSP00000429931	EIF3H
	45.9	ENSP00000291577	GATD3A
ENSG00000162961	45.9	ENSP00000345837	DPY30
ENSG00000159231	45.8	ENSP00000290354	CBR3
ENSG00000158747	45.8	ENSP00000289749	NBL1
ENSG00000135862	45.8	ENSP00000258341	LAMC1
ENSG00000154174	45.8	ENSP00000284320	TOMM70
ENSG00000074842	45.8	ENSP00000262947	MYDGF
ENSG00000270757	45.8	ENSP00000474534	HSPE1-MOB4
ENSG00000108010	45.8	ENSP00000357633	GLRX3
ENSG00000136888	45.7	ENSP00000363162	ATP6V1G1
ENSG00000136950	45.7	ENSP00000345361	ARPC5L
ENSG00000111667	45.6	ENSP00000229268	USP5
ENSG00000128534	45.6	ENSP00000249299	LSM8
	45.5	ENSP00000481152	IGHV3-43D
ENSG00000162896	45.5	ENSP00000348888	PIGR
ENSG00000115677	45.4	ENSP00000375836	HDLBP
	45.4	ENSP00000386655	RPL36A-HNRNPH2
ENSG00000248746	45.4	ENSP00000422007	ACTN3
ENSG00000113575	45.3	ENSP00000418447	PPP2CA
ENSG00000099974	45.1	ENSP00000215770	DDTL
ENSG00000125877	45.1	ENSP00000369456	ITPA
ENSG00000196961	45.1	ENSP00000351926	AP2A1
ENSG00000172053	45.1	ENSP00000307567	QARS1
ENSG00000108578	45.1	ENSP00000261714	BLMH
ENSG00000007168	45.1	ENSP00000380378	PAFAH1B1
ENSG00000143320	45.0	ENSP00000482841	CRABP2
ENSG00000136731	44.9	ENSP00000259253	UGGT1
ENSG00000197702	44.9	ENSP00000334008	PARVA
ENSG00000169750	44.8	ENSP00000304283	RAC3
ENSG00000100604	44.8	ENSP00000216492	CHGA
ENSG00000273749	44.8	ENSP00000481038	CYFIP1
ENSG00000104695	44.7	ENSP00000221138	PPP2CB
	44.7	ENSP00000430774	E5RI56_HUMAN
ENSG00000095303	44.7	ENSP00000354612	PTGS1
ENSG00000162433	44.7	ENSP00000378743	AK4
ENSG00000117305	44.5	ENSP00000363614	HMGCL
ENSG00000124802	44.5	ENSP00000369038	EEF1E1
ENSG00000137767	44.5	ENSP00000456019	SQOR
ENSG00000162614	44.5	ENSP00000333938	NEXN
ENSG00000198848	44.4	ENSP00000353720	CES1
	44.4	ENSP00000453801	WDR61
ENSG00000187699	44.3	ENSP00000345107	C2orf88
ENSG00000167193	44.3	ENSP00000300574	CRK
ENSG00000104897	44.3	ENSP00000221494	SF3A2
ENSG00000138768	44.2	ENSP00000264904	USO1
ENSG00000074201	44.2	ENSP00000433919	CLNS1A
ENSG00000185896	44.2	ENSP00000333298	LAMP1
ENSG00000145349	44.1	ENSP00000425824	CAMK2D
ENSG00000142515	44.1	ENSP00000314151	KLK3
ENSG00000170759	44.0	ENSP00000307078	KIF5B
	44.0	ENSP00000312734	RAB8B
	43.9	ENSP00000428209	UBE2V2
ENSG00000174697	43.9	ENSP00000312652	LEP
ENSG00000133731	43.9	ENSP00000408526	IMPA1
ENSG00000176105	43.8	ENSP00000462468	YES1
ENSG00000131095	43.8	ENSP00000253408	GFAP
ENSG00000109534	43.7	ENSP00000226796	GAR1
ENSG00000149564	43.7	ENSP00000278927	ESAM
ENSG00000079805	43.6	ENSP00000373905	DNM2
ENSG00000119711	43.6	ENSP00000450436	ALDH6A1
ENSG00000130706	43.5	ENSP00000478877	ADRM1
ENSG00000270800	43.5	ENSP00000492441	RPS10-NUDT3
	43.5	ENSP00000289228	ACTR1B
ENSG00000111737	43.5	ENSP00000229340	RAB35
ENSG00000197971	43.4	ENSP00000380958	MBP
ENSG00000216490	43.4	ENSP00000384886	IFI30
ENSG00000130826	43.4	ENSP00000358563	DKC1
ENSG00000124562	43.3	ENSP00000244520	SNRPC
ENSG00000006451	43.3	ENSP00000005257	RALA
ENSG00000175416	43.3	ENSP00000309415	CLTB
ENSG00000129515	43.3	ENSP00000498872	SNX6
ENSG00000143556	43.2	ENSP00000357711	S100A7
ENSG00000099246	43.2	ENSP00000478479	RAB18
ENSG00000198130	43.2	ENSP00000352706	HIBCH
ENSG00000044115	43.2	ENSP00000304669	CTNNA1
ENSG00000101843	43.1	ENSP00000217958	PSMD10
ENSG00000094916	43.1	ENSP00000209875	CBX5
ENSG00000126550	43.1	ENSP00000424501	HTN1
ENSG00000117118	43.0	ENSP00000364649	SDHB
	42.9	ENSP00000272233	RHOB
ENSG00000115641	42.9	ENSP00000386892	FHL2
ENSG00000185989	42.9	ENSP00000335029	RASA3
ENSG00000100575	42.9	ENSP00000378588	TIMM9
ENSG00000151475	42.8	ENSP00000281154	SLC25A31
ENSG00000138757	42.8	ENSP00000352738	G3BP2
ENSG00000131738	42.7	ENSP00000251646	KRT33B
ENSG00000196126	42.6	ENSP00000353099	HLA-DRB1
ENSG00000008394	42.6	ENSP00000379512	MGST1
ENSG00000182446	42.6	ENSP00000331487	NPLOC4
ENSG00000182179	42.6	ENSP00000333266	UBA7
ENSG00000185721	42.4	ENSP00000329715	DRG1
ENSG00000151552	42.4	ENSP00000281243	QDPR
ENSG00000205339	42.2	ENSP00000369042	IPO7
ENSG00000198888	42.1	ENSP00000354687	MT-ND1
ENSG00000129824	42.0	ENSP00000250784	RPS4Y1
ENSG00000134049	42.0	ENSP00000256433	IER3IP1
ENSG00000144028	41.9	ENSP00000317123	SNRNP200
ENSG00000143155	41.9	ENSP00000356807	TIPRL
ENSG00000125458	41.8	ENSP00000245552	NT5C
ENSG00000072062	41.7	ENSP00000309591	PRKACA
ENSG00000141985	41.7	ENSP00000269886	SH3GL1
ENSG00000164692	41.6	ENSP00000297268	COL1A2
ENSG00000054118	41.5	ENSP00000346634	THRAP3
ENSG00000170473	41.5	ENSP00000386156	PYM1
ENSG00000187134	41.5	ENSP00000370254	AKR1C1
ENSG00000092108	41.4	ENSP00000390783	SCFD1
ENSG00000166747	41.4	ENSP00000377148	AP1G1
ENSG00000140682	41.4	ENSP00000378332	TGFB1I1
ENSG00000105953	41.4	ENSP00000388183	OGDH
ENSG00000110108	41.3	ENSP00000227525	TMEM109
	41.3	ENSP00000485022	U2AF1L5
ENSG00000116030	41.3	ENSP00000376077	SUMO1
	41.2	ENSP00000222271	COMP
ENSG00000145912	41.2	ENSP00000274606	NHP2
ENSG00000077380	41.1	ENSP00000380308	DYNC1I2
	41.1	ENSP00000450353	F8VP50_HUMAN
ENSG00000086065	41.1	ENSP00000223500	CHMP5
ENSG00000108064	41.1	ENSP00000420588	TFAM
ENSG00000099810	41.1	ENSP00000494373	MTAP
ENSG00000187840	41.0	ENSP00000340691	EIF4EBP1
ENSG00000133706	40.9	ENSP00000377954	LARS1
ENSG00000130764	40.9	ENSP00000367498	LRRC47
ENSG00000037474	40.9	ENSP00000264670	NSUN2
ENSG00000121390	40.9	ENSP00000343966	PSPC1
ENSG00000137713	40.9	ENSP00000311344	PPP2R1B
ENSG00000106245	40.9	ENSP00000386023	BUD31
ENSG00000170523	40.9	ENSP00000293670	KRT83
ENSG00000111540	40.8	ENSP00000353444	RAB5B
ENSG00000116455	40.8	ENSP00000235090	WDR77
ENSG00000005007	40.7	ENSP00000470142	UPF1
ENSG00000126233	40.7	ENSP00000246515	SLURP1
ENSG00000087274	40.7	ENSP00000264758	ADD1
ENSG00000004700	40.6	ENSP00000416739	RECQL
ENSG00000213024	40.6	ENSP00000471191	NUP62
ENSG00000171346	40.6	ENSP00000377546	KRT15
ENSG00000204424	40.6	ENSP00000364992	LY6G6F
ENSG00000112304	40.6	ENSP00000230048	ACOT13
ENSG00000128266	40.5	ENSP00000478892	GNAZ
ENSG00000087087	40.5	ENSP00000480421	SRRT
ENSG00000132541	40.5	ENSP00000254878	RIDA
ENSG00000167220	40.5	ENSP00000300605	HDHD2
ENSG00000130176	40.5	ENSP00000252456	CNN1
ENSG00000142192	40.4	ENSP00000284981	APP
ENSG00000171960	40.3	ENSP00000306614	PPIH
ENSG00000118363	40.3	ENSP00000263672	SPCS2
	40.3	ENSP00000356574	QSOX1
ENSG00000213516	40.3	ENSP00000446099	RBMXL1
ENSG00000239900	40.3	ENSP00000485525	ADSL
ENSG00000054148	40.3	ENSP00000247665	PHPT1
ENSG00000100410	40.2	ENSP00000216252	PHF5A
ENSG00000021826	40.1	ENSP00000402608	CPS1
ENSG00000198431	40.1	ENSP00000434516	TXNRD1
ENSG00000156110	40.1	ENSP00000443965	ADK
ENSG00000117151	40.1	ENSP00000359664	CTBS
ENSG00000093167	40.0	ENSP00000338727	LRRFIP2
ENSG00000197102	39.9	ENSP00000348965	DYNC1H1
ENSG00000138698	39.9	ENSP00000340454	RAP1GDS1
ENSG00000144118	39.8	ENSP00000272519	RALB
ENSG00000139726	39.8	ENSP00000280557	DENR
ENSG00000130707	39.8	ENSP00000361471	ASS1
ENSG00000131050	39.8	ENSP00000253362	BPIFA2
	39.8	ENSP00000484078	CCL15
ENSG00000129128	39.7	ENSP00000427463	SPCS3
ENSG00000133703	39.7	ENSP00000256078	KRAS
ENSG00000065154	39.7	ENSP00000357838	OAT
ENSG00000144827	39.6	ENSP00000273359	ABHD10
ENSG00000181610	39.6	ENSP00000320184	MRPS23
ENSG00000114023	39.5	ENSP00000419088	FAM162A
ENSG00000035141	39.5	ENSP00000397269	FAM136A
ENSG00000237289	39.5	ENSP00000300283	CKMT1B
ENSG00000223572	39.5	ENSP00000406577	CKMT1A
ENSG00000140553	39.4	ENSP00000407487	UNC45A
ENSG00000166501	39.4	ENSP00000496129	PRKCB
ENSG00000103811	39.4	ENSP00000220166	CTSH
ENSG00000138674	39.3	ENSP00000378721	SEC31A
ENSG00000185015	39.3	ENSP00000318912	CA13
ENSG00000063241	39.3	ENSP00000085068	ISOC2
ENSG00000163565	39.2	ENSP00000357113	IFI16
	39.1	ENSP00000356791	DPT
ENSG00000149476	39.1	ENSP00000378360	TKFC
ENSG00000131378	39.1	ENSP00000334153	RFTN1
	39.0	ENSP00000358840	ATP5MD
ENSG00000128928	39.0	ENSP00000499074	IVD
ENSG00000143862	38.9	ENSP00000272217	ARL8A
ENSG00000130638	38.9	ENSP00000252934	ATXN10
ENSG00000096060	38.8	ENSP00000444810	FKBP5
ENSG00000101421	38.8	ENSP00000217402	CHMP4B
ENSG00000105409	38.8	ENSP00000444688	ATP1A3
ENSG00000060971	38.8	ENSP00000333664	ACAA1
ENSG00000162813	38.7	ENSP00000446828	BPNT1
ENSG00000138080	38.7	ENSP00000369677	EMILIN1
ENSG00000010610	38.7	ENSP00000011653	CD4
ENSG00000197045	38.7	ENSP00000350757	GMFB
ENSG00000161203	38.6	ENSP00000403362	AP2M1
ENSG00000178934	38.5	ENSP00000313571	LGALS7B
ENSG00000205076	38.5	ENSP00000367891	LGALS7
ENSG00000106077	38.5	ENSP00000222800	ABHD11
ENSG00000134900	38.4	ENSP00000365220	TPP2
ENSG00000165688	38.4	ENSP00000360782	PMPCA
ENSG00000149136	38.4	ENSP00000278412	SSRP1
ENSG00000172340	38.4	ENSP00000419325	SUCLG2
ENSG00000127125	38.3	ENSP00000361642	PPCS
ENSG00000136261	38.3	ENSP00000397249	BZW2
ENSG00000177731	38.3	ENSP00000324573	FLII
ENSG00000115365	38.2	ENSP00000388713	LANCL1
ENSG00000171446	38.2	ENSP00000301656	KRT27
ENSG00000111361	38.1	ENSP00000416250	EIF2B1
ENSG00000178127	38.1	ENSP00000327268	NDUFV2
ENSG00000151846	38.1	ENSP00000281589	PABPC3
ENSG00000088888	38.0	ENSP00000401980	MAVS
ENSG00000174231	38.0	ENSP00000460348	PRPF8
ENSG00000092201	37.9	ENSP00000216297	SUPT16H
ENSG00000165416	37.8	ENSP00000367208	SUGT1
ENSG00000126777	37.8	ENSP00000378725	KTN1
ENSG00000109270	37.7	ENSP00000424183	LAMTOR3
ENSG00000203747	37.7	ENSP00000356946	FCGR3A
	37.7	ENSP00000419851	GMPS
	37.6	ENSP00000376390	RAB37
ENSG00000124193	37.6	ENSP00000244020	SRSF6
ENSG00000102007	37.6	ENSP00000365505	PLP2
ENSG00000150593	37.6	ENSP00000280154	PDCD4
ENSG00000079819	37.5	ENSP00000357110	EPB41L2
ENSG00000100612	37.5	ENSP00000216500	DHRS7
ENSG00000146729	37.5	ENSP00000313050	NIPSNAP2
ENSG00000132383	37.5	ENSP00000254719	RPA1
ENSG00000072210	37.5	ENSP00000345774	ALDH3A2
ENSG00000049449	37.4	ENSP00000054950	RCN1
ENSG00000101911	37.4	ENSP00000381504	PRPS2
ENSG00000171766	37.4	ENSP00000379895	GATM
ENSG00000113282	37.4	ENSP00000429824	CLINT1
ENSG00000168393	37.3	ENSP00000304802	DTYMK
ENSG00000146540	37.2	ENSP00000380286	C7orf50
	37.2	ENSP00000354632	MT-ATP6
	37.1	ENSP00000376167	GPS1
ENSG00000133226	37.1	ENSP00000326261	SRRM1
ENSG00000135047	37.1	ENSP00000345344	CTSL
ENSG00000100462	37.1	ENSP00000319169	PRMT5
ENSG00000082074	37.1	ENSP00000493623	FYB1
ENSG00000114302	37.0	ENSP00000265563	PRKAR2A
ENSG00000183010	37.0	ENSP00000384949	PYCR1
ENSG00000179776	37.0	ENSP00000497290	CDH5
ENSG00000197079	37.0	ENSP00000377558	KRT35
ENSG00000129988	36.9	ENSP00000217407	LBP
ENSG00000147471	36.8	ENSP00000333551	PLPBP
ENSG00000124942	36.8	ENSP00000367263	AHNAK
ENSG00000135778	36.7	ENSP00000355587	NTPCR
ENSG00000115275	36.7	ENSP00000410992	MOGS
ENSG00000205323	36.7	ENSP00000337632	SARNP
ENSG00000067955	36.6	ENSP00000415151	CBFB
ENSG00000094796	36.6	ENSP00000251645	KRT31
ENSG00000259384	36.6	ENSP00000312673	GH1
ENSG00000160439	36.5	ENSP00000391121	RDH13
ENSG00000100985	36.5	ENSP00000361405	MMP9
ENSG00000126934	36.4	ENSP00000262948	MAP2K2
ENSG00000170017	36.4	ENSP00000305988	ALCAM
ENSG00000136143	36.3	ENSP00000494360	SUCLA2
ENSG00000144867	36.2	ENSP00000418401	SRPRB
ENSG00000115756	36.2	ENSP00000483786	HPCAL1
ENSG00000198356	36.1	ENSP00000466379	GET3
	36.1	ENSP00000362807	PEF1
ENSG00000030582	36.1	ENSP00000053867	GRN
ENSG00000110711	36.0	ENSP00000279146	AIP
	36.0	ENSP00000296877	LEAP2
	36.0	ENSP00000349860	GFPT1
ENSG00000175216	36.0	ENSP00000432768	CKAP5
ENSG00000074317	35.9	ENSP00000377296	SNCB
ENSG00000177688	35.9	ENSP00000318635	SUMO4
ENSG00000070087	35.8	ENSP00000239940	PFN2
	35.8	ENSP00000301939	TMEM256
ENSG00000115840	35.7	ENSP00000388658	SLC25A12
ENSG00000141378	35.7	ENSP00000387180	PTRH2
ENSG00000105618	35.7	ENSP00000324122	PRPF31
ENSG00000163918	35.7	ENSP00000376272	RFC4
ENSG00000106541	35.6	ENSP00000391490	AGR2
ENSG00000182890	35.6	ENSP00000327589	GLUD2
ENSG00000164062	35.6	ENSP00000296456	APEH
ENSG00000169193	35.5	ENSP00000304355	CCDC126
ENSG00000108465	35.5	ENSP00000438886	CDK5RAP3
ENSG00000109814	35.4	ENSP00000319501	UGDH
ENSG00000111652	35.4	ENSP00000446039	COPS7A
ENSG00000102390	35.4	ENSP00000362456	PBDC1
ENSG00000120063	35.3	ENSP00000400717	GNA13
ENSG00000086548	35.3	ENSP00000199764	CEACAM6
ENSG00000146963	35.3	ENSP00000347005	LUC7L2
ENSG00000131730	35.3	ENSP00000404203	CKMT2
ENSG00000174547	35.3	ENSP00000308897	MRPL11
ENSG00000168924	35.2	ENSP00000305653	LETM1
ENSG00000110801	35.2	ENSP00000440485	PSMD9
ENSG00000145247	35.2	ENSP00000423014	OCIAD2
ENSG00000205302	35.1	ENSP00000368831	SNX2
ENSG00000178462	35.1	ENSP00000369784	TUBAL3
ENSG00000102309	35.1	ENSP00000499466	PIN4
ENSG00000137497	35.0	ENSP00000377298	NUMA1
ENSG00000136518	34.9	ENSP00000397552	ACTL6A
	34.9	ENSP00000374013	PRB2
ENSG00000099797	34.9	ENSP00000215567	TECR
ENSG00000198099	34.9	ENSP00000424630	ADH4
ENSG00000110321	34.9	ENSP00000433664	EIF4G2
ENSG00000073921	34.8	ENSP00000377015	PICALM
ENSG00000067048	34.8	ENSP00000353284	DDX3Y
ENSG00000116478	34.8	ENSP00000362649	HDAC1
ENSG00000134571	34.8	ENSP00000442795	MYBPC3
ENSG00000168036	34.8	ENSP00000495360	CTNNB1
ENSG00000179958	34.8	ENSP00000322524	DCTPP1
ENSG00000157184	34.7	ENSP00000360541	CPT2
ENSG00000143183	34.7	ENSP00000480514	TMCO1
ENSG00000078808	34.7	ENSP00000499387	SDF4
ENSG00000143569	34.7	ENSP00000389445	UBAP2L
ENSG00000035687	34.7	ENSP00000355493	ADSS2
ENSG00000166200	34.7	ENSP00000299259	COPS2
ENSG00000128311	34.6	ENSP00000385828	TST
ENSG00000145220	34.6	ENSP00000345917	LYAR
ENSG00000137100	34.6	ENSP00000259632	DCTN3
ENSG00000116918	34.6	ENSP00000355599	TSNAX
ENSG00000155380	34.5	ENSP00000441065	SLC16A1
ENSG00000113068	34.5	ENSP00000261813	PFDN1
ENSG00000161513	34.5	ENSP00000416515	FDXR
ENSG00000197614	34.5	ENSP00000352455	MFAP5
ENSG00000128524	34.4	ENSP00000417378	ATP6V1F
ENSG00000065548	34.4	ENSP00000338788	ZC3H15
ENSG00000164024	34.4	ENSP00000296411	METAP1
ENSG00000176390	34.4	ENSP00000318804	CRLF3
ENSG00000003436	34.3	ENSP00000233156	TFPI
ENSG00000111245	34.3	ENSP00000228841	MYL2
ENSG00000102316	34.2	ENSP00000364193	MAGED2
ENSG00000095261	34.2	ENSP00000210313	PSMD5
ENSG00000138175	34.2	ENSP00000260746	ARL3
ENSG00000262814	34.1	ENSP00000333837	MRPL12
ENSG00000204619	34.1	ENSP00000365963	PPP1R11
ENSG00000105552	34.1	ENSP00000322991	BCAT2
ENSG00000114902	34.1	ENSP00000233025	SPCS1
ENSG00000099817	34.0	ENSP00000478303	POLR2E
ENSG00000126524	34.0	ENSP00000246868	SBDS
ENSG00000164307	34.0	ENSP00000296754	ERAP1
ENSG00000156026	33.9	ENSP00000362144	MCU
ENSG00000132589	33.9	ENSP00000378368	FLOT2
ENSG00000120686	33.8	ENSP00000368970	UFM1
ENSG00000065911	33.8	ENSP00000377617	MTHFD2
	33.7	ENSP00000497326	CPOX
ENSG00000070182	33.7	ENSP00000495909	SPTB
	33.7	ENSP00000263657	PNO1
	33.7	ENSP00000366798	HMGN4
ENSG00000172399	33.6	ENSP00000306997	MYOZ2
ENSG00000185739	33.6	ENSP00000382518	SRL
ENSG00000174780	33.6	ENSP00000495128	SRP72
ENSG00000147224	33.6	ENSP00000361512	PRPS1
ENSG00000198171	33.6	ENSP00000346483	DDRGK1
ENSG00000136732	33.6	ENSP00000259254	GYPC
ENSG00000055332	33.5	ENSP00000233057	EIF2AK2
ENSG00000166181	33.5	ENSP00000431391	API5
ENSG00000196591	33.5	ENSP00000430432	HDAC2
	33.5	ENSP00000375649	MYADM
ENSG00000243480	33.4	ENSP00000481450	AMY2A
ENSG00000240038	33.3	ENSP00000354610	AMY2B
ENSG00000110104	33.2	ENSP00000227520	CCDC86
ENSG00000176890	33.2	ENSP00000315644	TYMS
ENSG00000144635	33.2	ENSP00000273130	DYNC1LI1
ENSG00000160307	33.2	ENSP00000291700	S100B
ENSG00000068831	33.1	ENSP00000338864	RASGRP2
	33.1	ENSP00000499501	H3-2
ENSG00000159023	33.1	ENSP00000345259	EPB41
ENSG00000047410	33.1	ENSP00000356448	TPR
ENSG00000158825	33.0	ENSP00000364212	CDA
ENSG00000070371	33.0	ENSP00000441158	CLTCL1
ENSG00000127241	33.0	ENSP00000296280	MASP1
ENSG00000159423	32.9	ENSP00000364490	ALDH4A1
ENSG00000167641	32.9	ENSP00000301242	PPP1R14A
ENSG00000170540	32.8	ENSP00000306788	ARL6IP1
ENSG00000178921	32.7	ENSP00000313490	PFAS
ENSG00000166086	32.7	ENSP00000299106	JAM3
ENSG00000100934	32.7	ENSP00000306881	SEC23A
ENSG00000104419	32.6	ENSP00000404854	NDRG1
ENSG00000136231	32.6	ENSP00000258729	IGF2BP3
ENSG00000147123	32.6	ENSP00000276062	NDUFB11
ENSG00000100304	32.6	ENSP00000216129	TTLL12
ENSG00000154229	32.6	ENSP00000408695	PRKCA
	32.6	ENSP00000340305	UBE2V1
ENSG00000161847	32.5	ENSP00000482486	RAVER1
ENSG00000167881	32.5	ENSP00000312066	SRP68
ENSG00000114354	32.5	ENSP00000240851	TFG
ENSG00000120805	32.5	ENSP00000261636	ARL1
ENSG00000101266	32.4	ENSP00000217244	CSNK2A1
ENSG00000128708	32.4	ENSP00000264108	HAT1
ENSG00000185640	32.4	ENSP00000328358	KRT79
ENSG00000173540	32.4	ENSP00000309092	GMPPB
ENSG00000135821	32.4	ENSP00000307900	GLUL
ENSG00000100889	32.3	ENSP00000216780	PCK2
ENSG00000105518	32.3	ENSP00000346954	TMEM205
ENSG00000130332	32.3	ENSP00000252622	LSM7
ENSG00000102030	32.3	ENSP00000417763	NAA10
ENSG00000157020	32.3	ENSP00000373312	SEC13
ENSG00000121579	32.3	ENSP00000240922	NAA50
ENSG00000113522	32.2	ENSP00000368100	RAD50
	32.1	ENSP00000464383	L7N2F9_HUMAN
ENSG00000123454	32.1	ENSP00000376776	DBH
ENSG00000103342	32.1	ENSP00000398131	GSPT1
ENSG00000198612	32.0	ENSP00000346340	COPS8
ENSG00000010671	32.0	ENSP00000483570	BTK
ENSG00000038274	32.0	ENSP00000325425	MAT2B
ENSG00000100034	32.0	ENSP00000263212	PPM1F
ENSG00000187239	32.0	ENSP00000413625	FNBP1
ENSG00000167323	31.9	ENSP00000478059	STIM1
ENSG00000070669	31.8	ENSP00000377845	ASNS
	31.8	ENSP00000356214	MYCT1
ENSG00000064601	31.8	ENSP00000361562	CTSA
ENSG00000124783	31.8	ENSP00000244763	SSR1
ENSG00000102738	31.8	ENSP00000315397	MRPS31
ENSG00000109133	31.8	ENSP00000422473	TMEM33
ENSG00000143222	31.8	ENSP00000356982	UFC1
ENSG00000116171	31.8	ENSP00000360569	SCP2
ENSG00000078902	31.7	ENSP00000314733	TOLLIP
ENSG00000099341	31.7	ENSP00000215071	PSMD8
ENSG00000149294	31.7	ENSP00000480132	NCAM1
ENSG00000170876	31.7	ENSP00000303992	TMEM43
ENSG00000101000	31.7	ENSP00000216968	PROCR
ENSG00000113384	31.7	ENSP00000265070	GOLPH3
ENSG00000164405	31.7	ENSP00000367939	UQCRQ
	31.6	ENSP00000262506	CSNK2A2
ENSG00000162909	31.5	ENSP00000295006	CAPN2
ENSG00000181019	31.5	ENSP00000319788	NQO1
ENSG00000108588	31.5	ENSP00000225726	CCDC47
ENSG00000145293	31.5	ENSP00000273920	ENOPH1
ENSG00000161888	31.4	ENSP00000465075	SPC24
ENSG00000197915	31.4	ENSP00000357791	HRNR
ENSG00000161267	31.3	ENSP00000376184	BDH1
ENSG00000106153	31.3	ENSP00000378812	CHCHD2
ENSG00000112293	31.3	ENSP00000230036	GPLD1
ENSG00000149218	31.3	ENSP00000278505	ENDOD1
ENSG00000107164	31.3	ENSP00000318177	FUBP3
ENSG00000136854	31.3	ENSP00000362399	STXBP1
ENSG00000120533	31.2	ENSP00000429986	ENY2
ENSG00000121053	31.2	ENSP00000225371	EPX
ENSG00000158864	31.1	ENSP00000356972	NDUFS2
ENSG00000070081	31.0	ENSP00000436455	NUCB2
ENSG00000114491	31.0	ENSP00000232607	UMPS
ENSG00000196405	31.0	ENSP00000376652	EVL
ENSG00000112208	31.0	ENSP00000359727	BAG2
ENSG00000105655	31.0	ENSP00000337746	ISYNA1
ENSG00000087303	31.0	ENSP00000216286	NID2
	30.9	ENSP00000468367	K7ERQ8_HUMAN
ENSG00000119707	30.9	ENSP00000261973	RBM25
ENSG00000086696	30.9	ENSP00000199936	HSD17B2
ENSG00000147164	30.9	ENSP00000481314	SNX12
ENSG00000155657	30.9	ENSP00000467141	TTN
ENSG00000174775	30.8	ENSP00000407586	HRAS
ENSG00000151632	30.7	ENSP00000370129	AKR1C2
ENSG00000176533	30.7	ENSP00000371594	GNG7
ENSG00000129562	30.7	ENSP00000250498	DAD1
ENSG00000112062	30.7	ENSP00000229795	MAPK14
ENSG00000138495	30.7	ENSP00000261070	COX17
ENSG00000023909	30.6	ENSP00000359258	GCLM
ENSG00000000419	30.6	ENSP00000360638	DPM1
ENSG00000163131	30.6	ENSP00000357981	CTSS
ENSG00000158604	30.6	ENSP00000404042	TMED4
	30.5	ENSP00000418572	VAMP2
ENSG00000168488	30.5	ENSP00000378917	ATXN2L
ENSG00000188375	30.4	ENSP00000339835	H3-5
ENSG00000144566	30.4	ENSP00000273047	RAB5A
ENSG00000162385	30.4	ENSP00000360525	MAGOH
ENSG00000053372	30.4	ENSP00000364320	MRTO4
ENSG00000115806	30.4	ENSP00000234160	GORASP2
	30.4	ENSP00000215882	SLC25A1
ENSG00000132471	30.3	ENSP00000467579	WBP2
ENSG00000148334	30.3	ENSP00000345341	PTGES2
ENSG00000100614	30.2	ENSP00000327255	PPM1A
ENSG00000124107	30.2	ENSP00000342082	SLPI
ENSG00000160679	30.2	ENSP00000357679	CHTOP
ENSG00000198721	30.2	ENSP00000369461	ECI2
ENSG00000074696	30.1	ENSP00000261875	HACD3
ENSG00000147684	30.1	ENSP00000276689	NDUFB9
ENSG00000177646	30.1	ENSP00000312618	ACAD9
ENSG00000174840	30.1	ENSP00000309142	PDE12
ENSG00000136193	30.1	ENSP00000388942	SCRN1
ENSG00000174238	30.1	ENSP00000316809	PITPNA
ENSG00000176393	30.0	ENSP00000295640	RNPEP
	30.0	ENSP00000384262	HPSE
ENSG00000165795	30.0	ENSP00000451712	NDRG2
ENSG00000171503	30.0	ENSP00000426638	ETFDH
ENSG00000149313	30.0	ENSP00000278618	AASDHPPT
ENSG00000117758	29.9	ENSP00000363054	STX12
ENSG00000054116	29.9	ENSP00000480332	TRAPPC3
ENSG00000263639	29.9	ENSP00000463092	MSMB
	29.8	ENSP00000243253	SEC61A1
ENSG00000113810	29.8	ENSP00000341382	SMC4
ENSG00000111445	29.8	ENSP00000408295	RFC5
ENSG00000104805	29.7	ENSP00000385923	NUCB1
ENSG00000196177	29.6	ENSP00000357873	ACADSB
ENSG00000087460	29.6	ENSP00000360141	GNAS
ENSG00000141030	29.6	ENSP00000268717	COPS3
ENSG00000058272	29.5	ENSP00000389168	PPP1R12A
ENSG00000006059	29.5	ENSP00000007735	KRT33A
ENSG00000205937	29.5	ENSP00000457723	RNPS1
ENSG00000119541	29.5	ENSP00000238497	VPS4B
ENSG00000159720	29.4	ENSP00000290949	ATP6V0D1
ENSG00000198851	29.4	ENSP00000354566	CD3E
ENSG00000103415	29.4	ENSP00000477572	HMOX2
ENSG00000105755	29.4	ENSP00000292147	ETHE1
ENSG00000261371	29.4	ENSP00000457421	PECAM1
ENSG00000168522	29.3	ENSP00000303423	FNTA
ENSG00000105281	29.3	ENSP00000444408	SLC1A5
ENSG00000135269	29.3	ENSP00000350937	TES
	29.2	ENSP00000452697	SEC11A
ENSG00000204822	29.2	ENSP00000258105	MRPL53
ENSG00000134184	29.2	ENSP00000311469	GSTM1
ENSG00000173674	29.1	ENSP00000368927	EIF1AX
ENSG00000176978	29.1	ENSP00000360635	DPP7
ENSG00000159217	29.1	ENSP00000290341	IGF2BP1
ENSG00000186652	29.1	ENSP00000312134	PRG2
	29.1	ENSP00000280706	LDHAL6A
ENSG00000114480	29.0	ENSP00000410833	GBE1
ENSG00000121022	29.0	ENSP00000350512	COPS5
ENSG00000175931	29.0	ENSP00000323687	UBE2O
ENSG00000162384	29.0	ENSP00000294360	CZIB
ENSG00000213281	29.0	ENSP00000358548	NRAS
ENSG00000173113	29.0	ENSP00000438349	TRMT112
ENSG00000111196	28.9	ENSP00000319240	MAGOHB
	28.9	ENSP00000365370	HNRNPCL1
ENSG00000250641	28.9	ENSP00000421232	LY6G6F-LY6G6D
ENSG00000267855	28.9	ENSP00000301457	NDUFA7
ENSG00000176986	28.9	ENSP00000343405	SEC24C
ENSG00000176974	28.9	ENSP00000318868	SHMT1
	28.8	ENSP00000436422	ENSP00000436422
ENSG00000128228	28.7	ENSP00000248958	SDF2L1
ENSG00000247077	28.7	ENSP00000438465	PGAM5
ENSG00000198492	28.7	ENSP00000444660	YTHDF2
ENSG00000149532	28.7	ENSP00000345412	CPSF7
ENSG00000130254	28.7	ENSP00000252542	SAFB2
	28.6	ENSP00000319846	SLURP2
ENSG00000143653	28.6	ENSP00000355467	SCCPDH
	28.6	ENSP00000398495	DIABLO-2
ENSG00000233954	28.6	ENSP00000485401	UQCRHL
ENSG00000129170	28.5	ENSP00000431813	CSRP3
ENSG00000172239	28.5	ENSP00000302768	PAIP1
ENSG00000067704	28.5	ENSP00000355889	IARS2
ENSG00000065833	28.5	ENSP00000358719	ME1
ENSG00000079462	28.5	ENSP00000444935	PAFAH1B3
ENSG00000248144	28.4	ENSP00000426083	ADH1C
ENSG00000186469	28.4	ENSP00000334448	GNG2
ENSG00000105819	28.4	ENSP00000249269	PMPCB
ENSG00000173908	28.4	ENSP00000305263	KRT28
ENSG00000134072	28.4	ENSP00000256460	CAMK1
ENSG00000109861	28.3	ENSP00000227266	CTSC
	28.2	ENSP00000233627	NDUFS7
ENSG00000102178	28.2	ENSP00000358674	UBL4A
ENSG00000013583	28.2	ENSP00000014930	HEBP1
ENSG00000106803	28.1	ENSP00000223641	SEC61B
ENSG00000122958	28.1	ENSP00000263559	VPS26A
ENSG00000108479	28.1	ENSP00000225614	GALK1
ENSG00000185532	28.0	ENSP00000363092	PRKG1
ENSG00000187555	28.0	ENSP00000343535	USP7
ENSG00000089154	28.0	ENSP00000300648	GCN1
ENSG00000129472	28.0	ENSP00000380869	RAB2B
ENSG00000196139	28.0	ENSP00000369927	AKR1C3
ENSG00000149806	28.0	ENSP00000431822	FAU
ENSG00000175581	27.9	ENSP00000308717	MRPL48
ENSG00000143153	27.9	ENSP00000356790	ATP1B1
ENSG00000112972	27.9	ENSP00000322706	HMGCS1
ENSG00000145882	27.9	ENSP00000274569	PCYOX1L
ENSG00000169627	27.9	ENSP00000306752	BOLA2B
ENSG00000183336	27.9	ENSP00000331127	BOLA2
ENSG00000099795	27.8	ENSP00000215565	NDUFB7
	27.7	ENSP00000338862	BRIX1
ENSG00000009307	27.7	ENSP00000481762	CSDE1
ENSG00000008438	27.7	ENSP00000008938	PGLYRP1
ENSG00000117395	27.7	ENSP00000407323	EBNA1BP2
ENSG00000145833	27.6	ENSP00000416534	DDX46
ENSG00000137824	27.6	ENSP00000260385	RMDN3
	27.6	ENSP00000497443	ENSP00000497443
ENSG00000186432	27.6	ENSP00000334373	KPNA4
	27.5	ENSP00000270257	GEMIN7
ENSG00000006625	27.5	ENSP00000275428	GGCT
	27.5	ENSP00000291744	FCN2
ENSG00000101109	27.4	ENSP00000361892	STK4
ENSG00000184007	27.4	ENSP00000493688	PTP4A2
	27.4	ENSP00000478017	HNRNPCL3
	27.4	ENSP00000485450	HNRNPCL4
ENSG00000101347	27.4	ENSP00000493536	SAMHD1
	27.4	ENSP00000479203	HNRNPCL2
ENSG00000160710	27.4	ENSP00000357459	ADAR
ENSG00000162692	27.4	ENSP00000294728	VCAM1
ENSG00000130770	27.4	ENSP00000335203	ATP5IF1
ENSG00000115419	27.3	ENSP00000317379	GLS
ENSG00000198087	27.3	ENSP00000352264	CD2AP
	27.3	ENSP00000279575	PRB4
ENSG00000038358	27.3	ENSP00000351811	EDC4
ENSG00000198692	27.2	ENSP00000354722	EIF1AY
ENSG00000147649	27.2	ENSP00000338235	MTDH
ENSG00000050405	27.2	ENSP00000378400	LIMA1
ENSG00000107819	27.2	ENSP00000224807	SFXN3
ENSG00000125901	27.2	ENSP00000369682	MRPS26
ENSG00000254598	27.1	ENSP00000473553	CSNK2A3
ENSG00000124831	27.1	ENSP00000375857	LRRFIP1
ENSG00000105701	27.1	ENSP00000471700	FKBP8
ENSG00000126953	27.1	ENSP00000361993	TIMM8A
ENSG00000160209	27.1	ENSP00000291565	PDXK
ENSG00000116062	27.0	ENSP00000234420	MSH6
	27.0	ENSP00000291458	CCDC58
ENSG00000214114	27.0	ENSP00000380702	MYCBP
ENSG00000164978	27.0	ENSP00000368452	NUDT2
ENSG00000171497	27.0	ENSP00000303754	PPID
ENSG00000171298	27.0	ENSP00000305692	GAA
ENSG00000108439	26.9	ENSP00000493302	PNPO
ENSG00000101160	26.9	ENSP00000217131	CTSZ
ENSG00000140905	26.9	ENSP00000319531	GCSH
ENSG00000155506	26.9	ENSP00000336721	LARP1
ENSG00000048740	26.9	ENSP00000488422	CELF2
ENSG00000134056	26.9	ENSP00000256441	MRPS36
ENSG00000097033	26.9	ENSP00000479919	SH3GLB1
	26.9	ENSP00000362803	PPIL1
ENSG00000067829	26.9	ENSP00000217901	IDH3G
ENSG00000138138	26.8	ENSP00000339017	ATAD1
	26.8	ENSP00000294129	NCKIPSD
ENSG00000065534	26.8	ENSP00000353452	MYLK
ENSG00000004864	26.8	ENSP00000400101	SLC25A13
	26.8	ENSP00000313877	TSFM
ENSG00000172009	26.7	ENSP00000304467	THOP1
ENSG00000160678	26.7	ENSP00000292169	S100A1
ENSG00000213551	26.7	ENSP00000362041	DNAJC9
	26.7	ENSP00000349575	MOB3A
ENSG00000125733	26.7	ENSP00000320117	TRIP10
ENSG00000131725	26.7	ENSP00000254029	WDR44
ENSG00000113552	26.6	ENSP00000423674	GNPDA1
ENSG00000130520	26.6	ENSP00000469468	LSM4
ENSG00000119471	26.6	ENSP00000381785	HSDL2
ENSG00000090520	26.5	ENSP00000414398	DNAJB11
ENSG00000204291	26.5	ENSP00000364140	COL15A1
ENSG00000151247	26.5	ENSP00000425561	EIF4E
ENSG00000128654	26.5	ENSP00000249442	MTX2
ENSG00000116750	26.4	ENSP00000356421	UCHL5
	26.4	ENSP00000379051	PURB
ENSG00000166796	26.4	ENSP00000437783	LDHC
ENSG00000131747	26.4	ENSP00000411532	TOP2A
ENSG00000215251	26.4	ENSP00000369618	FASTKD5
ENSG00000130021	26.3	ENSP00000396452	PUDP
ENSG00000113312	26.3	ENSP00000231238	TTC1
ENSG00000143627	26.3	ENSP00000339933	PKLR
	26.3	ENSP00000358616	SMNDC1
ENSG00000102362	26.3	ENSP00000362080	SYTL4
ENSG00000132603	26.2	ENSP00000254940	NIP7
ENSG00000172432	26.2	ENSP00000303997	GTPBP2
	26.2	ENSP00000323063	EIF2S3B
	26.2	ENSP00000495274	AP3D1
	26.2	ENSP00000482543	NDUFA6
	26.2	ENSP00000480313	GATD3B
ENSG00000132676	26.1	ENSP00000357320	DAP3
ENSG00000171262	26.1	ENSP00000380734	FAM98B
ENSG00000140750	26.1	ENSP00000289968	ARHGAP17
ENSG00000136448	26.1	ENSP00000468424	NMT1
ENSG00000078967	26.1	ENSP00000222402	UBE2D4
ENSG00000135052	26.1	ENSP00000373364	GOLM1
ENSG00000198836	26.1	ENSP00000354681	OPA1
ENSG00000161011	26.0	ENSP00000374455	SQSTM1
ENSG00000242028	26.0	ENSP00000384474	HYPK
ENSG00000108055	26.0	ENSP00000354720	SMC3
ENSG00000173457	25.9	ENSP00000310117	PPP1R14B
ENSG00000116096	25.8	ENSP00000234454	SPR
ENSG00000158793	25.7	ENSP00000356988	NIT1
ENSG00000112578	25.7	ENSP00000230340	BYSL
ENSG00000134809	25.7	ENSP00000257245	TIMM10
ENSG00000137992	25.6	ENSP00000359151	DBT
ENSG00000196976	25.6	ENSP00000349923	LAGE3
ENSG00000163681	25.5	ENSP00000499241	SLMAP
ENSG00000163563	25.5	ENSP00000357123	MNDA
ENSG00000108848	25.5	ENSP00000376919	LUC7L3
ENSG00000127947	25.5	ENSP00000248594	PTPN12
ENSG00000134330	25.4	ENSP00000417580	IAH1
	25.4	ENSP00000479064	ENSP00000479064
ENSG00000173726	25.4	ENSP00000355566	TOMM20
ENSG00000075856	25.3	ENSP00000449386	SART3
ENSG00000170180	25.2	ENSP00000354003	GYPA
	25.2	ENSP00000366694	KCTD12
ENSG00000248643	25.2	ENSP00000388552	RBM14-RBM4
ENSG00000101310	25.2	ENSP00000338844	SEC23B
ENSG00000039123	25.1	ENSP00000230640	MTREX
ENSG00000122884	25.1	ENSP00000263556	P4HA1
ENSG00000140497	25.1	ENSP00000268099	SCAMP2
ENSG00000136824	25.1	ENSP00000286398	SMC2
ENSG00000213658	25.1	ENSP00000378845	LAT
ENSG00000143443	25.1	ENSP00000357922	C1orf56
ENSG00000072401	25.1	ENSP00000363019	UBE2D1
ENSG00000143811	25.0	ENSP00000342502	PYCR2
ENSG00000115539	25.0	ENSP00000264254	PDCL3
ENSG00000106366	25.0	ENSP00000223095	SERPINE1
ENSG00000111775	25.0	ENSP00000229379	COX6A1
	24.9	ENSP00000306565	ISG20
ENSG00000108312	24.9	ENSP00000302640	UBTF
ENSG00000170584	24.9	ENSP00000304854	NUDCD2
ENSG00000084774	24.8	ENSP00000264705	CAD
	24.8	ENSP00000398803	TSTA3
ENSG00000164134	24.8	ENSP00000296543	NAA15
ENSG00000125835	24.8	ENSP00000412566	SNRPB
ENSG00000196296	24.8	ENSP00000349595	ATP2A1
ENSG00000198336	24.7	ENSP00000347055	MYL4
	24.7	ENSP00000485630	ENSP00000485630
ENSG00000072501	24.7	ENSP00000323421	SMC1A
	24.7	ENSP00000426906	H0YAE9_HUMAN
ENSG00000100813	24.6	ENSP00000262710	ACIN1
ENSG00000123983	24.6	ENSP00000350012	ACSL3
ENSG00000196502	24.6	ENSP00000378972	SULT1A1
ENSG00000152229	24.6	ENSP00000387261	PSTPIP2
ENSG00000182117	24.6	ENSP00000332198	NOP10
	24.6	ENSP00000223215	MEST
ENSG00000128918	24.6	ENSP00000249750	ALDH1A2
ENSG00000106853	24.5	ENSP00000385763	PTGR1
	24.5	ENSP00000469926	M0QYM2_HUMAN
ENSG00000155097	24.5	ENSP00000430282	ATP6V1C1
ENSG00000104980	24.5	ENSP00000270538	TIMM44
ENSG00000121060	24.4	ENSP00000323889	TRIM25
ENSG00000149187	24.4	ENSP00000436864	CELF1
ENSG00000214517	24.4	ENSP00000381461	PPME1
ENSG00000100592	24.3	ENSP00000378557	DAAM1
ENSG00000134602	24.3	ENSP00000377867	STK26
ENSG00000157916	24.3	ENSP00000475168	RER1
	24.3	ENSP00000483375	GALE
ENSG00000129187	24.2	ENSP00000349576	DCTD
ENSG00000043093	24.2	ENSP00000292782	DCUN1D1
ENSG00000034713	24.2	ENSP00000037243	GABARAPL2
ENSG00000106268	24.2	ENSP00000380241	NUDT1
ENSG00000049860	24.2	ENSP00000261416	HEXB
	24.2	ENSP00000470615	ENSP00000470615
	24.1	ENSP00000323867	PRKAG1
ENSG00000171566	24.1	ENSP00000424417	PLRG1
ENSG00000073712	24.1	ENSP00000342858	FERMT2
ENSG00000107937	24.1	ENSP00000354040	GTPBP4
ENSG00000112769	24.0	ENSP00000230538	LAMA4
ENSG00000163714	24.0	ENSP00000418563	U2SURP
ENSG00000072756	24.0	ENSP00000251607	TRNT1
ENSG00000116747	24.0	ENSP00000356416	RO60
ENSG00000175183	23.9	ENSP00000310901	CSRP2
ENSG00000103316	23.9	ENSP00000219599	CRYM
ENSG00000058668	23.9	ENSP00000350310	ATP2B4
ENSG00000146376	23.9	ENSP00000357131	ARHGAP18
ENSG00000196865	23.8	ENSP00000358307	NHLRC2
ENSG00000088682	23.8	ENSP00000262507	COQ9
ENSG00000166197	23.8	ENSP00000385410	NOLC1
ENSG00000143815	23.8	ENSP00000339883	LBR
ENSG00000051620	23.7	ENSP00000475750	HEBP2
ENSG00000182809	23.7	ENSP00000426119	CRIP2
ENSG00000165025	23.7	ENSP00000364898	SYK
ENSG00000167674	23.7	ENSP00000483345	HDGFL2
	23.6	ENSP00000397843	TMA7
ENSG00000128739	23.6	ENSP00000494831	SNRPN
ENSG00000137845	23.6	ENSP00000260408	ADAM10
ENSG00000178425	23.6	ENSP00000326858	NT5DC1
ENSG00000145715	23.6	ENSP00000274376	RASA1
ENSG00000143337	23.6	ENSP00000435365	TOR1AIP1
	23.6	ENSP00000310596	LSM1
ENSG00000176783	23.6	ENSP00000325594	RUFY1
ENSG00000028528	23.6	ENSP00000261889	SNX1
	23.5	ENSP00000379181	RAE1
ENSG00000132382	23.5	ENSP00000370968	MYBBP1A
ENSG00000243955	23.5	ENSP00000335620	GSTA1
ENSG00000189171	23.5	ENSP00000392767	S100A13
ENSG00000096401	23.5	ENSP00000360532	CDC5L
ENSG00000100883	23.5	ENSP00000451818	SRP54
ENSG00000150459	23.5	ENSP00000481842	SAP18
ENSG00000108591	23.5	ENSP00000225729	DRG2
ENSG00000173933	23.5	ENSP00000386894	RBM4
ENSG00000151693	23.4	ENSP00000281419	ASAP2
ENSG00000160948	23.4	ENSP00000366565	VPS28
ENSG00000132842	23.4	ENSP00000255194	AP3B1
ENSG00000127184	23.4	ENSP00000425759	COX7C
ENSG00000134248	23.3	ENSP00000256644	LAMTOR5
ENSG00000117091	23.3	ENSP00000484431	CD48
ENSG00000184752	23.3	ENSP00000330737	NDUFA12
ENSG00000123268	23.3	ENSP00000262053	ATF1
ENSG00000116337	23.3	ENSP00000499465	AMPD2
ENSG00000137337	23.2	ENSP00000365588	MDC1
ENSG00000134121	23.2	ENSP00000256509	CHL1
ENSG00000186010	23.2	ENSP00000423673	NDUFA13
ENSG00000100941	23.2	ENSP00000216832	PNN
ENSG00000119888	23.1	ENSP00000263735	EPCAM
ENSG00000113657	23.1	ENSP00000343690	DPYSL3
ENSG00000166503	23.1	ENSP00000299633	HDGFL3
ENSG00000197713	23.1	ENSP00000352401	RPE
	23.1	ENSP00000354742	IPO9
ENSG00000173486	23.1	ENSP00000378046	FKBP2
ENSG00000146094	23.0	ENSP00000349727	DOK3
ENSG00000132485	23.0	ENSP00000359958	ZRANB2
ENSG00000114850	23.0	ENSP00000420641	SSR3
ENSG00000103485	23.0	ENSP00000378782	QPRT
ENSG00000068120	23.0	ENSP00000464814	COASY
ENSG00000175110	23.0	ENSP00000418008	MRPS22
ENSG00000007392	22.9	ENSP00000293872	LUC7L
ENSG00000131368	22.9	ENSP00000253686	MRPS25
ENSG00000173207	22.9	ENSP00000311083	CKS1B
ENSG00000128989	22.8	ENSP00000454341	ARPP19
ENSG00000139613	22.8	ENSP00000449396	SMARCC2
ENSG00000106976	22.8	ENSP00000362014	DNM1
ENSG00000018510	22.8	ENSP00000264167	AGPS
ENSG00000102900	22.8	ENSP00000310668	NUP93
ENSG00000131475	22.7	ENSP00000253794	VPS25
ENSG00000204897	22.7	ENSP00000310573	KRT25
ENSG00000113719	22.7	ENSP00000377374	ERGIC1
ENSG00000088205	22.7	ENSP00000263239	DDX18
ENSG00000184110	22.6	ENSP00000332604	EIF3C
ENSG00000101413	22.6	ENSP00000362532	RPRD1B
ENSG00000172172	22.6	ENSP00000306548	MRPL13
ENSG00000241343	22.6	ENSP00000404375	RPL36A
ENSG00000147475	22.6	ENSP00000428112	ERLIN2
ENSG00000010810	22.6	ENSP00000346671	FYN
ENSG00000162819	22.6	ENSP00000343742	BROX
	22.6	ENSP00000426167	OSTC
	22.6	ENSP00000495192	H2BE1
ENSG00000180228	22.5	ENSP00000318176	PRKRA
ENSG00000179295	22.5	ENSP00000489597	PTPN11
ENSG00000141385	22.5	ENSP00000269143	AFG3L2
ENSG00000164144	22.4	ENSP00000296557	ARFIP1
ENSG00000164548	22.4	ENSP00000297071	TRA2A
ENSG00000128059	22.4	ENSP00000264220	PPAT
ENSG00000135900	22.4	ENSP00000258383	MRPL44
ENSG00000115386	22.4	ENSP00000233735	REG1A
ENSG00000082515	22.4	ENSP00000431040	MRPL22
ENSG00000101443	22.3	ENSP00000361761	WFDC2
ENSG00000136830	22.3	ENSP00000362409	NIBAN2
ENSG00000172260	22.3	ENSP00000350364	NEGR1
ENSG00000102032	22.3	ENSP00000377303	RENBP
ENSG00000213648	22.3	ENSP00000353600	SULT1A4
ENSG00000261052	22.3	ENSP00000378570	SULT1A3
ENSG00000100554	22.3	ENSP00000216442	ATP6V1D
ENSG00000135018	22.3	ENSP00000365576	UBQLN1
ENSG00000117868	22.2	ENSP00000499020	ESYT2
ENSG00000184047	22.2	ENSP00000499058	DIABLO
	22.2	ENSP00000323036	ACPP
ENSG00000087589	22.2	ENSP00000353462	CASS4
ENSG00000122971	22.2	ENSP00000242592	ACADS
ENSG00000031823	22.2	ENSP00000341483	RANBP3
ENSG00000105364	22.2	ENSP00000306902	MRPL4
ENSG00000111642	22.2	ENSP00000440542	CHD4
ENSG00000177879	22.2	ENSP00000325369	AP3S1
ENSG00000127928	22.2	ENSP00000248572	GNGT1
ENSG00000026297	22.1	ENSP00000426455	RNASET2
ENSG00000198231	22.1	ENSP00000464050	DDX42
ENSG00000025772	22.1	ENSP00000361900	TOMM34
ENSG00000114416	22.1	ENSP00000350170	FXR1
	22.1	ENSP00000245185	MT2A
ENSG00000159593	22.1	ENSP00000351990	NAE1
ENSG00000093000	22.1	ENSP00000345895	NUP50
ENSG00000179085	22.0	ENSP00000357384	DPM3
ENSG00000164070	22.0	ENSP00000296464	HSPA4L
ENSG00000128463	22.0	ENSP00000267750	EMC4
ENSG00000158623	22.0	ENSP00000402346	COPG2
ENSG00000140945	21.9	ENSP00000268613	CDH13
ENSG00000139722	21.9	ENSP00000267202	VPS37B
ENSG00000198648	21.9	ENSP00000348278	STK39
ENSG00000153317	21.9	ENSP00000429900	ASAP1
ENSG00000150712	21.9	ENSP00000371577	MTMR12
ENSG00000067064	21.9	ENSP00000370748	IDI1
ENSG00000103363	21.9	ENSP00000262306	ELOB
	21.9	ENSP00000357748	BCCIP
ENSG00000081870	21.8	ENSP00000194214	HSPB11
ENSG00000116266	21.8	ENSP00000359025	STXBP3
ENSG00000014123	21.8	ENSP00000358283	UFL1
ENSG00000057757	21.8	ENSP00000246151	PITHD1
ENSG00000113649	21.8	ENSP00000296702	TCERG1
ENSG00000165169	21.8	ENSP00000367841	DYNLT3
ENSG00000168883	21.7	ENSP00000312981	USP39
ENSG00000134516	21.7	ENSP00000429283	DOCK2
ENSG00000149480	21.7	ENSP00000278823	MTA2
ENSG00000184787	21.7	ENSP00000338348	UBE2G2
	21.7	ENSP00000497305	ENSP00000497305
	21.6	ENSP00000470176	AP2S1
ENSG00000182919	21.6	ENSP00000331209	C11orf54
ENSG00000184924	21.6	ENSP00000330389	PTRHD1
ENSG00000159692	21.6	ENSP00000290921	CTBP1
ENSG00000029534	21.6	ENSP00000265709	ANK1
ENSG00000109111	21.6	ENSP00000319104	SUPT6H
ENSG00000065518	21.5	ENSP00000184266	NDUFB4
ENSG00000269955	21.5	ENSP00000440222	FMC1-LUC7L2
ENSG00000143774	21.5	ENSP00000355689	GUK1
ENSG00000183020	21.5	ENSP00000327694	AP2A2
ENSG00000197785	21.5	ENSP00000368030	ATAD3A
ENSG00000187955	21.5	ENSP00000297848	COL14A1
ENSG00000204592	21.4	ENSP00000365817	HLA-E
ENSG00000166825	21.4	ENSP00000300060	ANPEP
	21.4	ENSP00000461324	SLC25A10-2
ENSG00000110063	21.4	ENSP00000263579	DCPS
	21.4	ENSP00000364076	HLA-DQA2
ENSG00000081307	21.3	ENSP00000348565	UBA5
ENSG00000121905	21.3	ENSP00000362566	HPCA
ENSG00000147383	21.3	ENSP00000359297	NSDHL
	21.3	ENSP00000274242	RPL37
ENSG00000006047	21.3	ENSP00000007699	YBX2
ENSG00000167978	21.2	ENSP00000301740	SRRM2
ENSG00000197943	21.2	ENSP00000482457	PLCG2
ENSG00000135842	21.2	ENSP00000356481	NIBAN1
ENSG00000280969	21.2	ENSP00000486252	RPS4Y2
ENSG00000257103	21.2	ENSP00000446271	LSM14A
ENSG00000206075	21.2	ENSP00000372221	SERPINB5
ENSG00000107021	21.2	ENSP00000361731	TBC1D13
ENSG00000204472	21.1	ENSP00000365227	AIF1
ENSG00000183486	21.0	ENSP00000333657	MX2
ENSG00000106636	21.0	ENSP00000223369	YKT6
ENSG00000106367	21.0	ENSP00000336666	AP1S1
ENSG00000126231	21.0	ENSP00000344458	PROZ
ENSG00000110435	21.0	ENSP00000227868	PDHX
ENSG00000149196	21.0	ENSP00000278483	HIKESHI
ENSG00000213402	20.9	ENSP00000325589	PTPRCAP
ENSG00000085377	20.9	ENSP00000499089	PREP
ENSG00000103496	20.9	ENSP00000317714	STX4
ENSG00000093144	20.9	ENSP00000436585	ECHDC1
ENSG00000141574	20.9	ENSP00000269389	SECTM1
ENSG00000064205	20.9	ENSP00000361959	CCN5
ENSG00000102753	20.8	ENSP00000261667	KPNA3
ENSG00000197461	20.8	ENSP00000346508	PDGFA
ENSG00000011485	20.8	ENSP00000012443	PPP5C
ENSG00000124333	20.8	ENSP00000262640	VAMP7
ENSG00000115935	20.7	ENSP00000376330	WIPF1
ENSG00000055163	20.7	ENSP00000479719	CYFIP2
ENSG00000110619	20.7	ENSP00000369897	CARS1
	20.7	ENSP00000415786	SERPINE2
ENSG00000119912	20.7	ENSP00000265986	IDE
ENSG00000165140	20.7	ENSP00000408025	FBP1
ENSG00000133789	20.7	ENSP00000315630	SWAP70
ENSG00000198498	20.7	ENSP00000351380	TMA16
	20.7	ENSP00000461930	MRPS21
ENSG00000182154	20.6	ENSP00000360498	MRPL41
ENSG00000125818	20.6	ENSP00000338039	PSMF1
ENSG00000221914	20.6	ENSP00000325074	PPP2R2A
ENSG00000116350	20.6	ENSP00000362900	SRSF4
ENSG00000136937	20.6	ENSP00000364289	NCBP1
ENSG00000068796	20.6	ENSP00000385000	KIF2A
ENSG00000120756	20.6	ENSP00000336831	PLS1
ENSG00000123992	20.5	ENSP00000431076	DNPEP
	20.5	ENSP00000377995	MT1X
ENSG00000135372	20.5	ENSP00000257829	NAT10
ENSG00000143353	20.5	ENSP00000355895	LYPLAL1
ENSG00000168040	20.5	ENSP00000301838	FADD
	20.5	ENSP00000419000	LSAMP
ENSG00000137575	20.4	ENSP00000428184	SDCBP
ENSG00000204655	20.4	ENSP00000366091	MOG
ENSG00000061918	20.4	ENSP00000426786	GUCY1B1
ENSG00000197632	20.4	ENSP00000401645	SERPINB2
ENSG00000144895	20.4	ENSP00000417229	EIF2A
ENSG00000188643	20.4	ENSP00000357695	S100A16
ENSG00000173473	20.4	ENSP00000254480	SMARCC1
ENSG00000145012	20.3	ENSP00000491657	LPP
ENSG00000085491	20.3	ENSP00000457733	SLC25A24
ENSG00000163932	20.3	ENSP00000331602	PRKCD
ENSG00000100749	20.3	ENSP00000216639	VRK1
ENSG00000005893	20.3	ENSP00000408411	LAMP2
ENSG00000205609	20.3	ENSP00000370258	EIF3CL
ENSG00000123144	20.2	ENSP00000242784	TRIR
ENSG00000144591	20.2	ENSP00000350949	GMPPA
ENSG00000123130	20.2	ENSP00000368605	ACOT9
ENSG00000115255	20.2	ENSP00000233596	REEP6
ENSG00000084073	20.1	ENSP00000361845	ZMPSTE24
ENSG00000185359	20.1	ENSP00000331201	HGS
ENSG00000153815	20.1	ENSP00000446100	CMIP
ENSG00000102882	20.1	ENSP00000263025	MAPK3
ENSG00000169895	20.1	ENSP00000369500	SYAP1
ENSG00000104812	20.1	ENSP00000317904	GYS1
ENSG00000175662	20.1	ENSP00000368818	TOM1L2
ENSG00000172061	20.0	ENSP00000413707	LRRC15
ENSG00000136521	20.0	ENSP00000259037	NDUFB5
	20.0	ENSP00000312185	ELMO1
ENSG00000163882	20.0	ENSP00000415536	POLR2H
ENSG00000140650	20.0	ENSP00000268261	PMM2
ENSG00000215817	20.0	ENSP00000498875	ZC3H11B
ENSG00000204356	19.9	ENSP00000364578	NELFE
ENSG00000187446	19.9	ENSP00000335632	CHP1
ENSG00000132359	19.9	ENSP00000254695	RAP1GAP2
ENSG00000162222	19.9	ENSP00000325266	TTC9C
	19.9	ENSP00000364731	F7
ENSG00000163283	19.9	ENSP00000375881	ALPP
ENSG00000099940	19.9	ENSP00000215730	SNAP29
ENSG00000153147	19.8	ENSP00000283131	SMARCA5
ENSG00000179010	19.8	ENSP00000318352	MRFAP1
ENSG00000013375	19.8	ENSP00000425809	PGM3
ENSG00000196290	19.8	ENSP00000498853	NIF3L1
ENSG00000172016	19.8	ENSP00000377456	REG3A
ENSG00000049540	19.8	ENSP00000351807	ELN
ENSG00000111142	19.8	ENSP00000325312	METAP2
ENSG00000144524	19.8	ENSP00000386880	COPS7B
ENSG00000143536	19.8	ENSP00000271835	CRNN
ENSG00000111641	19.8	ENSP00000371858	NOP2
ENSG00000244067	19.7	ENSP00000420168	GSTA2
ENSG00000088256	19.7	ENSP00000078429	GNA11
ENSG00000049541	19.7	ENSP00000055077	RFC2
ENSG00000163499	19.7	ENSP00000295728	CRYBA2
ENSG00000254647	19.7	ENSP00000380432	INS
ENSG00000149792	19.7	ENSP00000279242	MRPL49
ENSG00000107833	19.7	ENSP00000359128	NPM3
ENSG00000114854	19.7	ENSP00000232975	TNNC1
ENSG00000148341	19.7	ENSP00000361634	SH3GLB2
ENSG00000113441	19.7	ENSP00000231368	LNPEP
ENSG00000124214	19.6	ENSP00000360922	STAU1
ENSG00000182827	19.6	ENSP00000355777	ACBD3
ENSG00000114978	19.6	ENSP00000379364	MOB1A
ENSG00000119414	19.6	ENSP00000392147	PPP6C
ENSG00000100445	19.6	ENSP00000382327	SDR39U1
ENSG00000089639	19.6	ENSP00000203556	GMIP
ENSG00000198502	19.6	ENSP00000364114	HLA-DRB5
ENSG00000164039	19.5	ENSP00000296424	BDH2
ENSG00000150637	19.5	ENSP00000461947	CD226
ENSG00000198053	19.5	ENSP00000478763	SIRPA
ENSG00000170430	19.5	ENSP00000302111	MGMT
ENSG00000174917	19.4	ENSP00000468723	MICOS13
ENSG00000074071	19.4	ENSP00000177742	MRPS34
ENSG00000173744	19.4	ENSP00000387282	AGFG1
ENSG00000198951	19.4	ENSP00000379680	NAGA
ENSG00000105607	19.4	ENSP00000466845	GCDH
ENSG00000125445	19.4	ENSP00000245539	MRPS7
ENSG00000074319	19.4	ENSP00000251968	TSG101
ENSG00000163938	19.4	ENSP00000395772	GNL3
ENSG00000105810	19.4	ENSP00000265734	CDK6
ENSG00000113569	19.3	ENSP00000231498	NUP155
ENSG00000033178	19.3	ENSP00000313454	UBA6
ENSG00000185009	19.3	ENSP00000347408	AP3M1
ENSG00000100351	19.3	ENSP00000339186	GRAP2
ENSG00000066294	19.2	ENSP00000312367	CD84
ENSG00000147443	19.2	ENSP00000276420	DOK2
	19.2	ENSP00000282541	GPD1L
	19.2	ENSP00000380427	ARPC4-TTLL3
ENSG00000164258	19.2	ENSP00000296684	NDUFS4
ENSG00000187533	19.2	ENSP00000343172	PRR27
ENSG00000104518	19.2	ENSP00000433209	GSDMD
ENSG00000172331	19.2	ENSP00000376840	BPGM
ENSG00000087258	19.1	ENSP00000262494	GNAO1
ENSG00000137486	19.1	ENSP00000409581	ARRB1
ENSG00000068366	19.1	ENSP00000339787	ACSL4
ENSG00000156642	19.1	ENSP00000290401	NPTN
ENSG00000151500	19.1	ENSP00000341657	THYN1
ENSG00000170310	19.0	ENSP00000305255	STX8
ENSG00000171195	19.0	ENSP00000407422	MUC7
ENSG00000171848	19.0	ENSP00000353770	RRM2
ENSG00000067900	19.0	ENSP00000382697	ROCK1
ENSG00000138750	19.0	ENSP00000264883	NUP54
ENSG00000068024	18.9	ENSP00000264606	HDAC4
	18.9	ENSP00000296490	WDR82
ENSG00000134884	18.9	ENSP00000383059	ARGLU1
ENSG00000147586	18.9	ENSP00000276585	MRPS28
ENSG00000047648	18.9	ENSP00000338967	ARHGAP6
ENSG00000006530	18.8	ENSP00000497280	AGK
ENSG00000134201	18.8	ENSP00000256593	GSTM5
ENSG00000100522	18.8	ENSP00000216410	GNPNAT1
	18.8	ENSP00000416583	DERA
ENSG00000144848	18.8	ENSP00000283290	ATG3
ENSG00000143553	18.8	ENSP00000357674	SNAPIN
ENSG00000143158	18.8	ENSP00000271373	MPC2
ENSG00000064419	18.7	ENSP00000265388	TNPO3
ENSG00000125304	18.7	ENSP00000493515	TM9SF2
ENSG00000170558	18.7	ENSP00000269141	CDH2
	18.7	ENSP00000483989	CSNK2B-2
ENSG00000073584	18.7	ENSP00000323967	SMARCE1
ENSG00000119559	18.6	ENSP00000397394	C19orf25
ENSG00000167325	18.6	ENSP00000300738	RRM1
ENSG00000113194	18.6	ENSP00000261942	FAF2
ENSG00000187608	18.6	ENSP00000496832	ISG15
ENSG00000128641	18.6	ENSP00000376132	MYO1B
ENSG00000100938	18.5	ENSP00000454038	GMPR2
ENSG00000102606	18.5	ENSP00000495631	ARHGEF7
ENSG00000100577	18.5	ENSP00000451976	GSTZ1
ENSG00000154175	18.5	ENSP00000284322	ABI3BP
ENSG00000148798	18.4	ENSP00000358865	INA
ENSG00000172939	18.4	ENSP00000311713	OXSR1
ENSG00000111335	18.4	ENSP00000342278	OAS2
ENSG00000177963	18.4	ENSP00000325941	RIC8A
ENSG00000160255	18.4	ENSP00000380948	ITGB2
ENSG00000138035	18.4	ENSP00000400646	PNPT1
ENSG00000008282	18.4	ENSP00000011473	SYPL1
ENSG00000101346	18.4	ENSP00000364902	POFUT1
ENSG00000018625	18.4	ENSP00000354490	ATP1A2
ENSG00000117751	18.3	ENSP00000311677	PPP1R8
ENSG00000107020	18.3	ENSP00000223864	PLGRKT
ENSG00000142453	18.3	ENSP00000325690	CARM1
ENSG00000085832	18.3	ENSP00000360798	EPS15
ENSG00000161849	18.2	ENSP00000257951	KRT84
ENSG00000117500	18.2	ENSP00000359305	TMED5
ENSG00000132141	18.2	ENSP00000327191	CCT6B
	18.2	ENSP00000221486	RNASEH2A
ENSG00000125971	18.2	ENSP00000349679	DYNLRB1
ENSG00000150681	18.2	ENSP00000356430	RGS18
ENSG00000116752	18.2	ENSP00000358554	BCAS2
ENSG00000110442	18.2	ENSP00000263401	COMMD9
ENSG00000165209	18.1	ENSP00000321347	STRBP
ENSG00000117528	18.1	ENSP00000359233	ABCD3
ENSG00000189067	18.1	ENSP00000459533	LITAF
ENSG00000114054	18.1	ENSP00000419027	PCCB
ENSG00000204568	18.1	ENSP00000259873	MRPS18B
ENSG00000154330	18.1	ENSP00000379678	PGM5
ENSG00000168090	18.1	ENSP00000304102	COPS6
ENSG00000156531	18.1	ENSP00000329097	PHF6
ENSG00000189334	18.0	ENSP00000357691	S100A14
ENSG00000124469	18.0	ENSP00000244336	CEACAM8
ENSG00000147592	18.0	ENSP00000276590	LACTB2
	18.0	ENSP00000493901	GIPC3
ENSG00000079385	18.0	ENSP00000161559	CEACAM1
ENSG00000272325	18.0	ENSP00000476119	NUDT3
ENSG00000188342	18.0	ENSP00000340823	GTF2F2
ENSG00000173542	18.0	ENSP00000379366	MOB1B
ENSG00000126561	18.0	ENSP00000341208	STAT5A
ENSG00000182551	17.9	ENSP00000333666	ADI1
ENSG00000110013	17.9	ENSP00000263593	SIAE
ENSG00000134294	17.9	ENSP00000256689	SLC38A2
ENSG00000182180	17.9	ENSP00000362036	MRPS16
ENSG00000143641	17.9	ENSP00000355632	GALNT2
ENSG00000180096	17.9	ENSP00000324511	SEPTIN1
ENSG00000100029	17.8	ENSP00000346725	PES1
	17.8	ENSP00000215912	PIK3IP1
ENSG00000068079	17.8	ENSP00000395590	IFI35
ENSG00000184207	17.8	ENSP00000330918	PGP
ENSG00000215845	17.8	ENSP00000388293	TSTD1
ENSG00000165264	17.7	ENSP00000369176	NDUFB6
ENSG00000105205	17.7	ENSP00000221804	CLC
	17.7	ENSP00000366047	KLK6
ENSG00000198771	17.7	ENSP00000356828	RCSD1
ENSG00000118260	17.6	ENSP00000387699	CREB1
ENSG00000196754	17.6	ENSP00000499289	S100A2
ENSG00000130193	17.6	ENSP00000338607	THEM6
ENSG00000089006	17.6	ENSP00000366998	SNX5
ENSG00000167468	17.6	ENSP00000346103	GPX4
ENSG00000168172	17.6	ENSP00000305699	HOOK3
ENSG00000132002	17.6	ENSP00000254322	DNAJB1
ENSG00000196586	17.6	ENSP00000358994	MYO6
ENSG00000100053	17.6	ENSP00000215855	CRYBB3
ENSG00000155307	17.6	ENSP00000285670	SAMSN1
ENSG00000010404	17.5	ENSP00000339801	IDS
ENSG00000196352	17.5	ENSP00000356030	CD55
ENSG00000169446	17.5	ENSP00000306220	MMGT1
ENSG00000163528	17.5	ENSP00000295767	CHCHD4
ENSG00000084652	17.5	ENSP00000362711	TXLNA
ENSG00000069998	17.5	ENSP00000337358	HDHD5
ENSG00000072135	17.5	ENSP00000175756	PTPN18
ENSG00000102978	17.5	ENSP00000219252	POLR2C
ENSG00000168765	17.5	ENSP00000358851	GSTM4
ENSG00000105447	17.5	ENSP00000253237	GRWD1
	17.4	ENSP00000383216	KRTAP10-12
	17.4	ENSP00000458075	BOLA2-SMG1P6
ENSG00000148730	17.3	ENSP00000362314	EIF4EBP2
ENSG00000186687	17.3	ENSP00000368688	LYRM7
ENSG00000119812	17.3	ENSP00000238823	FAM98A
ENSG00000133318	17.3	ENSP00000367050	RTN3
ENSG00000132356	17.2	ENSP00000346148	PRKAA1
ENSG00000061794	17.2	ENSP00000081029	MRPS35
ENSG00000106819	17.2	ENSP00000364694	ASPN
ENSG00000145692	17.2	ENSP00000274353	BHMT
ENSG00000112339	17.2	ENSP00000356811	HBS1L
ENSG00000163209	17.2	ENSP00000330391	SPRR3
ENSG00000152601	17.2	ENSP00000282486	MBNL1
ENSG00000131016	17.2	ENSP00000384537	AKAP12
	17.1	ENSP00000356386	CFHR4
	17.1	ENSP00000361097	MMRN2
ENSG00000136463	17.1	ENSP00000258975	TACO1
ENSG00000148700	17.1	ENSP00000348381	ADD3
ENSG00000096063	17.1	ENSP00000362931	SRPK1
ENSG00000123374	17.1	ENSP00000266970	CDK2
ENSG00000011454	17.1	ENSP00000362751	RABGAP1
ENSG00000113141	17.1	ENSP00000396301	IK
ENSG00000172893	17.0	ENSP00000347717	DHCR7
ENSG00000159335	17.0	ENSP00000374113	PTMS
ENSG00000162078	17.0	ENSP00000371715	ZG16B
ENSG00000051596	17.0	ENSP00000265097	THOC3
ENSG00000160208	17.0	ENSP00000339145	RRP1B
ENSG00000100603	17.0	ENSP00000451129	SNW1
ENSG00000131711	17.0	ENSP00000296755	MAP1B
	17.0	ENSP00000358089	TIAL1
ENSG00000103591	17.0	ENSP00000261880	AAGAB
ENSG00000103502	17.0	ENSP00000219789	CDIPT
ENSG00000036257	16.9	ENSP00000264414	CUL3
ENSG00000101405	16.9	ENSP00000217386	OXT
ENSG00000173757	16.9	ENSP00000293328	STAT5B
ENSG00000196235	16.9	ENSP00000470252	SUPT5H
	16.9	ENSP00000360181	SH2D1A
ENSG00000092036	16.9	ENSP00000206474	HAUS4
ENSG00000102189	16.9	ENSP00000317955	EEA1
ENSG00000131462	16.9	ENSP00000251413	TUBG1
ENSG00000173171	16.9	ENSP00000357360	MTX1
ENSG00000164167	16.8	ENSP00000296581	LSM6
ENSG00000135002	16.8	ENSP00000365926	RFK
ENSG00000070808	16.8	ENSP00000500386	CAMK2A
ENSG00000102172	16.8	ENSP00000385746	SMS
ENSG00000119139	16.8	ENSP00000438262	TJP2
ENSG00000136783	16.8	ENSP00000363899	NIPSNAP3A
ENSG00000196507	16.8	ENSP00000361711	TCEAL3
ENSG00000133119	16.8	ENSP00000369411	RFC3
ENSG00000167508	16.8	ENSP00000301012	MVD
	16.8	ENSP00000467262	UQCR11
ENSG00000057149	16.8	ENSP00000283752	SERPINB3
ENSG00000197165	16.8	ENSP00000378992	SULT1A2
ENSG00000076043	16.8	ENSP00000480535	REXO2
ENSG00000012660	16.7	ENSP00000359956	ELOVL5
ENSG00000108106	16.7	ENSP00000264552	UBE2S
ENSG00000127527	16.7	ENSP00000393313	EPS15L1
ENSG00000081277	16.7	ENSP00000263946	PKP1
ENSG00000141560	16.7	ENSP00000269373	FN3KRP
ENSG00000078237	16.7	ENSP00000179259	TIGAR
ENSG00000204590	16.7	ENSP00000365806	GNL1
	16.6	ENSP00000346890	NRDC
ENSG00000196497	16.6	ENSP00000346453	IPO4
ENSG00000113048	16.6	ENSP00000426941	MRPS27
ENSG00000163554	16.6	ENSP00000495214	SPTA1
ENSG00000110048	16.6	ENSP00000263847	OSBP
ENSG00000065268	16.6	ENSP00000476117	WDR18
ENSG00000130227	16.6	ENSP00000252512	XPO7
ENSG00000160075	16.6	ENSP00000291386	SSU72
ENSG00000156136	16.6	ENSP00000286648	DCK
	16.6	ENSP00000364183	GPSM3
ENSG00000134265	16.6	ENSP00000324628	NAPG
ENSG00000175550	16.5	ENSP00000307850	DRAP1
ENSG00000213465	16.5	ENSP00000246747	ARL2
ENSG00000104412	16.5	ENSP00000220853	EMC2
ENSG00000188694	16.5	ENSP00000339238	KRTAP24-1
ENSG00000110075	16.5	ENSP00000377390	PPP6R3
ENSG00000183044	16.5	ENSP00000379845	ABAT
ENSG00000078070	16.5	ENSP00000265594	MCCC1
ENSG00000177575	16.5	ENSP00000352071	CD163
	16.4	ENSP00000359911	RAP2C
ENSG00000070814	16.4	ENSP00000367028	TCOF1
ENSG00000178896	16.4	ENSP00000315476	EXOSC4
ENSG00000169605	16.4	ENSP00000501093	GKN1
ENSG00000125450	16.4	ENSP00000245544	NUP85
ENSG00000133943	16.4	ENSP00000428263	DGLUCY
ENSG00000116133	16.3	ENSP00000360316	DHCR24
ENSG00000095713	16.3	ENSP00000359629	CRTAC1
ENSG00000095906	16.3	ENSP00000262302	NUBP2
ENSG00000179889	16.3	ENSP00000379691	PDXDC1
ENSG00000165219	16.3	ENSP00000377665	GAPVD1
ENSG00000120333	16.3	ENSP00000420714	MRPS14
ENSG00000154930	16.3	ENSP00000316924	ACSS1
ENSG00000172164	16.3	ENSP00000378965	SNTB1
ENSG00000204316	16.2	ENSP00000308275	MRPL38
ENSG00000243279	16.2	ENSP00000451962	PRAF2
ENSG00000069974	16.2	ENSP00000379601	RAB27A
ENSG00000075340	16.2	ENSP00000264436	ADD2
ENSG00000005194	16.2	ENSP00000377914	CIAPIN1
ENSG00000256269	16.2	ENSP00000498786	HMBS
ENSG00000007923	16.2	ENSP00000366800	DNAJC11
ENSG00000168259	16.2	ENSP00000406463	DNAJC7
ENSG00000077097	16.2	ENSP00000264331	TOP2B
ENSG00000122122	16.1	ENSP00000349359	SASH3
ENSG00000095002	16.1	ENSP00000233146	MSH2
ENSG00000146476	16.1	ENSP00000356263	ARMT1
ENSG00000105939	16.1	ENSP00000242351	ZC3HAV1
ENSG00000170906	16.1	ENSP00000418438	NDUFA3
ENSG00000138442	16.1	ENSP00000261015	WDR12
ENSG00000183751	16.1	ENSP00000454836	TBL3
ENSG00000084463	16.1	ENSP00000261167	WBP11
ENSG00000176108	16.1	ENSP00000317468	CHMP6
ENSG00000086758	16.1	ENSP00000340648	HUWE1
	16.1	ENSP00000392896	HSBP1
ENSG00000177425	16.1	ENSP00000328088	PAWR
ENSG00000118729	16.0	ENSP00000261448	CASQ2
ENSG00000134760	16.0	ENSP00000257192	DSG1
	16.0	ENSP00000267103	C12orf10
ENSG00000144744	16.0	ENSP00000354340	UBA3
ENSG00000079257	16.0	ENSP00000264265	LXN
ENSG00000135655	16.0	ENSP00000280377	USP15
ENSG00000020922	16.0	ENSP00000325863	MRE11
ENSG00000177697	16.0	ENSP00000324101	CD151
	16.0	ENSP00000255409	CHI3L1
ENSG00000138185	15.9	ENSP00000360250	ENTPD1
ENSG00000243927	15.9	ENSP00000382250	MRPS6
	15.9	ENSP00000356953	SDHC
ENSG00000137161	15.9	ENSP00000361926	CNPY3
ENSG00000107798	15.9	ENSP00000337354	LIPA
ENSG00000065485	15.8	ENSP00000323313	PDIA5
ENSG00000136875	15.8	ENSP00000363313	PRPF4
	15.8	ENSP00000252071	ACTR3C
ENSG00000124588	15.8	ENSP00000369822	NQO2
ENSG00000124571	15.8	ENSP00000265351	XPO5
ENSG00000088726	15.8	ENSP00000322837	TMEM40
ENSG00000171311	15.8	ENSP00000359939	EXOSC1
ENSG00000138119	15.7	ENSP00000352208	MYOF
ENSG00000116584	15.7	ENSP00000354837	ARHGEF2
ENSG00000186868	15.7	ENSP00000340820	MAPT
ENSG00000132182	15.7	ENSP00000254508	NUP210
ENSG00000134240	15.7	ENSP00000358414	HMGCS2
ENSG00000147010	15.7	ENSP00000380921	SH3KBP1
ENSG00000048828	15.7	ENSP00000277165	FAM120A
ENSG00000182985	15.7	ENSP00000329797	CADM1
ENSG00000163002	15.7	ENSP00000295119	NUP35
ENSG00000148444	15.6	ENSP00000366032	COMMD3
ENSG00000157851	15.6	ENSP00000288699	DPYSL5
ENSG00000147394	15.6	ENSP00000440847	ZNF185
ENSG00000137944	15.6	ENSP00000260508	KYAT3
ENSG00000070785	15.6	ENSP00000353575	EIF2B3
ENSG00000198513	15.6	ENSP00000351155	ATL1
	15.6	ENSP00000315693	PAM16
	15.6	ENSP00000327821	XPOT
ENSG00000103194	15.6	ENSP00000457411	USP10
ENSG00000186340	15.6	ENSP00000355751	THBS2
ENSG00000108826	15.6	ENSP00000225969	MRPL27
ENSG00000140092	15.6	ENSP00000345008	FBLN5
ENSG00000131771	15.6	ENSP00000254079	PPP1R1B
ENSG00000137693	15.6	ENSP00000478927	YAP1
ENSG00000164402	15.5	ENSP00000367991	SEPTIN8
ENSG00000157191	15.5	ENSP00000391942	NECAP2
ENSG00000153395	15.5	ENSP00000283415	LPCAT1
ENSG00000164182	15.5	ENSP00000296597	NDUFAF2
ENSG00000135720	15.5	ENSP00000258198	DYNC1LI2
ENSG00000143226	15.5	ENSP00000271450	FCGR2A
ENSG00000198189	15.5	ENSP00000351035	HSD17B11
ENSG00000137547	15.5	ENSP00000260102	MRPL15
ENSG00000142655	15.4	ENSP00000349016	PEX14
ENSG00000198589	15.4	ENSP00000349629	LRBA
ENSG00000115129	15.4	ENSP00000238721	TP53I3
	15.4	ENSP00000496044	POLR1C
ENSG00000071051	15.4	ENSP00000233154	NCK2
ENSG00000170266	15.4	ENSP00000306920	GLB1
ENSG00000125755	15.4	ENSP00000245934	SYMPK
ENSG00000158985	15.4	ENSP00000427421	CDC42SE2
ENSG00000172780	15.4	ENSP00000319781	RAB43
	15.4	ENSP00000328729	SELENOF
ENSG00000133265	15.4	ENSP00000255631	HSPBP1
ENSG00000136044	15.4	ENSP00000446917	APPL2
ENSG00000125912	15.4	ENSP00000246117	NCLN
ENSG00000157500	15.4	ENSP00000288266	APPL1
ENSG00000172062	15.4	ENSP00000370083	SMN1
ENSG00000205571	15.4	ENSP00000370119	SMN2
ENSG00000069424	15.4	ENSP00000367323	KCNAB2
ENSG00000101152	15.3	ENSP00000354111	DNAJC5
ENSG00000242485	15.3	ENSP00000341082	MRPL20
ENSG00000134153	15.3	ENSP00000256545	EMC7
ENSG00000129255	15.3	ENSP00000250124	MPDU1
ENSG00000136522	15.3	ENSP00000417602	MRPL47
ENSG00000158545	15.3	ENSP00000416951	ZC3H18
ENSG00000111341	15.3	ENSP00000228938	MGP
ENSG00000037757	15.3	ENSP00000040663	MRI1
ENSG00000115271	15.3	ENSP00000394842	GCA
ENSG00000138814	15.3	ENSP00000378323	PPP3CA
	15.2	ENSP00000328023	SRPRA
	15.2	ENSP00000398597	EXOSC6
ENSG00000148660	15.2	ENSP00000319060	CAMK2G
ENSG00000136717	15.2	ENSP00000316779	BIN1
ENSG00000104177	15.2	ENSP00000316950	MYEF2
ENSG00000130303	15.1	ENSP00000252593	BST2
ENSG00000178802	15.1	ENSP00000318318	MPI
ENSG00000101138	15.1	ENSP00000217109	CSTF1
ENSG00000043462	15.1	ENSP00000046794	LCP2
ENSG00000153574	15.1	ENSP00000283646	RPIA
ENSG00000228716	15.1	ENSP00000396308	DHFR
ENSG00000225663	15.1	ENSP00000461433	MCRIP1
ENSG00000073792	15.1	ENSP00000410242	IGF2BP2
ENSG00000111832	15.1	ENSP00000420357	RWDD1
	15.1	ENSP00000455047	H3BNX3_HUMAN
ENSG00000136270	15.1	ENSP00000258770	TBRG4
ENSG00000100284	15.1	ENSP00000413697	TOM1
ENSG00000133935	15.1	ENSP00000256319	ERG28
ENSG00000162706	15.0	ENSP00000357106	CADM3
ENSG00000105486	15.0	ENSP00000263274	LIG1
ENSG00000169288	15.0	ENSP00000315017	MRPL1
ENSG00000107566	15.0	ENSP00000410964	ERLIN1
	15.0	ENSP00000339844	MRPL43
ENSG00000117228	15.0	ENSP00000359504	GBP1
ENSG00000137124	15.0	ENSP00000366927	ALDH1B1
ENSG00000204653	15.0	ENSP00000373860	ASPDH
	15.0	ENSP00000498991	LOC114841035
ENSG00000070761	14.9	ENSP00000262498	CFAP20
ENSG00000146112	14.9	ENSP00000480270	PPP1R18
ENSG00000111405	14.9	ENSP00000397679	ENDOU
ENSG00000166136	14.9	ENSP00000299166	NDUFB8
ENSG00000071655	14.9	ENSP00000412302	MBD3
ENSG00000163956	14.8	ENSP00000497444	LRPAP1
ENSG00000151414	14.8	ENSP00000356355	NEK7
ENSG00000084070	14.8	ENSP00000361803	SMAP2
ENSG00000103490	14.8	ENSP00000247470	PYCARD
ENSG00000137055	14.8	ENSP00000380460	PLAA
ENSG00000164109	14.8	ENSP00000296509	MAD2L1
ENSG00000158639	14.8	ENSP00000289619	PAGE5
	14.8	ENSP00000356056	DYNLT1
ENSG00000132912	14.8	ENSP00000414906	DCTN4
ENSG00000115216	14.8	ENSP00000369192	NRBP1
ENSG00000131686	14.8	ENSP00000366654	CA6
ENSG00000132792	14.8	ENSP00000355050	CTNNBL1
ENSG00000057294	14.8	ENSP00000070846	PKP2
	14.8	ENSP00000470246	RAB4B
ENSG00000089737	14.8	ENSP00000481495	DDX24
ENSG00000135090	14.8	ENSP00000376317	TAOK3
ENSG00000196549	14.7	ENSP00000418525	MME
ENSG00000112299	14.7	ENSP00000356905	VNN1
	14.7	ENSP00000369139	MT1G
ENSG00000166228	14.7	ENSP00000299299	PCBD1
ENSG00000125505	14.7	ENSP00000245615	MBOAT7
ENSG00000133627	14.7	ENSP00000256001	ACTR3B
ENSG00000248919	14.7	ENSP00000400168	ATP5MF-PTCD1
ENSG00000223865	14.6	ENSP00000408146	HLA-DPB1
ENSG00000103426	14.6	ENSP00000460885	CORO7-PAM16
ENSG00000164332	14.6	ENSP00000296786	UBLCP1
ENSG00000197345	14.6	ENSP00000354580	MRPL21
ENSG00000106665	14.6	ENSP00000223398	CLIP2
ENSG00000101161	14.6	ENSP00000266079	PRPF6
ENSG00000134453	14.6	ENSP00000388638	RBM17
ENSG00000066654	14.6	ENSP00000379392	THUMPD1
ENSG00000101337	14.5	ENSP00000381104	TM9SF4
ENSG00000141510	14.5	ENSP00000269305	TP53
	14.5	ENSP00000444561	TMEM14C
	14.5	ENSP00000493780	ENSP00000493780
ENSG00000079459	14.4	ENSP00000491537	FDFT1
ENSG00000154553	14.4	ENSP00000284767	PDLIM3
ENSG00000147955	14.4	ENSP00000277010	SIGMAR1
ENSG00000182187	14.4	ENSP00000260988	CRYGB
ENSG00000088930	14.4	ENSP00000366396	XRN2
ENSG00000108091	14.4	ENSP00000263102	CCDC6
ENSG00000055130	14.4	ENSP00000326804	CUL1
ENSG00000162664	14.4	ENSP00000340796	ZNF326
ENSG00000163281	14.4	ENSP00000295448	GNPDA2
ENSG00000111726	14.4	ENSP00000229329	CMAS
ENSG00000151929	14.3	ENSP00000358081	BAG3
ENSG00000111711	14.3	ENSP00000229314	GOLT1B
ENSG00000109743	14.3	ENSP00000265016	BST1
ENSG00000120899	14.3	ENSP00000380638	PTK2B
ENSG00000155229	14.3	ENSP00000359818	MMS19
ENSG00000010244	14.3	ENSP00000378165	ZNF207
ENSG00000164897	14.3	ENSP00000376565	TMUB1
	14.3	ENSP00000254286	ACTR10
ENSG00000123595	14.3	ENSP00000420127	RAB9A
ENSG00000175467	14.3	ENSP00000310448	SART1
ENSG00000171100	14.3	ENSP00000359423	MTM1
ENSG00000058404	14.3	ENSP00000379098	CAMK2B
ENSG00000162377	14.3	ENSP00000360593	COA7
ENSG00000025796	14.3	ENSP00000357998	SEC63
ENSG00000125814	14.3	ENSP00000482826	NAPB
ENSG00000150977	14.3	ENSP00000280571	RILPL2
ENSG00000130713	14.2	ENSP00000361433	EXOSC2
ENSG00000037042	14.2	ENSP00000251412	TUBG2
ENSG00000070961	14.2	ENSP00000392043	ATP2B1
ENSG00000126522	14.2	ENSP00000307188	ASL
ENSG00000135404	14.2	ENSP00000447730	CD63
ENSG00000162910	14.2	ENSP00000403614	MRPL55
ENSG00000103266	14.1	ENSP00000219548	STUB1
ENSG00000144580	14.1	ENSP00000486540	CNOT9
	14.1	ENSP00000356853	UCK2
ENSG00000100092	14.1	ENSP00000497104	SH3BP1
ENSG00000166848	14.1	ENSP00000300086	TERF2IP
ENSG00000148187	14.1	ENSP00000343867	MRRF
ENSG00000133710	14.0	ENSP00000352936	SPINK5
ENSG00000143294	14.0	ENSP00000271526	PRCC
ENSG00000100242	14.0	ENSP00000385616	SUN2
ENSG00000182871	14.0	ENSP00000352798	COL18A1
ENSG00000187242	14.0	ENSP00000251643	KRT12
	14.0	ENSP00000344562	CORO6
ENSG00000039068	14.0	ENSP00000261769	CDH1
ENSG00000159140	14.0	ENSP00000348984	SON
	14.0	ENSP00000378292	KRT80
ENSG00000108262	13.9	ENSP00000378338	GIT1
ENSG00000115468	13.9	ENSP00000264059	EFHD1
ENSG00000182732	13.9	ENSP00000451030	RGS6
ENSG00000172534	13.9	ENSP00000309555	HCFC1
ENSG00000123338	13.9	ENSP00000293373	NCKAP1L
ENSG00000115694	13.9	ENSP00000325748	STK25
ENSG00000060339	13.9	ENSP00000265872	CCAR1
ENSG00000185104	13.9	ENSP00000379457	FAF1
ENSG00000072786	13.9	ENSP00000176763	STK10
ENSG00000100299	13.8	ENSP00000216124	ARSA
ENSG00000068985	13.8	ENSP00000365320	PAGE1
ENSG00000090581	13.8	ENSP00000204679	GNPTG
ENSG00000275395	13.8	ENSP00000481056	FCGBP
ENSG00000142546	13.8	ENSP00000343497	NOSIP
ENSG00000173599	13.8	ENSP00000498994	PC
ENSG00000047249	13.8	ENSP00000352522	ATP6V1H
ENSG00000102241	13.8	ENSP00000442699	HTATSF1
ENSG00000136021	13.8	ENSP00000489123	SCYL2
ENSG00000112312	13.8	ENSP00000230056	GMNN
ENSG00000163754	13.8	ENSP00000340736	GYG1
	13.8	ENSP00000413479	KRT3
ENSG00000104722	13.8	ENSP00000221166	NEFM
ENSG00000147155	13.8	ENSP00000417052	EBP
ENSG00000214530	13.7	ENSP00000335247	STARD10
ENSG00000125810	13.7	ENSP00000246006	CD93
ENSG00000083123	13.7	ENSP00000318351	BCKDHB
	13.7	ENSP00000222547	BET1
ENSG00000136813	13.7	ENSP00000259335	ECPAS
ENSG00000170270	13.7	ENSP00000306320	GON7
ENSG00000151239	13.7	ENSP00000449428	TWF1
ENSG00000158042	13.7	ENSP00000288937	MRPL17
ENSG00000137463	13.7	ENSP00000381928	MGARP
ENSG00000108100	13.7	ENSP00000363836	CCNY
ENSG00000198157	13.6	ENSP00000350848	HMGN5
ENSG00000122643	13.6	ENSP00000476480	NT5C3A
ENSG00000101811	13.6	ENSP00000387996	CSTF2
ENSG00000168899	13.6	ENSP00000305647	VAMP5
ENSG00000204120	13.6	ENSP00000387170	GIGYF2
	13.6	ENSP00000331111	ZNRD1
	13.6	ENSP00000380998	CHMP1A
ENSG00000261236	13.6	ENSP00000455106	BOP1
ENSG00000124596	13.5	ENSP00000420484	OARD1
ENSG00000114503	13.5	ENSP00000326806	NCBP2
	13.5	ENSP00000362273	ADPRHL2
ENSG00000047315	13.5	ENSP00000370625	POLR2B
	13.5	ENSP00000446184	RRP12
ENSG00000010292	13.5	ENSP00000325017	NCAPD2
ENSG00000136631	13.5	ENSP00000495563	VPS45
ENSG00000204632	13.5	ENSP00000366024	HLA-G
ENSG00000155438	13.5	ENSP00000285814	NIFK
ENSG00000165912	13.5	ENSP00000440945	PACSIN3
ENSG00000121892	13.5	ENSP00000303427	PDS5A
ENSG00000122140	13.5	ENSP00000360850	MRPS2
	13.4	ENSP00000329165	KRT36
ENSG00000113296	13.4	ENSP00000339730	THBS4
ENSG00000154380	13.4	ENSP00000355809	ENAH
ENSG00000143545	13.4	ENSP00000357564	RAB13
ENSG00000090054	13.4	ENSP00000262554	SPTLC1
ENSG00000104524	13.4	ENSP00000220966	PYCR3
ENSG00000112294	13.4	ENSP00000314649	ALDH5A1
ENSG00000204889	13.4	ENSP00000366984	KRT40
ENSG00000033050	13.4	ENSP00000222388	ABCF2
ENSG00000162889	13.4	ENSP00000356070	MAPKAPK2
ENSG00000124233	13.4	ENSP00000361867	SEMG1
ENSG00000255526	13.3	ENSP00000431482	NEDD8-MDP1
ENSG00000162688	13.3	ENSP00000294724	AGL
ENSG00000117505	13.3	ENSP00000359295	DR1
ENSG00000111331	13.3	ENSP00000228928	OAS3
ENSG00000149089	13.3	ENSP00000379133	APIP
	13.3	ENSP00000352400	NUP214
ENSG00000112699	13.3	ENSP00000370194	GMDS
	13.3	ENSP00000418221	RPL7L1
	13.3	ENSP00000367938	COX7A2L
ENSG00000105854	13.3	ENSP00000488838	PON2
ENSG00000159713	13.2	ENSP00000462435	TPPP3
	13.2	ENSP00000408410	H7C2Y5_HUMAN
ENSG00000180354	13.2	ENSP00000324204	MTURN
ENSG00000168582	13.2	ENSP00000302105	CRYGA
ENSG00000101193	13.2	ENSP00000266069	GID8
ENSG00000204310	13.2	ENSP00000378877	AGPAT1
ENSG00000172482	13.2	ENSP00000302620	AGXT
ENSG00000189369	13.2	ENSP00000341247	GSPT2
ENSG00000048162	13.2	ENSP00000483001	NOP16
ENSG00000163634	13.2	ENSP00000295899	THOC7
ENSG00000011198	13.1	ENSP00000495778	ABHD5
ENSG00000086504	13.1	ENSP00000497004	MRPL28
ENSG00000130816	13.1	ENSP00000352516	DNMT1
ENSG00000137265	13.1	ENSP00000370343	IRF4
ENSG00000143314	13.1	ENSP00000354525	MRPL24
ENSG00000160182	13.1	ENSP00000291527	TFF1
ENSG00000112473	13.1	ENSP00000363809	SLC39A7
ENSG00000159399	13.1	ENSP00000290573	HK2
ENSG00000197081	13.1	ENSP00000349437	IGF2R
ENSG00000174243	13.0	ENSP00000310723	DDX23
ENSG00000155008	13.0	ENSP00000362268	APOOL
ENSG00000161249	13.0	ENSP00000342012	DMKN
	13.0	ENSP00000479586	LYNX1-SLURP2
ENSG00000108094	13.0	ENSP00000414095	CUL2
ENSG00000112640	13.0	ENSP00000417963	PPP2R5D
ENSG00000066926	13.0	ENSP00000498358	FECH
ENSG00000099256	13.0	ENSP00000318602	PRTFDC1
ENSG00000068400	13.0	ENSP00000365606	GRIPAP1
	12.9	ENSP00000347852	SORBS2
	12.9	ENSP00000414921	PTBP3
ENSG00000186591	12.9	ENSP00000347836	UBE2H
ENSG00000231389	12.9	ENSP00000393566	HLA-DPA1
ENSG00000100226	12.9	ENSP00000216044	GTPBP1
ENSG00000236334	12.9	ENSP00000393845	PPIAL4G
ENSG00000163584	12.9	ENSP00000346080	RPL22L1
ENSG00000205981	12.9	ENSP00000372005	DNAJC19
ENSG00000133315	12.9	ENSP00000255681	MACROD1
ENSG00000091136	12.9	ENSP00000222399	LAMB1
ENSG00000149182	12.9	ENSP00000434442	ARFGAP2
ENSG00000132963	12.8	ENSP00000370222	POMP
	12.8	ENSP00000344166	TMEM189-UBE2V1
ENSG00000175198	12.8	ENSP00000365462	PCCA
ENSG00000164822	12.8	ENSP00000297436	DEFA6
ENSG00000166595	12.8	ENSP00000387471	CIAO2B
ENSG00000140259	12.8	ENSP00000267812	MFAP1
ENSG00000204256	12.8	ENSP00000378702	BRD2
ENSG00000204469	12.8	ENSP00000365201	PRRC2A
ENSG00000140464	12.8	ENSP00000268058	PML
ENSG00000100949	12.8	ENSP00000382341	RABGGTA
ENSG00000173163	12.8	ENSP00000308236	COMMD1
ENSG00000059804	12.8	ENSP00000075120	SLC2A3
ENSG00000120254	12.8	ENSP00000478253	MTHFD1L
ENSG00000169093	12.8	ENSP00000370718	ASMTL
ENSG00000145337	12.7	ENSP00000273968	PYURF
ENSG00000181991	12.7	ENSP00000317376	MRPS11
	12.7	ENSP00000399797	MOV10
	12.7	ENSP00000407685	TNXB
ENSG00000135926	12.6	ENSP00000409738	TMBIM1
ENSG00000117335	12.6	ENSP00000313875	CD46
ENSG00000196655	12.6	ENSP00000436005	TRAPPC4
ENSG00000055147	12.6	ENSP00000341597	FAM114A2
ENSG00000100979	12.6	ENSP00000417138	PLTP
ENSG00000196504	12.6	ENSP00000386458	PRPF40A
ENSG00000171202	12.6	ENSP00000306887	TMEM126A
ENSG00000168264	12.5	ENSP00000355568	IRF2BP2
ENSG00000168827	12.5	ENSP00000264263	GFM1
	12.5	ENSP00000266604	LLPH
ENSG00000118418	12.5	ENSP00000482613	HMGN3
	12.5	ENSP00000229179	NUP107
ENSG00000077147	12.5	ENSP00000360184	TM9SF3
ENSG00000108592	12.5	ENSP00000396673	FTSJ3
	12.5	ENSP00000316032	NUP98
ENSG00000034152	12.5	ENSP00000345083	MAP2K3
	12.5	ENSP00000229595	ASF1A
ENSG00000184922	12.5	ENSP00000329219	FMNL1
ENSG00000162852	12.5	ENSP00000355470	CNST
ENSG00000164754	12.5	ENSP00000297338	RAD21
	12.5	ENSP00000379217	UBFD1
ENSG00000111664	12.5	ENSP00000229264	GNB3
ENSG00000108602	12.4	ENSP00000411821	ALDH3A1
ENSG00000160049	12.4	ENSP00000366237	DFFA
ENSG00000119917	12.4	ENSP00000360876	IFIT3
ENSG00000183597	12.4	ENSP00000403645	TANGO2
ENSG00000125457	12.4	ENSP00000463334	MIF4GD
ENSG00000183527	12.4	ENSP00000329915	PSMG1
	12.4	ENSP00000401371	TIA1
ENSG00000067248	12.4	ENSP00000251636	DHX29
ENSG00000103121	12.4	ENSP00000219400	CMC2
ENSG00000147533	12.4	ENSP00000350378	GOLGA7
ENSG00000213614	12.3	ENSP00000455114	HEXA
ENSG00000197312	12.3	ENSP00000417748	DDI2
ENSG00000130669	12.3	ENSP00000469413	PAK4
ENSG00000111790	12.3	ENSP00000229395	FGFR1OP2
ENSG00000063854	12.3	ENSP00000380514	HAGH
ENSG00000117593	12.3	ENSP00000497569	DARS2
ENSG00000169398	12.3	ENSP00000341189	PTK2
ENSG00000072694	12.3	ENSP00000351497	FCGR2B
ENSG00000138794	12.3	ENSP00000265164	CASP6
ENSG00000184182	12.3	ENSP00000478474	UBE2F
ENSG00000249884	12.3	ENSP00000474823	RNF103-CHMP3
ENSG00000164237	12.3	ENSP00000296658	CMBL
ENSG00000123545	12.3	ENSP00000358272	NDUFAF4
	12.3	ENSP00000284856	TMSB4Y
ENSG00000120093	12.2	ENSP00000417207	HOXB3
	12.2	ENSP00000369383	MPV17
ENSG00000143891	12.2	ENSP00000272252	GALM
ENSG00000166394	12.2	ENSP00000437041	CYB5R2
ENSG00000145920	12.2	ENSP00000352544	CPLX2
ENSG00000090863	12.2	ENSP00000205061	GLG1
ENSG00000075711	12.2	ENSP00000345731	DLG1
ENSG00000176623	12.2	ENSP00000385927	RMDN1
ENSG00000135677	12.2	ENSP00000258145	GNS
ENSG00000025800	12.2	ENSP00000362728	KPNA6
ENSG00000172775	12.2	ENSP00000335808	PSME3IP1
ENSG00000107959	12.1	ENSP00000370377	PITRM1
ENSG00000125249	12.1	ENSP00000245304	RAP2A
ENSG00000086475	12.1	ENSP00000367893	SEPHS1
ENSG00000184811	12.1	ENSP00000329548	TRARG1
ENSG00000176102	12.1	ENSP00000315791	CSTF3
ENSG00000041982	12.1	ENSP00000265131	TNC
ENSG00000082397	12.1	ENSP00000343158	EPB41L3
ENSG00000137409	12.1	ENSP00000362730	MTCH1
ENSG00000095321	12.1	ENSP00000315013	CRAT
ENSG00000105063	12.1	ENSP00000414202	PPP6R1
ENSG00000102109	12.1	ENSP00000218230	PCSK1N
ENSG00000241685	12.1	ENSP00000262942	ARPC1A
ENSG00000196072	12.0	ENSP00000359398	BLOC1S2
ENSG00000176422	12.0	ENSP00000338034	SPRYD4
ENSG00000136003	12.0	ENSP00000310623	ISCU
ENSG00000061676	12.0	ENSP00000354251	NCKAP1
ENSG00000112379	12.0	ENSP00000251691	ARFGEF3
ENSG00000132388	12.0	ENSP00000380178	UBE2G1
ENSG00000069248	12.0	ENSP00000261396	NUP133
ENSG00000100292	12.0	ENSP00000216117	HMOX1
ENSG00000255112	11.9	ENSP00000432279	CHMP1B
ENSG00000100227	11.9	ENSP00000397927	POLDIP3
ENSG00000063245	11.9	ENSP00000406209	EPN1
	11.9	ENSP00000479675	IGHV3-15
ENSG00000180185	11.9	ENSP00000372112	FAHD1
ENSG00000119640	11.9	ENSP00000450873	ACYP1
	11.9	ENSP00000482548	PIP4K2B
ENSG00000186184	11.9	ENSP00000302478	POLR1D
ENSG00000099203	11.9	ENSP00000214869	TMED1
ENSG00000125651	11.9	ENSP00000377969	GTF2F1
ENSG00000132323	11.9	ENSP00000254654	ILKAP
ENSG00000144034	11.8	ENSP00000325398	TPRKB
ENSG00000071539	11.8	ENSP00000166345	TRIP13
	11.8	ENSP00000351446	WDR5
ENSG00000116039	11.8	ENSP00000234396	ATP6V1B1
ENSG00000120253	11.8	ENSP00000342262	NUP43
ENSG00000143924	11.8	ENSP00000320663	EML4
ENSG00000117143	11.8	ENSP00000271469	UAP1
ENSG00000029725	11.8	ENSP00000445408	RABEP1
ENSG00000106537	11.8	ENSP00000262067	TSPAN13
ENSG00000198610	11.8	ENSP00000369814	AKR1C4
	11.8	ENSP00000351214	TOMM7
ENSG00000129932	11.7	ENSP00000398882	DOHH
ENSG00000106344	11.7	ENSP00000223073	RBM28
ENSG00000169599	11.7	ENSP00000387219	NFU1
ENSG00000158019	11.7	ENSP00000343412	BABAM2
ENSG00000198225	11.7	ENSP00000359693	FKBP1C
ENSG00000101199	11.7	ENSP00000314615	ARFGAP1
ENSG00000175970	11.7	ENSP00000344942	UNC119B
ENSG00000131558	11.7	ENSP00000253861	EXOC4
ENSG00000100867	11.6	ENSP00000344674	DHRS2
	11.6	ENSP00000285968	NUP205
ENSG00000178927	11.6	ENSP00000388909	CYBC1
ENSG00000203667	11.6	ENSP00000355486	COX20
ENSG00000136897	11.6	ENSP00000363999	MRPL50
ENSG00000240344	11.6	ENSP00000286175	PPIL3
ENSG00000159202	11.6	ENSP00000354201	UBE2Z
ENSG00000130340	11.6	ENSP00000376024	SNX9
ENSG00000115211	11.6	ENSP00000429323	EIF2B4
ENSG00000164885	11.6	ENSP00000419782	CDK5
ENSG00000127481	11.6	ENSP00000364403	UBR4
ENSG00000105223	11.6	ENSP00000387050	PLD3
ENSG00000149948	11.6	ENSP00000437621	HMGA2
ENSG00000088038	11.6	ENSP00000351159	CNOT3
ENSG00000083520	11.5	ENSP00000366997	DIS3
ENSG00000166920	11.5	ENSP00000341610	C15orf48
ENSG00000127463	11.5	ENSP00000420608	EMC1
ENSG00000146678	11.5	ENSP00000275525	IGFBP1
ENSG00000168275	11.5	ENSP00000355574	COA6
ENSG00000185813	11.4	ENSP00000442050	PCYT2
ENSG00000104490	11.4	ENSP00000379256	NCALD
ENSG00000155659	11.4	ENSP00000363869	VSIG4
ENSG00000144224	11.4	ENSP00000272638	UBXN4
ENSG00000120699	11.4	ENSP00000374354	EXOSC8
ENSG00000132463	11.4	ENSP00000254799	GRSF1
ENSG00000168530	11.4	ENSP00000307280	MYL1
	11.4	ENSP00000381009	KRTAP10-9
ENSG00000100360	11.4	ENSP00000393541	IFT27
ENSG00000161654	11.4	ENSP00000466718	LSM12
ENSG00000153130	11.4	ENSP00000477352	SCOC
ENSG00000167107	11.3	ENSP00000401831	ACSF2
ENSG00000196642	11.3	ENSP00000360727	RABL6
ENSG00000156587	11.3	ENSP00000287156	UBE2L6
ENSG00000001167	11.3	ENSP00000345702	NFYA
ENSG00000141556	11.3	ENSP00000347719	TBCD
ENSG00000161217	11.3	ENSP00000292823	PCYT1A
ENSG00000168078	11.3	ENSP00000428489	PBK
ENSG00000130005	11.3	ENSP00000403536	GAMT
	11.3	ENSP00000338191	SNTB2
ENSG00000168394	11.3	ENSP00000346206	TAP1
ENSG00000083642	11.3	ENSP00000313851	PDS5B
ENSG00000148396	11.2	ENSP00000325827	SEC16A
ENSG00000115042	11.2	ENSP00000233379	FAHD2A
ENSG00000141456	11.2	ENSP00000301396	PELP1
ENSG00000107651	11.2	ENSP00000358071	SEC23IP
ENSG00000103381	11.2	ENSP00000371193	CPPED1
ENSG00000143436	11.2	ENSP00000357823	MRPL9
ENSG00000114030	11.2	ENSP00000343701	KPNA1
ENSG00000183963	11.2	ENSP00000484398	SMTN
ENSG00000122692	11.1	ENSP00000380336	SMU1
ENSG00000139496	11.1	ENSP00000371155	NUP58
ENSG00000140986	11.1	ENSP00000268661	RPL3L
	11.1	ENSP00000243662	RAB38
ENSG00000196535	11.1	ENSP00000437073	MYO18A
ENSG00000118523	11.1	ENSP00000356954	CCN2
ENSG00000105576	11.1	ENSP00000407182	TNPO2
ENSG00000112739	11.1	ENSP00000337194	PRPF4B
	11.1	ENSP00000308716	INHBC
ENSG00000142910	11.1	ENSP00000271064	TINAGL1
ENSG00000116661	11.1	ENSP00000346240	FBXO2
ENSG00000213760	11.1	ENSP00000302194	ATP6V1G2
ENSG00000077420	11.1	ENSP00000365411	APBB1IP
ENSG00000100811	11.1	ENSP00000262238	YY1
ENSG00000136827	11.0	ENSP00000345719	TOR1A
ENSG00000066027	11.0	ENSP00000261461	PPP2R5A
ENSG00000076928	11.0	ENSP00000337261	ARHGEF1
ENSG00000105058	11.0	ENSP00000263384	FAM32A
ENSG00000123975	11.0	ENSP00000364976	CKS2
	11.0	ENSP00000256412	ADAMDEC1
ENSG00000181061	11.0	ENSP00000398064	HIGD1A
ENSG00000171989	11.0	ENSP00000302393	LDHAL6B
ENSG00000116701	11.0	ENSP00000356505	NCF2
ENSG00000162735	11.0	ENSP00000357051	PEX19
ENSG00000178202	11.0	ENSP00000315386	POGLUT3
ENSG00000138032	11.0	ENSP00000282412	PPM1B
ENSG00000117523	11.0	ENSP00000343629	PRRC2C
ENSG00000143368	11.0	ENSP00000271628	SF3B4
	11.0	ENSP00000447000	H0YHG0_HUMAN
ENSG00000134970	11.0	ENSP00000405926	TMED7
ENSG00000103024	11.0	ENSP00000219302	NME3
ENSG00000155099	11.0	ENSP00000285419	PIP4P2
ENSG00000150316	10.9	ENSP00000475615	CWC15
ENSG00000135446	10.9	ENSP00000257904	CDK4
ENSG00000178057	10.9	ENSP00000323076	NDUFAF3
ENSG00000108559	10.9	ENSP00000458954	NUP88
ENSG00000131652	10.9	ENSP00000326531	THOC6
ENSG00000132300	10.8	ENSP00000254630	PTCD3
ENSG00000156973	10.8	ENSP00000287600	PDE6D
ENSG00000140525	10.8	ENSP00000310842	FANCI
ENSG00000160194	10.8	ENSP00000346196	NDUFV3
ENSG00000172922	10.8	ENSP00000308193	RNASEH2C
ENSG00000038002	10.8	ENSP00000264595	AGA
ENSG00000198074	10.8	ENSP00000352584	AKR1B10
ENSG00000188021	10.8	ENSP00000345195	UBQLN2
ENSG00000114115	10.8	ENSP00000232219	RBP1
ENSG00000185069	10.7	ENSP00000330101	KRT76
ENSG00000166401	10.7	ENSP00000331368	SERPINB8
ENSG00000172023	10.7	ENSP00000303206	REG1B
ENSG00000157483	10.7	ENSP00000288235	MYO1E
ENSG00000154001	10.7	ENSP00000337641	PPP2R5E
ENSG00000176340	10.7	ENSP00000321260	COX8A
ENSG00000112110	10.7	ENSP00000356001	MRPL18
ENSG00000269335	10.7	ENSP00000483825	IKBKG
ENSG00000075914	10.7	ENSP00000265564	EXOSC7
ENSG00000139433	10.7	ENSP00000315263	GLTP
ENSG00000128789	10.7	ENSP00000325919	PSMG2
ENSG00000077348	10.7	ENSP00000221233	EXOSC5
ENSG00000119718	10.7	ENSP00000266126	EIF2B2
ENSG00000004487	10.7	ENSP00000383042	KDM1A
ENSG00000109805	10.7	ENSP00000251496	NCAPG
ENSG00000102580	10.7	ENSP00000473631	DNAJC3
ENSG00000109854	10.7	ENSP00000392985	HTATIP2
ENSG00000149923	10.7	ENSP00000279387	PPP4C
ENSG00000153531	10.7	ENSP00000364567	ADPRHL1
ENSG00000146085	10.7	ENSP00000274813	MMUT
ENSG00000222014	10.7	ENSP00000387307	RAB6C
ENSG00000166147	10.7	ENSP00000325527	FBN1
ENSG00000166426	10.7	ENSP00000299529	CRABP1
ENSG00000173402	10.7	ENSP00000442600	DAG1
ENSG00000073050	10.7	ENSP00000262887	XRCC1
ENSG00000138801	10.7	ENSP00000265174	PAPSS1
ENSG00000213977	10.6	ENSP00000225525	TAX1BP3
	10.6	ENSP00000303208	PCSK9
ENSG00000131148	10.6	ENSP00000253457	EMC8
ENSG00000166562	10.6	ENSP00000468633	SEC11C
ENSG00000173706	10.6	ENSP00000311502	HEG1
ENSG00000123609	10.6	ENSP00000243346	NMI
	10.6	ENSP00000484580	PPP1R2
ENSG00000130479	10.6	ENSP00000325313	MAP1S
ENSG00000206073	10.6	ENSP00000343445	SERPINB4
ENSG00000148688	10.6	ENSP00000389182	RPP30
ENSG00000233087	10.6	ENSP00000490038	RAB6D
ENSG00000163960	10.6	ENSP00000296328	UBXN7
ENSG00000137077	10.6	ENSP00000259607	CCL21
ENSG00000179163	10.6	ENSP00000363603	FUCA1
ENSG00000101654	10.6	ENSP00000466111	RNMT
ENSG00000162236	10.6	ENSP00000294179	STX5
ENSG00000186635	10.5	ENSP00000377233	ARAP1
ENSG00000239857	10.5	ENSP00000265857	GET4
ENSG00000162722	10.5	ENSP00000355437	TRIM58
ENSG00000134748	10.5	ENSP00000257181	PRPF38A
	10.5	ENSP00000259951	HLA-F
ENSG00000132361	10.5	ENSP00000458986	CLUH
ENSG00000126214	10.5	ENSP00000414982	KLC1
ENSG00000148229	10.5	ENSP00000363286	POLE3
ENSG00000213563	10.5	ENSP00000436621	C8orf82
ENSG00000134285	10.5	ENSP00000449751	FKBP11
ENSG00000182872	10.5	ENSP00000328848	RBM10
ENSG00000115593	10.5	ENSP00000393453	SMYD1
ENSG00000049656	10.5	ENSP00000313854	CLPTM1L
	10.5	ENSP00000329757	ATP6V0C
	10.5	ENSP00000306866	GABARAP
ENSG00000111907	10.5	ENSP00000306285	TPD52L1
ENSG00000153914	10.4	ENSP00000334538	SREK1
ENSG00000112531	10.4	ENSP00000355094	QKI
ENSG00000092094	10.4	ENSP00000206542	OSGEP
ENSG00000103642	10.4	ENSP00000261893	LACTB
ENSG00000134824	10.4	ENSP00000278840	FADS2
ENSG00000185674	10.4	ENSP00000327533	LYG2
ENSG00000182578	10.4	ENSP00000286301	CSF1R
	10.4	ENSP00000424595	PRPS1L1
	10.4	ENSP00000262866	SLA2
ENSG00000152256	10.3	ENSP00000376352	PDK1
	10.3	ENSP00000238738	RHOQ
	10.3	ENSP00000498268	DCAKD
ENSG00000137776	10.3	ENSP00000369887	SLTM
ENSG00000139428	10.3	ENSP00000445920	MMAB
ENSG00000100348	10.3	ENSP00000216185	TXN2
ENSG00000142687	10.3	ENSP00000318406	KIAA0319L
ENSG00000162959	10.3	ENSP00000295065	MEMO1
ENSG00000118113	10.3	ENSP00000236826	MMP8
ENSG00000115839	10.2	ENSP00000411418	RAB3GAP1
ENSG00000177542	10.2	ENSP00000322020	SLC25A22
ENSG00000136104	10.2	ENSP00000337623	RNASEH2B
ENSG00000109917	10.2	ENSP00000227322	ZPR1
ENSG00000198408	10.2	ENSP00000354850	OGA
ENSG00000258643	10.2	ENSP00000452479	BCL2L2-PABPN1
ENSG00000106355	10.2	ENSP00000410758	LSM5
ENSG00000167419	10.2	ENSP00000262290	LPO
ENSG00000149269	10.2	ENSP00000278568	PAK1
ENSG00000112655	10.2	ENSP00000418754	PTK7
ENSG00000184831	10.2	ENSP00000368528	APOO
	10.2	ENSP00000225388	NUFIP2
ENSG00000277586	10.2	ENSP00000482169	NEFL
ENSG00000171867	10.1	ENSP00000399376	PRNP
ENSG00000166266	10.1	ENSP00000376808	CUL5
	10.1	ENSP00000306461	SPRR1B
ENSG00000008294	10.1	ENSP00000262013	SPAG9
ENSG00000111906	10.1	ENSP00000381220	HDDC2
ENSG00000155100	10.1	ENSP00000285420	OTUD6B
ENSG00000144959	10.1	ENSP00000442464	NCEH1
ENSG00000167862	10.1	ENSP00000301585	MRPL58
ENSG00000115902	10.1	ENSP00000234256	SLC1A4
ENSG00000047230	10.1	ENSP00000401264	CTPS2
ENSG00000082701	10.1	ENSP00000324806	GSK3B
ENSG00000169612	10.1	ENSP00000307181	RAMAC
ENSG00000114767	10.1	ENSP00000232888	RRP9
ENSG00000146648	10.1	ENSP00000275493	EGFR
ENSG00000145675	10.1	ENSP00000428056	PIK3R1
ENSG00000109320	10.1	ENSP00000226574	NFKB1
ENSG00000114744	10.1	ENSP00000419475	COMMD2
	10.1	ENSP00000485527	CBSL
ENSG00000179041	10.1	ENSP00000322396	RRS1
ENSG00000106348	10.0	ENSP00000345096	IMPDH1
ENSG00000140983	10.0	ENSP00000321971	RHOT2
ENSG00000147889	10.0	ENSP00000418915	CDKN2A
ENSG00000136986	10.0	ENSP00000259512	DERL1
	10.0	ENSP00000360613	UBE2A
ENSG00000008056	10.0	ENSP00000295987	SYN1
ENSG00000114686	10.0	ENSP00000264995	MRPL3
	9.99	ENSP00000292907	COX7A1
ENSG00000157870	9.99	ENSP00000413218	PRXL2B
ENSG00000159210	9.99	ENSP00000421380	SNF8
ENSG00000105767	9.98	ENSP00000222374	CADM4
ENSG00000119638	9.98	ENSP00000238616	NEK9
ENSG00000166908	9.98	ENSP00000347032	PIP4K2C
ENSG00000173436	9.98	ENSP00000325562	MICOS10
ENSG00000088325	9.97	ENSP00000300403	TPX2
ENSG00000100225	9.96	ENSP00000266087	FBXO7
ENSG00000105821	9.95	ENSP00000368565	DNAJC2
	9.94	ENSP00000414624	PRPSAP1
ENSG00000166233	9.93	ENSP00000369217	ARIH1
ENSG00000198886	9.92	ENSP00000354961	MT-ND4
ENSG00000133028	9.91	ENSP00000255390	SCO1
ENSG00000151532	9.91	ENSP00000376792	VTI1A
ENSG00000096080	9.9	ENSP00000361206	MRPS18A
ENSG00000170242	9.89	ENSP00000382382	USP47
ENSG00000101294	9.88	ENSP00000381237	HM13
ENSG00000265354	9.88	ENSP00000464522	TIMM23
	9.86	ENSP00000465099	CD3EAP
ENSG00000006744	9.86	ENSP00000337445	ELAC2
	9.85	ENSP00000378409	VSIR
	9.84	ENSP00000364589	CUL4A
ENSG00000137274	9.84	ENSP00000369739	BPHL
ENSG00000138073	9.82	ENSP00000260643	PREB
ENSG00000125037	9.81	ENSP00000245046	EMC3
ENSG00000241839	9.81	ENSP00000326706	PLEKHO2
ENSG00000131116	9.79	ENSP00000300811	ZNF428
ENSG00000119431	9.79	ENSP00000238379	HDHD3
ENSG00000134910	9.79	ENSP00000376472	STT3A
ENSG00000177225	9.79	ENSP00000321691	GATD1
ENSG00000157978	9.78	ENSP00000363458	LDLRAP1
ENSG00000107371	9.76	ENSP00000323046	EXOSC3
ENSG00000150540	9.74	ENSP00000280097	HNMT
ENSG00000163320	9.73	ENSP00000381429	CGGBP1
ENSG00000120913	9.73	ENSP00000312634	PDLIM2
ENSG00000179344	9.73	ENSP00000364080	HLA-DQB1
ENSG00000160200	9.72	ENSP00000381231	CBS
ENSG00000129103	9.7	ENSP00000498402	SUMF2
ENSG00000186834	9.7	ENSP00000328773	HEXIM1
ENSG00000060762	9.69	ENSP00000354223	MPC1
ENSG00000148943	9.69	ENSP00000278193	LIN7C
ENSG00000197771	9.68	ENSP00000353098	MCMBP
ENSG00000115540	9.68	ENSP00000315702	MOB4
ENSG00000118520	9.68	ENSP00000349446	ARG1
ENSG00000173039	9.67	ENSP00000384273	RELA
ENSG00000138448	9.67	ENSP00000261023	ITGAV
ENSG00000154719	9.66	ENSP00000305682	MRPL39
ENSG00000133115	9.65	ENSP00000368952	STOML3
ENSG00000135972	9.65	ENSP00000258455	MRPS9
	9.64	ENSP00000298428	SEC61A2
ENSG00000166479	9.64	ENSP00000299608	TMX3
ENSG00000170423	9.64	ENSP00000306261	KRT78
ENSG00000104375	9.62	ENSP00000429744	STK3
ENSG00000153774	9.61	ENSP00000283882	CFDP1
ENSG00000117983	9.58	ENSP00000436812	MUC5B
ENSG00000172551	9.56	ENSP00000311364	MUCL1
ENSG00000117280	9.55	ENSP00000356107	RAB29
ENSG00000115919	9.54	ENSP00000264170	KYNU
ENSG00000048544	9.53	ENSP00000053468	MRPS10
ENSG00000108587	9.53	ENSP00000225724	GOSR1
ENSG00000160796	9.53	ENSP00000415034	NBEAL2
ENSG00000240583	9.53	ENSP00000311165	AQP1
ENSG00000133030	9.53	ENSP00000379156	MPRIP
ENSG00000166888	9.52	ENSP00000300134	STAT6
ENSG00000068903	9.51	ENSP00000249396	SIRT2
ENSG00000095059	9.51	ENSP00000210060	DHPS
ENSG00000100600	9.51	ENSP00000376911	LGMN
ENSG00000160181	9.5	ENSP00000291526	TFF2
ENSG00000110090	9.5	ENSP00000265641	CPT1A
	9.49	ENSP00000338343	SGCD
ENSG00000159685	9.49	ENSP00000290913	CHCHD6
ENSG00000163735	9.49	ENSP00000296027	CXCL5
ENSG00000104979	9.47	ENSP00000465432	C19orf53
ENSG00000104853	9.46	ENSP00000336994	CLPTM1
ENSG00000148773	9.46	ENSP00000357643	MKI67
ENSG00000205560	9.45	ENSP00000379011	CPT1B
	9.43	ENSP00000347823	KRT39
ENSG00000138623	9.43	ENSP00000261918	SEMA7A
ENSG00000015285	9.42	ENSP00000365891	WAS
ENSG00000079308	9.42	ENSP00000171887	TNS1
ENSG00000065613	9.42	ENSP00000358770	SLK
ENSG00000137996	9.41	ENSP00000260563	RTCA
ENSG00000115364	9.41	ENSP00000377486	MRPL19
ENSG00000139436	9.41	ENSP00000347464	GIT2
ENSG00000084072	9.4	ENSP00000361918	PPIE
ENSG00000187244	9.4	ENSP00000270233	BCAM
ENSG00000124789	9.4	ENSP00000444029	NUP153
ENSG00000143614	9.39	ENSP00000357644	GATAD2B
ENSG00000156304	9.38	ENSP00000286835	SCAF4
	9.36	ENSP00000371420	GPNMB
ENSG00000062822	9.34	ENSP00000472445	POLD1
ENSG00000121152	9.33	ENSP00000240423	NCAPH
ENSG00000089159	9.32	ENSP00000267257	PXN
ENSG00000132688	9.32	ENSP00000357206	NES
ENSG00000078898	9.32	ENSP00000170150	BPIFB2
	9.32	ENSP00000326981	IMP3
ENSG00000101290	9.31	ENSP00000419879	CDS2
ENSG00000085415	9.31	ENSP00000382779	SEH1L
ENSG00000118231	9.3	ENSP00000264376	CRYGD
ENSG00000153944	9.3	ENSP00000284073	MSI2
ENSG00000120526	9.29	ENSP00000239690	NUDCD1
ENSG00000164879	9.29	ENSP00000285381	CA3
ENSG00000115317	9.29	ENSP00000258080	HTRA2
ENSG00000168710	9.27	ENSP00000358814	AHCYL1
ENSG00000004961	9.26	ENSP00000370139	HCCS
ENSG00000136738	9.26	ENSP00000366746	STAM
ENSG00000134371	9.26	ENSP00000356405	CDC73
ENSG00000167900	9.25	ENSP00000468425	TK1
ENSG00000160214	9.25	ENSP00000417464	RRP1
ENSG00000104951	9.24	ENSP00000472474	IL4I1
ENSG00000118007	9.24	ENSP00000372689	STAG1
ENSG00000090061	9.23	ENSP00000374529	CCNK
ENSG00000185885	9.23	ENSP00000330825	IFITM1
ENSG00000169019	9.22	ENSP00000370984	COMMD8
ENSG00000175115	9.21	ENSP00000316454	PACS1
ENSG00000086827	9.2	ENSP00000200135	ZW10
ENSG00000172315	9.19	ENSP00000361186	TP53RK
ENSG00000108433	9.19	ENSP00000461784	GOSR2
ENSG00000187118	9.19	ENSP00000418348	CMC1
ENSG00000131435	9.18	ENSP00000253754	PDLIM4
ENSG00000157326	9.13	ENSP00000326219	DHRS4
ENSG00000130396	9.12	ENSP00000355771	AFDN
ENSG00000132109	9.12	ENSP00000254436	TRIM21
	9.11	ENSP00000439856	CHERP
ENSG00000167531	9.11	ENSP00000301046	LALBA
ENSG00000086666	9.1	ENSP00000479071	ZFAND6
ENSG00000056097	9.07	ENSP00000265069	ZFR
ENSG00000165475	9.07	ENSP00000298248	CRYL1
ENSG00000167721	9.07	ENSP00000301364	TSR1
ENSG00000117360	9.06	ENSP00000315379	PRPF3
ENSG00000143363	9.06	ENSP00000271620	PRUNE1
ENSG00000115085	9.05	ENSP00000264972	ZAP70
ENSG00000124356	9.04	ENSP00000377633	STAMBP
ENSG00000165118	9.03	ENSP00000365522	C9orf64
ENSG00000136156	9.03	ENSP00000497221	ITM2B
ENSG00000160799	9.03	ENSP00000292314	CCDC12
ENSG00000164081	9.02	ENSP00000396628	TEX264
ENSG00000105514	9.02	ENSP00000222120	RAB3D
ENSG00000074054	9.02	ENSP00000263710	CLASP1
ENSG00000213782	9.02	ENSP00000350698	DDX47
ENSG00000136485	9.01	ENSP00000483236	DCAF7
ENSG00000135424	9.01	ENSP00000452120	ITGA7
ENSG00000105679	9.01	ENSP00000222286	GAPDHS
ENSG00000204227	9.0	ENSP00000363787	RING1
ENSG00000126749	9.0	ENSP00000470560	EMG1
ENSG00000196735	8.98	ENSP00000339398	HLA-DQA1
ENSG00000165682	8.98	ENSP00000298527	CLEC1B
ENSG00000138398	8.97	ENSP00000260970	PPIG
ENSG00000150625	8.96	ENSP00000280187	GPM6A
	8.96	ENSP00000347457	DNM3
ENSG00000088053	8.95	ENSP00000308782	GP6
ENSG00000174173	8.93	ENSP00000312356	TRMT10C
ENSG00000136689	8.93	ENSP00000259206	IL1RN
ENSG00000143851	8.92	ENSP00000309116	PTPN7
ENSG00000204673	8.92	ENSP00000375711	AKT1S1
ENSG00000151135	8.91	ENSP00000449785	TMEM263
ENSG00000116221	8.91	ENSP00000473980	MRPL37
ENSG00000140365	8.91	ENSP00000267935	COMMD4
ENSG00000008952	8.91	ENSP00000337688	SEC62
ENSG00000145216	8.9	ENSP00000336752	FIP1L1
ENSG00000102837	8.87	ENSP00000219022	OLFM4
ENSG00000143889	8.87	ENSP00000390625	HNRNPLL
ENSG00000104835	8.86	ENSP00000472847	SARS2
ENSG00000173467	8.86	ENSP00000308606	AGR3
	8.86	ENSP00000258416	EIF4E2
ENSG00000109536	8.84	ENSP00000226798	FRG1
ENSG00000180900	8.83	ENSP00000349486	SCRIB
ENSG00000110921	8.8	ENSP00000228510	MVK
ENSG00000185127	8.8	ENSP00000346931	C6orf120
ENSG00000101951	8.8	ENSP00000218068	PAGE4
ENSG00000127616	8.79	ENSP00000343896	SMARCA4
ENSG00000112651	8.78	ENSP00000373404	MRPL2
ENSG00000150961	8.77	ENSP00000280551	SEC24D
ENSG00000198821	8.76	ENSP00000354782	CD247
ENSG00000072832	8.73	ENSP00000321606	CRMP1
ENSG00000120915	8.73	ENSP00000430269	EPHX2
ENSG00000148362	8.72	ENSP00000360682	PAXX
ENSG00000132612	8.7	ENSP00000254950	VPS4A
ENSG00000169919	8.7	ENSP00000302728	GUSB
	8.69	ENSP00000439065	COA8-2
ENSG00000173598	8.68	ENSP00000338352	NUDT4
ENSG00000143771	8.68	ENSP00000420443	CNIH4
ENSG00000147400	8.68	ENSP00000359300	CETN2
ENSG00000137965	8.67	ENSP00000359783	IFI44
ENSG00000107099	8.67	ENSP00000394888	DOCK8
ENSG00000125746	8.67	ENSP00000468312	EML2
ENSG00000127603	8.67	ENSP00000354573	MACF1
ENSG00000123739	8.67	ENSP00000243501	PLA2G12A
ENSG00000101846	8.66	ENSP00000217961	STS
	8.66	ENSP00000271732	GOLPH3L
ENSG00000121064	8.65	ENSP00000262288	SCPEP1
ENSG00000076662	8.65	ENSP00000160262	ICAM3
ENSG00000221823	8.65	ENSP00000234310	PPP3R1
ENSG00000170748	8.62	ENSP00000304139	RBMXL2
ENSG00000099204	8.62	ENSP00000277895	ABLIM1
ENSG00000181873	8.62	ENSP00000355672	IBA57
ENSG00000145817	8.61	ENSP00000274496	YIPF5
ENSG00000173020	8.61	ENSP00000312262	GRK2
ENSG00000278540	8.6	ENSP00000483300	ACACA
ENSG00000179271	8.6	ENSP00000323065	GADD45GIP1
ENSG00000060982	8.59	ENSP00000443459	BCAT1
ENSG00000186522	8.59	ENSP00000349116	SEPTIN10
ENSG00000017260	8.59	ENSP00000421326	ATP2C1
ENSG00000089820	8.58	ENSP00000359045	ARHGAP4
ENSG00000103274	8.58	ENSP00000283027	NUBP1
ENSG00000137947	8.58	ENSP00000359531	GTF2B
ENSG00000161813	8.58	ENSP00000415464	LARP4
ENSG00000101079	8.56	ENSP00000345292	NDRG3
ENSG00000088367	8.56	ENSP00000337168	EPB41L1
ENSG00000186393	8.55	ENSP00000334798	KRT26
ENSG00000163811	8.55	ENSP00000384302	WDR43
ENSG00000117676	8.54	ENSP00000435412	RPS6KA1
ENSG00000118873	8.54	ENSP00000351832	RAB3GAP2
ENSG00000067369	8.54	ENSP00000371475	TP53BP1
ENSG00000169474	8.53	ENSP00000357751	SPRR1A
	8.53	ENSP00000355651	RAB4A
ENSG00000177189	8.51	ENSP00000368884	RPS6KA3
ENSG00000145879	8.51	ENSP00000274565	SPINK7
	8.5	ENSP00000220913	CHRAC1
ENSG00000110871	8.49	ENSP00000288532	COQ5
ENSG00000168958	8.48	ENSP00000302037	MFF
ENSG00000156049	8.48	ENSP00000365807	GNA14
ENSG00000102003	8.48	ENSP00000263233	SYP
ENSG00000165059	8.47	ENSP00000366488	PRKACG
ENSG00000081760	8.47	ENSP00000324842	AACS
ENSG00000145191	8.46	ENSP00000497160	EIF2B5
ENSG00000129353	8.46	ENSP00000466664	SLC44A2
ENSG00000157778	8.45	ENSP00000288607	PSMG3
ENSG00000136141	8.45	ENSP00000374447	LRCH1
ENSG00000071859	8.45	ENSP00000377225	FAM50A
ENSG00000198015	8.43	ENSP00000449884	MRPL42
ENSG00000166947	8.43	ENSP00000497777	EPB42
ENSG00000103257	8.43	ENSP00000261622	SLC7A5
ENSG00000143418	8.42	ENSP00000271688	CERS2
ENSG00000134765	8.41	ENSP00000257198	DSC1
ENSG00000110031	8.41	ENSP00000431284	LPXN
ENSG00000166902	8.4	ENSP00000300151	MRPL16
ENSG00000243989	8.4	ENSP00000384296	ACY1
	8.39	ENSP00000307260	TBL2
ENSG00000144843	8.39	ENSP00000420200	ADPRH
ENSG00000107625	8.39	ENSP00000362687	DDX50
ENSG00000138246	8.38	ENSP00000260818	DNAJC13
ENSG00000139998	8.38	ENSP00000434103	RAB15
ENSG00000188566	8.37	ENSP00000360576	NDOR1
ENSG00000132153	8.37	ENSP00000405620	DHX30
ENSG00000124380	8.36	ENSP00000244227	SNRNP27
ENSG00000241360	8.36	ENSP00000215904	PDXP
ENSG00000136842	8.35	ENSP00000259365	TMOD1
ENSG00000146733	8.35	ENSP00000378854	PSPH
ENSG00000213920	8.34	ENSP00000288087	MDP1
ENSG00000185049	8.33	ENSP00000445757	NELFA
ENSG00000056050	8.33	ENSP00000406598	HPF1
ENSG00000160285	8.33	ENSP00000380837	LSS
ENSG00000105723	8.33	ENSP00000222330	GSK3A
ENSG00000169905	8.32	ENSP00000356584	TOR1AIP2
ENSG00000176658	8.32	ENSP00000324527	MYO1D
ENSG00000117385	8.32	ENSP00000236040	P3H1
ENSG00000183255	8.32	ENSP00000328325	PTTG1IP
	8.31	ENSP00000479130	ACSF3
ENSG00000037897	8.3	ENSP00000314441	METTL1
ENSG00000100997	8.29	ENSP00000365725	ABHD12
ENSG00000125107	8.28	ENSP00000320949	CNOT1
ENSG00000105127	8.28	ENSP00000269701	AKAP8
ENSG00000211455	8.28	ENSP00000373684	STK38L
ENSG00000101596	8.28	ENSP00000326603	SMCHD1
	8.27	ENSP00000425587	EXOC3
ENSG00000009954	8.27	ENSP00000342434	BAZ1B
ENSG00000123159	8.27	ENSP00000376753	GIPC1
ENSG00000163527	8.26	ENSP00000295770	STT3B
	8.26	ENSP00000354813	MT-ND5
ENSG00000022277	8.25	ENSP00000023939	RTF2
ENSG00000091732	8.25	ENSP00000351052	ZC3HC1
ENSG00000076685	8.25	ENSP00000339479	NT5C2
ENSG00000153071	8.24	ENSP00000313391	DAB2
ENSG00000177192	8.24	ENSP00000365837	PUS1
ENSG00000259494	8.23	ENSP00000312311	MRPL46
ENSG00000012822	8.22	ENSP00000449960	CALCOCO1
ENSG00000180992	8.22	ENSP00000361084	MRPL14
ENSG00000115816	8.22	ENSP00000234170	CEBPZ
ENSG00000081051	8.21	ENSP00000379138	AFP
ENSG00000148335	8.21	ENSP00000483489	NTMT1
ENSG00000072682	8.19	ENSP00000384999	P4HA2
ENSG00000075188	8.18	ENSP00000448054	NUP37
ENSG00000166582	8.17	ENSP00000299736	CENPV
ENSG00000142089	8.16	ENSP00000382707	IFITM3
ENSG00000172586	8.16	ENSP00000361923	CHCHD1
ENSG00000107789	8.16	ENSP00000361064	MINPP1
ENSG00000185787	8.16	ENSP00000331310	MORF4L1
ENSG00000107862	8.16	ENSP00000359000	GBF1
ENSG00000155827	8.15	ENSP00000373772	RNF20
ENSG00000123213	8.14	ENSP00000370372	NLN
ENSG00000163605	8.13	ENSP00000349124	PPP4R2
ENSG00000140632	8.11	ENSP00000322716	GLYR1
ENSG00000164434	8.11	ENSP00000348931	FABP7
ENSG00000185745	8.11	ENSP00000360869	IFIT1
ENSG00000173465	8.09	ENSP00000312318	ZNRD2
ENSG00000144199	8.08	ENSP00000410470	FAHD2B
ENSG00000278053	8.08	ENSP00000479504	DDX52
ENSG00000018236	8.08	ENSP00000447006	CNTN1
ENSG00000136819	8.06	ENSP00000361524	C9orf78
ENSG00000177830	8.06	ENSP00000398722	CHID1
ENSG00000105221	8.05	ENSP00000375892	AKT2
ENSG00000105993	8.05	ENSP00000262177	DNAJB6
ENSG00000187522	8.05	ENSP00000367623	HSPA14
ENSG00000055070	8.04	ENSP00000383866	SZRD1
ENSG00000197635	8.04	ENSP00000353731	DPP4
ENSG00000001497	8.04	ENSP00000363944	LAS1L
ENSG00000091127	8.04	ENSP00000417402	PUS7
ENSG00000015676	8.03	ENSP00000347626	NUDCD3
ENSG00000083444	8.02	ENSP00000196061	PLOD1
ENSG00000050165	8.01	ENSP00000433112	DKK3
ENSG00000149177	8.01	ENSP00000400010	PTPRJ
ENSG00000139131	8.01	ENSP00000320658	YARS2
ENSG00000118960	8.01	ENSP00000305193	HS1BP3
ENSG00000139746	8.0	ENSP00000483408	RBM26
ENSG00000138160	7.99	ENSP00000260731	KIF11
	7.99	ENSP00000481022	SCAMP1
ENSG00000244462	7.98	ENSP00000363228	RBM12
ENSG00000188986	7.98	ENSP00000339495	NELFB
ENSG00000062194	7.98	ENSP00000401596	GPBP1
ENSG00000134463	7.98	ENSP00000368517	ECHDC3
ENSG00000100288	7.96	ENSP00000384400	CHKB
ENSG00000171431	7.96	ENSP00000167588	KRT20
ENSG00000104907	7.95	ENSP00000466967	TRMT1
ENSG00000122986	7.94	ENSP00000349181	HVCN1
ENSG00000094914	7.94	ENSP00000209873	AAAS
ENSG00000153201	7.94	ENSP00000283195	RANBP2
ENSG00000153956	7.94	ENSP00000349320	CACNA2D1
ENSG00000198682	7.94	ENSP00000406157	PAPSS2
ENSG00000134186	7.93	ENSP00000359042	PRPF38B
ENSG00000074356	7.92	ENSP00000373657	NCBP3
	7.91	ENSP00000430823	ZNF706
ENSG00000106628	7.91	ENSP00000480186	POLD2
ENSG00000111678	7.9	ENSP00000229281	C12orf57
ENSG00000138760	7.9	ENSP00000264896	SCARB2
ENSG00000166855	7.9	ENSP00000300107	CLPX
ENSG00000135636	7.9	ENSP00000386881	DYSF
ENSG00000150995	7.88	ENSP00000306253	ITPR1
ENSG00000087245	7.88	ENSP00000219070	MMP2
ENSG00000101265	7.88	ENSP00000368710	RASSF2
ENSG00000157637	7.86	ENSP00000363891	SLC38A10
ENSG00000165060	7.86	ENSP00000419243	FXN
ENSG00000173230	7.85	ENSP00000377275	GOLGB1
ENSG00000143374	7.85	ENSP00000358060	TARS2
ENSG00000171824	7.85	ENSP00000366135	EXOSC10
	7.85	ENSP00000355377	AKR7A3
ENSG00000158290	7.82	ENSP00000384109	CUL4B
	7.82	ENSP00000222644	MPP6
ENSG00000125676	7.82	ENSP00000245838	THOC2
	7.82	ENSP00000364543	SKIV2L
ENSG00000137692	7.8	ENSP00000260247	DCUN1D5
ENSG00000167491	7.8	ENSP00000384899	GATAD2A
ENSG00000163114	7.79	ENSP00000295266	PDHA2
ENSG00000124486	7.78	ENSP00000316357	USP9X
	7.78	ENSP00000477648	LYNX1
ENSG00000197471	7.77	ENSP00000498852	SPN
ENSG00000239789	7.77	ENSP00000285298	MRPS17
ENSG00000112855	7.75	ENSP00000494965	HARS2
ENSG00000148300	7.74	ENSP00000361010	REXO4
ENSG00000185608	7.74	ENSP00000333401	MRPL40
ENSG00000198824	7.74	ENSP00000496699	CHAMP1
ENSG00000177565	7.74	ENSP00000405574	TBL1XR1
ENSG00000157227	7.74	ENSP00000308208	MMP14
ENSG00000107758	7.74	ENSP00000378306	PPP3CB
ENSG00000136874	7.74	ENSP00000259400	STX17
ENSG00000124157	7.74	ENSP00000361855	SEMG2
ENSG00000160691	7.73	ENSP00000401303	SHC1
ENSG00000108061	7.72	ENSP00000358464	SHOC2
	7.72	ENSP00000269601	TXNL4A
ENSG00000125995	7.72	ENSP00000363191	ROMO1
	7.71	ENSP00000346442	LRMP
ENSG00000120697	7.71	ENSP00000239891	ALG5
ENSG00000138443	7.7	ENSP00000295851	ABI2
ENSG00000180822	7.7	ENSP00000392353	PSMG4
ENSG00000176055	7.7	ENSP00000314776	MBLAC2
ENSG00000141756	7.69	ENSP00000317232	FKBP10
ENSG00000066557	7.68	ENSP00000359990	LRRC40
ENSG00000175063	7.67	ENSP00000348838	UBE2C
ENSG00000115325	7.67	ENSP00000233668	DOK1
	7.67	ENSP00000270176	SCYL1
ENSG00000091317	7.65	ENSP00000205636	CMTM6
ENSG00000174996	7.65	ENSP00000399403	KLC2
ENSG00000144366	7.65	ENSP00000386289	GULP1
ENSG00000198954	7.64	ENSP00000354848	KIFBP
ENSG00000064703	7.62	ENSP00000358716	DDX20
ENSG00000173914	7.62	ENSP00000433071	RBM4B
ENSG00000129691	7.62	ENSP00000340896	ASH2L
ENSG00000164933	7.62	ENSP00000297578	SLC25A32
ENSG00000174720	7.62	ENSP00000422626	LARP7
ENSG00000099968	7.62	ENSP00000480836	BCL2L13
ENSG00000204209	7.61	ENSP00000266000	DAXX
ENSG00000104635	7.61	ENSP00000370635	SLC39A14
	7.6	ENSP00000367721	NUP160
ENSG00000125744	7.58	ENSP00000245923	RTN2
ENSG00000167916	7.58	ENSP00000264651	KRT24
ENSG00000184363	7.58	ENSP00000331678	PKP3
ENSG00000102974	7.58	ENSP00000494538	CTCF
	7.57	ENSP00000356301	TMEM9
ENSG00000103549	7.57	ENSP00000325677	RNF40
ENSG00000033627	7.56	ENSP00000264649	ATP6V0A1
ENSG00000049239	7.56	ENSP00000473348	H6PD
ENSG00000159111	7.56	ENSP00000290208	MRPL10
ENSG00000082516	7.55	ENSP00000285873	GEMIN5
ENSG00000148843	7.54	ENSP00000358812	PDCD11
ENSG00000196569	7.54	ENSP00000400365	LAMA2
	7.54	ENSP00000259239	IMP4
ENSG00000119408	7.54	ENSP00000362702	NEK6
ENSG00000198947	7.54	ENSP00000354923	DMD
	7.53	ENSP00000357060	ATP1A4
ENSG00000115884	7.53	ENSP00000370542	SDC1
ENSG00000117713	7.53	ENSP00000320485	ARID1A
ENSG00000168961	7.52	ENSP00000378856	LGALS9
ENSG00000167110	7.52	ENSP00000416097	GOLGA2
ENSG00000131779	7.52	ENSP00000358312	PEX11B
	7.51	ENSP00000355741	COQ8A
ENSG00000143382	7.5	ENSP00000358035	ADAMTSL4
ENSG00000120314	7.5	ENSP00000351100	WDR55
ENSG00000169057	7.5	ENSP00000395535	MECP2
	7.49	ENSP00000475924	POLDIP2
ENSG00000107562	7.49	ENSP00000379140	CXCL12
	7.48	ENSP00000368062	ATAD3C
ENSG00000198752	7.48	ENSP00000355237	CDC42BPB
ENSG00000197226	7.48	ENSP00000349291	TBC1D9B
ENSG00000168175	7.47	ENSP00000378851	MAPK1IP1L
ENSG00000165782	7.47	ENSP00000381102	PIP4P1
ENSG00000071282	7.47	ENSP00000157600	LMCD1
ENSG00000103152	7.47	ENSP00000219431	MPG
ENSG00000005175	7.46	ENSP00000005386	RPAP3
ENSG00000182473	7.46	ENSP00000334100	EXOC7
ENSG00000141076	7.46	ENSP00000327179	UTP4
ENSG00000170855	7.46	ENSP00000449795	TRIAP1
ENSG00000159322	7.45	ENSP00000312250	ADPGK
ENSG00000142945	7.45	ENSP00000361298	KIF2C
ENSG00000087077	7.45	ENSP00000200457	TRIP6
ENSG00000115808	7.44	ENSP00000263918	STRN
	7.44	ENSP00000465685	AP1M2
ENSG00000258315	7.43	ENSP00000448598	C17orf49
ENSG00000139687	7.42	ENSP00000267163	RB1
ENSG00000086200	7.42	ENSP00000386992	IPO11
ENSG00000197265	7.42	ENSP00000348168	GTF2E2
	7.42	ENSP00000247020	SDF2
ENSG00000152818	7.42	ENSP00000356515	UTRN
ENSG00000119321	7.41	ENSP00000416158	FKBP15
	7.4	ENSP00000354294	CTRB1
ENSG00000175866	7.39	ENSP00000316338	BAIAP2
ENSG00000075151	7.39	ENSP00000383274	EIF4G3
	7.39	ENSP00000238788	TMEM214
ENSG00000129116	7.39	ENSP00000425556	PALLD
	7.39	ENSP00000296792	UTP15
ENSG00000112186	7.38	ENSP00000229922	CAP2
ENSG00000136929	7.38	ENSP00000259456	HEMGN
ENSG00000100324	7.36	ENSP00000216160	TAB1
ENSG00000204414	7.36	ENSP00000309524	CSHL1
ENSG00000125414	7.36	ENSP00000380367	MYH2
ENSG00000134058	7.36	ENSP00000256443	CDK7
ENSG00000121749	7.35	ENSP00000448182	TBC1D15
ENSG00000060491	7.35	ENSP00000290291	OGFR
ENSG00000143575	7.35	ENSP00000329002	HAX1
ENSG00000144231	7.35	ENSP00000272645	POLR2D
ENSG00000125999	7.35	ENSP00000253354	BPIFB1
	7.34	ENSP00000381005	KRTAP12-3
ENSG00000109061	7.34	ENSP00000226207	MYH1
ENSG00000143624	7.33	ENSP00000318641	INTS3
ENSG00000183520	7.31	ENSP00000362105	UTP11
ENSG00000149115	7.31	ENSP00000437271	TNKS1BP1
ENSG00000142082	7.31	ENSP00000372191	SIRT3
ENSG00000086189	7.3	ENSP00000199320	DIMT1
ENSG00000115107	7.3	ENSP00000376822	STEAP3
ENSG00000100744	7.3	ENSP00000451188	GSKIP
ENSG00000067992	7.3	ENSP00000498864	PDK3
ENSG00000137509	7.3	ENSP00000377055	PRCP
	7.3	ENSP00000360412	NOC3L
ENSG00000178950	7.29	ENSP00000314499	GAK
ENSG00000180979	7.28	ENSP00000326817	LRRC57
	7.28	ENSP00000358251	FAM160B1
ENSG00000204228	7.28	ENSP00000363794	HSD17B8
ENSG00000124383	7.28	ENSP00000244230	MPHOSPH10
ENSG00000160072	7.28	ENSP00000500094	ATAD3B
ENSG00000123737	7.27	ENSP00000368984	EXOSC9
ENSG00000235272	7.27	ENSP00000498060	RAMACL
ENSG00000136999	7.27	ENSP00000259526	CCN3
ENSG00000173821	7.27	ENSP00000464087	RNF213
ENSG00000171368	7.26	ENSP00000353785	TPPP
ENSG00000175065	7.25	ENSP00000352785	DSG4
ENSG00000129355	7.25	ENSP00000377224	CDKN2D
ENSG00000119537	7.25	ENSP00000494352	KDSR
ENSG00000169583	7.24	ENSP00000419378	CLIC3
ENSG00000087842	7.24	ENSP00000369786	PIR
ENSG00000111615	7.23	ENSP00000229214	KRR1
ENSG00000142444	7.23	ENSP00000270502	TIMM29
ENSG00000124228	7.22	ENSP00000483495	DDX27
ENSG00000077150	7.22	ENSP00000358983	NFKB2
ENSG00000160803	7.22	ENSP00000357292	UBQLN4
ENSG00000163939	7.22	ENSP00000386593	PBRM1
ENSG00000047056	7.22	ENSP00000263150	WDR37
ENSG00000162174	7.22	ENSP00000400057	ASRGL1
ENSG00000130779	7.21	ENSP00000479322	CLIP1
ENSG00000121486	7.21	ENSP00000356476	TRMT1L
ENSG00000254505	7.21	ENSP00000476412	CHMP4A
ENSG00000235169	7.21	ENSP00000457386	SMIM1
ENSG00000173545	7.21	ENSP00000310042	ZNF622
ENSG00000113615	7.2	ENSP00000381823	SEC24A
ENSG00000140718	7.2	ENSP00000418823	FTO
	7.19	ENSP00000355812	FGFR1OP
ENSG00000182400	7.18	ENSP00000330289	TRAPPC6B
ENSG00000164116	7.17	ENSP00000296518	GUCY1A1
ENSG00000147536	7.17	ENSP00000276533	GINS4
ENSG00000089289	7.17	ENSP00000363661	IGBP1
	7.16	ENSP00000491117	hCG_2014768
ENSG00000113845	7.16	ENSP00000418803	TIMMDC1
	7.16	ENSP00000321271	PXMP2
ENSG00000175470	7.16	ENSP00000399970	PPP2R2D
ENSG00000083937	7.16	ENSP00000263780	CHMP2B
	7.15	ENSP00000255136	PABPC1L
	7.15	ENSP00000353512	PARP9
ENSG00000275700	7.15	ENSP00000477848	AATF
ENSG00000111011	7.14	ENSP00000330188	RSRC2
ENSG00000184470	7.14	ENSP00000383365	TXNRD2
	7.14	ENSP00000414068	J3KR12_HUMAN
	7.13	ENSP00000491596	ENSP00000491596
ENSG00000116353	7.13	ENSP00000263702	MECR
ENSG00000047932	7.13	ENSP00000357484	GOPC
ENSG00000161638	7.13	ENSP00000293379	ITGA5
ENSG00000095637	7.12	ENSP00000360293	SORBS1
	7.11	ENSP00000392617	SMARCD2
ENSG00000087269	7.1	ENSP00000405068	NOP14
ENSG00000123143	7.1	ENSP00000343325	PKN1
ENSG00000185963	7.09	ENSP00000349351	BICD2
ENSG00000186049	7.08	ENSP00000307014	KRT73
ENSG00000169217	7.07	ENSP00000304903	CD2BP2
ENSG00000112851	7.07	ENSP00000426632	ERBIN
ENSG00000152061	7.07	ENSP00000251507	RABGAP1L
ENSG00000206418	7.06	ENSP00000331748	RAB12
	7.06	ENSP00000496921	MCTS2P
ENSG00000162231	7.06	ENSP00000436679	NXF1
ENSG00000185499	7.06	ENSP00000484824	MUC1
ENSG00000042445	7.06	ENSP00000295802	RETSAT
ENSG00000108187	7.05	ENSP00000351619	PBLD
ENSG00000002330	7.05	ENSP00000378040	BAD
ENSG00000161944	7.04	ENSP00000347140	ASGR2
ENSG00000083896	7.04	ENSP00000463982	YTHDC1
ENSG00000109452	7.03	ENSP00000422793	INPP4B
	7.03	ENSP00000429243	STMN2
ENSG00000204560	7.03	ENSP00000365625	DHX16
ENSG00000149657	7.03	ENSP00000279068	LSM14B
	7.02	ENSP00000461388	OVCA2
	7.01	ENSP00000297439	DEFB1
ENSG00000129965	7.0	ENSP00000380440	INS-IGF2
	7.0	ENSP00000369146	MT1M
ENSG00000071967	6.99	ENSP00000319141	CYBRD1
ENSG00000197535	6.99	ENSP00000382177	MYO5A
ENSG00000168101	6.99	ENSP00000306670	NUDT16L1
ENSG00000243725	6.98	ENSP00000360329	TTC4
	6.97	ENSP00000491969	IGLV10-54
ENSG00000152291	6.97	ENSP00000386443	TGOLN2
ENSG00000163430	6.97	ENSP00000295633	FSTL1
ENSG00000172349	6.97	ENSP00000302935	IL16
	6.96	ENSP00000355279	CNOT7
	6.96	ENSP00000375430	KRTAP3-1
ENSG00000136960	6.95	ENSP00000259486	ENPP2
ENSG00000126254	6.94	ENSP00000262633	RBM42
ENSG00000134444	6.94	ENSP00000256858	RELCH
ENSG00000133574	6.93	ENSP00000419545	GIMAP4
ENSG00000134864	6.93	ENSP00000365426	GGACT
ENSG00000162616	6.92	ENSP00000359799	DNAJB4
ENSG00000099250	6.92	ENSP00000265371	NRP1
ENSG00000159166	6.92	ENSP00000375829	LAD1
ENSG00000102531	6.92	ENSP00000441831	FNDC3A
ENSG00000167397	6.92	ENSP00000378426	VKORC1
ENSG00000162645	6.92	ENSP00000359497	GBP2
ENSG00000178307	6.91	ENSP00000319992	TMEM11
ENSG00000148296	6.9	ENSP00000361092	SURF6
ENSG00000211450	6.9	ENSP00000434511	SELENOH
ENSG00000056558	6.89	ENSP00000362994	TRAF1
ENSG00000165271	6.89	ENSP00000297990	NOL6
ENSG00000087263	6.89	ENSP00000457258	OGFOD1
ENSG00000182667	6.89	ENSP00000396722	NTM
ENSG00000087111	6.88	ENSP00000309430	PIGS
ENSG00000084764	6.87	ENSP00000233121	MAPRE3
	6.86	ENSP00000450085	H0YIS7_HUMAN
ENSG00000150782	6.86	ENSP00000280357	IL18
ENSG00000065357	6.86	ENSP00000377703	DGKA
ENSG00000134057	6.86	ENSP00000256442	CCNB1
ENSG00000103423	6.85	ENSP00000262375	DNAJA3
ENSG00000197498	6.85	ENSP00000402338	RPF2
ENSG00000137502	6.85	ENSP00000435189	RAB30
ENSG00000086589	6.85	ENSP00000199814	RBM22
ENSG00000091039	6.83	ENSP00000261183	OSBPL8
	6.83	ENSP00000475224	ASDURF
ENSG00000170604	6.83	ENSP00000307265	IRF2BP1
	6.82	ENSP00000400333	SNX27
ENSG00000100300	6.81	ENSP00000379563	TSPO
ENSG00000124226	6.81	ENSP00000244061	RNF114
	6.81	ENSP00000379003	NUPR1
	6.8	ENSP00000364037	TEX10
ENSG00000169213	6.8	ENSP00000360718	RAB3B
	6.8	ENSP00000377284	FOLR1
	6.8	ENSP00000328854	NOC4L
ENSG00000196141	6.79	ENSP00000482515	SPATS2L
ENSG00000174156	6.76	ENSP00000211122	GSTA3
ENSG00000134871	6.76	ENSP00000353654	COL4A2
	6.76	ENSP00000370724	FAM49A
ENSG00000115234	6.75	ENSP00000233575	SNX17
ENSG00000119523	6.75	ENSP00000417764	ALG2
ENSG00000129347	6.75	ENSP00000498803	KRI1
ENSG00000090686	6.75	ENSP00000309262	USP48
ENSG00000119203	6.75	ENSP00000238112	CPSF3
ENSG00000162869	6.74	ENSP00000294952	PPP1R21
ENSG00000116711	6.74	ENSP00000356436	PLA2G4A
ENSG00000109084	6.74	ENSP00000226230	TMEM97
ENSG00000036448	6.73	ENSP00000262113	MYOM2
ENSG00000136240	6.73	ENSP00000258739	KDELR2
	6.72	ENSP00000303963	CTRB2
ENSG00000118898	6.72	ENSP00000340510	PPL
ENSG00000070214	6.72	ENSP00000363852	SLC44A1
	6.71	ENSP00000348054	COMMD6
	6.7	ENSP00000412130	MRVI1
ENSG00000137942	6.7	ENSP00000271234	FNBP1L
ENSG00000159459	6.69	ENSP00000290650	UBR1
ENSG00000167748	6.69	ENSP00000301420	KLK1
	6.69	ENSP00000496942	JAGN1
ENSG00000132434	6.69	ENSP00000254770	LANCL2
ENSG00000070061	6.68	ENSP00000363779	ELP1
ENSG00000123360	6.68	ENSP00000243052	PDE1B
ENSG00000141404	6.67	ENSP00000334051	GNAL
ENSG00000140545	6.67	ENSP00000268150	MFGE8
ENSG00000155962	6.67	ENSP00000358460	CLIC2
ENSG00000123064	6.67	ENSP00000323858	DDX54
ENSG00000151327	6.65	ENSP00000280987	FAM177A1
	6.64	ENSP00000287844	ABCF2-2
	6.64	ENSP00000347041	FMOD
ENSG00000183576	6.64	ENSP00000327436	SETD3
ENSG00000188186	6.62	ENSP00000343118	LAMTOR4
ENSG00000107929	6.61	ENSP00000326128	LARP4B
ENSG00000120594	6.61	ENSP00000366460	PLXDC2
ENSG00000107902	6.59	ENSP00000357835	LHPP
ENSG00000102218	6.59	ENSP00000218340	RP2
ENSG00000090776	6.59	ENSP00000204961	EFNB1
	6.59	ENSP00000481114	FOLR3
ENSG00000132185	6.59	ENSP00000356936	FCRLA
ENSG00000068654	6.59	ENSP00000263857	POLR1A
ENSG00000070423	6.58	ENSP00000292363	RNF126
ENSG00000091542	6.58	ENSP00000382091	ALKBH5
ENSG00000198042	6.58	ENSP00000353246	MAK16
	6.58	ENSP00000387365	PWP1
ENSG00000170892	6.58	ENSP00000397402	TSEN34
ENSG00000155463	6.57	ENSP00000285848	OXA1L
ENSG00000172955	6.56	ENSP00000378359	ADH6
	6.56	ENSP00000444596	MYCBP2
ENSG00000262246	6.56	ENSP00000251166	CORO7
ENSG00000111799	6.56	ENSP00000325146	COL12A1
ENSG00000080608	6.56	ENSP00000380982	PUM3
ENSG00000071462	6.56	ENSP00000401191	BUD23
ENSG00000090372	6.55	ENSP00000375777	STRN4
ENSG00000170854	6.55	ENSP00000328251	RIOX2
ENSG00000244005	6.55	ENSP00000363205	NFS1
ENSG00000023892	6.54	ENSP00000319831	DEF6
ENSG00000129003	6.54	ENSP00000493560	VPS13C
ENSG00000104129	6.54	ENSP00000220496	DNAJC17
ENSG00000106991	6.53	ENSP00000362299	ENG
ENSG00000214026	6.53	ENSP00000380466	MRPL23
ENSG00000135924	6.52	ENSP00000338019	DNAJB2
ENSG00000168002	6.52	ENSP00000301788	POLR2G
ENSG00000115307	6.52	ENSP00000366748	AUP1
ENSG00000100722	6.51	ENSP00000251038	ZC3H14
ENSG00000177106	6.51	ENSP00000435585	EPS8L2
ENSG00000104872	6.5	ENSP00000262265	PIH1D1
ENSG00000164610	6.49	ENSP00000297157	RP9
ENSG00000101336	6.48	ENSP00000365012	HCK
ENSG00000116771	6.48	ENSP00000364986	AGMAT
ENSG00000124222	6.48	ENSP00000360183	STX16
ENSG00000106868	6.47	ENSP00000363382	SUSD1
ENSG00000159212	6.47	ENSP00000353959	CLIC6
ENSG00000086712	6.47	ENSP00000369465	TXLNG
ENSG00000073060	6.47	ENSP00000261693	SCARB1
ENSG00000135597	6.46	ENSP00000392065	REPS1
ENSG00000105649	6.46	ENSP00000222256	RAB3A
ENSG00000082805	6.46	ENSP00000354158	ERC1
	6.46	ENSP00000389160	NDUFA11
ENSG00000131269	6.46	ENSP00000253577	ABCB7
ENSG00000152253	6.45	ENSP00000282074	SPC25
ENSG00000155622	6.44	ENSP00000286049	XAGE2
	6.44	ENSP00000365261	LST1
ENSG00000168872	6.44	ENSP00000306117	DDX19A
ENSG00000138621	6.43	ENSP00000343190	PPCDC
ENSG00000138964	6.43	ENSP00000391583	PARVG
ENSG00000065559	6.42	ENSP00000410402	MAP2K4
ENSG00000144320	6.42	ENSP00000440905	LNPK
ENSG00000159479	6.41	ENSP00000290663	MED8
ENSG00000169224	6.41	ENSP00000446460	GCSAML
ENSG00000164916	6.41	ENSP00000328720	FOXK1
	6.39	ENSP00000482916	DTD1-2
ENSG00000064607	6.39	ENSP00000472914	SUGP2
ENSG00000134987	6.39	ENSP00000423067	WDR36
ENSG00000136490	6.39	ENSP00000259006	LIMD2
	6.38	ENSP00000490163	ENSP00000490163
	6.38	ENSP00000435188	E9PLD3_HUMAN
ENSG00000089050	6.38	ENSP00000336866	RBBP9
ENSG00000091640	6.38	ENSP00000206020	SPAG7
ENSG00000099194	6.37	ENSP00000359380	SCD
ENSG00000118689	6.36	ENSP00000339527	FOXO3
ENSG00000135678	6.36	ENSP00000339157	CPM
ENSG00000155393	6.36	ENSP00000299192	HEATR3
ENSG00000132423	6.35	ENSP00000254759	COQ3
ENSG00000105122	6.35	ENSP00000341905	RASAL3
ENSG00000134574	6.35	ENSP00000256996	DDB2
ENSG00000058673	6.35	ENSP00000491830	ZC3H11A
ENSG00000138802	6.35	ENSP00000428564	SEC24B
ENSG00000158092	6.34	ENSP00000417273	NCK1
ENSG00000181938	6.34	ENSP00000401018	GINS3
ENSG00000197142	6.33	ENSP00000348429	ACSL5
ENSG00000074582	6.33	ENSP00000413908	BCS1L
ENSG00000141425	6.33	ENSP00000381984	RPRD1A
ENSG00000103222	6.33	ENSP00000382342	ABCC1
ENSG00000137959	6.32	ENSP00000359787	IFI44L
	6.32	ENSP00000354608	PPT2
ENSG00000130309	6.32	ENSP00000252599	COLGALT1
ENSG00000182853	6.31	ENSP00000328397	VMO1
ENSG00000135698	6.31	ENSP00000258169	MPHOSPH6
ENSG00000120727	6.3	ENSP00000378275	PAIP2
ENSG00000142208	6.29	ENSP00000451828	AKT1
ENSG00000146457	6.29	ENSP00000351141	WTAP
ENSG00000169696	6.29	ENSP00000306625	ASPSCR1
	6.29	ENSP00000335636	NAA20
ENSG00000163807	6.28	ENSP00000296121	KIAA1143
ENSG00000012963	6.28	ENSP00000013070	UBR7
ENSG00000114786	6.28	ENSP00000490744	ABHD14A-ACY1
ENSG00000184330	6.28	ENSP00000357718	S100A7A
ENSG00000137288	6.27	ENSP00000476140	UQCC2
ENSG00000064652	6.27	ENSP00000261369	SNX24
ENSG00000104442	6.27	ENSP00000276569	ARMC1
ENSG00000112079	6.27	ENSP00000229812	STK38
ENSG00000140848	6.26	ENSP00000290776	CPNE2
ENSG00000109016	6.26	ENSP00000378887	DHRS7B
ENSG00000171723	6.26	ENSP00000417901	GPHN
ENSG00000106066	6.26	ENSP00000387164	CPVL
ENSG00000086062	6.26	ENSP00000369055	B4GALT1
ENSG00000124160	6.25	ENSP00000290231	NCOA5
	6.25	ENSP00000397435	TSC22D1
ENSG00000140694	6.24	ENSP00000387911	PARN
ENSG00000170486	6.23	ENSP00000293745	KRT72
	6.23	ENSP00000342889	POLR2K
ENSG00000151445	6.23	ENSP00000452181	VIPAS39
ENSG00000173141	6.22	ENSP00000310726	MRPL57
ENSG00000102081	6.22	ENSP00000359506	FMR1
	6.22	ENSP00000295682	KRTCAP2
ENSG00000101972	6.22	ENSP00000218089	STAG2
ENSG00000107295	6.21	ENSP00000369981	SH3GL2
	6.21	ENSP00000455791	DYNLRB2
ENSG00000156697	6.21	ENSP00000377944	UTP14A
	6.2	ENSP00000466639	K7EMT4_HUMAN
ENSG00000119673	6.2	ENSP00000238651	ACOT2
ENSG00000046604	6.19	ENSP00000261590	DSG2
ENSG00000164051	6.19	ENSP00000379047	CCDC51
ENSG00000111215	6.19	ENSP00000228811	PRR4
ENSG00000072818	6.19	ENSP00000158762	ACAP1
	6.19	ENSP00000362166	MEAF6
ENSG00000123472	6.18	ENSP00000460964	ATPAF1
ENSG00000169896	6.17	ENSP00000496959	ITGAM
ENSG00000057663	6.17	ENSP00000358072	ATG5
ENSG00000103495	6.16	ENSP00000219782	MAZ
ENSG00000147162	6.16	ENSP00000362824	OGT
	6.16	ENSP00000300035	PCLAF
ENSG00000068394	6.15	ENSP00000156109	GPKOW
ENSG00000160688	6.14	ENSP00000292180	FLAD1
ENSG00000154548	6.14	ENSP00000414302	SRSF12
ENSG00000179151	6.14	ENSP00000497737	EDC3
ENSG00000005844	6.14	ENSP00000349252	ITGAL
ENSG00000204842	6.13	ENSP00000446576	ATXN2
ENSG00000116871	6.13	ENSP00000362244	MAP7D1
ENSG00000131374	6.13	ENSP00000402935	TBC1D5
ENSG00000134905	6.13	ENSP00000257347	CARS2
ENSG00000187164	6.13	ENSP00000347532	SHTN1
ENSG00000101126	6.12	ENSP00000360662	ADNP
ENSG00000101220	6.12	ENSP00000217195	C20orf27
ENSG00000212899	6.11	ENSP00000375428	KRTAP3-3
ENSG00000109171	6.11	ENSP00000264313	SLAIN2
ENSG00000197386	6.11	ENSP00000347184	HTT
	6.11	ENSP00000377807	FAM122A
ENSG00000176261	6.1	ENSP00000417677	ZBTB8OS
ENSG00000188505	6.1	ENSP00000342137	NCCRP1
ENSG00000125827	6.1	ENSP00000246024	TMX4
ENSG00000157654	6.09	ENSP00000363654	PALM2AKAP2
	6.09	ENSP00000265339	UBE2B
ENSG00000101425	6.09	ENSP00000262865	BPI
ENSG00000113712	6.09	ENSP00000261798	CSNK1A1
ENSG00000189306	6.09	ENSP00000321449	RRP7A
ENSG00000090263	6.09	ENSP00000320567	MRPS33
ENSG00000165983	6.08	ENSP00000367239	PTER
ENSG00000053501	6.08	ENSP00000263897	USE1
ENSG00000175606	6.07	ENSP00000312599	TMEM70
ENSG00000165806	6.07	ENSP00000358327	CASP7
ENSG00000225921	6.06	ENSP00000405674	NOL7
ENSG00000160551	6.06	ENSP00000261716	TAOK1
ENSG00000130560	6.06	ENSP00000360821	UBAC1
ENSG00000170873	6.06	ENSP00000322804	MTSS1
ENSG00000065054	6.06	ENSP00000408005	SLC9A3R2
	6.05	ENSP00000479089	OSCAR
ENSG00000062598	6.05	ENSP00000290246	ELMO2
ENSG00000067334	6.05	ENSP00000411010	DNTTIP2
ENSG00000156475	6.04	ENSP00000377936	PPP2R2B
ENSG00000184227	6.04	ENSP00000311224	ACOT1
ENSG00000102547	6.03	ENSP00000479669	CAB39L
ENSG00000141699	6.03	ENSP00000309432	RETREG3
ENSG00000144021	6.03	ENSP00000418287	CIAO1
	6.02	ENSP00000497948	TTC37
ENSG00000249222	6.02	ENSP00000421076	ATP5MGL
ENSG00000105393	6.01	ENSP00000352408	BABAM1
ENSG00000234127	6.0	ENSP00000410446	TRIM26
ENSG00000166337	5.99	ENSP00000299424	TAF10
	5.99	ENSP00000355265	MT-ATP8
ENSG00000133884	5.98	ENSP00000252268	DPF2
ENSG00000163389	5.98	ENSP00000295588	POGLUT1
ENSG00000161204	5.97	ENSP00000411471	ABCF3
	5.96	ENSP00000452549	E7ENQ6_HUMAN
ENSG00000125611	5.95	ENSP00000325655	CHCHD5
ENSG00000108784	5.95	ENSP00000225927	NAGLU
ENSG00000105699	5.95	ENSP00000480821	LSR
ENSG00000125991	5.95	ENSP00000349970	ERGIC3
ENSG00000128567	5.95	ENSP00000367817	PODXL
ENSG00000065609	5.95	ENSP00000400459	SNAP91
ENSG00000101017	5.94	ENSP00000361359	CD40
ENSG00000198055	5.94	ENSP00000347655	GRK6
ENSG00000185591	5.94	ENSP00000329357	SP1
ENSG00000261150	5.94	ENSP00000484472	EPPK1
	5.93	ENSP00000420306	THOC5
ENSG00000103855	5.93	ENSP00000320084	CD276
ENSG00000172572	5.93	ENSP00000351957	PDE3A
ENSG00000182196	5.92	ENSP00000313422	ARL6IP4
ENSG00000196449	5.91	ENSP00000362135	YRDC
ENSG00000075234	5.91	ENSP00000370419	TTC38
ENSG00000146066	5.91	ENSP00000274787	HIGD2A
ENSG00000166750	5.9	ENSP00000299977	SLFN5
ENSG00000067167	5.9	ENSP00000262213	TRAM1
ENSG00000033030	5.89	ENSP00000438993	ZCCHC8
	5.89	ENSP00000185206	CLIC5
ENSG00000076201	5.88	ENSP00000265562	PTPN23
ENSG00000104067	5.88	ENSP00000348416	TJP1
ENSG00000162129	5.88	ENSP00000294053	CLPB
ENSG00000263465	5.87	ENSP00000480140	SRSF8
ENSG00000163286	5.86	ENSP00000295453	ALPG
ENSG00000174684	5.86	ENSP00000309096	B4GAT1
ENSG00000079134	5.86	ENSP00000261600	THOC1
ENSG00000165934	5.86	ENSP00000298875	CPSF2
ENSG00000175376	5.85	ENSP00000434056	EIF1AD
ENSG00000204305	5.85	ENSP00000364210	AGER
ENSG00000162076	5.85	ENSP00000380159	FLYWCH2
ENSG00000151176	5.85	ENSP00000280800	PLBD2
ENSG00000135974	5.85	ENSP00000258457	C2orf49
ENSG00000128604	5.83	ENSP00000418037	IRF5
ENSG00000147872	5.83	ENSP00000276914	PLIN2
ENSG00000242574	5.82	ENSP00000398890	HLA-DMB
ENSG00000171552	5.82	ENSP00000365230	BCL2L1
ENSG00000144840	5.81	ENSP00000273375	RABL3
	5.81	ENSP00000478490	YTHDF3
ENSG00000168461	5.81	ENSP00000461945	RAB31
ENSG00000132639	5.81	ENSP00000254976	SNAP25
ENSG00000115828	5.81	ENSP00000344829	QPCT
ENSG00000116761	5.81	ENSP00000359976	CTH
ENSG00000111911	5.8	ENSP00000229633	HINT3
ENSG00000184672	5.8	ENSP00000430128	RALYL
ENSG00000152413	5.8	ENSP00000334382	HOMER1
ENSG00000167286	5.8	ENSP00000300692	CD3D
ENSG00000179604	5.79	ENSP00000338258	CDC42EP4
ENSG00000172845	5.79	ENSP00000310301	SP3
ENSG00000011260	5.79	ENSP00000225298	UTP18
	5.79	ENSP00000385787	POP1
	5.78	ENSP00000358474	BRCC3
ENSG00000099998	5.78	ENSP00000381340	GGT5
ENSG00000085231	5.77	ENSP00000370201	AK6
ENSG00000141968	5.77	ENSP00000472929	VAV1
ENSG00000103043	5.76	ENSP00000261776	VAC14
ENSG00000112245	5.75	ENSP00000497588	PTP4A1
ENSG00000264424	5.75	ENSP00000255381	MYH4
	5.75	ENSP00000442626	PRB3
	5.75	ENSP00000292614	POLR2J
ENSG00000250565	5.75	ENSP00000304891	ATP6V1E2
ENSG00000162729	5.74	ENSP00000357065	IGSF8
ENSG00000062716	5.74	ENSP00000262291	VMP1
ENSG00000152684	5.74	ENSP00000274311	PELO
ENSG00000198113	5.74	ENSP00000350102	TOR4A
ENSG00000115561	5.73	ENSP00000263856	CHMP3
ENSG00000072518	5.73	ENSP00000385751	MARK2
ENSG00000013810	5.72	ENSP00000326550	TACC3
ENSG00000109063	5.72	ENSP00000464317	MYH3
	5.72	ENSP00000221515	RETN
	5.71	ENSP00000291572	AGPAT3
ENSG00000204539	5.71	ENSP00000365465	CDSN
ENSG00000147381	5.71	ENSP00000353379	MAGEA4
ENSG00000129245	5.7	ENSP00000250113	FXR2
ENSG00000071553	5.7	ENSP00000358777	ATP6AP1
ENSG00000090615	5.69	ENSP00000204726	GOLGA3
ENSG00000177144	5.69	ENSP00000492425	NUDT4B
ENSG00000089195	5.69	ENSP00000203001	TRMT6
ENSG00000117222	5.69	ENSP00000264515	RBBP5
	5.68	ENSP00000354669	MINDY1
ENSG00000165487	5.68	ENSP00000371811	MICU2
ENSG00000180329	5.67	ENSP00000323782	CCDC43
ENSG00000134882	5.66	ENSP00000383911	UBAC2
ENSG00000236320	5.66	ENSP00000391101	SLFN14
ENSG00000197594	5.66	ENSP00000498074	ENPP1
	5.66	ENSP00000478035	LOC107987373
ENSG00000144029	5.65	ENSP00000272418	MRPS5
ENSG00000119669	5.65	ENSP00000238647	IRF2BPL
ENSG00000133961	5.64	ENSP00000451300	NUMB
ENSG00000213203	5.64	ENSP00000302833	GIMAP1
ENSG00000108798	5.63	ENSP00000225941	ABI3
	5.63	ENSP00000361662	GUCA2B
ENSG00000170581	5.63	ENSP00000315768	STAT2
ENSG00000104164	5.62	ENSP00000456851	BLOC1S6
ENSG00000131459	5.62	ENSP00000253778	GFPT2
ENSG00000134014	5.62	ENSP00000256398	ELP3
ENSG00000141867	5.62	ENSP00000263377	BRD4
ENSG00000152620	5.61	ENSP00000371362	NADK2
ENSG00000110536	5.61	ENSP00000325958	PTPMT1
ENSG00000160131	5.61	ENSP00000359386	VMA21
ENSG00000099956	5.61	ENSP00000340883	SMARCB1
ENSG00000172543	5.6	ENSP00000311300	CTSW
ENSG00000124181	5.6	ENSP00000244007	PLCG1
ENSG00000100325	5.6	ENSP00000380877	ASCC2
ENSG00000129460	5.6	ENSP00000386134	NGDN
ENSG00000228672	5.6	ENSP00000416033	PROB1
ENSG00000082438	5.59	ENSP00000487041	COBLL1
ENSG00000186660	5.58	ENSP00000339030	ZFP91
ENSG00000172020	5.58	ENSP00000377372	GAP43
	5.58	ENSP00000428714	DENND3
ENSG00000184292	5.57	ENSP00000360269	TACSTD2
ENSG00000168255	5.57	ENSP00000483328	POLR2J3
ENSG00000151502	5.57	ENSP00000281187	VPS26B
	5.57	ENSP00000295095	ARHGAP15
ENSG00000182979	5.56	ENSP00000333633	MTA1
ENSG00000147654	5.56	ENSP00000337675	EBAG9
ENSG00000105141	5.56	ENSP00000393417	CASP14
ENSG00000005884	5.56	ENSP00000315190	ITGA3
ENSG00000101997	5.55	ENSP00000365401	CCDC22
	5.55	ENSP00000495202	TBCE-2
ENSG00000155961	5.55	ENSP00000358466	RAB39B
ENSG00000079215	5.54	ENSP00000265113	SLC1A3
ENSG00000119280	5.53	ENSP00000355623	C1orf198
ENSG00000177150	5.52	ENSP00000323635	FAM210A
ENSG00000172661	5.52	ENSP00000485513	WASHC2C
ENSG00000167378	5.51	ENSP00000387535	IRGQ
	5.5	ENSP00000361712	TCEAL4
ENSG00000134644	5.5	ENSP00000391723	PUM1
ENSG00000134283	5.5	ENSP00000378935	PPHLN1
ENSG00000112759	5.49	ENSP00000498610	SLC29A1
ENSG00000198001	5.49	ENSP00000479889	IRAK4
ENSG00000242247	5.49	ENSP00000263245	ARFGAP3
ENSG00000146670	5.48	ENSP00000275517	CDCA5
ENSG00000136100	5.48	ENSP00000367299	VPS36
	5.48	ENSP00000289373	TMSB15A
ENSG00000158427	5.48	ENSP00000455771	TMSB15B
	5.48	ENSP00000472749	TMSB15B-2
	5.48	ENSP00000359364	YTHDF1
ENSG00000182220	5.48	ENSP00000490083	ATP6AP2
ENSG00000100285	5.47	ENSP00000311997	NEFH
ENSG00000106397	5.47	ENSP00000223127	PLOD3
ENSG00000117543	5.47	ENSP00000359127	DPH5
ENSG00000162924	5.47	ENSP00000295025	REL
ENSG00000107669	5.46	ENSP00000224652	ATE1
ENSG00000278535	5.46	ENSP00000482704	DHRS11
ENSG00000071537	5.46	ENSP00000337053	SEL1L
ENSG00000159173	5.46	ENSP00000354488	TNNI1
ENSG00000159921	5.46	ENSP00000379839	GNE
ENSG00000147526	5.45	ENSP00000321703	TACC1
ENSG00000131013	5.45	ENSP00000253329	PPIL4
	5.45	ENSP00000498395	ENSP00000498395
ENSG00000179387	5.44	ENSP00000326342	ELMOD2
ENSG00000135521	5.44	ENSP00000356548	LTV1
ENSG00000170890	5.44	ENSP00000312286	PLA2G1B
ENSG00000090989	5.44	ENSP00000370695	EXOC1
	5.43	ENSP00000484669	CPSF1
ENSG00000105258	5.43	ENSP00000221859	POLR2I
ENSG00000171747	5.42	ENSP00000302100	LGALS4
ENSG00000130749	5.42	ENSP00000253048	ZC3H4
	5.42	ENSP00000267199	VPS33A
ENSG00000116898	5.41	ENSP00000362208	MRPS15
ENSG00000172403	5.41	ENSP00000306015	SYNPO2
ENSG00000095585	5.4	ENSP00000224337	BLNK
	5.4	ENSP00000330898	POLR2J2
ENSG00000166033	5.4	ENSP00000357980	HTRA1
ENSG00000132470	5.39	ENSP00000200181	ITGB4
ENSG00000183735	5.38	ENSP00000329967	TBK1
ENSG00000147687	5.38	ENSP00000276692	TATDN1
ENSG00000067533	5.37	ENSP00000355899	RRP15
ENSG00000109472	5.37	ENSP00000386104	CPE
ENSG00000163818	5.37	ENSP00000296135	LZTFL1
ENSG00000134046	5.36	ENSP00000256429	MBD2
ENSG00000092009	5.35	ENSP00000250378	CMA1
ENSG00000185722	5.35	ENSP00000459943	ANKFY1
ENSG00000119285	5.35	ENSP00000355541	HEATR1
ENSG00000132286	5.35	ENSP00000254616	TIMM10B
ENSG00000172336	5.35	ENSP00000304353	POP7
ENSG00000110344	5.35	ENSP00000387362	UBE4A
ENSG00000133020	5.34	ENSP00000384330	MYH8
ENSG00000112996	5.34	ENSP00000424328	MRPS30
	5.33	ENSP00000361219	GTF3C4
ENSG00000212900	5.33	ENSP00000375429	KRTAP3-2
ENSG00000248333	5.33	ENSP00000464036	CDK11B
ENSG00000163166	5.33	ENSP00000295321	IWS1
ENSG00000251201	5.33	ENSP00000282382	TMED7-TICAM2
	5.33	ENSP00000492220	ENSP00000492220
	5.32	ENSP00000334197	KRTAP10-11
	5.32	ENSP00000380227	ITGA4
ENSG00000146007	5.32	ENSP00000274712	ZMAT2
	5.3	ENSP00000432523	C11orf98
ENSG00000032389	5.3	ENSP00000381652	EIPR1
	5.3	ENSP00000399208	DDX19B-2
ENSG00000187498	5.29	ENSP00000364979	COL4A1
	5.29	ENSP00000461879	POLR2A
ENSG00000166788	5.28	ENSP00000432487	SAAL1
	5.28	ENSP00000480221	ANXA8L1
ENSG00000175029	5.28	ENSP00000311825	CTBP2
ENSG00000137200	5.28	ENSP00000362550	CMTR1
	5.28	ENSP00000261407	LPCAT3
ENSG00000169375	5.28	ENSP00000378402	SIN3A
ENSG00000102931	5.28	ENSP00000219204	ARL2BP
ENSG00000108819	5.27	ENSP00000478767	PPP1R9B
	5.27	ENSP00000327513	CSF1
ENSG00000132432	5.27	ENSP00000388337	SEC61G
	5.27	ENSP00000308179	WDR3
ENSG00000166130	5.27	ENSP00000299157	IKBIP
ENSG00000102181	5.26	ENSP00000480322	CD99L2
ENSG00000124523	5.26	ENSP00000476228	SIRT5
	5.25	ENSP00000398629	GNG4
ENSG00000148926	5.25	ENSP00000436607	ADM
ENSG00000134851	5.25	ENSP00000370736	TMEM165
	5.25	ENSP00000417517	H0Y858_HUMAN
ENSG00000142949	5.25	ENSP00000353030	PTPRF
ENSG00000197256	5.24	ENSP00000468002	KANK2
ENSG00000170484	5.24	ENSP00000307240	KRT74
ENSG00000175161	5.24	ENSP00000384193	CADM2
ENSG00000089902	5.24	ENSP00000262241	RCOR1
ENSG00000116685	5.23	ENSP00000365756	KIAA2013
ENSG00000106591	5.23	ENSP00000223324	MRPL32
ENSG00000184056	5.23	ENSP00000327650	VPS33B
ENSG00000175768	5.22	ENSP00000438204	TOMM5
ENSG00000136807	5.22	ENSP00000362361	CDK9
ENSG00000005156	5.22	ENSP00000367787	LIG3
ENSG00000042832	5.2	ENSP00000220616	TG
ENSG00000170043	5.2	ENSP00000302783	TRAPPC1
ENSG00000256812	5.2	ENSP00000400882	CAPNS2
ENSG00000135823	5.2	ENSP00000258301	STX6
ENSG00000108651	5.2	ENSP00000261708	UTP6
ENSG00000132394	5.2	ENSP00000254730	EEFSEC
ENSG00000105676	5.19	ENSP00000444156	ARMC6
ENSG00000196510	5.19	ENSP00000394394	ANAPC7
ENSG00000089199	5.18	ENSP00000368244	CHGB
ENSG00000133124	5.18	ENSP00000361202	IRS4
ENSG00000099290	5.18	ENSP00000282633	WASHC2A
ENSG00000085449	5.18	ENSP00000233055	WDFY1
ENSG00000154217	5.17	ENSP00000464006	PITPNC1
ENSG00000240230	5.17	ENSP00000342015	COX19
ENSG00000140332	5.17	ENSP00000452871	TLE3
ENSG00000105971	5.16	ENSP00000222693	CAV2
ENSG00000105011	5.16	ENSP00000263382	ASF1B
ENSG00000137699	5.15	ENSP00000343129	TRIM29
ENSG00000139223	5.14	ENSP00000266594	ANP32D
ENSG00000166925	5.14	ENSP00000300181	TSC22D4
ENSG00000156298	5.13	ENSP00000367743	TSPAN7
ENSG00000132467	5.13	ENSP00000254803	UTP3
ENSG00000124535	5.12	ENSP00000370150	WRNIP1
	5.12	ENSP00000336842	ACTR8
ENSG00000164961	5.12	ENSP00000318016	WASHC5
ENSG00000105726	5.11	ENSP00000349877	ATP13A1
ENSG00000130810	5.11	ENSP00000253107	PPAN
ENSG00000138074	5.11	ENSP00000310208	SLC5A6
ENSG00000197355	5.1	ENSP00000386935	UAP1L1
	5.1	ENSP00000298717	METTL3
ENSG00000105373	5.1	ENSP00000246802	NOP53
ENSG00000078304	5.09	ENSP00000412324	PPP2R5C
ENSG00000114062	5.08	ENSP00000497594	UBE3A
ENSG00000104814	5.08	ENSP00000465039	MAP4K1
ENSG00000197965	5.08	ENSP00000352513	MPZL1
ENSG00000105246	5.08	ENSP00000221847	EBI3
ENSG00000139648	5.07	ENSP00000267119	KRT71
ENSG00000101158	5.07	ENSP00000473290	NELFCD
ENSG00000118961	5.07	ENSP00000237822	LDAH
ENSG00000140022	5.07	ENSP00000450857	STON2
ENSG00000007908	5.07	ENSP00000331736	SELE
ENSG00000110841	5.07	ENSP00000314724	PPFIBP1
ENSG00000146834	5.06	ENSP00000308546	MEPCE
ENSG00000119013	5.06	ENSP00000407336	NDUFB3
ENSG00000196911	5.06	ENSP00000357552	KPNA5
ENSG00000176407	5.05	ENSP00000386738	KCMF1
ENSG00000072849	5.05	ENSP00000158771	DERL2
ENSG00000141971	5.04	ENSP00000324810	MVB12A
ENSG00000123106	5.04	ENSP00000438040	CCDC91
ENSG00000141526	5.04	ENSP00000463978	SLC16A3
ENSG00000172236	5.03	ENSP00000343577	TPSAB1
ENSG00000182712	5.02	ENSP00000358496	CMC4
ENSG00000115207	5.02	ENSP00000352536	GTF3C2
ENSG00000184281	5.02	ENSP00000331087	TSSC4
ENSG00000099331	5.02	ENSP00000471457	MYO9B
ENSG00000168542	5.01	ENSP00000304408	COL3A1
ENSG00000213995	5.01	ENSP00000311984	NAXD
ENSG00000130311	5.0	ENSP00000352928	DDA1
ENSG00000060237	5.0	ENSP00000341292	WNK1
ENSG00000104921	4.99	ENSP00000264072	FCER2
ENSG00000163207	4.99	ENSP00000357753	IVL
	4.98	ENSP00000351492	UBL5
ENSG00000157349	4.98	ENSP00000455813	DDX19B
	4.97	ENSP00000351813	MARCHF5
ENSG00000172831	4.97	ENSP00000499140	CES2
ENSG00000159259	4.97	ENSP00000315700	CHAF1B
ENSG00000167671	4.97	ENSP00000301281	UBXN6
ENSG00000101605	4.97	ENSP00000348821	MYOM1
ENSG00000163219	4.97	ENSP00000386911	ARHGAP25
ENSG00000184254	4.97	ENSP00000332256	ALDH1A3
ENSG00000145439	4.96	ENSP00000303525	CBR4
ENSG00000198585	4.96	ENSP00000422375	NUDT16
ENSG00000115514	4.96	ENSP00000264255	TXNDC9
ENSG00000168280	4.96	ENSP00000393379	KIF5C
	4.96	ENSP00000365861	MBNL2
ENSG00000136758	4.95	ENSP00000318480	YME1L1
ENSG00000148677	4.95	ENSP00000360762	ANKRD1
ENSG00000241973	4.95	ENSP00000255882	PI4KA
ENSG00000110436	4.95	ENSP00000278379	SLC1A2
ENSG00000126226	4.95	ENSP00000479494	PCID2
ENSG00000185043	4.95	ENSP00000479860	CIB1
ENSG00000157379	4.94	ENSP00000380027	DHRS1
ENSG00000178537	4.94	ENSP00000326305	SLC25A20
ENSG00000248098	4.94	ENSP00000269980	BCKDHA
	4.94	ENSP00000156471	AQR
ENSG00000091129	4.93	ENSP00000368314	NRCAM
ENSG00000175573	4.93	ENSP00000398350	C11orf68
ENSG00000148655	4.92	ENSP00000480240	LRMDA
ENSG00000078061	4.92	ENSP00000290277	ARAF
ENSG00000162736	4.92	ENSP00000294785	NCSTN
ENSG00000117859	4.91	ENSP00000412733	OSBPL9
ENSG00000164818	4.9	ENSP00000297440	DNAAF5
ENSG00000177613	4.9	ENSP00000332444	CSTF2T
ENSG00000121057	4.9	ENSP00000478212	AKAP1
	4.9	ENSP00000484492	RBIS
ENSG00000137392	4.9	ENSP00000259938	CLPS
ENSG00000105825	4.89	ENSP00000222543	TFPI2
ENSG00000137806	4.89	ENSP00000260361	NDUFAF1
ENSG00000148297	4.89	ENSP00000482438	MED22
ENSG00000111845	4.88	ENSP00000368887	PAK1IP1
ENSG00000123562	4.88	ENSP00000394417	MORF4L2
ENSG00000213339	4.88	ENSP00000250237	QTRT1
ENSG00000117122	4.87	ENSP00000364685	MFAP2
ENSG00000137073	4.87	ENSP00000354039	UBAP2
ENSG00000183258	4.87	ENSP00000330349	DDX41
	4.87	ENSP00000498782	ENSP00000498782
ENSG00000108825	4.86	ENSP00000409924	PTGES3L-AARSD1
ENSG00000184220	4.86	ENSP00000410396	CMSS1
	4.86	ENSP00000304945	ROBO4
ENSG00000161526	4.86	ENSP00000462116	SAP30BP
	4.86	ENSP00000230449	EXOC2
ENSG00000139269	4.85	ENSP00000266646	INHBE
	4.85	ENSP00000291634	FAM207A
ENSG00000213949	4.85	ENSP00000282588	ITGA1
	4.85	ENSP00000279036	PIGT
ENSG00000099385	4.85	ENSP00000369674	BCL7C
ENSG00000188257	4.84	ENSP00000383364	PLA2G2A
ENSG00000015153	4.84	ENSP00000328004	YAF2
ENSG00000151498	4.84	ENSP00000281182	ACAD8
ENSG00000165660	4.84	ENSP00000298492	ABRAXAS2
ENSG00000181924	4.84	ENSP00000443795	COA4
ENSG00000164597	4.83	ENSP00000297135	COG5
ENSG00000274274	4.83	ENSP00000483811	GAGE13
	4.83	ENSP00000404570	MYH13
ENSG00000054611	4.82	ENSP00000336724	TBC1D22A
ENSG00000133114	4.81	ENSP00000368447	GPALPP1
ENSG00000163975	4.81	ENSP00000296350	MELTF
ENSG00000101400	4.81	ENSP00000217381	SNTA1
ENSG00000160654	4.81	ENSP00000431445	CD3G
	4.8	ENSP00000354643	DIO1
ENSG00000124641	4.79	ENSP00000265350	MED20
ENSG00000227471	4.78	ENSP00000389289	AKR1B15
	4.78	ENSP00000417559	NMD3
ENSG00000170166	4.78	ENSP00000302548	HOXD4
ENSG00000062582	4.78	ENSP00000318158	MRPS24
ENSG00000102158	4.78	ENSP00000354649	MAGT1
	4.78	ENSP00000372218	SERPINB12
ENSG00000006712	4.77	ENSP00000221265	PAF1
ENSG00000101040	4.77	ENSP00000439800	ZMYND8
ENSG00000008128	4.77	ENSP00000367900	CDK11A
ENSG00000120509	4.77	ENSP00000239666	PDZD11
ENSG00000185122	4.76	ENSP00000431512	HSF1
ENSG00000064651	4.76	ENSP00000262461	SLC12A2
ENSG00000250317	4.76	ENSP00000427407	SMIM20
ENSG00000169429	4.76	ENSP00000306512	CXCL8
ENSG00000126768	4.76	ENSP00000379999	TIMM17B
ENSG00000001084	4.75	ENSP00000497574	GCLC
	4.75	ENSP00000487221	FAM122B
ENSG00000156219	4.75	ENSP00000348064	ART3
ENSG00000117115	4.74	ENSP00000364635	PADI2
ENSG00000198554	4.74	ENSP00000353793	WDHD1
ENSG00000112584	4.74	ENSP00000440125	FAM120B
ENSG00000151366	4.74	ENSP00000281031	NDUFC2
ENSG00000137364	4.74	ENSP00000312304	TPMT
ENSG00000269897	4.73	ENSP00000473391	COMMD3-BMI1
ENSG00000135318	4.73	ENSP00000257770	NT5E
ENSG00000166847	4.73	ENSP00000300087	DCTN5
ENSG00000174059	4.73	ENSP00000310036	CD34
ENSG00000151413	4.72	ENSP00000281081	NUBPL
ENSG00000154124	4.72	ENSP00000284274	OTULIN
ENSG00000163531	4.72	ENSP00000344786	NFASC
ENSG00000067066	4.72	ENSP00000343023	SP100
ENSG00000159079	4.72	ENSP00000290155	CFAP298
ENSG00000111725	4.72	ENSP00000441369	PRKAB1
	4.71	ENSP00000385836	CALHM4
ENSG00000175920	4.71	ENSP00000344432	DOK7
ENSG00000148308	4.71	ENSP00000361180	GTF3C5
	4.71	ENSP00000384421	TFIP11
ENSG00000204427	4.71	ENSP00000379282	ABHD16A
ENSG00000166224	4.71	ENSP00000362298	SGPL1
ENSG00000120008	4.71	ENSP00000263461	WDR11
	4.7	ENSP00000369989	KATNAL1
ENSG00000148090	4.7	ENSP00000364883	AUH
ENSG00000162972	4.7	ENSP00000295079	MAIP1
ENSG00000140043	4.7	ENSP00000452280	PTGR2
ENSG00000213445	4.7	ENSP00000377771	SIPA1
ENSG00000171992	4.7	ENSP00000377789	SYNPO
ENSG00000243943	4.69	ENSP00000347648	ZNF512
ENSG00000152932	4.69	ENSP00000282878	RAB3C
ENSG00000198729	4.69	ENSP00000355260	PPP1R14C
ENSG00000134243	4.69	ENSP00000256637	SORT1
ENSG00000197622	4.69	ENSP00000475845	CDC42SE1
ENSG00000278845	4.68	ENSP00000484903	MRPL45
ENSG00000158104	4.68	ENSP00000289004	HPD
ENSG00000065809	4.68	ENSP00000181796	FAM107B
ENSG00000039560	4.67	ENSP00000427123	RAI14
ENSG00000136699	4.67	ENSP00000386531	SMPD4
ENSG00000100796	4.66	ENSP00000450864	PPP4R3A
	4.66	ENSP00000295121	WDR92
ENSG00000250506	4.66	ENSP00000410561	CDK3
ENSG00000146858	4.66	ENSP00000275766	ZC3HAV1L
ENSG00000142002	4.65	ENSP00000262960	DPP9
ENSG00000127838	4.65	ENSP00000273077	PNKD
ENSG00000185201	4.65	ENSP00000484689	IFITM2
ENSG00000144306	4.65	ENSP00000272732	SCRN3
	4.65	ENSP00000417050	B4E171_HUMAN
ENSG00000134317	4.64	ENSP00000324693	GRHL1
	4.64	ENSP00000216484	SPTLC2
ENSG00000123570	4.64	ENSP00000243298	RAB9B
ENSG00000144677	4.64	ENSP00000273179	CTDSPL
ENSG00000189283	4.63	ENSP00000418582	FHIT
	4.63	ENSP00000478026	ANXA8
ENSG00000160282	4.63	ENSP00000380856	FTCD
ENSG00000119787	4.63	ENSP00000368237	ATL2
ENSG00000105875	4.63	ENSP00000346466	WDR91
ENSG00000182307	4.63	ENSP00000330361	C8orf33
	4.63	ENSP00000478249	ENSP00000478249
ENSG00000112305	4.62	ENSP00000359484	SMAP1
	4.61	ENSP00000371061	C5orf51
ENSG00000188976	4.6	ENSP00000317992	NOC2L
ENSG00000105287	4.6	ENSP00000393978	PRKD2
ENSG00000135525	4.6	ENSP00000482335	MAP7
ENSG00000066322	4.6	ENSP00000477602	ELOVL1
	4.6	ENSP00000348043	LRRC20
	4.59	ENSP00000286317	MED7
ENSG00000076242	4.59	ENSP00000231790	MLH1
ENSG00000167701	4.59	ENSP00000378408	GPT
ENSG00000130772	4.59	ENSP00000362948	MED18
ENSG00000014138	4.59	ENSP00000265465	POLA2
ENSG00000131480	4.59	ENSP00000253799	AOC2
ENSG00000240857	4.59	ENSP00000370648	RDH14
ENSG00000050748	4.59	ENSP00000394560	MAPK9
ENSG00000138134	4.58	ENSP00000360992	STAMBPL1
ENSG00000071054	4.58	ENSP00000343658	MAP4K4
ENSG00000165434	4.58	ENSP00000298198	PGM2L1
ENSG00000153015	4.57	ENSP00000370460	CWC27
ENSG00000104774	4.57	ENSP00000395473	MAN2B1
ENSG00000198727	4.57	ENSP00000354554	MT-CYB
ENSG00000189064	4.56	ENSP00000355421	GAGE2A
ENSG00000122133	4.56	ENSP00000417898	PAEP
ENSG00000168397	4.56	ENSP00000384259	ATG4B
ENSG00000136504	4.55	ENSP00000259021	KAT7
ENSG00000166317	4.55	ENSP00000378289	SYNPO2L
ENSG00000080503	4.55	ENSP00000371638	SMARCA2
ENSG00000169221	4.55	ENSP00000386538	TBC1D10B
ENSG00000148634	4.55	ENSP00000378624	HERC4
ENSG00000125351	4.54	ENSP00000276201	UPF3B
ENSG00000132024	4.54	ENSP00000313601	CC2D1A
ENSG00000103550	4.54	ENSP00000219837	KNOP1
ENSG00000187908	4.54	ENSP00000357905	DMBT1
ENSG00000070495	4.54	ENSP00000394085	JMJD6
ENSG00000123146	4.54	ENSP00000242786	ADGRE5
ENSG00000127831	4.53	ENSP00000248444	VIL1
	4.53	ENSP00000263228	UBE2R2
ENSG00000149782	4.53	ENSP00000443631	PLCB3
ENSG00000152147	4.53	ENSP00000281950	GEMIN6
ENSG00000137752	4.52	ENSP00000433138	CASP1
ENSG00000074755	4.52	ENSP00000371051	ZZEF1
ENSG00000077264	4.52	ENSP00000353864	PAK3
ENSG00000132773	4.51	ENSP00000361162	TOE1
ENSG00000163751	4.51	ENSP00000296046	CPA3
ENSG00000066117	4.51	ENSP00000378414	SMARCD1
ENSG00000197253	4.51	ENSP00000482743	TPSB2
ENSG00000011376	4.5	ENSP00000498867	LARS2
ENSG00000136560	4.5	ENSP00000259075	TANK
ENSG00000139218	4.5	ENSP00000358374	SCAF11
ENSG00000128626	4.49	ENSP00000384952	MRPS12
ENSG00000111885	4.49	ENSP00000357453	MAN1A1
ENSG00000136153	4.49	ENSP00000366757	LMO7
ENSG00000103051	4.49	ENSP00000315775	COG4
ENSG00000085117	4.49	ENSP00000227155	CD82
ENSG00000155189	4.49	ENSP00000285518	AGPAT5
ENSG00000143318	4.49	ENSP00000357057	CASQ1
ENSG00000204071	4.49	ENSP00000361860	TCEAL6
ENSG00000157087	4.48	ENSP00000353414	ATP2B2
ENSG00000066777	4.48	ENSP00000262215	ARFGEF1
ENSG00000039650	4.48	ENSP00000323511	PNKP
ENSG00000131626	4.48	ENSP00000253925	PPFIA1
ENSG00000142409	4.47	ENSP00000478557	ZNF787
ENSG00000169925	4.47	ENSP00000305918	BRD3
ENSG00000169413	4.46	ENSP00000302046	RNASE6
ENSG00000173898	4.45	ENSP00000432568	SPTBN2
ENSG00000133433	4.45	ENSP00000290765	GSTT2B
	4.45	ENSP00000384719	VSNL1
ENSG00000178585	4.45	ENSP00000366474	CTNNBIP1
ENSG00000152952	4.45	ENSP00000282903	PLOD2
ENSG00000243147	4.45	ENSP00000296102	MRPL33
ENSG00000172137	4.44	ENSP00000307508	CALB2
ENSG00000187091	4.44	ENSP00000430344	PLCD1
ENSG00000134762	4.44	ENSP00000353608	DSC3
ENSG00000140382	4.44	ENSP00000371133	HMG20A
ENSG00000165775	4.44	ENSP00000358510	FUNDC2
ENSG00000119878	4.44	ENSP00000238892	CRIPT
ENSG00000035928	4.44	ENSP00000371321	RFC1
ENSG00000163684	4.43	ENSP00000412894	RPP14
ENSG00000002822	4.43	ENSP00000385334	MAD1L1
ENSG00000132275	4.43	ENSP00000254605	RRP8
ENSG00000189001	4.43	ENSP00000430242	SBSN
ENSG00000158467	4.43	ENSP00000315931	AHCYL2
	4.42	ENSP00000355996	G0S2
ENSG00000110002	4.42	ENSP00000407726	VWA5A
	4.42	ENSP00000257915	TFCP2
ENSG00000076053	4.42	ENSP00000364639	RBM7
ENSG00000134363	4.42	ENSP00000256759	FST
ENSG00000126756	4.41	ENSP00000337393	UXT
ENSG00000085265	4.41	ENSP00000360871	FCN1
ENSG00000156502	4.41	ENSP00000352678	SUPV3L1
ENSG00000141738	4.4	ENSP00000403459	GRB7
ENSG00000102393	4.4	ENSP00000218516	GLA
ENSG00000158435	4.4	ENSP00000289382	CNOT11
	4.4	ENSP00000200676	CETP
ENSG00000057252	4.4	ENSP00000356591	SOAT1
	4.39	ENSP00000267425	NOP9
ENSG00000111300	4.39	ENSP00000261745	NAA25
ENSG00000009335	4.39	ENSP00000309198	UBE3C
ENSG00000261796	4.39	ENSP00000411822	ISY1-RAB43
ENSG00000100139	4.39	ENSP00000215957	MICALL1
ENSG00000213918	4.38	ENSP00000385905	DNASE1
	4.38	ENSP00000497510	MKKS-2
ENSG00000132254	4.38	ENSP00000484121	ARFIP2
ENSG00000173638	4.37	ENSP00000308895	SLC19A1
ENSG00000113163	4.37	ENSP00000383996	CERT1
ENSG00000158716	4.37	ENSP00000357087	DUSP23
ENSG00000188157	4.37	ENSP00000368678	AGRN
ENSG00000013374	4.36	ENSP00000454264	NUB1
ENSG00000020426	4.36	ENSP00000261245	MNAT1
ENSG00000117481	4.36	ENSP00000419740	NSUN4
ENSG00000100726	4.36	ENSP00000262319	TELO2
ENSG00000128872	4.36	ENSP00000249700	TMOD2
ENSG00000109390	4.35	ENSP00000441126	NDUFC1
ENSG00000161405	4.34	ENSP00000344544	IKZF3
	4.34	ENSP00000314508	GBA
ENSG00000038427	4.34	ENSP00000265077	VCAN
ENSG00000133104	4.34	ENSP00000414147	SPART
ENSG00000204371	4.34	ENSP00000379078	EHMT2
ENSG00000134697	4.33	ENSP00000362153	GNL2
ENSG00000078674	4.33	ENSP00000327077	PCM1
ENSG00000186288	4.33	ENSP00000362618	PABPC1L2A
ENSG00000184388	4.33	ENSP00000362621	PABPC1L2B
	4.33	ENSP00000443246	F5H5P2_HUMAN
	4.33	ENSP00000265171	EGF
ENSG00000214415	4.33	ENSP00000381339	GNAT3
ENSG00000132970	4.32	ENSP00000335055	WASF3
ENSG00000106144	4.32	ENSP00000312664	CASP2
ENSG00000127837	4.32	ENSP00000403343	AAMP
ENSG00000105612	4.32	ENSP00000222219	DNASE2
ENSG00000168564	4.32	ENSP00000427108	CDKN2AIP
ENSG00000198937	4.31	ENSP00000362507	CCDC167
ENSG00000139970	4.31	ENSP00000267484	RTN1
ENSG00000181856	4.31	ENSP00000320935	SLC2A4
ENSG00000135506	4.31	ENSP00000318165	OS9
ENSG00000198833	4.31	ENSP00000451261	UBE2J1
	4.31	ENSP00000225504	SUPT4H1
ENSG00000137145	4.31	ENSP00000473469	DENND4C
ENSG00000124608	4.3	ENSP00000244571	AARS2
ENSG00000076641	4.3	ENSP00000220597	PAG1
ENSG00000149809	4.3	ENSP00000279263	TM7SF2
ENSG00000163319	4.3	ENSP00000295491	MRPS18C
ENSG00000121481	4.29	ENSP00000356480	RNF2
ENSG00000197417	4.29	ENSP00000225519	SHPK
ENSG00000115488	4.29	ENSP00000233840	NEU2
ENSG00000139725	4.29	ENSP00000267205	RHOF
ENSG00000080345	4.28	ENSP00000243326	RIF1
ENSG00000172936	4.28	ENSP00000498321	MYD88
ENSG00000176386	4.28	ENSP00000363322	CDC26
ENSG00000182704	4.28	ENSP00000434847	TSKU
ENSG00000174953	4.28	ENSP00000417078	DHX36
ENSG00000161671	4.27	ENSP00000334037	EMC10
ENSG00000171603	4.27	ENSP00000366513	CLSTN1
ENSG00000204569	4.27	ENSP00000365694	PPP1R10
ENSG00000101003	4.26	ENSP00000262460	GINS1
ENSG00000140598	4.26	ENSP00000268206	EFL1
ENSG00000095319	4.26	ENSP00000361658	NUP188
	4.26	ENSP00000374399	TRMT61A
ENSG00000087299	4.26	ENSP00000267436	L2HGDH
ENSG00000141646	4.25	ENSP00000341551	SMAD4
ENSG00000162775	4.25	ENSP00000358799	RBM15
ENSG00000135549	4.25	ENSP00000480824	PKIB
ENSG00000137880	4.25	ENSP00000260447	GCHFR
ENSG00000117569	4.25	ENSP00000359216	PTBP2
ENSG00000111596	4.24	ENSP00000229195	CNOT2
ENSG00000128564	4.24	ENSP00000249330	VGF
ENSG00000168214	4.23	ENSP00000345206	RBPJ
ENSG00000197712	4.23	ENSP00000351740	FAM114A1
ENSG00000137955	4.23	ENSP00000317473	RABGGTB
ENSG00000142867	4.23	ENSP00000498104	BCL10
ENSG00000108666	4.23	ENSP00000464275	C17orf75
ENSG00000127084	4.23	ENSP00000336914	FGD3
ENSG00000077782	4.22	ENSP00000393312	FGFR1
ENSG00000107362	4.22	ENSP00000366240	ABHD17B
ENSG00000204267	4.22	ENSP00000364032	TAP2
ENSG00000163840	4.22	ENSP00000296161	DTX3L
ENSG00000144908	4.22	ENSP00000273450	ALDH1L1
	4.21	ENSP00000317579	C16orf58
ENSG00000066032	4.21	ENSP00000384638	CTNNA2
ENSG00000168818	4.21	ENSP00000305810	STX18
	4.2	ENSP00000257264	TCN1
ENSG00000155252	4.2	ENSP00000359665	PI4K2A
ENSG00000112210	4.2	ENSP00000417610	RAB23
ENSG00000065413	4.2	ENSP00000282272	ANKRD44
ENSG00000203926	4.19	ENSP00000359549	SPANXA2
ENSG00000198021	4.19	ENSP00000359550	SPANXA1
ENSG00000244045	4.19	ENSP00000292114	TMEM199
ENSG00000240682	4.18	ENSP00000273541	ISY1
	4.18	ENSP00000294904	RBMS1
ENSG00000186063	4.18	ENSP00000339161	AIDA
ENSG00000196776	4.18	ENSP00000355361	CD47
	4.18	ENSP00000421315	K7N7A8_HUMAN
ENSG00000052802	4.18	ENSP00000261507	MSMO1
ENSG00000184162	4.18	ENSP00000402756	NR2C2AP
ENSG00000167965	4.17	ENSP00000457870	MLST8
ENSG00000122257	4.17	ENSP00000317872	RBBP6
ENSG00000169231	4.16	ENSP00000357362	THBS3
ENSG00000138303	4.16	ENSP00000339404	ASCC1
ENSG00000082068	4.16	ENSP00000265107	WDR70
ENSG00000135596	4.15	ENSP00000486901	MICAL1
ENSG00000136205	4.15	ENSP00000312143	TNS3
	4.15	ENSP00000376893	IL1F10
ENSG00000013297	4.15	ENSP00000064724	CLDN11
	4.15	ENSP00000403396	FAM126A
ENSG00000000938	4.14	ENSP00000363117	FGR
ENSG00000020129	4.14	ENSP00000362340	NCDN
ENSG00000150687	4.14	ENSP00000280258	PRSS23
ENSG00000183048	4.14	ENSP00000446242	SLC25A10
ENSG00000182534	4.14	ENSP00000465103	MXRA7
ENSG00000132604	4.14	ENSP00000254942	TERF2
ENSG00000123908	4.13	ENSP00000220592	AGO2
ENSG00000153827	4.12	ENSP00000373696	TRIP12
ENSG00000101938	4.12	ENSP00000361112	CHRDL1
ENSG00000137815	4.12	ENSP00000374280	RTF1
ENSG00000158517	4.11	ENSP00000289473	NCF1
ENSG00000122642	4.11	ENSP00000439250	FKBP9
ENSG00000143793	4.11	ENSP00000272139	C1orf35
ENSG00000131069	4.11	ENSP00000253382	ACSS2
ENSG00000153767	4.1	ENSP00000283875	GTF2E1
ENSG00000137500	4.1	ENSP00000434724	CCDC90B
ENSG00000113593	4.1	ENSP00000261308	PPWD1
ENSG00000244509	4.1	ENSP00000355340	APOBEC3C
ENSG00000166900	4.1	ENSP00000338562	STX3
ENSG00000127951	4.1	ENSP00000248598	FGL2
ENSG00000213593	4.1	ENSP00000278422	TMX2
ENSG00000033867	4.1	ENSP00000390394	SLC4A7
ENSG00000172590	4.09	ENSP00000347277	MRPL52
ENSG00000196792	4.09	ENSP00000350071	STRN3
ENSG00000141027	4.09	ENSP00000268712	NCOR1
ENSG00000073536	4.09	ENSP00000413572	NLE1
ENSG00000160714	4.09	ENSP00000292211	UBE2Q1
ENSG00000119681	4.08	ENSP00000261978	LTBP2
ENSG00000153406	4.08	ENSP00000458762	NMRAL1
ENSG00000089063	4.08	ENSP00000341364	TMEM230
ENSG00000151689	4.08	ENSP00000376142	INPP1
ENSG00000140950	4.07	ENSP00000343635	MEAK7
ENSG00000100568	4.07	ENSP00000450731	VTI1B
	4.06	ENSP00000461295	I3L4J1_HUMAN
ENSG00000185753	4.06	ENSP00000330488	CXorf38
ENSG00000126456	4.05	ENSP00000471896	IRF3
ENSG00000184508	4.05	ENSP00000377814	HDDC3
ENSG00000174842	4.05	ENSP00000359385	GLMN
ENSG00000115966	4.05	ENSP00000264110	ATF2
ENSG00000109586	4.05	ENSP00000265000	GALNT7
ENSG00000077514	4.05	ENSP00000263681	POLD3
ENSG00000149823	4.04	ENSP00000279281	VPS51
ENSG00000130640	4.04	ENSP00000446093	TUBGCP2
ENSG00000116874	4.03	ENSP00000235521	WARS2
ENSG00000148848	4.03	ENSP00000357668	ADAM12
ENSG00000119929	4.03	ENSP00000359507	CUTC
ENSG00000175535	4.03	ENSP00000358223	PNLIP
ENSG00000103507	4.03	ENSP00000378405	BCKDK
	4.03	ENSP00000222567	TWISTNB
ENSG00000275663	4.02	ENSP00000477870	H4C7
ENSG00000111328	4.02	ENSP00000261692	CDK2AP1
ENSG00000141905	4.02	ENSP00000396843	NFIC
ENSG00000136051	4.02	ENSP00000484713	WASHC4
ENSG00000154305	4.02	ENSP00000340900	MIA3
ENSG00000124126	4.02	ENSP00000361009	PREX1
ENSG00000166963	4.01	ENSP00000300231	MAP1A
ENSG00000182795	4.01	ENSP00000352447	C1orf116
	4.01	ENSP00000433681	NCAPD3
ENSG00000188739	4.01	ENSP00000386226	RBM34
ENSG00000123240	4.01	ENSP00000368022	OPTN
ENSG00000227500	4.01	ENSP00000316007	SCAMP4
	4.01	ENSP00000216225	RBX1
ENSG00000161920	4.0	ENSP00000293777	MED11
ENSG00000163001	4.0	ENSP00000342699	CFAP36
ENSG00000198730	4.0	ENSP00000355013	CTR9
	4.0	ENSP00000363211	TIMM23B
ENSG00000143520	4.0	ENSP00000373370	FLG2
ENSG00000070190	4.0	ENSP00000423602	DAPP1
ENSG00000087053	4.0	ENSP00000345752	MTMR2
ENSG00000135709	4.0	ENSP00000457408	KIAA0513
ENSG00000163125	4.0	ENSP00000358064	RPRD2
ENSG00000168303	3.99	ENSP00000304553	MPLKIP
ENSG00000214736	3.99	ENSP00000381859	TOMM6
ENSG00000141401	3.99	ENSP00000269159	IMPA2
ENSG00000109113	3.99	ENSP00000413156	RAB34
ENSG00000143442	3.99	ENSP00000271715	POGZ
ENSG00000241945	3.98	ENSP00000291576	PWP2
ENSG00000175387	3.98	ENSP00000262160	SMAD2
ENSG00000142552	3.98	ENSP00000270645	RCN3
ENSG00000204580	3.97	ENSP00000427552	DDR1
ENSG00000105404	3.97	ENSP00000222008	RABAC1
ENSG00000244617	3.97	ENSP00000315383	ASPRV1
	3.97	ENSP00000225538	P2RX1
ENSG00000105619	3.97	ENSP00000375639	TFPT
ENSG00000165168	3.96	ENSP00000367851	CYBB
	3.96	ENSP00000346127	PLEKHB1
ENSG00000106780	3.96	ENSP00000363040	MEGF9
	3.96	ENSP00000330587	MT1H
ENSG00000165733	3.95	ENSP00000363642	BMS1
ENSG00000101191	3.95	ENSP00000266070	DIDO1
ENSG00000130513	3.95	ENSP00000252809	GDF15
ENSG00000125871	3.95	ENSP00000366939	MGME1
ENSG00000155980	3.94	ENSP00000408979	KIF5A
ENSG00000030110	3.94	ENSP00000363591	BAK1
ENSG00000135250	3.94	ENSP00000377262	SRPK2
ENSG00000170638	3.94	ENSP00000379173	TRABD
ENSG00000125447	3.94	ENSP00000438085	GGA3
ENSG00000156510	3.93	ENSP00000346643	HKDC1
	3.93	ENSP00000374240	SHOX2
ENSG00000229183	3.93	ENSP00000367391	PGA4
ENSG00000100418	3.93	ENSP00000263256	DESI1
	3.93	ENSP00000442308	NKRF
ENSG00000137513	3.93	ENSP00000281038	NARS2
ENSG00000001630	3.93	ENSP00000003100	CYP51A1
ENSG00000168894	3.92	ENSP00000306906	RNF181
ENSG00000099399	3.92	ENSP00000368273	MAGEB2
ENSG00000149541	3.92	ENSP00000265471	B3GAT3
ENSG00000124733	3.92	ENSP00000495612	MEA1
	3.92	ENSP00000386884	CXCR4
ENSG00000197976	3.91	ENSP00000324827	AKAP17A
ENSG00000094631	3.91	ENSP00000365804	HDAC6
ENSG00000132591	3.91	ENSP00000254928	ERAL1
	3.9	ENSP00000359540	CREG1
ENSG00000258644	3.9	ENSP00000482133	SYNJ2BP-COX16
ENSG00000213523	3.9	ENSP00000337513	SRA1
ENSG00000067842	3.9	ENSP00000263519	ATP2B3
ENSG00000131037	3.89	ENSP00000201647	EPS8L1
	3.89	ENSP00000427279	CXCL2
ENSG00000077232	3.89	ENSP00000264065	DNAJC10
ENSG00000125633	3.89	ENSP00000365477	CCDC93
ENSG00000166797	3.89	ENSP00000300030	CIAO2A
ENSG00000168763	3.89	ENSP00000305449	CNNM3
ENSG00000091972	3.89	ENSP00000420298	CD200
	3.89	ENSP00000411096	ABCA13
ENSG00000108244	3.88	ENSP00000209718	KRT23
ENSG00000164347	3.88	ENSP00000427004	GFM2
ENSG00000118482	3.88	ENSP00000262043	PHF3
ENSG00000173905	3.88	ENSP00000417354	GOLIM4
ENSG00000167851	3.87	ENSP00000353259	CD300A
ENSG00000114742	3.87	ENSP00000307491	WDR48
	3.87	ENSP00000457111	IRS4-2
ENSG00000229859	3.87	ENSP00000322192	PGA3
ENSG00000134755	3.86	ENSP00000280904	DSC2
ENSG00000137171	3.86	ENSP00000259708	KLC4
	3.86	ENSP00000471894	HAMP
ENSG00000130159	3.85	ENSP00000270517	ECSIT
ENSG00000123178	3.85	ENSP00000354774	SPRYD7
ENSG00000143190	3.85	ENSP00000356840	POU2F1
ENSG00000112697	3.84	ENSP00000230461	TMEM30A
ENSG00000133063	3.84	ENSP00000356198	CHIT1
ENSG00000158526	3.84	ENSP00000364293	TSR2
ENSG00000119125	3.84	ENSP00000238018	GDA
ENSG00000147457	3.83	ENSP00000380794	CHMP7
ENSG00000111371	3.83	ENSP00000449756	SLC38A1
ENSG00000076248	3.83	ENSP00000242576	UNG
ENSG00000183808	3.83	ENSP00000382239	RBM12B
	3.83	ENSP00000371169	RCL1
	3.83	ENSP00000292641	SCGB3A1
ENSG00000185420	3.83	ENSP00000419184	SMYD3
ENSG00000198804	3.82	ENSP00000354499	MT-CO1
	3.82	ENSP00000481699	SERPINI2
ENSG00000115977	3.81	ENSP00000386456	AAK1
ENSG00000136152	3.81	ENSP00000258654	COG3
ENSG00000204308	3.81	ENSP00000364235	RNF5
ENSG00000120860	3.81	ENSP00000240079	WASHC3
ENSG00000171862	3.81	ENSP00000361021	PTEN
ENSG00000011243	3.81	ENSP00000380557	AKAP8L
ENSG00000164105	3.8	ENSP00000296504	SAP30
ENSG00000276043	3.8	ENSP00000479617	UHRF1
ENSG00000104413	3.8	ENSP00000405738	ESRP1
ENSG00000112297	3.79	ENSP00000358062	CRYBG1
	3.78	ENSP00000468956	JOSD2
ENSG00000109920	3.78	ENSP00000263773	FNBP4
ENSG00000114331	3.78	ENSP00000324287	ACAP2
ENSG00000276023	3.78	ENSP00000477653	DUSP14
ENSG00000181029	3.78	ENSP00000470262	TRAPPC5
ENSG00000184178	3.78	ENSP00000384182	SCFD2
ENSG00000141252	3.77	ENSP00000401435	VPS53
ENSG00000117640	3.77	ENSP00000363419	MTFR1L
ENSG00000040341	3.77	ENSP00000428756	STAU2
ENSG00000110777	3.77	ENSP00000376786	POU2AF1
ENSG00000141295	3.77	ENSP00000290216	SCRN2
ENSG00000105290	3.76	ENSP00000221891	APLP1
ENSG00000144559	3.76	ENSP00000398596	TAMM41
ENSG00000141736	3.76	ENSP00000269571	ERBB2
ENSG00000138231	3.75	ENSP00000260803	DBR1
ENSG00000126858	3.75	ENSP00000351132	RHOT1
ENSG00000197444	3.75	ENSP00000363216	OGDHL
ENSG00000094880	3.74	ENSP00000378350	CDC23
ENSG00000124145	3.74	ENSP00000361818	SDC4
ENSG00000125952	3.74	ENSP00000351490	MAX
	3.74	ENSP00000327760	CLASP2
ENSG00000070501	3.74	ENSP00000265421	POLB
	3.74	ENSP00000351137	XAB2
ENSG00000182511	3.74	ENSP00000331504	FES
ENSG00000139116	3.74	ENSP00000354878	KIF21A
ENSG00000198910	3.73	ENSP00000359077	L1CAM
ENSG00000173262	3.73	ENSP00000445929	SLC2A14
ENSG00000165914	3.73	ENSP00000336127	TTC7B
ENSG00000160703	3.73	ENSP00000387334	NLRX1
ENSG00000100320	3.73	ENSP00000413035	RBFOX2
	3.73	ENSP00000431371	E9PLN8_HUMAN
ENSG00000102038	3.73	ENSP00000360162	SMARCA1
ENSG00000114316	3.73	ENSP00000265560	USP4
ENSG00000104320	3.72	ENSP00000265433	NBN
ENSG00000027001	3.72	ENSP00000371607	MIPEP
ENSG00000116954	3.72	ENSP00000362092	RRAGC
ENSG00000114956	3.72	ENSP00000264093	DGUOK
ENSG00000177119	3.71	ENSP00000409126	ANO6
ENSG00000165886	3.71	ENSP00000359698	UBTD1
ENSG00000117533	3.71	ENSP00000236192	VAMP4
ENSG00000165458	3.71	ENSP00000298229	INPPL1
ENSG00000112249	3.71	ENSP00000358159	ASCC3
ENSG00000126785	3.71	ENSP00000316729	RHOJ
ENSG00000120733	3.7	ENSP00000326563	KDM3B
ENSG00000015413	3.7	ENSP00000376807	DPEP1
ENSG00000135222	3.7	ENSP00000341030	CSN2
ENSG00000143702	3.7	ENSP00000355500	CEP170
ENSG00000113734	3.7	ENSP00000231668	BNIP1
ENSG00000136111	3.69	ENSP00000366863	TBC1D4
ENSG00000164171	3.68	ENSP00000296585	ITGA2
ENSG00000215305	3.68	ENSP00000369810	VPS16
ENSG00000178922	3.68	ENSP00000361511	HYI
	3.68	ENSP00000334801	DHRS4L2
ENSG00000157017	3.67	ENSP00000335074	GHRL
	3.67	ENSP00000355607	GNPAT
	3.67	ENSP00000298223	FOLR2
ENSG00000169439	3.67	ENSP00000307046	SDC2
ENSG00000143486	3.67	ENSP00000271764	EIF2D
ENSG00000101019	3.67	ENSP00000363506	UQCC1
ENSG00000213463	3.66	ENSP00000256366	SYNJ2BP
ENSG00000105438	3.66	ENSP00000329471	KDELR1
ENSG00000125780	3.66	ENSP00000370867	TGM3
	3.66	ENSP00000313752	SSNA1
ENSG00000071794	3.66	ENSP00000308944	HLTF
ENSG00000170632	3.66	ENSP00000319412	ARMC10
ENSG00000092208	3.66	ENSP00000308533	GEMIN2
	3.65	ENSP00000498584	ENSP00000498584
ENSG00000186642	3.64	ENSP00000334910	PDE2A
ENSG00000126461	3.64	ENSP00000353769	SCAF1
ENSG00000126216	3.64	ENSP00000261965	TUBGCP3
ENSG00000103226	3.64	ENSP00000382274	NOMO3
ENSG00000275066	3.64	ENSP00000483453	SYNRG
ENSG00000163810	3.64	ENSP00000296125	TGM4
ENSG00000223501	3.64	ENSP00000409952	VPS52
ENSG00000163520	3.64	ENSP00000384169	FBLN2
	3.63	ENSP00000369438	KRTAP10-10
	3.63	ENSP00000472465	SARS2-2
ENSG00000064042	3.63	ENSP00000425631	LIMCH1
ENSG00000187772	3.63	ENSP00000344401	LIN28B
ENSG00000001036	3.62	ENSP00000002165	FUCA2
ENSG00000105519	3.62	ENSP00000498855	CAPS
ENSG00000048649	3.62	ENSP00000311513	RSF1
ENSG00000065243	3.62	ENSP00000359552	PKN2
ENSG00000165006	3.61	ENSP00000486574	UBAP1
	3.61	ENSP00000391090	CHEK1
ENSG00000137876	3.61	ENSP00000260443	RSL24D1
ENSG00000122882	3.61	ENSP00000401566	ECD
ENSG00000100147	3.61	ENSP00000255784	CCDC134
ENSG00000140284	3.61	ENSP00000267842	SLC27A2
ENSG00000134759	3.61	ENSP00000414851	ELP2
ENSG00000104365	3.6	ENSP00000430684	IKBKB
	3.6	ENSP00000348708	UPF2
ENSG00000157514	3.6	ENSP00000361458	TSC22D3
ENSG00000103512	3.6	ENSP00000287667	NOMO1
	3.59	ENSP00000296026	CXCL3
ENSG00000185163	3.59	ENSP00000380495	DDX51
ENSG00000196576	3.59	ENSP00000352288	PLXNB2
ENSG00000172954	3.59	ENSP00000310551	LCLAT1
ENSG00000140939	3.59	ENSP00000457243	NOL3
ENSG00000006453	3.59	ENSP00000005260	BAIAP2L1
ENSG00000090857	3.58	ENSP00000288050	PDPR
ENSG00000162551	3.58	ENSP00000363973	ALPL
ENSG00000135905	3.58	ENSP00000493664	DOCK10
	3.58	ENSP00000369213	DDX58
	3.58	ENSP00000357746	SPRR2D
ENSG00000095794	3.58	ENSP00000265372	CREM
ENSG00000198522	3.57	ENSP00000264718	GPN1
ENSG00000157110	3.57	ENSP00000340176	RBPMS
ENSG00000109511	3.57	ENSP00000352248	ANXA10
ENSG00000114520	3.57	ENSP00000251775	SNX4
ENSG00000124429	3.57	ENSP00000362238	POF1B
ENSG00000152492	3.57	ENSP00000376249	CCDC50
ENSG00000113851	3.56	ENSP00000231948	CRBN
ENSG00000204304	3.56	ENSP00000364190	PBX2
ENSG00000165644	3.56	ENSP00000361616	COMTD1
ENSG00000157881	3.56	ENSP00000498888	PANK4
ENSG00000114349	3.55	ENSP00000232461	GNAT1
ENSG00000116977	3.55	ENSP00000435460	LGALS8
ENSG00000237649	3.55	ENSP00000393963	KIFC1
ENSG00000080845	3.55	ENSP00000363023	DLGAP4
ENSG00000131400	3.54	ENSP00000253719	NAPSA
ENSG00000070367	3.54	ENSP00000484855	EXOC5
ENSG00000150990	3.54	ENSP00000311135	DHX37
ENSG00000106771	3.54	ENSP00000363714	TMEM245
ENSG00000070882	3.53	ENSP00000315410	OSBPL3
	3.53	ENSP00000362107	FHL3
ENSG00000276045	3.53	ENSP00000482568	ORAI1
ENSG00000165714	3.53	ENSP00000321546	BORCS5
ENSG00000128283	3.53	ENSP00000249014	CDC42EP1
ENSG00000136710	3.53	ENSP00000259229	CCDC115
ENSG00000075790	3.53	ENSP00000368414	BCAP29
ENSG00000189114	3.53	ENSP00000393840	BLOC1S3
ENSG00000150779	3.52	ENSP00000438455	TIMM8B
ENSG00000213190	3.52	ENSP00000357917	MLLT11
ENSG00000167258	3.52	ENSP00000398880	CDK12
ENSG00000170275	3.52	ENSP00000323696	CRTAP
ENSG00000136867	3.52	ENSP00000259392	SLC31A2
ENSG00000198793	3.52	ENSP00000354558	MTOR
ENSG00000119596	3.51	ENSP00000324463	YLPM1
ENSG00000129009	3.51	ENSP00000249842	ISLR
ENSG00000157954	3.51	ENSP00000288828	WIPI2
ENSG00000185164	3.51	ENSP00000477502	NOMO2
ENSG00000010017	3.51	ENSP00000011619	RANBP9
ENSG00000166471	3.5	ENSP00000433126	TMEM41B
ENSG00000166535	3.5	ENSP00000299698	A2ML1
	3.5	ENSP00000490297	PPP1R2B
ENSG00000107643	3.5	ENSP00000378974	MAPK8
ENSG00000062650	3.5	ENSP00000298767	WAPL
ENSG00000151611	3.5	ENSP00000497008	MMAA
ENSG00000181192	3.49	ENSP00000263035	DHTKD1
	3.49	ENSP00000387187	SERF2
ENSG00000126878	3.49	ENSP00000361383	AIF1L
ENSG00000185238	3.49	ENSP00000331879	PRMT3
ENSG00000126653	3.49	ENSP00000247026	NSRP1
ENSG00000011478	3.49	ENSP00000012049	QPCTL
	3.48	ENSP00000481733	MED29
ENSG00000077454	3.48	ENSP00000309689	LRCH4
	3.48	ENSP00000262644	IMPAD1
ENSG00000152240	3.48	ENSP00000282058	HAUS1
ENSG00000104859	3.48	ENSP00000221455	CLASRP
ENSG00000116604	3.48	ENSP00000271555	MEF2D
ENSG00000130935	3.48	ENSP00000253247	NOL11
ENSG00000074266	3.48	ENSP00000338186	EED
ENSG00000109775	3.48	ENSP00000264689	UFSP2
ENSG00000161904	3.47	ENSP00000293760	LEMD2
ENSG00000168938	3.47	ENSP00000303057	PPIC
ENSG00000197860	3.47	ENSP00000370395	SGTB
ENSG00000102683	3.47	ENSP00000218867	SGCG
ENSG00000126583	3.47	ENSP00000263431	PRKCG
ENSG00000164902	3.47	ENSP00000297540	PHAX
ENSG00000132692	3.46	ENSP00000331210	BCAN
ENSG00000037280	3.46	ENSP00000261937	FLT4
ENSG00000151376	3.46	ENSP00000440246	ME3
ENSG00000256713	3.46	ENSP00000309542	PGA5
ENSG00000078114	3.46	ENSP00000366326	NEBL
ENSG00000179409	3.46	ENSP00000321706	GEMIN4
ENSG00000169641	3.46	ENSP00000303758	LUZP1
ENSG00000103202	3.45	ENSP00000219479	NME4
ENSG00000160917	3.44	ENSP00000292476	CPSF4
ENSG00000111639	3.44	ENSP00000229238	MRPL51
ENSG00000135336	3.44	ENSP00000257789	ORC3
ENSG00000178033	3.44	ENSP00000357588	CALHM5
ENSG00000184730	3.44	ENSP00000457539	APOBR
	3.44	ENSP00000390513	HSPA14-2
ENSG00000162300	3.44	ENSP00000294258	ZFPL1
ENSG00000132716	3.44	ENSP00000357052	DCAF8
ENSG00000165678	3.43	ENSP00000361207	GHITM
ENSG00000162599	3.43	ENSP00000360231	NFIA
ENSG00000135045	3.43	ENSP00000366050	C9orf40
ENSG00000004468	3.43	ENSP00000226279	CD38
	3.43	ENSP00000266263	MTFP1
ENSG00000143224	3.43	ENSP00000356978	PPOX
	3.43	ENSP00000255305	XPO4
ENSG00000182253	3.43	ENSP00000336775	SYNM
ENSG00000123384	3.42	ENSP00000243077	LRP1
ENSG00000115145	3.42	ENSP00000263904	STAM2
ENSG00000161800	3.42	ENSP00000404190	RACGAP1
ENSG00000152944	3.41	ENSP00000282892	MED21
ENSG00000163510	3.41	ENSP00000387006	CWC22
ENSG00000130787	3.41	ENSP00000253083	HIP1R
	3.41	ENSP00000354920	EEF1AKNMT
ENSG00000104671	3.41	ENSP00000221114	DCTN6
ENSG00000104881	3.41	ENSP00000354218	PPP1R13L
	3.41	ENSP00000259989	FGFBP2
ENSG00000177674	3.41	ENSP00000319713	AGTRAP
ENSG00000116903	3.4	ENSP00000355605	EXOC8
ENSG00000103544	3.4	ENSP00000251143	VPS35L
ENSG00000154222	3.4	ENSP00000360642	CC2D1B
	3.4	ENSP00000324124	POLR2L
ENSG00000151224	3.4	ENSP00000361287	MAT1A
	3.4	ENSP00000259953	NRM
ENSG00000113924	3.4	ENSP00000283871	HGD
ENSG00000144724	3.4	ENSP00000418112	PTPRG
ENSG00000110074	3.39	ENSP00000263578	FOXRED1
ENSG00000166866	3.39	ENSP00000393392	MYO1A
ENSG00000177951	3.39	ENSP00000372210	BET1L
ENSG00000165655	3.38	ENSP00000361602	ZNF503
ENSG00000197548	3.38	ENSP00000346437	ATG7
ENSG00000077235	3.38	ENSP00000348510	GTF3C1
ENSG00000105321	3.38	ENSP00000221922	CCDC9
ENSG00000101473	3.38	ENSP00000217455	ACOT8
ENSG00000138356	3.37	ENSP00000363832	AOX1
ENSG00000119969	3.37	ENSP00000377601	HELLS
ENSG00000172830	3.37	ENSP00000312081	SSH3
ENSG00000163798	3.37	ENSP00000479964	SLC4A1AP
ENSG00000113739	3.36	ENSP00000265087	STC2
ENSG00000124209	3.36	ENSP00000244040	RAB22A
ENSG00000135077	3.36	ENSP00000312002	HAVCR2
ENSG00000139410	3.36	ENSP00000341117	SDSL
ENSG00000284770	3.35	ENSP00000439170	TBCE
ENSG00000164815	3.35	ENSP00000297431	ORC5
	3.35	ENSP00000417434	B4DFI2_HUMAN
ENSG00000107262	3.34	ENSP00000489189	BAG1
ENSG00000156535	3.34	ENSP00000287097	CD109
ENSG00000066084	3.34	ENSP00000301180	DIP2B
ENSG00000198218	3.34	ENSP00000378830	QRICH1
ENSG00000179751	3.34	ENSP00000325564	SYCN
ENSG00000153234	3.33	ENSP00000344479	NR4A2
ENSG00000152465	3.33	ENSP00000367407	NMT2
	3.33	ENSP00000385990	FASTKD2
ENSG00000198573	3.33	ENSP00000351884	SPANXC
ENSG00000196406	3.33	ENSP00000359546	SPANXD
ENSG00000130299	3.33	ENSP00000351644	GTPBP3
ENSG00000144681	3.33	ENSP00000273183	STAC
ENSG00000178691	3.33	ENSP00000316578	SUZ12
ENSG00000105675	3.33	ENSP00000262623	ATP4A
ENSG00000177548	3.32	ENSP00000350934	RABEP2
ENSG00000166170	3.31	ENSP00000338814	BAG5
ENSG00000131446	3.31	ENSP00000332073	MGAT1
	3.31	ENSP00000390331	hCG_1984214
ENSG00000125637	3.31	ENSP00000245796	PSD4
ENSG00000136750	3.31	ENSP00000365437	GAD2
ENSG00000198840	3.31	ENSP00000355206	MT-ND3
ENSG00000107951	3.3	ENSP00000263063	MTPAP
	3.3	ENSP00000480050	SYN2
ENSG00000198841	3.3	ENSP00000360676	KTI12
	3.3	ENSP00000427802	NACA2
ENSG00000113790	3.29	ENSP00000231887	EHHADH
ENSG00000103365	3.29	ENSP00000311962	GGA2
ENSG00000172466	3.29	ENSP00000382015	ZNF24
	3.29	ENSP00000382379	ANKRD28
ENSG00000102401	3.29	ENSP00000340672	ARMCX3
ENSG00000106459	3.29	ENSP00000342351	NRF1
ENSG00000184530	3.28	ENSP00000328069	C6orf58
ENSG00000095787	3.28	ENSP00000346986	WAC
ENSG00000137269	3.27	ENSP00000359925	LRRC1
ENSG00000100580	3.27	ENSP00000216468	TMED8
ENSG00000140829	3.27	ENSP00000268482	DHX38
ENSG00000152661	3.26	ENSP00000282561	GJA1
ENSG00000137831	3.26	ENSP00000314556	UACA
ENSG00000105852	3.26	ENSP00000265627	PON3
ENSG00000187024	3.26	ENSP00000418661	PTRH1
ENSG00000178999	3.26	ENSP00000313950	AURKB
ENSG00000213424	3.26	ENSP00000377616	KRT222
ENSG00000115267	3.26	ENSP00000497271	IFIH1
ENSG00000168434	3.26	ENSP00000305442	COG7
ENSG00000105398	3.26	ENSP00000222002	SULT2A1
ENSG00000227057	3.25	ENSP00000363746	WDR46
ENSG00000111052	3.25	ENSP00000447488	LIN7A
ENSG00000235173	3.25	ENSP00000321320	HGH1
	3.25	ENSP00000424707	TMEM167A
ENSG00000154310	3.25	ENSP00000399511	TNIK
ENSG00000197323	3.24	ENSP00000351250	TRIM33
ENSG00000141741	3.24	ENSP00000462998	MIEN1
ENSG00000135148	3.24	ENSP00000257604	TRAFD1
	3.24	ENSP00000456336	H3BRN7_HUMAN
ENSG00000145041	3.24	ENSP00000393183	DCAF1
ENSG00000163694	3.24	ENSP00000295971	RBM47
ENSG00000196083	3.23	ENSP00000314807	IL1RAP
ENSG00000068912	3.23	ENSP00000185150	ERLEC1
ENSG00000182362	3.23	ENSP00000329614	YBEY
ENSG00000004897	3.22	ENSP00000434614	CDC27
ENSG00000176853	3.22	ENSP00000335082	FAM91A1
ENSG00000213983	3.21	ENSP00000312442	AP1G2
ENSG00000165898	3.21	ENSP00000452007	ISCA2
ENSG00000128218	3.21	ENSP00000248948	VPREB3
ENSG00000108582	3.21	ENSP00000225719	CPD
ENSG00000090060	3.21	ENSP00000216277	PAPOLA
ENSG00000135632	3.21	ENSP00000374152	SMYD5
ENSG00000105388	3.21	ENSP00000221992	CEACAM5
ENSG00000156928	3.21	ENSP00000419370	MALSU1
ENSG00000151465	3.2	ENSP00000281141	CDC123
ENSG00000138030	3.2	ENSP00000260599	KHK
ENSG00000136271	3.2	ENSP00000258772	DDX56
ENSG00000095917	3.2	ENSP00000211076	TPSD1
ENSG00000128578	3.2	ENSP00000249344	STRIP2
ENSG00000117298	3.19	ENSP00000364028	ECE1
ENSG00000163431	3.19	ENSP00000356257	LMOD1
ENSG00000153922	3.19	ENSP00000483667	CHD1
ENSG00000149929	3.19	ENSP00000279392	HIRIP3
ENSG00000111880	3.19	ENSP00000358497	RNGTT
ENSG00000084234	3.19	ENSP00000497691	APLP2
	3.19	ENSP00000357744	SPRR2B
ENSG00000121680	3.19	ENSP00000241041	PEX16
ENSG00000188026	3.18	ENSP00000366070	RILPL1
ENSG00000127554	3.18	ENSP00000248114	GFER
ENSG00000157005	3.18	ENSP00000287641	SST
ENSG00000151092	3.18	ENSP00000280700	NGLY1
ENSG00000139112	3.18	ENSP00000411256	GABARAPL1
ENSG00000244274	3.18	ENSP00000361795	DBNDD2
ENSG00000131899	3.18	ENSP00000321537	LLGL1
ENSG00000172216	3.17	ENSP00000305422	CEBPB
ENSG00000101438	3.17	ENSP00000217420	SLC32A1
ENSG00000181804	3.17	ENSP00000320246	SLC9A9
ENSG00000151576	3.17	ENSP00000420682	QTRT2
ENSG00000129675	3.16	ENSP00000250617	ARHGEF6
ENSG00000085978	3.16	ENSP00000375873	ATG16L1
ENSG00000104626	3.16	ENSP00000250263	ERI1
ENSG00000160741	3.15	ENSP00000357622	CRTC2
ENSG00000133704	3.15	ENSP00000256079	IPO8
	3.14	ENSP00000484056	ZCCHC3
ENSG00000153064	3.14	ENSP00000320509	BANK1
ENSG00000130305	3.14	ENSP00000309126	NSUN5
ENSG00000064102	3.14	ENSP00000261191	INTS13
ENSG00000091009	3.14	ENSP00000265271	RBM27
	3.13	ENSP00000391806	E7ENX8_HUMAN
ENSG00000139579	3.13	ENSP00000369545	NABP2
ENSG00000146281	3.13	ENSP00000275072	PM20D2
ENSG00000143167	3.13	ENSP00000356842	GPA33
ENSG00000175274	3.12	ENSP00000436152	TP53I11
ENSG00000183978	3.12	ENSP00000354762	COA3
ENSG00000148291	3.12	ENSP00000361032	SURF2
ENSG00000100083	3.11	ENSP00000371175	GGA1
ENSG00000075292	3.11	ENSP00000386433	ZNF638
ENSG00000204065	3.11	ENSP00000361765	TCEAL5
	3.1	ENSP00000484105	PRIM2
ENSG00000100003	3.1	ENSP00000478755	SEC14L2
ENSG00000117090	3.1	ENSP00000438406	SLAMF1
ENSG00000230797	3.09	ENSP00000389381	YY2
ENSG00000168878	3.09	ENSP00000499683	SFTPB
ENSG00000152778	3.09	ENSP00000360860	IFIT5
ENSG00000075413	3.09	ENSP00000411397	MARK3
ENSG00000152520	3.08	ENSP00000370345	PAN3
	3.08	ENSP00000396467	MAPKAPK3
ENSG00000036473	3.08	ENSP00000039007	OTC
ENSG00000198183	3.08	ENSP00000346251	BPIFA1
ENSG00000162923	3.08	ENSP00000498603	WDR26
ENSG00000153936	3.07	ENSP00000359581	HS2ST1
ENSG00000110492	3.07	ENSP00000385451	MDK
ENSG00000175575	3.07	ENSP00000438071	PAAF1
ENSG00000198788	3.07	ENSP00000494061	MUC2
ENSG00000130702	3.07	ENSP00000252999	LAMA5
ENSG00000109501	3.06	ENSP00000226760	WFS1
ENSG00000198056	3.06	ENSP00000350491	PRIM1
ENSG00000180921	3.06	ENSP00000373565	FAM83H
ENSG00000073861	3.06	ENSP00000177694	TBX21
ENSG00000184164	3.05	ENSP00000383938	CRELD2
	3.05	ENSP00000389095	CYTH1
	3.05	ENSP00000304376	RAB24
ENSG00000187051	3.04	ENSP00000333948	RPS19BP1
ENSG00000107372	3.04	ENSP00000366161	ZFAND5
ENSG00000134215	3.04	ENSP00000359073	VAV3
ENSG00000153002	3.04	ENSP00000417222	CPB1
	3.04	ENSP00000385312	SLC25A19
ENSG00000181588	3.04	ENSP00000384398	MEX3D
ENSG00000145362	3.03	ENSP00000349588	ANK2
ENSG00000131043	3.03	ENSP00000363043	AAR2
ENSG00000162522	3.03	ENSP00000383851	KIAA1522
ENSG00000137804	3.03	ENSP00000499238	NUSAP1
	3.03	ENSP00000499503	ENSP00000499503
ENSG00000138434	3.03	ENSP00000388731	ITPRID2
	3.03	ENSP00000295702	SSR2
ENSG00000162409	3.03	ENSP00000360290	PRKAA2
ENSG00000168476	3.02	ENSP00000303482	REEP4
ENSG00000130939	3.02	ENSP00000343001	UBE4B
ENSG00000064999	3.02	ENSP00000353518	ANKS1A
ENSG00000123200	3.02	ENSP00000242848	ZC3H13
ENSG00000139697	3.02	ENSP00000473665	SBNO1
ENSG00000136404	3.01	ENSP00000317000	TM6SF1
ENSG00000008311	3.01	ENSP00000403768	AASS
ENSG00000162642	3.01	ENSP00000419417	C1orf52
ENSG00000003509	3.01	ENSP00000002125	NDUFAF7
ENSG00000104884	3.01	ENSP00000375809	ERCC2
	3.0	ENSP00000489642	C3orf85
	3.0	ENSP00000486285	FARP1
	3.0	ENSP00000355629	COG2
ENSG00000101407	3.0	ENSP00000362547	TTI1
ENSG00000166145	3.0	ENSP00000342098	SPINT1
ENSG00000171608	3.0	ENSP00000366563	PIK3CD
ENSG00000183049	3.0	ENSP00000478874	CAMK1D
ENSG00000141644	3.0	ENSP00000468785	MBD1
	3.0	ENSP00000450870	H0YJ60_HUMAN
ENSG00000167962	2.99	ENSP00000455308	ZNF598
ENSG00000115761	2.99	ENSP00000371101	NOL10
ENSG00000185630	2.99	ENSP00000405890	PBX1
ENSG00000134077	2.99	ENSP00000339532	THUMPD3
ENSG00000049759	2.99	ENSP00000383199	NEDD4L
ENSG00000100365	2.99	ENSP00000380334	NCF4
	2.99	ENSP00000355880	MARC2
ENSG00000172500	2.99	ENSP00000344572	FIBP
ENSG00000006747	2.98	ENSP00000297029	SCIN
ENSG00000157538	2.98	ENSP00000311399	VPS26C
ENSG00000164008	2.97	ENSP00000361603	C1orf50
ENSG00000167613	2.97	ENSP00000375622	LAIR1
ENSG00000168273	2.97	ENSP00000417806	SMIM4
ENSG00000151093	2.97	ENSP00000280701	OXSM
ENSG00000147044	2.97	ENSP00000494788	CASK
ENSG00000213079	2.97	ENSP00000413098	SCAF8
ENSG00000185414	2.97	ENSP00000338057	MRPL30
ENSG00000165233	2.97	ENSP00000364613	CARD19
	2.96	ENSP00000315997	LILRB1
ENSG00000166477	2.96	ENSP00000299601	LEO1
ENSG00000099917	2.96	ENSP00000263205	MED15
	2.96	ENSP00000266085	TIMP3
ENSG00000111261	2.96	ENSP00000438205	MANSC1
	2.95	ENSP00000268483	TXNL4B
ENSG00000101311	2.95	ENSP00000217289	FERMT1
ENSG00000171428	2.95	ENSP00000443194	NAT1
ENSG00000142207	2.95	ENSP00000372199	URB1
ENSG00000089693	2.95	ENSP00000203630	MLF2
ENSG00000224531	2.95	ENSP00000451866	SMIM13
ENSG00000107882	2.95	ENSP00000358918	SUFU
ENSG00000064012	2.94	ENSP00000351273	CASP8
ENSG00000061987	2.94	ENSP00000377250	MON2
ENSG00000147127	2.94	ENSP00000363597	RAB41
ENSG00000161036	2.93	ENSP00000292616	LRWD1
ENSG00000106624	2.93	ENSP00000223357	AEBP1
ENSG00000121058	2.93	ENSP00000240316	COIL
ENSG00000126746	2.93	ENSP00000380019	ZNF384
ENSG00000087884	2.93	ENSP00000307254	AAMDC
ENSG00000104112	2.92	ENSP00000220478	SCG3
ENSG00000154767	2.92	ENSP00000285021	XPC
	2.92	ENSP00000357255	BGLAP
ENSG00000131791	2.92	ENSP00000254101	PRKAB2
ENSG00000075539	2.92	ENSP00000351113	FRYL
ENSG00000137074	2.92	ENSP00000369145	APTX
ENSG00000124098	2.92	ENSP00000360437	FAM210B
ENSG00000156675	2.91	ENSP00000331342	RAB11FIP1
ENSG00000170502	2.91	ENSP00000303575	NUDT9
ENSG00000141380	2.91	ENSP00000414516	SS18
	2.91	ENSP00000360858	OLFM1
ENSG00000078018	2.91	ENSP00000353508	MAP2
ENSG00000085760	2.9	ENSP00000263629	MTIF2
ENSG00000104324	2.9	ENSP00000220763	CPQ
ENSG00000141068	2.9	ENSP00000381958	KSR1
ENSG00000127980	2.9	ENSP00000248633	PEX1
ENSG00000168268	2.9	ENSP00000406933	NT5DC2
ENSG00000011426	2.9	ENSP00000265748	ANLN
	2.9	ENSP00000225550	KRT37
	2.9	ENSP00000494957	UBE2T
ENSG00000108349	2.9	ENSP00000264645	CASC3
ENSG00000168569	2.9	ENSP00000303987	TMEM223
ENSG00000141551	2.9	ENSP00000381531	CSNK1D
ENSG00000089818	2.89	ENSP00000491067	NECAP1
ENSG00000141499	2.89	ENSP00000324203	WRAP53
ENSG00000066427	2.89	ENSP00000496695	ATXN3
ENSG00000171806	2.89	ENSP00000307975	METTL18
ENSG00000127526	2.89	ENSP00000470652	SLC35E1
ENSG00000182793	2.88	ENSP00000360028	GSTA5
ENSG00000175354	2.88	ENSP00000311857	PTPN2
ENSG00000152242	2.88	ENSP00000481626	C18orf25
ENSG00000138592	2.88	ENSP00000379721	USP8
ENSG00000100023	2.88	ENSP00000486725	PPIL2
ENSG00000112742	2.88	ENSP00000358813	TTK
ENSG00000174851	2.88	ENSP00000366098	YIF1A
ENSG00000137672	2.88	ENSP00000340913	TRPC6
	2.88	ENSP00000246646	KRT38
ENSG00000169499	2.88	ENSP00000482228	PLEKHA2
ENSG00000125266	2.87	ENSP00000493716	EFNB2
ENSG00000164346	2.87	ENSP00000483484	NSA2
ENSG00000175895	2.87	ENSP00000322373	PLEKHF2
ENSG00000204231	2.86	ENSP00000363817	RXRB
ENSG00000168672	2.86	ENSP00000302578	LRATD2
ENSG00000214518	2.86	ENSP00000381494	KRTAP2-2
ENSG00000078124	2.86	ENSP00000434480	ACER3
	2.86	ENSP00000366557	CRNKL1
ENSG00000141101	2.86	ENSP00000268802	NOB1
ENSG00000163346	2.86	ENSP00000357448	PBXIP1
ENSG00000095485	2.86	ENSP00000326411	CWF19L1
ENSG00000196313	2.86	ENSP00000378687	POM121
ENSG00000110395	2.86	ENSP00000264033	CBL
ENSG00000163104	2.85	ENSP00000351947	SMARCAD1
ENSG00000135341	2.85	ENSP00000358335	MAP3K7
	2.85	ENSP00000429367	FAM92A
ENSG00000171109	2.85	ENSP00000420617	MFN1
ENSG00000106299	2.85	ENSP00000223023	WASL
ENSG00000162458	2.84	ENSP00000416387	FBLIM1
ENSG00000099219	2.84	ENSP00000340427	ERMP1
ENSG00000100605	2.84	ENSP00000267615	ITPK1
ENSG00000124935	2.84	ENSP00000244926	SCGB1D2
ENSG00000198715	2.84	ENSP00000354553	GLMP
ENSG00000205629	2.83	ENSP00000382021	LCMT1
ENSG00000159216	2.83	ENSP00000300305	RUNX1
ENSG00000148795	2.83	ENSP00000358903	CYP17A1
	2.83	ENSP00000376423	SPRR2A
ENSG00000110400	2.83	ENSP00000264025	NECTIN1
	2.83	ENSP00000357740	SPRR2E
	2.83	ENSP00000457718	H3BUN2_HUMAN
ENSG00000135766	2.83	ENSP00000355601	EGLN1
	2.83	ENSP00000324792	NFATC2IP
ENSG00000137411	2.82	ENSP00000441000	VARS2
ENSG00000172175	2.82	ENSP00000497997	MALT1
ENSG00000167261	2.82	ENSP00000458977	DPEP2
ENSG00000137078	2.82	ENSP00000259608	SIT1
ENSG00000184863	2.82	ENSP00000384160	RBM33
ENSG00000161265	2.82	ENSP00000292879	U2AF1L4
	2.81	ENSP00000263655	CNRIP1
ENSG00000204386	2.81	ENSP00000364782	NEU1
ENSG00000168487	2.81	ENSP00000305714	BMP1
ENSG00000118217	2.81	ENSP00000356919	ATF6
ENSG00000167693	2.81	ENSP00000337443	NXN
ENSG00000136709	2.81	ENSP00000325377	WDR33
ENSG00000257923	2.8	ENSP00000353401	CUX1
ENSG00000148344	2.8	ENSP00000342385	PTGES
ENSG00000133997	2.8	ENSP00000481920	MED6
	2.8	ENSP00000244217	MCEE
	2.8	ENSP00000354677	GPX7
ENSG00000070404	2.8	ENSP00000166139	FSTL3
ENSG00000105851	2.8	ENSP00000419260	PIK3CG
ENSG00000185340	2.79	ENSP00000481012	GAS2L1
ENSG00000167130	2.79	ENSP00000361625	DOLPP1
ENSG00000072864	2.79	ENSP00000379643	NDE1
ENSG00000134375	2.79	ENSP00000356256	TIMM17A
ENSG00000181333	2.79	ENSP00000313699	HEPHL1
	2.79	ENSP00000367406	TAF2
ENSG00000087586	2.79	ENSP00000216911	AURKA
ENSG00000125821	2.79	ENSP00000495845	DTD1
	2.79	ENSP00000358501	CD58
ENSG00000014919	2.78	ENSP00000016171	COX15
	2.78	ENSP00000271139	MOB3C
ENSG00000086289	2.78	ENSP00000199448	EPDR1
ENSG00000159753	2.78	ENSP00000334958	CARMIL2
ENSG00000215269	2.77	ENSP00000416249	GAGE12G
ENSG00000236362	2.77	ENSP00000491865	GAGE12F
ENSG00000100311	2.77	ENSP00000330382	PDGFB
ENSG00000103356	2.77	ENSP00000456218	EARS2
ENSG00000164983	2.77	ENSP00000297632	TMEM65
ENSG00000196236	2.77	ENSP00000349658	XPNPEP3
	2.77	ENSP00000334872	MT1F
ENSG00000167720	2.76	ENSP00000339435	SRR
ENSG00000132294	2.76	ENSP00000254624	EFR3A
ENSG00000163161	2.76	ENSP00000285398	ERCC3
ENSG00000121940	2.76	ENSP00000349456	CLCC1
ENSG00000008441	2.76	ENSP00000380781	NFIX
ENSG00000148498	2.76	ENSP00000363921	PARD3
ENSG00000162402	2.75	ENSP00000294383	USP24
ENSG00000171700	2.75	ENSP00000378483	RGS19
ENSG00000164654	2.75	ENSP00000339881	MIOS
ENSG00000266967	2.75	ENSP00000400870	AARSD1
ENSG00000137275	2.75	ENSP00000259808	RIPK1
ENSG00000100294	2.75	ENSP00000290429	MCAT
ENSG00000058729	2.75	ENSP00000283109	RIOK2
ENSG00000148426	2.75	ENSP00000277570	PROSER2
ENSG00000096088	2.74	ENSP00000362116	PGC
	2.74	ENSP00000257867	LACRT
ENSG00000146242	2.74	ENSP00000358765	TPBG
ENSG00000272886	2.74	ENSP00000476386	DCP1A
ENSG00000164830	2.74	ENSP00000405424	OXR1
ENSG00000138629	2.74	ENSP00000457703	UBL7
ENSG00000132466	2.73	ENSP00000351416	ANKRD17
ENSG00000137054	2.73	ENSP00000367029	POLR1E
ENSG00000081181	2.73	ENSP00000261783	ARG2
ENSG00000166949	2.73	ENSP00000332973	SMAD3
ENSG00000130635	2.73	ENSP00000360882	COL5A1
ENSG00000198399	2.73	ENSP00000347244	ITSN2
ENSG00000275113	2.73	ENSP00000478568	GAGE2E
ENSG00000197859	2.72	ENSP00000346478	ADAMTSL2
ENSG00000160685	2.72	ENSP00000406286	ZBTB7B
ENSG00000138614	2.72	ENSP00000498715	INTS14
ENSG00000148572	2.71	ENSP00000277746	NRBF2
	2.71	ENSP00000274793	PLA2G7
ENSG00000105248	2.71	ENSP00000262962	YJU2
ENSG00000165512	2.71	ENSP00000298299	ZNF22
	2.7	ENSP00000263956	GTF3C3
ENSG00000112773	2.7	ENSP00000318298	TENT5A
ENSG00000060558	2.7	ENSP00000262958	GNA15
	2.7	ENSP00000451583	DMAC2L
ENSG00000170004	2.7	ENSP00000369716	CHD3
ENSG00000066455	2.7	ENSP00000163416	GOLGA5
ENSG00000114541	2.69	ENSP00000381549	FRMD4B
	2.69	ENSP00000429065	INTS9
ENSG00000163703	2.69	ENSP00000321856	CRELD1
ENSG00000055917	2.69	ENSP00000338173	PUM2
ENSG00000127804	2.69	ENSP00000263092	METTL16
ENSG00000081721	2.69	ENSP00000356920	DUSP12
ENSG00000090316	2.69	ENSP00000302830	MAEA
	2.69	ENSP00000297347	MED30
ENSG00000173193	2.69	ENSP00000418194	PARP14
ENSG00000126861	2.68	ENSP00000247271	OMG
	2.68	ENSP00000445135	NLRP2
ENSG00000128487	2.68	ENSP00000261503	SPECC1
ENSG00000120029	2.68	ENSP00000359050	ARMH3
ENSG00000108797	2.68	ENSP00000264638	CNTNAP1
ENSG00000131914	2.67	ENSP00000363314	LIN28A
	2.67	ENSP00000219481	DECR2
ENSG00000182541	2.67	ENSP00000339916	LIMK2
ENSG00000100461	2.67	ENSP00000352956	RBM23
ENSG00000141568	2.67	ENSP00000335677	FOXK2
ENSG00000163507	2.66	ENSP00000295746	CIP2A
ENSG00000232629	2.66	ENSP00000396330	HLA-DQB2
ENSG00000099812	2.66	ENSP00000215582	MISP
	2.66	ENSP00000357928	CDC40
ENSG00000173166	2.66	ENSP00000316543	RAPH1
ENSG00000171209	2.66	ENSP00000304822	CSN3
ENSG00000104381	2.66	ENSP00000220822	GDAP1
ENSG00000183513	2.66	ENSP00000330730	COA5
ENSG00000131437	2.66	ENSP00000385808	KIF3A
	2.66	ENSP00000450281	H0YIV9_HUMAN
ENSG00000171953	2.66	ENSP00000417190	ATPAF2
ENSG00000110079	2.66	ENSP00000338648	MS4A4A
ENSG00000178445	2.66	ENSP00000370737	GLDC
	2.65	ENSP00000353742	KRTAP26-1
ENSG00000155876	2.65	ENSP00000369899	RRAGA
ENSG00000120690	2.65	ENSP00000239882	ELF1
ENSG00000130349	2.65	ENSP00000485698	MTRES1
	2.65	ENSP00000365744	PRR3
	2.65	ENSP00000379372	GTF2A2
ENSG00000102226	2.65	ENSP00000218348	USP11
ENSG00000170776	2.64	ENSP00000354718	AKAP13
ENSG00000090487	2.64	ENSP00000204566	SPG21
	2.64	ENSP00000225844	CCL13
ENSG00000170962	2.63	ENSP00000376865	PDGFD
ENSG00000126790	2.63	ENSP00000247194	L3HYPDH
ENSG00000142684	2.63	ENSP00000363384	ZNF593
	2.63	ENSP00000322273	OLFML3
ENSG00000164828	2.63	ENSP00000384015	SUN1
ENSG00000144791	2.63	ENSP00000273317	LIMD1
ENSG00000165525	2.63	ENSP00000298310	NEMF
ENSG00000167644	2.63	ENSP00000301246	C19orf33
ENSG00000105176	2.62	ENSP00000376097	URI1
ENSG00000159086	2.62	ENSP00000328992	PAXBP1
ENSG00000089053	2.62	ENSP00000261819	ANAPC5
ENSG00000272391	2.62	ENSP00000481575	POM121C
ENSG00000183648	2.62	ENSP00000483888	NDUFB1
ENSG00000141994	2.62	ENSP00000311977	DUS3L
ENSG00000205758	2.61	ENSP00000370966	CRYZL1
ENSG00000041802	2.61	ENSP00000265245	LSG1
	2.61	ENSP00000444136	POLR1B
ENSG00000122965	2.61	ENSP00000442053	RBM19
ENSG00000176532	2.61	ENSP00000317836	PRR15
ENSG00000186517	2.6	ENSP00000356992	ARHGAP30
ENSG00000106723	2.6	ENSP00000365019	SPIN1
ENSG00000078053	2.6	ENSP00000348602	AMPH
ENSG00000139531	2.6	ENSP00000377668	SUOX
ENSG00000165868	2.6	ENSP00000489674	HSPA12A
ENSG00000243710	2.6	ENSP00000479773	CFAP57
ENSG00000133316	2.6	ENSP00000432119	WDR74
	2.6	ENSP00000455547	H3BQ06_HUMAN
ENSG00000112818	2.6	ENSP00000230588	MEP1A
ENSG00000163950	2.6	ENSP00000417686	SLBP
ENSG00000067715	2.6	ENSP00000261205	SYT1
ENSG00000179954	2.6	ENSP00000374274	SSC5D
ENSG00000106603	2.6	ENSP00000379218	COA1
ENSG00000141012	2.59	ENSP00000268695	GALNS
ENSG00000012779	2.59	ENSP00000363512	ALOX5
ENSG00000143375	2.59	ENSP00000271636	CGN
ENSG00000198643	2.59	ENSP00000351632	FAM3D
ENSG00000122861	2.59	ENSP00000361850	PLAU
ENSG00000104765	2.59	ENSP00000370003	BNIP3L
	2.59	ENSP00000429084	UBR5
ENSG00000114745	2.59	ENSP00000313869	GORASP1
ENSG00000153046	2.58	ENSP00000380718	CDYL
ENSG00000196199	2.58	ENSP00000355388	MPHOSPH8
ENSG00000204439	2.58	ENSP00000365076	C6orf47
ENSG00000188352	2.58	ENSP00000369599	FOCAD
ENSG00000164054	2.58	ENSP00000296444	SHISA5
ENSG00000101327	2.58	ENSP00000440185	PDYN
ENSG00000090889	2.58	ENSP00000363524	KIF4A
	2.58	ENSP00000312617	NFYC
ENSG00000162882	2.58	ENSP00000294973	HAAO
ENSG00000130165	2.58	ENSP00000465765	ELOF1
	2.58	ENSP00000417185	VWA1
ENSG00000131153	2.57	ENSP00000253462	GINS2
ENSG00000082458	2.57	ENSP00000363480	DLG3
ENSG00000204138	2.57	ENSP00000362942	PHACTR4
ENSG00000117697	2.57	ENSP00000355944	NSL1
ENSG00000196544	2.57	ENSP00000373669	BORCS6
ENSG00000128973	2.57	ENSP00000249806	CLN6
ENSG00000120896	2.57	ENSP00000240123	SORBS3
	2.57	ENSP00000262102	MTUS1
	2.57	ENSP00000251337	GNAT2
ENSG00000090020	2.57	ENSP00000263980	SLC9A1
ENSG00000017797	2.56	ENSP00000372924	RALBP1
ENSG00000170835	2.56	ENSP00000501111	CEL
ENSG00000125503	2.56	ENSP00000263433	PPP1R12C
ENSG00000136933	2.56	ENSP00000362639	RABEPK
ENSG00000013588	2.56	ENSP00000014914	GPRC5A
ENSG00000114098	2.56	ENSP00000419413	ARMC8
ENSG00000076770	2.56	ENSP00000359890	MBNL3
ENSG00000170035	2.56	ENSP00000473623	UBE2E3
ENSG00000160818	2.56	ENSP00000396441	GPATCH4
ENSG00000132821	2.56	ENSP00000362560	VSTM2L
ENSG00000032444	2.55	ENSP00000407509	PNPLA6
ENSG00000140992	2.55	ENSP00000344220	PDPK1
ENSG00000198162	2.55	ENSP00000348959	MAN1A2
ENSG00000171853	2.55	ENSP00000324318	TRAPPC12
ENSG00000105771	2.55	ENSP00000270066	SMG9
ENSG00000180233	2.55	ENSP00000323879	ZNRF2
ENSG00000182973	2.54	ENSP00000399862	CNOT10
ENSG00000174106	2.54	ENSP00000308369	LEMD3
ENSG00000263155	2.54	ENSP00000267853	MYZAP
ENSG00000003756	2.54	ENSP00000343054	RBM5
ENSG00000124659	2.54	ENSP00000361967	TBCC
ENSG00000143093	2.54	ENSP00000358810	STRIP1
ENSG00000212725	2.54	ENSP00000375238	KRTAP2-1
ENSG00000126545	2.53	ENSP00000246891	CSN1S1
ENSG00000057935	2.53	ENSP00000385823	MTA3
	2.53	ENSP00000370208	RABGEF1
	2.53	ENSP00000395294	CD70
ENSG00000277972	2.53	ENSP00000483781	CISD3
	2.53	ENSP00000332723	COLEC10
ENSG00000127191	2.53	ENSP00000247668	TRAF2
ENSG00000120837	2.52	ENSP00000240055	NFYB
ENSG00000178028	2.52	ENSP00000361363	DMAP1
ENSG00000048392	2.52	ENSP00000251810	RRM2B
ENSG00000156113	2.52	ENSP00000286628	KCNMA1
	2.52	ENSP00000313504	PHKB
ENSG00000125246	2.52	ENSP00000365533	CLYBL
ENSG00000105879	2.52	ENSP00000401277	CBLL1
ENSG00000164176	2.52	ENSP00000296591	EDIL3
ENSG00000164934	2.52	ENSP00000297579	DCAF13
ENSG00000085224	2.52	ENSP00000362441	ATRX
ENSG00000058804	2.52	ENSP00000360483	NDC1
ENSG00000143751	2.52	ENSP00000272091	SDE2
ENSG00000131351	2.51	ENSP00000253669	HAUS8
ENSG00000137807	2.51	ENSP00000260363	KIF23
ENSG00000167515	2.51	ENSP00000457728	TRAPPC2L
ENSG00000269466	2.51	ENSP00000496014	H3Y1
ENSG00000106436	2.5	ENSP00000223167	MYL10
ENSG00000142039	2.5	ENSP00000269967	CCDC97
ENSG00000205726	2.5	ENSP00000370719	ITSN1
	2.5	ENSP00000483640	MYH7B
ENSG00000132330	2.5	ENSP00000499199	SCLY
ENSG00000064787	2.5	ENSP00000379290	BCAS1
ENSG00000132613	2.5	ENSP00000341171	MTSS2
ENSG00000099864	2.5	ENSP00000341911	PALM
ENSG00000160058	2.49	ENSP00000344816	BSDC1
ENSG00000130177	2.49	ENSP00000348554	CDC16
ENSG00000113504	2.49	ENSP00000264930	SLC12A7
ENSG00000166997	2.49	ENSP00000262932	CNPY4
ENSG00000212724	2.49	ENSP00000375237	KRTAP2-3
ENSG00000213417	2.49	ENSP00000377583	KRTAP2-4
ENSG00000092203	2.49	ENSP00000477868	TOX4
ENSG00000159461	2.49	ENSP00000290649	AMFR
ENSG00000170385	2.48	ENSP00000355968	SLC30A1
ENSG00000109445	2.48	ENSP00000262990	ZNF330
	2.48	ENSP00000314193	WDR75
ENSG00000106266	2.48	ENSP00000222990	SNX8
ENSG00000059691	2.48	ENSP00000263985	GATB
ENSG00000179331	2.48	ENSP00000322594	RAB39A
ENSG00000092098	2.48	ENSP00000315112	RNF31
ENSG00000144554	2.47	ENSP00000287647	FANCD2
ENSG00000052126	2.47	ENSP00000404296	PLEKHA5
ENSG00000152137	2.47	ENSP00000281938	HSPB8
ENSG00000147202	2.46	ENSP00000321348	DIAPH2
ENSG00000130703	2.46	ENSP00000316649	OSBPL2
ENSG00000100258	2.46	ENSP00000424381	LMF2
ENSG00000188603	2.46	ENSP00000454229	CLN3
ENSG00000172296	2.46	ENSP00000381968	SPTLC3
ENSG00000130731	2.46	ENSP00000440765	METTL26
ENSG00000198301	2.46	ENSP00000348596	SDAD1
ENSG00000079150	2.45	ENSP00000413152	FKBP7
ENSG00000042286	2.45	ENSP00000478931	AIFM2
ENSG00000135441	2.45	ENSP00000447537	BLOC1S1
ENSG00000141570	2.45	ENSP00000269385	CBX8
ENSG00000134247	2.45	ENSP00000376899	PTGFRN
ENSG00000113580	2.44	ENSP00000231509	NR3C1
ENSG00000163516	2.44	ENSP00000321617	ANKZF1
	2.44	ENSP00000221561	TLE5
ENSG00000163481	2.44	ENSP00000295704	RNF25
ENSG00000116237	2.44	ENSP00000343552	ICMT
ENSG00000135776	2.44	ENSP00000355637	ABCB10
ENSG00000078142	2.44	ENSP00000262039	PIK3C3
ENSG00000124490	2.44	ENSP00000484609	CRISP2
ENSG00000132205	2.44	ENSP00000254528	EMILIN2
ENSG00000162576	2.43	ENSP00000399229	MXRA8
ENSG00000145781	2.43	ENSP00000274458	COMMD10
ENSG00000132478	2.43	ENSP00000464893	UNK
ENSG00000147862	2.43	ENSP00000370340	NFIB
ENSG00000117595	2.43	ENSP00000355988	IRF6
ENSG00000145945	2.43	ENSP00000369627	FAM50B
ENSG00000073169	2.42	ENSP00000370288	SELENOO
ENSG00000116017	2.42	ENSP00000263620	ARID3A
ENSG00000079112	2.42	ENSP00000027335	CDH17
	2.42	ENSP00000307833	FBXO22
ENSG00000069509	2.42	ENSP00000367284	FUNDC1
ENSG00000167653	2.42	ENSP00000301258	PSCA
ENSG00000185973	2.42	ENSP00000335261	TMLHE
ENSG00000129315	2.42	ENSP00000261900	CCNT1
ENSG00000068878	2.42	ENSP00000384211	PSME4
ENSG00000136280	2.42	ENSP00000370503	CCM2
ENSG00000154639	2.41	ENSP00000284878	CXADR
ENSG00000188191	2.41	ENSP00000385749	PRKAR1B
	2.41	ENSP00000489180	ERVK3-1
ENSG00000167186	2.41	ENSP00000322316	COQ7
ENSG00000139083	2.41	ENSP00000379658	ETV6
ENSG00000154734	2.41	ENSP00000284984	ADAMTS1
	2.41	ENSP00000262450	CHD5
ENSG00000167645	2.41	ENSP00000343435	YIF1B
ENSG00000168528	2.4	ENSP00000362814	SERINC2
ENSG00000162065	2.4	ENSP00000494678	TBC1D24
ENSG00000119801	2.4	ENSP00000368835	YPEL5
ENSG00000156831	2.4	ENSP00000287437	NSMCE2
ENSG00000156471	2.4	ENSP00000430548	PTDSS1
ENSG00000132906	2.4	ENSP00000330237	CASP9
ENSG00000123104	2.4	ENSP00000370744	ITPR2
ENSG00000164172	2.4	ENSP00000380157	MOCS2
ENSG00000145287	2.4	ENSP00000399700	PLAC8
ENSG00000016490	2.4	ENSP00000234701	CLCA1
ENSG00000118096	2.4	ENSP00000264020	IFT46
ENSG00000116688	2.4	ENSP00000416338	MFN2
ENSG00000238269	2.4	ENSP00000364110	PAGE2B
	2.39	ENSP00000351742	TFEB
ENSG00000151491	2.39	ENSP00000494689	EPS8
ENSG00000101189	2.39	ENSP00000359518	MRGBP
ENSG00000197430	2.39	ENSP00000360214	OPALIN
	2.38	ENSP00000375475	KRTAP12-1
ENSG00000197892	2.38	ENSP00000427900	KIF13B
	2.38	ENSP00000261637	UTP20
ENSG00000152082	2.38	ENSP00000386419	MZT2B
ENSG00000184708	2.37	ENSP00000380659	EIF4ENIF1
ENSG00000135931	2.37	ENSP00000484804	ARMC9
ENSG00000140400	2.37	ENSP00000457788	MAN2C1
ENSG00000150054	2.37	ENSP00000337907	MPP7
ENSG00000171861	2.37	ENSP00000306080	MRM3
	2.37	ENSP00000364847	MAGED1
ENSG00000143850	2.37	ENSP00000272203	PLEKHA6
ENSG00000103671	2.37	ENSP00000261884	TRIP4
ENSG00000104327	2.37	ENSP00000265431	CALB1
ENSG00000134757	2.37	ENSP00000257189	DSG3
ENSG00000198917	2.37	ENSP00000354812	SPOUT1
ENSG00000141503	2.36	ENSP00000347427	MINK1
ENSG00000145901	2.36	ENSP00000317891	TNIP1
ENSG00000205777	2.36	ENSP00000484668	GAGE1
ENSG00000183155	2.36	ENSP00000356231	RABIF
	2.36	ENSP00000380251	NUDT19
ENSG00000123836	2.36	ENSP00000356047	PFKFB2
ENSG00000152904	2.36	ENSP00000282841	GGPS1
ENSG00000130988	2.36	ENSP00000380365	RGN
ENSG00000180190	2.36	ENSP00000430325	TDRP
ENSG00000165028	2.36	ENSP00000363894	NIPSNAP3B
ENSG00000104915	2.36	ENSP00000466298	STX10
ENSG00000197822	2.36	ENSP00000347379	OCLN
ENSG00000161956	2.35	ENSP00000314029	SENP3
ENSG00000196455	2.35	ENSP00000349205	PIK3R4
	2.35	ENSP00000412457	F6UB75_HUMAN
ENSG00000160193	2.35	ENSP00000381266	WDR4
ENSG00000100014	2.35	ENSP00000325785	SPECC1L
ENSG00000130508	2.35	ENSP00000252804	PXDN
ENSG00000137203	2.35	ENSP00000501092	TFAP2A
ENSG00000111364	2.35	ENSP00000238146	DDX55
ENSG00000112763	2.35	ENSP00000312158	BTN2A1
ENSG00000137656	2.35	ENSP00000260210	BUD13
ENSG00000143748	2.35	ENSP00000281701	NVL
ENSG00000159224	2.35	ENSP00000350005	GIP
ENSG00000182287	2.34	ENSP00000500695	AP1S2
ENSG00000132855	2.34	ENSP00000360170	ANGPTL3
ENSG00000178538	2.34	ENSP00000314407	CA8
ENSG00000146247	2.34	ENSP00000275034	PHIP
ENSG00000186260	2.34	ENSP00000459626	MRTFB
ENSG00000114993	2.34	ENSP00000272430	RTKN
ENSG00000144036	2.34	ENSP00000489442	EXOC6B
ENSG00000112893	2.33	ENSP00000261483	MAN2A1
ENSG00000117419	2.33	ENSP00000361331	ERI3
ENSG00000063601	2.33	ENSP00000414178	MTMR1
ENSG00000143398	2.33	ENSP00000357883	PIP5K1A
	2.33	ENSP00000364700	OMD
ENSG00000132819	2.33	ENSP00000348538	RBM38
	2.32	ENSP00000255764	MED10
ENSG00000187800	2.32	ENSP00000344465	PEAR1
ENSG00000198843	2.32	ENSP00000418910	SELENOT
ENSG00000176915	2.32	ENSP00000350686	ANKLE2
ENSG00000168724	2.32	ENSP00000371451	DNAJC21
	2.32	ENSP00000286523	ELMSAN1
ENSG00000148290	2.32	ENSP00000361042	SURF1
ENSG00000160323	2.32	ENSP00000360997	ADAMTS13
	2.32	ENSP00000383219	KRTAP10-6
ENSG00000145391	2.32	ENSP00000274031	SETD7
ENSG00000129514	2.32	ENSP00000250448	FOXA1
	2.31	ENSP00000394331	COMMD5
ENSG00000153207	2.31	ENSP00000355465	AHCTF1
ENSG00000105928	2.31	ENSP00000339587	GSDME
ENSG00000142892	2.31	ENSP00000359848	PIGK
	2.31	ENSP00000251157	DOCK7
ENSG00000171703	2.31	ENSP00000343515	TCEA2
ENSG00000165887	2.31	ENSP00000306163	ANKRD2
	2.31	ENSP00000366934	NOL9
ENSG00000146282	2.31	ENSP00000358549	RARS2
ENSG00000167257	2.3	ENSP00000300650	RNF214
ENSG00000134690	2.3	ENSP00000362146	CDCA8
ENSG00000156599	2.3	ENSP00000287169	ZDHHC5
ENSG00000102699	2.3	ENSP00000371419	PARP4
ENSG00000160223	2.3	ENSP00000339477	ICOSLG
ENSG00000183023	2.3	ENSP00000384763	SLC8A1
ENSG00000224659	2.3	ENSP00000409832	GAGE12J
ENSG00000213380	2.29	ENSP00000497669	COG8
ENSG00000164120	2.29	ENSP00000296522	HPGD
ENSG00000119723	2.29	ENSP00000333946	COQ6
ENSG00000173641	2.29	ENSP00000364870	HSPB7
ENSG00000182836	2.29	ENSP00000367032	PLCXD3
	2.29	ENSP00000278980	COMMD7
ENSG00000124406	2.29	ENSP00000371084	ATP8A1
ENSG00000050820	2.29	ENSP00000391669	BCAR1
ENSG00000163946	2.29	ENSP00000347845	TASOR
	2.29	ENSP00000354001	KRTAP12-2
ENSG00000028116	2.29	ENSP00000408002	VRK2
ENSG00000155629	2.29	ENSP00000339826	PIK3AP1
	2.29	ENSP00000261593	RNF138
ENSG00000058063	2.29	ENSP00000321195	ATP11B
ENSG00000036054	2.28	ENSP00000377700	TBC1D23
ENSG00000166922	2.28	ENSP00000300175	SCG5
ENSG00000100884	2.28	ENSP00000440077	CPNE6
ENSG00000145649	2.27	ENSP00000274306	GZMA
ENSG00000168071	2.27	ENSP00000349238	CCDC88B
ENSG00000148840	2.27	ENSP00000278070	PPRC1
ENSG00000148356	2.27	ENSP00000322937	LRSAM1
ENSG00000157895	2.27	ENSP00000442224	C12orf43
ENSG00000134030	2.27	ENSP00000372459	CTIF
ENSG00000108691	2.27	ENSP00000225831	CCL2
ENSG00000130164	2.27	ENSP00000454071	LDLR
ENSG00000076382	2.26	ENSP00000323300	SPAG5
ENSG00000112159	2.26	ENSP00000358400	MDN1
ENSG00000154654	2.26	ENSP00000383392	NCAM2
	2.26	ENSP00000473233	M0R3H8_HUMAN
ENSG00000157181	2.26	ENSP00000287859	ODR4
ENSG00000183624	2.26	ENSP00000372955	HMCES
ENSG00000105705	2.26	ENSP00000247001	SUGP1
ENSG00000125352	2.26	ENSP00000360497	RNF113A
ENSG00000099365	2.26	ENSP00000215095	STX1B
ENSG00000171720	2.26	ENSP00000302967	HDAC3
ENSG00000111731	2.25	ENSP00000443204	C2CD5
ENSG00000156256	2.25	ENSP00000334808	USP16
ENSG00000183617	2.25	ENSP00000331849	MRPL54
ENSG00000123700	2.25	ENSP00000243457	KCNJ2
ENSG00000182901	2.25	ENSP00000355523	RGS7
ENSG00000198586	2.25	ENSP00000411099	TLK1
ENSG00000254415	2.25	ENSP00000354090	SIGLEC14
ENSG00000101882	2.25	ENSP00000360464	NKAP
ENSG00000163564	2.25	ENSP00000357122	PYHIN1
	2.24	ENSP00000363255	RGS3
ENSG00000102230	2.24	ENSP00000368439	PCYT1B
ENSG00000156958	2.24	ENSP00000453129	GALK2
	2.24	ENSP00000357047	MED23
ENSG00000179918	2.24	ENSP00000418669	SEPHS2
ENSG00000188130	2.24	ENSP00000215659	MAPK12
ENSG00000183696	2.23	ENSP00000330032	UPP1
ENSG00000075336	2.23	ENSP00000169551	TIMM21
ENSG00000117614	2.23	ENSP00000236273	SYF2
ENSG00000266094	2.23	ENSP00000462099	RASSF5
ENSG00000058866	2.23	ENSP00000265022	DGKG
ENSG00000186575	2.23	ENSP00000344666	NF2
	2.23	ENSP00000375618	LILRA2
ENSG00000148450	2.22	ENSP00000365693	MSRB2
	2.22	ENSP00000348769	ARIH2
ENSG00000090565	2.22	ENSP00000262305	RAB11FIP3
ENSG00000047579	2.22	ENSP00000341680	DTNBP1
ENSG00000165661	2.22	ENSP00000351536	QSOX2
ENSG00000134769	2.22	ENSP00000470152	DTNA
	2.22	ENSP00000335024	SERPINA11
ENSG00000174827	2.22	ENSP00000342143	PDZK1
ENSG00000025039	2.21	ENSP00000358423	RRAGD
ENSG00000188921	2.21	ENSP00000419503	HACD4
ENSG00000167656	2.21	ENSP00000301263	LY6D
	2.21	ENSP00000485129	LOC102723996
ENSG00000137770	2.21	ENSP00000260327	CTDSPL2
ENSG00000106477	2.21	ENSP00000223208	CEP41
ENSG00000067141	2.21	ENSP00000341198	NEO1
ENSG00000243207	2.21	ENSP00000377385	PPAN-P2RY11
ENSG00000250479	2.2	ENSP00000384973	CHCHD10
ENSG00000167670	2.2	ENSP00000301280	CHAF1A
	2.2	ENSP00000266529	ZCRB1
ENSG00000033011	2.19	ENSP00000262374	ALG1
ENSG00000215440	2.19	ENSP00000348395	NPEPL1
ENSG00000133083	2.19	ENSP00000353846	DCLK1
ENSG00000138709	2.19	ENSP00000321997	LARP1B
ENSG00000115942	2.19	ENSP00000234296	ORC2
	2.19	ENSP00000401076	BARGIN
ENSG00000163558	2.19	ENSP00000295797	PRKCI
ENSG00000153044	2.19	ENSP00000283006	CENPH
ENSG00000140577	2.18	ENSP00000268184	CRTC3
ENSG00000115504	2.18	ENSP00000263991	EHBP1
ENSG00000170142	2.18	ENSP00000303709	UBE2E1
	2.18	ENSP00000265990	BTAF1
ENSG00000137040	2.18	ENSP00000259569	RANBP6
ENSG00000011105	2.18	ENSP00000011898	TSPAN9
ENSG00000162851	2.18	ENSP00000355471	TFB2M
ENSG00000162694	2.18	ENSP00000359131	EXTL2
ENSG00000196498	2.17	ENSP00000384018	NCOR2
	2.17	ENSP00000363411	GNG10
ENSG00000198604	2.17	ENSP00000371859	BAZ1A
ENSG00000104894	2.17	ENSP00000325708	CD37
ENSG00000051128	2.17	ENSP00000439937	HOMER3
ENSG00000111276	2.17	ENSP00000228872	CDKN1B
ENSG00000157107	2.17	ENSP00000393776	FCHO2
ENSG00000143390	2.17	ENSP00000290524	RFX5
ENSG00000178719	2.17	ENSP00000314380	GRINA
ENSG00000106009	2.16	ENSP00000339637	BRAT1
ENSG00000120159	2.16	ENSP00000369431	CAAP1
ENSG00000204922	2.16	ENSP00000432692	UQCC3
ENSG00000120549	2.16	ENSP00000365637	KIAA1217
ENSG00000187764	2.16	ENSP00000416523	SEMA4D
ENSG00000006715	2.16	ENSP00000309457	VPS41
ENSG00000101246	2.16	ENSP00000483486	ARFRP1
ENSG00000198160	2.15	ENSP00000383820	MIER1
ENSG00000169891	2.15	ENSP00000349824	REPS2
ENSG00000122733	2.15	ENSP00000242315	PHF24
ENSG00000147883	2.15	ENSP00000276925	CDKN2B
ENSG00000101307	2.15	ENSP00000371018	SIRPB1
ENSG00000136451	2.15	ENSP00000462337	VEZF1
ENSG00000167601	2.15	ENSP00000301178	AXL
ENSG00000180644	2.15	ENSP00000398568	PRF1
ENSG00000117597	2.15	ENSP00000419005	UTP25
ENSG00000205436	2.15	ENSP00000369409	EXOC3L4
ENSG00000085871	2.14	ENSP00000482639	MGST2
ENSG00000234068	2.14	ENSP00000364107	PAGE2
ENSG00000177370	2.14	ENSP00000320236	TIMM22
ENSG00000174807	2.14	ENSP00000308117	CD248
ENSG00000149503	2.14	ENSP00000378295	INCENP
ENSG00000158987	2.14	ENSP00000296859	RAPGEF6
	2.14	ENSP00000361705	DNTTIP1
ENSG00000131778	2.14	ENSP00000358262	CHD1L
ENSG00000172594	2.14	ENSP00000357425	SMPDL3A
	2.13	ENSP00000355877	MARC1
ENSG00000196526	2.13	ENSP00000410689	AFAP1
ENSG00000213930	2.13	ENSP00000368119	GALT
ENSG00000121316	2.13	ENSP00000240617	PLBD1
ENSG00000091436	2.13	ENSP00000364361	MAP3K20
ENSG00000179134	2.13	ENSP00000317224	SAMD4B
ENSG00000107745	2.13	ENSP00000493232	MICU1
	2.13	ENSP00000301738	KCTD5
ENSG00000104870	2.13	ENSP00000410798	FCGRT
ENSG00000175806	2.13	ENSP00000313921	MSRA
ENSG00000148153	2.13	ENSP00000363360	INIP
ENSG00000197321	2.13	ENSP00000348128	SVIL
ENSG00000107130	2.12	ENSP00000361475	NCS1
ENSG00000164944	2.12	ENSP00000297591	VIRMA
ENSG00000134825	2.12	ENSP00000443216	TMEM258
ENSG00000160746	2.12	ENSP00000292246	ANO10
ENSG00000144674	2.12	ENSP00000349305	GOLGA4
	2.12	ENSP00000219439	HSDL1
	2.12	ENSP00000356814	DCAF6
ENSG00000237190	2.12	ENSP00000394183	CDKN2AIPNL
ENSG00000111450	2.12	ENSP00000376178	STX2
ENSG00000134480	2.12	ENSP00000498750	CCNH
	2.12	ENSP00000259895	GTF2H4
ENSG00000105639	2.11	ENSP00000432511	JAK3
ENSG00000149636	2.11	ENSP00000389810	DSN1
ENSG00000139546	2.11	ENSP00000266987	TARBP2
ENSG00000197646	2.11	ENSP00000380855	PDCD1LG2
ENSG00000118579	2.11	ENSP00000237380	MED28
ENSG00000178814	2.11	ENSP00000480476	OPLAH
ENSG00000112592	2.1	ENSP00000230354	TBP
ENSG00000090266	2.1	ENSP00000419087	NDUFB2
ENSG00000172465	2.1	ENSP00000361708	TCEAL1
ENSG00000136159	2.1	ENSP00000258662	NUDT15
ENSG00000019144	2.1	ENSP00000354498	PHLDB1
ENSG00000088992	2.09	ENSP00000334785	TESC
ENSG00000167447	2.09	ENSP00000438748	SMG8
	2.09	ENSP00000347635	KRTAP13-1
ENSG00000204370	2.09	ENSP00000364699	SDHD
ENSG00000144535	2.09	ENSP00000315569	DIS3L2
ENSG00000132535	2.09	ENSP00000497806	DLG4
ENSG00000131773	2.09	ENSP00000348108	KHDRBS3
	2.09	ENSP00000359579	HS2ST1-2
ENSG00000187479	2.08	ENSP00000479976	C11orf96
ENSG00000171681	2.08	ENSP00000440440	ATF7IP
ENSG00000265590	2.08	ENSP00000501088	CFAP298-TCP10L
ENSG00000026103	2.08	ENSP00000498466	FAS
ENSG00000156711	2.08	ENSP00000211287	MAPK13
ENSG00000076513	2.08	ENSP00000261739	ANKRD13A
ENSG00000075426	2.08	ENSP00000264716	FOSL2
ENSG00000197641	2.08	ENSP00000269489	SERPINB13
	2.07	ENSP00000482107	LOC102724159
ENSG00000165417	2.07	ENSP00000452454	GTF2A1
ENSG00000153132	2.07	ENSP00000392782	CLGN
ENSG00000164190	2.07	ENSP00000282516	NIPBL
ENSG00000093072	2.07	ENSP00000382731	ADA2
ENSG00000011451	2.07	ENSP00000469534	WIZ
ENSG00000171475	2.07	ENSP00000320924	WIPF2
ENSG00000172724	2.07	ENSP00000308815	CCL19
ENSG00000149124	2.07	ENSP00000340200	GLYAT
ENSG00000182247	2.06	ENSP00000379931	UBE2E2
ENSG00000164308	2.06	ENSP00000400376	ERAP2
ENSG00000186141	2.06	ENSP00000334564	POLR3C
ENSG00000111707	2.05	ENSP00000443988	SUDS3
ENSG00000241878	2.05	ENSP00000391739	PISD
ENSG00000011600	2.05	ENSP00000262629	TYROBP
ENSG00000120910	2.05	ENSP00000380878	PPP3CC
ENSG00000107537	2.05	ENSP00000263038	PHYH
	2.05	ENSP00000274695	CDKAL1
ENSG00000105793	2.05	ENSP00000222511	GTPBP10
ENSG00000178096	2.05	ENSP00000358149	BOLA1
ENSG00000065882	2.05	ENSP00000261439	TBC1D1
ENSG00000122068	2.05	ENSP00000241502	FYTTD1
	2.04	ENSP00000247843	YEATS4
ENSG00000145725	2.04	ENSP00000486357	PPIP5K2
ENSG00000104142	2.04	ENSP00000220509	VPS18
ENSG00000138078	2.04	ENSP00000386543	PREPL
ENSG00000051523	2.04	ENSP00000261623	CYBA
ENSG00000196368	2.04	ENSP00000365160	NUDT11
ENSG00000136770	2.03	ENSP00000366179	DNAJC1
ENSG00000213676	2.03	ENSP00000364349	ATF6B
ENSG00000166685	2.03	ENSP00000299886	COG1
ENSG00000162695	2.03	ENSP00000350278	SLC30A7
ENSG00000145375	2.03	ENSP00000274008	SPATA5
ENSG00000124198	2.02	ENSP00000360985	ARFGEF2
ENSG00000178776	2.02	ENSP00000315370	C5orf46
ENSG00000136146	2.02	ENSP00000258648	MED4
	2.02	ENSP00000423325	ENSP00000423325
ENSG00000280789	2.02	ENSP00000326519	PAGR1
ENSG00000182134	2.02	ENSP00000357812	TDRKH
ENSG00000131018	2.02	ENSP00000356224	SYNE1
ENSG00000156269	2.02	ENSP00000286794	NAA11
ENSG00000173442	2.02	ENSP00000312671	EHBP1L1
ENSG00000151779	2.02	ENSP00000281513	NBAS
ENSG00000166275	2.01	ENSP00000342331	BORCS7
ENSG00000138162	2.01	ENSP00000358001	TACC2
ENSG00000008517	2.01	ENSP00000431775	IL32
ENSG00000169189	2.01	ENSP00000355077	NSMCE1
ENSG00000130202	2.01	ENSP00000252483	NECTIN2
ENSG00000125686	2.01	ENSP00000300651	MED1
	2.0	ENSP00000467537	PTPRS
ENSG00000119616	2.0	ENSP00000344393	FCF1
ENSG00000123395	2.0	ENSP00000338990	ATG101
ENSG00000254093	2.0	ENSP00000318966	PINX1
	2.0	ENSP00000476091	U3KQP1_HUMAN
ENSG00000168993	2.0	ENSP00000305613	CPLX1
ENSG00000152422	2.0	ENSP00000421491	XRCC4
ENSG00000107611	2.0	ENSP00000367064	CUBN
ENSG00000273841	2.0	ENSP00000370193	TAF9
ENSG00000122824	2.0	ENSP00000365174	NUDT10
ENSG00000169857	1.99	ENSP00000306822	AVEN
	1.99	ENSP00000231004	LOX
ENSG00000075673	1.99	ENSP00000218548	ATP12A
ENSG00000155304	1.99	ENSP00000285667	HSPA13
ENSG00000132702	1.99	ENSP00000255039	HAPLN2
ENSG00000204397	1.99	ENSP00000364858	CARD16
ENSG00000087502	1.99	ENSP00000353270	ERGIC2
ENSG00000108984	1.99	ENSP00000468348	MAP2K6
ENSG00000004534	1.99	ENSP00000266022	RBM6
	1.99	ENSP00000357906	TNFAIP8L2
ENSG00000034693	1.99	ENSP00000356563	PEX3
	1.99	ENSP00000403701	ARRB2
ENSG00000136213	1.99	ENSP00000481912	CHST12
ENSG00000163808	1.99	ENSP00000324020	KIF15
ENSG00000172638	1.99	ENSP00000309953	EFEMP2
ENSG00000171724	1.98	ENSP00000303129	VAT1L
ENSG00000079616	1.98	ENSP00000160827	KIF22
ENSG00000164951	1.98	ENSP00000379503	PDP1
ENSG00000242498	1.98	ENSP00000350075	ARPIN
ENSG00000167703	1.98	ENSP00000461382	SLC43A2
ENSG00000167371	1.98	ENSP00000456226	PRRT2
ENSG00000144747	1.98	ENSP00000494067	TMF1
ENSG00000146918	1.98	ENSP00000387007	NCAPG2
ENSG00000132424	1.97	ENSP00000496842	PNISR
	1.97	ENSP00000487717	ENSP00000487717
ENSG00000138615	1.97	ENSP00000261883	CILP
ENSG00000018699	1.97	ENSP00000313953	TTC27
ENSG00000117133	1.97	ENSP00000359688	RPF1
ENSG00000167642	1.96	ENSP00000301244	SPINT2
ENSG00000284194	1.96	ENSP00000444433	SCO2
ENSG00000185344	1.96	ENSP00000332247	ATP6V0A2
ENSG00000198873	1.96	ENSP00000376609	GRK5
ENSG00000166889	1.96	ENSP00000300146	PATL1
ENSG00000110583	1.96	ENSP00000367024	NAA40
ENSG00000129911	1.96	ENSP00000250916	KLF16
	1.96	ENSP00000365536	A6NM71_HUMAN
	1.96	ENSP00000263125	PRKCQ
	1.96	ENSP00000080059	HDAC7
ENSG00000163661	1.96	ENSP00000295927	PTX3
	1.95	ENSP00000262815	MAU2
ENSG00000102967	1.95	ENSP00000219240	DHODH
ENSG00000155906	1.95	ENSP00000412708	RMND1
ENSG00000142347	1.95	ENSP00000494550	MYO1F
ENSG00000154845	1.95	ENSP00000383402	PPP4R1
ENSG00000182752	1.95	ENSP00000330658	PAPPA
ENSG00000137221	1.94	ENSP00000361522	TJAP1
ENSG00000170088	1.94	ENSP00000305069	TMEM192
ENSG00000171148	1.94	ENSP00000307684	TADA3
ENSG00000213341	1.94	ENSP00000359424	CHUK
ENSG00000105443	1.94	ENSP00000493357	CYTH2
	1.94	ENSP00000447650	F8W036_HUMAN
ENSG00000145730	1.94	ENSP00000306100	PAM
ENSG00000198814	1.94	ENSP00000401720	GK
ENSG00000086730	1.93	ENSP00000381492	LAT2
ENSG00000198860	1.93	ENSP00000355299	TSEN15
ENSG00000138744	1.93	ENSP00000286733	NAAA
ENSG00000181915	1.93	ENSP00000362888	ADO
ENSG00000163877	1.93	ENSP00000296215	SNIP1
ENSG00000169682	1.93	ENSP00000309945	SPNS1
ENSG00000173614	1.93	ENSP00000366410	NMNAT1
ENSG00000101868	1.92	ENSP00000368358	POLA1
	1.92	ENSP00000442068	CDCA3
ENSG00000009790	1.92	ENSP00000355991	TRAF3IP3
ENSG00000213923	1.92	ENSP00000380044	CSNK1E
ENSG00000283900	1.92	ENSP00000383067	TPTEP2-CSNK1E
ENSG00000185418	1.92	ENSP00000338093	TARS3
ENSG00000004766	1.92	ENSP00000307666	VPS50
ENSG00000169609	1.92	ENSP00000403987	C15orf40
ENSG00000165322	1.92	ENSP00000345808	ARHGAP12
ENSG00000143622	1.92	ENSP00000357305	RIT1
ENSG00000173272	1.92	ENSP00000311500	MZT2A
ENSG00000136371	1.91	ENSP00000258874	MTHFS
ENSG00000134686	1.91	ENSP00000257118	PHC2
ENSG00000082781	1.91	ENSP00000296181	ITGB5
ENSG00000101333	1.91	ENSP00000367762	PLCB4
	1.91	ENSP00000363557	MYOM3
ENSG00000105792	1.91	ENSP00000373948	CFAP69
ENSG00000141198	1.91	ENSP00000460823	TOM1L1
ENSG00000089723	1.91	ENSP00000203664	OTUB2
ENSG00000115648	1.91	ENSP00000264605	MLPH
ENSG00000172673	1.91	ENSP00000487358	THEMIS
ENSG00000204219	1.91	ENSP00000406293	TCEA3
ENSG00000005436	1.91	ENSP00000318690	GCFC2
	1.9	ENSP00000434513	EML3
ENSG00000178718	1.9	ENSP00000317691	RPP25
ENSG00000115947	1.9	ENSP00000441953	ORC4
ENSG00000117594	1.9	ENSP00000355995	HSD11B1
ENSG00000127054	1.89	ENSP00000445001	INTS11
ENSG00000180667	1.89	ENSP00000326813	YOD1
ENSG00000108639	1.89	ENSP00000467600	SYNGR2
ENSG00000147130	1.89	ENSP00000322845	ZMYM3
ENSG00000158773	1.89	ENSP00000357000	USF1
ENSG00000173889	1.89	ENSP00000420294	PHC3
ENSG00000124787	1.89	ENSP00000369391	RPP40
ENSG00000106443	1.89	ENSP00000385795	PHF14
ENSG00000163029	1.89	ENSP00000404092	SMC6
ENSG00000104537	1.88	ENSP00000262219	ANXA13
ENSG00000125848	1.88	ENSP00000339912	FLRT3
ENSG00000166260	1.88	ENSP00000299335	COX11
ENSG00000103064	1.88	ENSP00000455064	SLC7A6
ENSG00000166557	1.87	ENSP00000299705	TMED3
ENSG00000131808	1.87	ENSP00000416606	FSHB
ENSG00000160877	1.87	ENSP00000292431	NACC1
	1.87	ENSP00000264039	GPC1
ENSG00000160563	1.87	ENSP00000292035	MED27
	1.87	ENSP00000303580	NKIRAS2
ENSG00000126249	1.87	ENSP00000246535	PDCD2L
ENSG00000127946	1.87	ENSP00000336747	HIP1
ENSG00000150672	1.86	ENSP00000365272	DLG2
ENSG00000151640	1.86	ENSP00000339850	DPYSL4
ENSG00000138180	1.86	ENSP00000360540	CEP55
ENSG00000112232	1.85	ENSP00000281156	KHDRBS2
ENSG00000169129	1.85	ENSP00000303042	AFAP1L2
ENSG00000116984	1.85	ENSP00000355536	MTR
ENSG00000100982	1.85	ENSP00000361486	PCIF1
	1.85	ENSP00000355964	LPGAT1
ENSG00000166140	1.85	ENSP00000347498	ZFYVE19
ENSG00000183801	1.85	ENSP00000332511	OLFML1
ENSG00000088305	1.85	ENSP00000328547	DNMT3B
ENSG00000124701	1.85	ENSP00000244669	APOBEC2
ENSG00000132274	1.85	ENSP00000369299	TRIM22
ENSG00000110768	1.85	ENSP00000265963	GTF2H1
ENSG00000134352	1.85	ENSP00000370698	IL6ST
ENSG00000130348	1.85	ENSP00000358042	QRSL1
	1.84	ENSP00000303570	ANKMY2
	1.84	ENSP00000441786	CXorf56
ENSG00000018189	1.84	ENSP00000370394	RUFY3
ENSG00000181404	1.84	ENSP00000485627	WASHC1
ENSG00000133661	1.84	ENSP00000361366	SFTPD
ENSG00000141504	1.84	ENSP00000269298	SAT2
ENSG00000078747	1.84	ENSP00000499786	ITCH
	1.84	ENSP00000469888	TRAPPC2B
	1.84	ENSP00000491651	ENSP00000491651
ENSG00000090006	1.84	ENSP00000311905	LTBP4
ENSG00000173482	1.84	ENSP00000463325	PTPRM
ENSG00000145414	1.84	ENSP00000274054	NAF1
ENSG00000124939	1.84	ENSP00000244930	SCGB2A1
ENSG00000164816	1.84	ENSP00000329890	DEFA5
ENSG00000103150	1.84	ENSP00000262430	MLYCD
ENSG00000160007	1.84	ENSP00000500409	ARHGAP35
ENSG00000092295	1.84	ENSP00000206765	TGM1
	1.84	ENSP00000492798	ENSP00000492798
ENSG00000119004	1.83	ENSP00000348380	CYP20A1
ENSG00000138617	1.83	ENSP00000261888	PARP16
ENSG00000096433	1.83	ENSP00000363435	ITPR3
	1.83	ENSP00000357731	LOR
ENSG00000123243	1.83	ENSP00000380333	ITIH5
ENSG00000140299	1.83	ENSP00000267859	BNIP2
ENSG00000142871	1.83	ENSP00000398736	CCN1
ENSG00000227234	1.82	ENSP00000405202	SPANXB1
ENSG00000117625	1.82	ENSP00000413929	RCOR3
ENSG00000172375	1.82	ENSP00000338885	C2CD2L
ENSG00000277363	1.82	ENSP00000484715	SRCIN1
ENSG00000105289	1.82	ENSP00000465419	TJP3
ENSG00000120306	1.82	ENSP00000261811	CYSTM1
ENSG00000155975	1.82	ENSP00000318629	VPS37A
	1.82	ENSP00000234198	DLX2
	1.81	ENSP00000371388	SRXN1
	1.81	ENSP00000323678	ZADH2
ENSG00000165443	1.81	ENSP00000362987	PHYHIPL
ENSG00000288558	1.81	ENSP00000501026	DUS4L-BCAP29
ENSG00000101940	1.81	ENSP00000365919	WDR13
ENSG00000186716	1.81	ENSP00000303507	BCR
ENSG00000168065	1.81	ENSP00000301891	SLC22A11
ENSG00000148606	1.81	ENSP00000361446	POLR3A
ENSG00000152214	1.81	ENSP00000321805	RIT2
ENSG00000153339	1.81	ENSP00000283351	TRAPPC8
ENSG00000141002	1.81	ENSP00000263346	TCF25
ENSG00000174705	1.81	ENSP00000309714	SH3PXD2B
ENSG00000167615	1.81	ENSP00000318374	LENG8
ENSG00000106462	1.81	ENSP00000320147	EZH2
ENSG00000213699	1.81	ENSP00000345528	SLC35F6
ENSG00000169372	1.81	ENSP00000439068	CRADD
ENSG00000147647	1.81	ENSP00000276651	DPYS
	1.81	ENSP00000397942	C9J4A7_HUMAN
	1.81	ENSP00000479955	CCL18
ENSG00000087206	1.81	ENSP00000421926	UIMC1
ENSG00000099899	1.8	ENSP00000395738	TRMT2A
ENSG00000111218	1.8	ENSP00000372067	PRMT8
ENSG00000154727	1.8	ENSP00000346886	GABPA
	1.8	ENSP00000382777	KRTAP13-2
ENSG00000121310	1.8	ENSP00000360577	ECHDC2
ENSG00000249115	1.8	ENSP00000439056	HAUS5
ENSG00000139350	1.8	ENSP00000451211	NEDD1
ENSG00000115350	1.8	ENSP00000420176	POLE4
ENSG00000130956	1.8	ENSP00000364398	HABP4
ENSG00000130595	1.8	ENSP00000370975	TNNT3
ENSG00000038219	1.8	ENSP00000040738	BOD1L1
ENSG00000157540	1.8	ENSP00000340373	DYRK1A
ENSG00000166295	1.8	ENSP00000477760	ANAPC16
ENSG00000167757	1.79	ENSP00000473047	KLK11
ENSG00000171634	1.79	ENSP00000307208	BPTF
ENSG00000173120	1.79	ENSP00000432786	KDM2A
ENSG00000181090	1.79	ENSP00000417980	EHMT1
ENSG00000151914	1.78	ENSP00000307959	DST
ENSG00000125356	1.78	ENSP00000360492	NDUFA1
ENSG00000198626	1.78	ENSP00000355533	RYR2
ENSG00000274523	1.78	ENSP00000480364	RCC1L
ENSG00000205336	1.78	ENSP00000455215	ADGRG1
ENSG00000135631	1.78	ENSP00000258098	RAB11FIP5
ENSG00000137038	1.78	ENSP00000350961	DMAC1
ENSG00000137628	1.78	ENSP00000377344	DDX60
ENSG00000100121	1.78	ENSP00000415676	GGTLC2
ENSG00000139219	1.78	ENSP00000369889	COL2A1
ENSG00000143373	1.78	ENSP00000319829	ZNF687
ENSG00000172766	1.77	ENSP00000368716	NAA16
ENSG00000167925	1.77	ENSP00000301671	GHDC
ENSG00000148719	1.77	ENSP00000345575	DNAJB12
ENSG00000099804	1.77	ENSP00000215574	CDC34
ENSG00000104447	1.77	ENSP00000379065	TRPS1
ENSG00000180543	1.77	ENSP00000322802	TSPYL5
	1.77	ENSP00000364609	PADI3
ENSG00000126107	1.76	ENSP00000361245	HECTD3
ENSG00000033170	1.76	ENSP00000353910	FUT8
	1.76	ENSP00000364568	C9orf129
ENSG00000204257	1.76	ENSP00000363976	HLA-DMA
ENSG00000147251	1.76	ENSP00000276202	DOCK11
ENSG00000147874	1.76	ENSP00000369871	HAUS6
ENSG00000188573	1.76	ENSP00000473383	FBLL1
ENSG00000170471	1.76	ENSP00000262879	RALGAPB
ENSG00000139835	1.75	ENSP00000364579	GRTP1
ENSG00000184113	1.75	ENSP00000385477	CLDN5
ENSG00000134709	1.75	ENSP00000360252	HOOK1
	1.75	ENSP00000334644	LCE3C
ENSG00000112290	1.75	ENSP00000376367	WASF1
ENSG00000198938	1.75	ENSP00000354982	MT-CO3
ENSG00000224051	1.75	ENSP00000343890	CPTP
ENSG00000127914	1.75	ENSP00000348573	AKAP9
ENSG00000100528	1.75	ENSP00000216416	CNIH1
ENSG00000105369	1.75	ENSP00000221972	CD79A
ENSG00000177239	1.75	ENSP00000360645	MAN1B1
ENSG00000132825	1.75	ENSP00000360035	PPP1R3D
	1.75	ENSP00000401197	USP19
ENSG00000054267	1.75	ENSP00000264183	ARID4B
ENSG00000175104	1.74	ENSP00000433623	TRAF6
ENSG00000168067	1.74	ENSP00000294066	MAP4K2
ENSG00000198832	1.74	ENSP00000384564	SELENOM
ENSG00000158552	1.74	ENSP00000289528	ZFAND2B
	1.74	ENSP00000281321	POU4F2
ENSG00000101464	1.74	ENSP00000217446	PIGU
ENSG00000101323	1.74	ENSP00000368066	HAO1
ENSG00000102225	1.74	ENSP00000276052	CDK16
ENSG00000091704	1.74	ENSP00000011292	CPA1
	1.74	ENSP00000481244	FXYD1
ENSG00000171223	1.74	ENSP00000303315	JUNB
ENSG00000167100	1.74	ENSP00000424474	SAMD14
ENSG00000067596	1.74	ENSP00000262415	DHX8
ENSG00000160293	1.74	ENSP00000360916	VAV2
ENSG00000175348	1.74	ENSP00000433361	TMEM9B
ENSG00000102871	1.73	ENSP00000341268	TRADD
ENSG00000079974	1.73	ENSP00000378958	RABL2B
ENSG00000188641	1.73	ENSP00000359211	DPYD
ENSG00000259431	1.73	ENSP00000288014	THTPA
ENSG00000111077	1.73	ENSP00000319756	TNS2
ENSG00000164889	1.73	ENSP00000419412	SLC4A2
ENSG00000170412	1.73	ENSP00000499092	GPRC5C
ENSG00000132840	1.73	ENSP00000255192	BHMT2
ENSG00000156575	1.73	ENSP00000287143	PRG3
ENSG00000135124	1.72	ENSP00000353032	P2RX4
ENSG00000139190	1.72	ENSP00000379602	VAMP1
ENSG00000122779	1.72	ENSP00000340507	TRIM24
ENSG00000178726	1.72	ENSP00000366307	THBD
ENSG00000166851	1.72	ENSP00000300093	PLK1
ENSG00000185811	1.72	ENSP00000331614	IKZF1
ENSG00000160883	1.72	ENSP00000292432	HK3
	1.71	ENSP00000303550	CYTL1
ENSG00000151422	1.71	ENSP00000281092	FER
ENSG00000142583	1.71	ENSP00000366641	SLC2A5
	1.71	ENSP00000499734	ENSP00000499734
ENSG00000140403	1.71	ENSP00000378324	DNAJA4
ENSG00000116663	1.71	ENSP00000365944	FBXO6
ENSG00000132768	1.71	ENSP00000255108	DPH2
ENSG00000105472	1.71	ENSP00000250340	CLEC11A
ENSG00000104064	1.7	ENSP00000220429	GABPB1
ENSG00000267796	1.7	ENSP00000301159	LIN37
ENSG00000113621	1.7	ENSP00000351157	TXNDC15
ENSG00000158560	1.7	ENSP00000320130	DYNC1I1
ENSG00000221890	1.7	ENSP00000327545	NPTXR
ENSG00000100031	1.7	ENSP00000248923	GGT1
	1.7	ENSP00000383232	GGT1-2
ENSG00000139977	1.7	ENSP00000452521	NAA30
ENSG00000123815	1.7	ENSP00000315118	COQ8B
	1.7	ENSP00000501085	CCDC180
ENSG00000162434	1.7	ENSP00000499900	JAK1
ENSG00000197601	1.7	ENSP00000346874	FAR1
ENSG00000144134	1.7	ENSP00000387229	RABL2A
ENSG00000145919	1.69	ENSP00000309644	BOD1
	1.69	ENSP00000336923	ARHGAP10
ENSG00000168005	1.69	ENSP00000294244	SPINDOC
ENSG00000262655	1.69	ENSP00000460236	SPON1
ENSG00000120498	1.69	ENSP00000379226	TEX11
ENSG00000180964	1.69	ENSP00000361770	TCEAL8
ENSG00000141026	1.69	ENSP00000268711	MED9
ENSG00000019169	1.69	ENSP00000318916	MARCO
ENSG00000103197	1.69	ENSP00000219476	TSC2
ENSG00000176438	1.68	ENSP00000334308	SYNE3
ENSG00000196914	1.68	ENSP00000380942	ARHGEF12
ENSG00000136541	1.68	ENSP00000380453	ERMN
ENSG00000105325	1.68	ENSP00000378529	FZR1
ENSG00000102854	1.68	ENSP00000372313	MSLN
ENSG00000011028	1.68	ENSP00000307513	MRC2
ENSG00000135097	1.68	ENSP00000257552	MSI1
ENSG00000170291	1.67	ENSP00000379869	ELP5
ENSG00000147676	1.67	ENSP00000479708	MAL2
ENSG00000110848	1.67	ENSP00000228434	CD69
ENSG00000065526	1.67	ENSP00000364912	SPEN
ENSG00000099994	1.67	ENSP00000351075	SUSD2
ENSG00000073350	1.67	ENSP00000376333	LLGL2
ENSG00000113966	1.67	ENSP00000419619	ARL6
ENSG00000108961	1.67	ENSP00000226105	RANGRF
ENSG00000140522	1.67	ENSP00000268125	RLBP1
ENSG00000102763	1.66	ENSP00000368612	VWA8
ENSG00000109689	1.66	ENSP00000417569	STIM2
ENSG00000163820	1.66	ENSP00000296137	FYCO1
	1.66	ENSP00000379651	LILRA6
ENSG00000005486	1.66	ENSP00000006777	RHBDD2
ENSG00000139514	1.66	ENSP00000370128	SLC7A1
ENSG00000177000	1.66	ENSP00000365770	MTHFR
ENSG00000259956	1.65	ENSP00000454545	RBM15B
	1.65	ENSP00000399982	TAF6
ENSG00000103932	1.65	ENSP00000306123	RPAP1
	1.65	ENSP00000257895	RDH5
ENSG00000131373	1.65	ENSP00000323811	HACL1
ENSG00000154839	1.65	ENSP00000285116	SKA1
ENSG00000052344	1.65	ENSP00000319730	PRSS8
ENSG00000197150	1.65	ENSP00000297504	ABCB8
ENSG00000087253	1.65	ENSP00000262134	LPCAT2
ENSG00000101974	1.65	ENSP00000332756	ATP11C
ENSG00000183856	1.65	ENSP00000354451	IQGAP3
ENSG00000166164	1.65	ENSP00000378181	BRD7
ENSG00000119844	1.65	ENSP00000238855	AFTPH
	1.64	ENSP00000316476	DEGS1
ENSG00000132698	1.64	ENSP00000354376	RAB25
ENSG00000148337	1.64	ENSP00000439244	CIZ1
ENSG00000188313	1.64	ENSP00000345494	PLSCR1
	1.64	ENSP00000385706	PSG2
ENSG00000089048	1.64	ENSP00000202816	ESF1
ENSG00000053900	1.64	ENSP00000426654	ANAPC4
ENSG00000181885	1.63	ENSP00000353475	CLDN7
	1.63	ENSP00000455561	AMDHD2-2
	1.63	ENSP00000476141	MT1HL1
ENSG00000100364	1.63	ENSP00000251993	KIAA0930
ENSG00000134313	1.63	ENSP00000256707	KIDINS220
ENSG00000109911	1.63	ENSP00000379267	ELP4
ENSG00000110171	1.63	ENSP00000433102	TRIM3
ENSG00000167985	1.63	ENSP00000301761	SDHAF2
ENSG00000130695	1.63	ENSP00000252992	CEP85
ENSG00000242265	1.63	ENSP00000418944	PEG10
ENSG00000122507	1.63	ENSP00000242067	BBS9
	1.63	ENSP00000222305	USF2
ENSG00000196954	1.63	ENSP00000388566	CASP4
ENSG00000185875	1.63	ENSP00000434887	THNSL1
ENSG00000141458	1.63	ENSP00000269228	NPC1
	1.62	ENSP00000419446	ADAM9
ENSG00000196730	1.62	ENSP00000386135	DAPK1
	1.62	ENSP00000493540	MRUPP_HUMAN
ENSG00000163295	1.62	ENSP00000295463	ALPI
ENSG00000167861	1.62	ENSP00000413520	HID1
ENSG00000104231	1.62	ENSP00000220669	ZFAND1
ENSG00000066813	1.62	ENSP00000327453	ACSM2B
ENSG00000182552	1.62	ENSP00000388920	RWDD4
ENSG00000130813	1.62	ENSP00000253110	SHFL
	1.62	ENSP00000480483	NRN1
ENSG00000058056	1.61	ENSP00000263966	USP13
ENSG00000137878	1.61	ENSP00000465231	GCOM1
ENSG00000198887	1.61	ENSP00000354957	SMC5
	1.61	ENSP00000473185	SELENOW
ENSG00000178996	1.61	ENSP00000342276	SNX18
ENSG00000106089	1.61	ENSP00000222812	STX1A
ENSG00000138018	1.61	ENSP00000260585	SELENOI
ENSG00000130561	1.61	ENSP00000386444	SAG
ENSG00000105778	1.61	ENSP00000315568	AVL9
ENSG00000151150	1.61	ENSP00000280772	ANK3
ENSG00000114127	1.61	ENSP00000264951	XRN1
ENSG00000087008	1.6	ENSP00000348775	ACOX3
ENSG00000106460	1.6	ENSP00000379901	TMEM106B
ENSG00000185215	1.6	ENSP00000452634	TNFAIP2
	1.6	ENSP00000433967	E9PSI1_HUMAN
ENSG00000181826	1.6	ENSP00000398778	RELL1
ENSG00000088356	1.6	ENSP00000202017	PDRG1
ENSG00000100362	1.6	ENSP00000216200	PVALB
ENSG00000134901	1.6	ENSP00000365172	POGLUT2
	1.6	ENSP00000412536	C9IYR8_HUMAN
ENSG00000204084	1.6	ENSP00000362115	INPP5B
ENSG00000108219	1.6	ENSP00000361231	TSPAN14
ENSG00000175073	1.6	ENSP00000309031	VCPIP1
ENSG00000011007	1.6	ENSP00000395574	ELOA
ENSG00000107897	1.59	ENSP00000365049	ACBD5
ENSG00000092148	1.59	ENSP00000382269	HECTD1
	1.59	ENSP00000470087	M0QYV0_HUMAN
ENSG00000197798	1.59	ENSP00000433343	FAM118B
ENSG00000140968	1.59	ENSP00000268638	IRF8
ENSG00000183765	1.59	ENSP00000372023	CHEK2
ENSG00000162298	1.59	ENSP00000366395	SYVN1
ENSG00000105341	1.59	ENSP00000403910	DMAC2
ENSG00000133103	1.59	ENSP00000397441	COG6
ENSG00000196459	1.59	ENSP00000392495	TRAPPC2
	1.59	ENSP00000295926	CCNL1
ENSG00000128791	1.59	ENSP00000262120	TWSG1
ENSG00000100024	1.58	ENSP00000324343	UPB1
ENSG00000121570	1.58	ENSP00000335306	DPPA4
ENSG00000117020	1.58	ENSP00000500582	AKT3
ENSG00000174891	1.58	ENSP00000481697	RSRC1
ENSG00000159842	1.58	ENSP00000303909	ABR
ENSG00000144567	1.58	ENSP00000395249	RETREG2
ENSG00000138823	1.58	ENSP00000427679	MTTP
ENSG00000119820	1.58	ENSP00000238831	YIPF4
ENSG00000170819	1.58	ENSP00000304987	BFSP2
ENSG00000109323	1.58	ENSP00000495247	MANBA
ENSG00000049247	1.58	ENSP00000054668	UTS2
ENSG00000135070	1.58	ENSP00000365159	ISCA1
ENSG00000115425	1.58	ENSP00000265322	PECR
ENSG00000171302	1.58	ENSP00000307674	CANT1
ENSG00000158161	1.58	ENSP00000362978	EYA3
ENSG00000106789	1.57	ENSP00000343746	CORO2A
ENSG00000110811	1.57	ENSP00000478600	P3H3
ENSG00000178252	1.57	ENSP00000378857	WDR6
ENSG00000156802	1.57	ENSP00000287394	ATAD2
ENSG00000105617	1.57	ENSP00000222224	LENG1
ENSG00000198000	1.57	ENSP00000441140	NOL8
ENSG00000105048	1.56	ENSP00000467176	TNNT1
ENSG00000100815	1.56	ENSP00000267622	TRIP11
	1.56	ENSP00000258381	SP110
	1.56	ENSP00000491504	ATG9B
ENSG00000259332	1.56	ENSP00000455643	ST20-MTHFS
ENSG00000198912	1.56	ENSP00000355306	C1orf174
ENSG00000205362	1.56	ENSP00000290705	MT1A
ENSG00000110057	1.56	ENSP00000227471	UNC93B1
ENSG00000080815	1.56	ENSP00000326366	PSEN1
ENSG00000159640	1.56	ENSP00000290866	ACE
ENSG00000183747	1.56	ENSP00000459451	ACSM2A
ENSG00000204713	1.56	ENSP00000366404	TRIM27
ENSG00000182333	1.56	ENSP00000377900	LIPF
ENSG00000179562	1.56	ENSP00000318821	GCC1
ENSG00000134250	1.55	ENSP00000256646	NOTCH2
ENSG00000100906	1.55	ENSP00000216797	NFKBIA
ENSG00000135763	1.55	ENSP00000258243	URB2
ENSG00000184304	1.55	ENSP00000390535	PRKD1
ENSG00000166886	1.55	ENSP00000300131	NAB2
	1.55	ENSP00000312988	NFKBIB
ENSG00000148343	1.55	ENSP00000351138	MIGA2
	1.55	ENSP00000379898	ARL4A
	1.55	ENSP00000396527	H7C0S8_HUMAN
ENSG00000144824	1.55	ENSP00000405405	PHLDB2
ENSG00000127324	1.55	ENSP00000377003	TSPAN8
ENSG00000173762	1.55	ENSP00000312027	CD7
ENSG00000100767	1.55	ENSP00000345395	PAPLN
ENSG00000119283	1.55	ENSP00000355613	TRIM67
ENSG00000125257	1.55	ENSP00000494609	ABCC4
ENSG00000216649	1.54	ENSP00000371117	GAGE12E
ENSG00000227488	1.54	ENSP00000384214	GAGE12D
ENSG00000237671	1.54	ENSP00000397103	GAGE12C
ENSG00000104892	1.54	ENSP00000375810	KLC3
ENSG00000118503	1.54	ENSP00000481570	TNFAIP3
ENSG00000179144	1.54	ENSP00000315474	GIMAP7
ENSG00000105662	1.54	ENSP00000345001	CRTC1
ENSG00000028277	1.54	ENSP00000431603	POU2F2
ENSG00000167880	1.54	ENSP00000465630	EVPL
ENSG00000124217	1.54	ENSP00000244051	MOCS3
	1.54	ENSP00000331902	COL4A5
	1.54	ENSP00000352069	WWP2
ENSG00000137207	1.54	ENSP00000361499	YIPF3
	1.53	ENSP00000322788	MMP1
ENSG00000172943	1.53	ENSP00000350676	PHF8
ENSG00000198862	1.53	ENSP00000478783	LTN1
ENSG00000176956	1.53	ENSP00000399485	LY6H
	1.53	ENSP00000357737	SPRR2G
ENSG00000133422	1.53	ENSP00000380763	MORC2
	1.53	ENSP00000274063	SFRP2
	1.52	ENSP00000430000	ATXN7L3B
ENSG00000167114	1.52	ENSP00000300456	SLC27A4
	1.52	ENSP00000256367	TTC9
ENSG00000135249	1.52	ENSP00000257700	RINT1
ENSG00000163848	1.52	ENSP00000353863	ZNF148
ENSG00000166091	1.52	ENSP00000344819	CMTM5
ENSG00000101460	1.52	ENSP00000363970	MAP1LC3A
ENSG00000124541	1.52	ENSP00000244496	RRP36
ENSG00000068438	1.52	ENSP00000326948	FTSJ1
ENSG00000231924	1.52	ENSP00000308970	PSG1
ENSG00000049618	1.52	ENSP00000490491	ARID1B
ENSG00000107672	1.51	ENSP00000358019	NSMCE4A
ENSG00000176454	1.51	ENSP00000317300	LPCAT4
	1.51	ENSP00000451792	G3V4G9_HUMAN
ENSG00000178685	1.51	ENSP00000434776	PARP10
ENSG00000100697	1.51	ENSP00000437256	DICER1
ENSG00000183605	1.51	ENSP00000347924	SFXN4
ENSG00000105700	1.51	ENSP00000472836	KXD1
ENSG00000140262	1.51	ENSP00000388940	TCF12
ENSG00000103723	1.51	ENSP00000440984	AP3B2
ENSG00000164294	1.51	ENSP00000423822	GPX8
	1.51	ENSP00000355302	KRTAP1-5
ENSG00000183668	1.51	ENSP00000270077	PSG9
ENSG00000108443	1.51	ENSP00000225577	RPS6KB1
ENSG00000016391	1.5	ENSP00000319851	CHDH
ENSG00000214046	1.5	ENSP00000486146	SMIM7
ENSG00000140280	1.5	ENSP00000267838	LYSMD2
ENSG00000120656	1.5	ENSP00000263974	TAF12
ENSG00000117472	1.5	ENSP00000361072	TSPAN1
ENSG00000178105	1.5	ENSP00000314348	DDX10
ENSG00000185650	1.5	ENSP00000337386	ZFP36L1
	1.5	ENSP00000475384	U3KPZ7_HUMAN
	1.5	ENSP00000360371	SSBP3
ENSG00000074410	1.5	ENSP00000178638	CA12
	1.49	ENSP00000370196	SBF1
ENSG00000198780	1.49	ENSP00000373808	FAM169A
ENSG00000067113	1.49	ENSP00000264775	PLPP1
ENSG00000086619	1.49	ENSP00000346635	ERO1B
ENSG00000163832	1.49	ENSP00000296149	ELP6
ENSG00000130119	1.49	ENSP00000354091	GNL3L
ENSG00000131503	1.49	ENSP00000354085	ANKHD1
ENSG00000100167	1.49	ENSP00000494051	SEPTIN3
ENSG00000166171	1.49	ENSP00000359170	DPCD
ENSG00000153779	1.49	ENSP00000453704	TGIF2LX
	1.49	ENSP00000321005	CD300LG
ENSG00000137343	1.49	ENSP00000327832	ATAT1
ENSG00000166133	1.49	ENSP00000323288	RPUSD2
ENSG00000203786	1.49	ENSP00000475216	KPRP
	1.49	ENSP00000342812	USP9Y
ENSG00000111802	1.49	ENSP00000367440	TDP2
ENSG00000130699	1.49	ENSP00000252996	TAF4
ENSG00000179335	1.49	ENSP00000378505	CLK3
ENSG00000146842	1.48	ENSP00000380747	TMEM209
ENSG00000185862	1.48	ENSP00000333779	EVI2B
ENSG00000267673	1.48	ENSP00000377311	FDX2
	1.48	ENSP00000367453	ACBD7
ENSG00000185085	1.48	ENSP00000327889	INTS5
ENSG00000167654	1.48	ENSP00000390941	ATCAY
ENSG00000101849	1.48	ENSP00000495556	TBL1X
ENSG00000152894	1.48	ENSP00000432973	PTPRK
ENSG00000152464	1.48	ENSP00000478982	RPP38
ENSG00000197858	1.48	ENSP00000347206	GPAA1
	1.48	ENSP00000475957	U3KQK5_HUMAN
ENSG00000135968	1.48	ENSP00000307939	GCC2
ENSG00000054654	1.48	ENSP00000350719	SYNE2
ENSG00000104332	1.48	ENSP00000220772	SFRP1
ENSG00000147465	1.48	ENSP00000276449	STAR
ENSG00000105695	1.47	ENSP00000376048	MAG
ENSG00000106415	1.47	ENSP00000223145	GLCCI1
ENSG00000197724	1.47	ENSP00000352185	PHF2
ENSG00000162444	1.47	ENSP00000294435	RBP7
ENSG00000102805	1.47	ENSP00000498772	CLN5
ENSG00000157764	1.47	ENSP00000419060	BRAF
	1.47	ENSP00000401770	ATP5MPL
	1.47	ENSP00000326869	ORMDL1
ENSG00000138756	1.47	ENSP00000334836	BMP2K
ENSG00000079999	1.47	ENSP00000377245	KEAP1
ENSG00000079432	1.47	ENSP00000458663	CIC
ENSG00000010282	1.47	ENSP00000405423	HHATL
	1.46	ENSP00000351209	EPHA2
ENSG00000070047	1.46	ENSP00000264555	PHRF1
ENSG00000132570	1.46	ENSP00000421544	PCBD2
ENSG00000198925	1.46	ENSP00000386710	ATG9A
ENSG00000169083	1.46	ENSP00000363822	AR
ENSG00000156603	1.46	ENSP00000498791	MED19
ENSG00000184012	1.46	ENSP00000381588	TMPRSS2
ENSG00000004975	1.46	ENSP00000005340	DVL2
ENSG00000130517	1.46	ENSP00000269919	PGPEP1
ENSG00000139197	1.46	ENSP00000391601	PEX5
	1.46	ENSP00000311429	ZWILCH
ENSG00000126581	1.46	ENSP00000355231	BECN1
ENSG00000133135	1.46	ENSP00000255499	RNF128
ENSG00000198901	1.45	ENSP00000377793	PRC1
ENSG00000126787	1.45	ENSP00000247191	DLGAP5
ENSG00000077463	1.45	ENSP00000337332	SIRT6
ENSG00000124507	1.45	ENSP00000484060	PACSIN1
ENSG00000110931	1.45	ENSP00000312741	CAMKK2
ENSG00000099866	1.45	ENSP00000215637	MADCAM1
	1.45	ENSP00000335371	TRAPPC11
ENSG00000173702	1.45	ENSP00000485028	MUC13
ENSG00000115355	1.45	ENSP00000338728	CCDC88A
ENSG00000100523	1.45	ENSP00000500986	DDHD1
ENSG00000104731	1.45	ENSP00000270583	KLHDC4
ENSG00000268799	1.45	ENSP00000497053	H3Y2
ENSG00000264522	1.45	ENSP00000462729	OTUD7B
	1.45	ENSP00000369419	STEAP4
	1.44	ENSP00000352925	TRRAP
ENSG00000163602	1.44	ENSP00000419494	RYBP
ENSG00000137814	1.44	ENSP00000260372	HAUS2
ENSG00000165215	1.44	ENSP00000378577	CLDN3
ENSG00000197540	1.44	ENSP00000264553	GZMM
ENSG00000214113	1.44	ENSP00000443900	LYRM4
ENSG00000153140	1.44	ENSP00000428259	CETN3
ENSG00000018408	1.44	ENSP00000419465	WWTR1
ENSG00000047634	1.44	ENSP00000369380	SCML1
ENSG00000112077	1.44	ENSP00000360217	RHAG
ENSG00000100890	1.44	ENSP00000440915	PRORP
ENSG00000172915	1.44	ENSP00000383295	NBEA
ENSG00000159164	1.44	ENSP00000358142	SV2A
ENSG00000129226	1.44	ENSP00000250092	CD68
	1.44	ENSP00000264712	KIF3C
	1.44	ENSP00000432016	H7C0V5_HUMAN
ENSG00000143393	1.44	ENSP00000357869	PI4KB
ENSG00000083223	1.43	ENSP00000365130	TUT7
ENSG00000130150	1.43	ENSP00000369860	MOSPD2
ENSG00000136436	1.43	ENSP00000398523	CALCOCO2
ENSG00000139117	1.43	ENSP00000329748	CPNE8
ENSG00000132155	1.43	ENSP00000401888	RAF1
ENSG00000088280	1.43	ENSP00000338769	ASAP3
ENSG00000187742	1.43	ENSP00000364965	SECISBP2
ENSG00000123352	1.43	ENSP00000448228	SPATS2
ENSG00000186222	1.43	ENSP00000318128	BLOC1S4
ENSG00000124466	1.42	ENSP00000244333	LYPD3
	1.42	ENSP00000384126	LRRC32
ENSG00000076716	1.42	ENSP00000359864	GPC4
ENSG00000105171	1.42	ENSP00000465213	POP4
ENSG00000178951	1.42	ENSP00000323670	ZBTB7A
ENSG00000115904	1.42	ENSP00000384675	SOS1
ENSG00000171467	1.42	ENSP00000354964	ZNF318
	1.42	ENSP00000419901	L1TD1
ENSG00000142789	1.42	ENSP00000290122	CELA3A
ENSG00000171533	1.42	ENSP00000307093	MAP6
	1.42	ENSP00000387111	ENSP00000387111
ENSG00000172716	1.42	ENSP00000378067	SLFN11
ENSG00000198754	1.42	ENSP00000361914	OXCT2
ENSG00000136108	1.42	ENSP00000367276	CKAP2
ENSG00000230124	1.42	ENSP00000495710	ACBD6
ENSG00000136010	1.41	ENSP00000258494	ALDH1L2
ENSG00000127585	1.41	ENSP00000380746	FBXL16
ENSG00000137822	1.41	ENSP00000260383	TUBGCP4
ENSG00000103319	1.41	ENSP00000263026	EEF2K
	1.41	ENSP00000481592	SMIM22
	1.41	ENSP00000262315	CHTF18
ENSG00000105722	1.41	ENSP00000222329	ERF
ENSG00000102743	1.41	ENSP00000342267	SLC25A15
	1.41	ENSP00000325239	MYLPF
ENSG00000143079	1.41	ENSP00000271277	CTTNBP2NL
ENSG00000169871	1.41	ENSP00000305161	TRIM56
ENSG00000116147	1.41	ENSP00000356646	TNR
ENSG00000198783	1.41	ENSP00000354518	ZNF830
ENSG00000136295	1.41	ENSP00000258796	TTYH3
ENSG00000133895	1.4	ENSP00000337088	MEN1
ENSG00000011295	1.4	ENSP00000261647	TTC19
	1.4	ENSP00000330862	OPCML
	1.4	ENSP00000316512	TLK2
	1.4	ENSP00000418767	TREML2
ENSG00000105997	1.4	ENSP00000484411	HOXA3
ENSG00000132199	1.4	ENSP00000497230	ENOSF1
ENSG00000196950	1.4	ENSP00000386766	SLC39A10
	1.4	ENSP00000362300	AGO1
ENSG00000039319	1.4	ENSP00000426848	ZFYVE16
ENSG00000100124	1.4	ENSP00000215941	ANKRD54
ENSG00000110025	1.4	ENSP00000366452	SNX15
ENSG00000157036	1.39	ENSP00000287675	EXOG
	1.39	ENSP00000373979	TRAPPC9
ENSG00000186871	1.39	ENSP00000334675	ERCC6L
ENSG00000111058	1.39	ENSP00000449535	ACSS3
ENSG00000197223	1.39	ENSP00000348107	C1D
ENSG00000065883	1.39	ENSP00000181839	CDK13
ENSG00000165959	1.39	ENSP00000298912	CLMN
ENSG00000104611	1.39	ENSP00000265807	SH2D4A
ENSG00000099814	1.39	ENSP00000404151	CEP170B
ENSG00000047188	1.39	ENSP00000161863	YTHDC2
ENSG00000136811	1.39	ENSP00000403453	ODF2
	1.39	ENSP00000361232	DDX31
ENSG00000166816	1.39	ENSP00000300051	LDHD
ENSG00000166123	1.38	ENSP00000345282	GPT2
	1.38	ENSP00000490953	ENSP00000490953
	1.38	ENSP00000332013	ZGPAT
ENSG00000103245	1.38	ENSP00000251588	CIAO3
ENSG00000100162	1.38	ENSP00000215980	CENPM
ENSG00000124713	1.38	ENSP00000361894	GNMT
	1.38	ENSP00000355046	MT-ND2
ENSG00000145681	1.38	ENSP00000274341	HAPLN1
ENSG00000155792	1.38	ENSP00000286234	DEPTOR
ENSG00000160460	1.38	ENSP00000469242	SPTBN4
ENSG00000130957	1.38	ENSP00000364486	FBP2
	1.37	ENSP00000296220	OSBPL11
ENSG00000059758	1.37	ENSP00000261211	CDK17
ENSG00000134597	1.37	ENSP00000339090	RBMX2
ENSG00000141376	1.37	ENSP00000468592	BCAS3
ENSG00000149485	1.37	ENSP00000322229	FADS1
ENSG00000115652	1.37	ENSP00000283148	UXS1
ENSG00000061936	1.37	ENSP00000437738	SFSWAP
ENSG00000007255	1.37	ENSP00000006275	TRAPPC6A
ENSG00000104723	1.37	ENSP00000424544	TUSC3
ENSG00000115263	1.37	ENSP00000387662	GCG
	1.37	ENSP00000323720	MED14
ENSG00000168591	1.37	ENSP00000444565	TMUB2
ENSG00000139132	1.37	ENSP00000433666	FGD4
	1.37	ENSP00000418193	SPRR2F
ENSG00000143119	1.37	ENSP00000497382	CD53
ENSG00000167904	1.37	ENSP00000395204	TMEM68
	1.37	ENSP00000380553	TSPAN4
ENSG00000135040	1.37	ENSP00000354972	NAA35
ENSG00000095539	1.36	ENSP00000210633	SEMA4G
ENSG00000134369	1.36	ENSP00000356265	NAV1
ENSG00000101096	1.36	ENSP00000379330	NFATC2
ENSG00000015133	1.36	ENSP00000374507	CCDC88C
	1.36	ENSP00000371003	ZMYND11
ENSG00000118804	1.36	ENSP00000237642	STBD1
ENSG00000156453	1.36	ENSP00000287008	PCDH1
ENSG00000149743	1.36	ENSP00000378050	TRPT1
ENSG00000114125	1.36	ENSP00000273480	RNF7
ENSG00000274252	1.36	ENSP00000477856	GGTLC3
ENSG00000008196	1.36	ENSP00000377265	TFAP2B
ENSG00000142784	1.35	ENSP00000317971	WDTC1
ENSG00000186111	1.35	ENSP00000466363	PIP5K1C
ENSG00000079691	1.35	ENSP00000331983	CARMIL1
ENSG00000119922	1.35	ENSP00000490935	IFIT2
	1.35	ENSP00000335193	VPS39
ENSG00000101306	1.35	ENSP00000365162	MYLK2
ENSG00000124260	1.35	ENSP00000244096	MAGEA10
ENSG00000105397	1.35	ENSP00000431885	TYK2
ENSG00000116199	1.35	ENSP00000263733	FAM20B
ENSG00000139324	1.35	ENSP00000266712	TMTC3
ENSG00000123453	1.35	ENSP00000360938	SARDH
ENSG00000163249	1.35	ENSP00000295414	CCNYL1
ENSG00000143384	1.35	ENSP00000358022	MCL1
	1.35	ENSP00000477920	GIMAP1-GIMAP5
ENSG00000121741	1.34	ENSP00000479904	ZMYM2
	1.34	ENSP00000373343	CPNE9
ENSG00000165832	1.34	ENSP00000298746	TRUB1
ENSG00000029639	1.34	ENSP00000356134	TFB1M
ENSG00000096717	1.34	ENSP00000212015	SIRT1
ENSG00000164506	1.34	ENSP00000321826	STXBP5
ENSG00000186350	1.34	ENSP00000419692	RXRA
ENSG00000184216	1.34	ENSP00000358997	IRAK1
ENSG00000120658	1.34	ENSP00000261488	ENOX1
ENSG00000080603	1.34	ENSP00000262518	SRCAP
ENSG00000081189	1.34	ENSP00000340874	MEF2C
	1.34	ENSP00000245620	LILRB3
ENSG00000135048	1.34	ENSP00000366243	CEMIP2
ENSG00000144711	1.33	ENSP00000480301	IQSEC1
ENSG00000101350	1.33	ENSP00000364864	KIF3B
ENSG00000081059	1.33	ENSP00000340347	TCF7
ENSG00000266028	1.33	ENSP00000459615	SRGAP2
ENSG00000198818	1.33	ENSP00000354590	SFT2D1
ENSG00000241258	1.33	ENSP00000378736	CRCP
ENSG00000129038	1.33	ENSP00000261921	LOXL1
ENSG00000134326	1.33	ENSP00000256722	CMPK2
ENSG00000123080	1.33	ENSP00000262662	CDKN2C
ENSG00000169967	1.33	ENSP00000387246	MAP3K2
	1.33	ENSP00000221978	NKG7
ENSG00000071242	1.33	ENSP00000422435	RPS6KA2
	1.33	ENSP00000497880	NACA-2
ENSG00000196878	1.33	ENSP00000375778	LAMB3
ENSG00000141577	1.33	ENSP00000269392	CEP131
ENSG00000132481	1.33	ENSP00000254816	TRIM47
ENSG00000185303	1.33	ENSP00000361400	SFTPA2
	1.33	ENSP00000359683	E9PAM4_HUMAN
ENSG00000081177	1.32	ENSP00000313140	EXD2
ENSG00000106070	1.32	ENSP00000493728	GRB10
	1.32	ENSP00000367972	ID4
	1.32	ENSP00000350359	CREB5
	1.32	ENSP00000488305	NCBP2AS2
ENSG00000153879	1.32	ENSP00000466022	CEBPG
ENSG00000188428	1.32	ENSP00000380598	BLOC1S5
	1.32	ENSP00000297375	EN2
	1.32	ENSP00000357256	PMF1
ENSG00000113638	1.32	ENSP00000338533	TTC33
ENSG00000104147	1.32	ENSP00000220514	OIP5
	1.32	ENSP00000284727	ATP5MC3
	1.32	ENSP00000308351	MLKL
	1.32	ENSP00000413100	C16orf91
ENSG00000115657	1.32	ENSP00000265316	ABCB6
ENSG00000164867	1.31	ENSP00000297494	NOS3
ENSG00000173210	1.31	ENSP00000425394	ABLIM3
ENSG00000260314	1.31	ENSP00000455897	MRC1
ENSG00000185298	1.31	ENSP00000329360	CCDC137
ENSG00000132837	1.31	ENSP00000255189	DMGDH
	1.31	ENSP00000322323	FAM20C
ENSG00000162302	1.31	ENSP00000333896	RPS6KA4
ENSG00000259112	1.31	ENSP00000478766	NDUFC2-KCTD14
ENSG00000122852	1.31	ENSP00000397082	SFTPA1
ENSG00000186625	1.31	ENSP00000356381	KATNA1
ENSG00000166509	1.31	ENSP00000499168	CLEC3A
ENSG00000144642	1.31	ENSP00000373277	RBMS3
	1.31	ENSP00000355961	INTS7
	1.31	ENSP00000498524	ENSP00000498524
ENSG00000188100	1.3	ENSP00000342790	FAM25A
ENSG00000189090	1.3	ENSP00000413896	FAM25G
ENSG00000276430	1.3	ENSP00000485370	FAM25C
ENSG00000099785	1.3	ENSP00000471536	MARCHF2
ENSG00000156398	1.3	ENSP00000358909	SFXN2
ENSG00000103978	1.3	ENSP00000374484	TMEM87A
ENSG00000105671	1.3	ENSP00000247003	DDX49
ENSG00000185100	1.3	ENSP00000333019	ADSS1
ENSG00000125459	1.3	ENSP00000245564	MSTO1
ENSG00000111785	1.3	ENSP00000376582	RIC8B
ENSG00000138792	1.3	ENSP00000265162	ENPEP
ENSG00000166135	1.3	ENSP00000299163	HIF1AN
	1.3	ENSP00000455607	PHKG2
ENSG00000130347	1.3	ENSP00000358059	RTN4IP1
ENSG00000100077	1.3	ENSP00000317578	GRK3
ENSG00000169180	1.3	ENSP00000302790	XPO6
ENSG00000141429	1.3	ENSP00000269195	GALNT1
ENSG00000143514	1.3	ENSP00000341957	TP53BP2
ENSG00000171488	1.3	ENSP00000359483	LRRC8C
ENSG00000020633	1.29	ENSP00000382800	RUNX3
ENSG00000109458	1.29	ENSP00000262995	GAB1
ENSG00000184524	1.29	ENSP00000328336	CEND1
ENSG00000113597	1.29	ENSP00000409231	TRAPPC13
ENSG00000164898	1.29	ENSP00000297534	FMC1
ENSG00000188672	1.29	ENSP00000294413	RHCE
	1.29	ENSP00000269097	G6PC3
ENSG00000071564	1.29	ENSP00000262965	TCF3
ENSG00000099821	1.29	ENSP00000465759	POLRMT
ENSG00000138411	1.29	ENSP00000260983	HECW2
ENSG00000196562	1.28	ENSP00000353007	SULF2
ENSG00000162066	1.28	ENSP00000391596	AMDHD2
ENSG00000128944	1.28	ENSP00000249776	KNSTRN
ENSG00000021574	1.28	ENSP00000320885	SPAST
ENSG00000100721	1.28	ENSP00000451506	TCL1A
ENSG00000154114	1.28	ENSP00000403925	TBCEL
ENSG00000006327	1.28	ENSP00000326737	TNFRSF12A
ENSG00000143631	1.28	ENSP00000357789	FLG
ENSG00000157593	1.28	ENSP00000377401	SLC35B2
ENSG00000155850	1.28	ENSP00000286298	SLC26A2
ENSG00000105732	1.28	ENSP00000222339	ZNF574
ENSG00000075420	1.28	ENSP00000411242	FNDC3B
	1.27	ENSP00000283629	UBP1
	1.27	ENSP00000379773	ZC3H7A
ENSG00000137726	1.27	ENSP00000442756	FXYD6
ENSG00000231852	1.27	ENSP00000496625	CYP21A2
ENSG00000085563	1.27	ENSP00000478255	ABCB1
ENSG00000140941	1.27	ENSP00000498476	MAP1LC3B
	1.27	ENSP00000271452	NUF2
ENSG00000107263	1.27	ENSP00000361264	RAPGEF1
ENSG00000196116	1.27	ENSP00000347444	TDRD7
	1.27	ENSP00000415178	H7C417_HUMAN
ENSG00000269586	1.27	ENSP00000484601	CT45A10
ENSG00000108788	1.27	ENSP00000246912	MLX
ENSG00000170509	1.27	ENSP00000333300	HSD17B13
	1.27	ENSP00000364000	COL5A2
ENSG00000167842	1.27	ENSP00000370557	MIS12
ENSG00000153107	1.27	ENSP00000339109	ANAPC1
ENSG00000186001	1.27	ENSP00000399751	LRCH3
ENSG00000069702	1.27	ENSP00000212355	TGFBR3
ENSG00000068784	1.27	ENSP00000263736	SRBD1
ENSG00000113273	1.27	ENSP00000264914	ARSB
ENSG00000138028	1.27	ENSP00000385452	CGREF1
ENSG00000120217	1.27	ENSP00000370989	CD274
ENSG00000214435	1.26	ENSP00000358896	AS3MT
ENSG00000131149	1.26	ENSP00000253458	GSE1
ENSG00000149262	1.26	ENSP00000434466	INTS4
ENSG00000070950	1.26	ENSP00000264926	RAD18
ENSG00000127328	1.26	ENSP00000447300	RAB3IP
ENSG00000166192	1.26	ENSP00000340505	SENP8
	1.26	ENSP00000479921	ENSP00000479921
ENSG00000174099	1.26	ENSP00000347324	MSRB3
ENSG00000139644	1.26	ENSP00000389277	TMBIM6
ENSG00000099834	1.26	ENSP00000380676	CDHR5
ENSG00000143554	1.26	ENSP00000271857	SLC27A3
ENSG00000186566	1.26	ENSP00000467556	GPATCH8
ENSG00000130312	1.26	ENSP00000252602	MRPL34
	1.26	ENSP00000379866	COL4A4
ENSG00000008869	1.25	ENSP00000233099	HEATR5B
ENSG00000163686	1.25	ENSP00000295962	ABHD6
ENSG00000071994	1.25	ENSP00000439467	PDCD2
ENSG00000136273	1.25	ENSP00000258774	HUS1
ENSG00000243130	1.25	ENSP00000319140	PSG11
ENSG00000131871	1.25	ENSP00000381282	SELENOS
ENSG00000128294	1.25	ENSP00000339813	TPST2
ENSG00000149311	1.25	ENSP00000278616	ATM
ENSG00000168282	1.25	ENSP00000307423	MGAT2
ENSG00000174276	1.25	ENSP00000308548	ZNHIT2
ENSG00000042088	1.25	ENSP00000337353	TDP1
ENSG00000196428	1.25	ENSP00000354543	TSC22D2
ENSG00000133069	1.25	ENSP00000350718	TMCC2
ENSG00000130300	1.25	ENSP00000252590	PLVAP
ENSG00000078328	1.25	ENSP00000391269	RBFOX1
ENSG00000185567	1.25	ENSP00000353114	AHNAK2
	1.24	ENSP00000297056	DAGLB
ENSG00000179021	1.24	ENSP00000322469	C3orf38
ENSG00000113761	1.24	ENSP00000424495	ZNF346
ENSG00000124772	1.24	ENSP00000244751	CPNE5
	1.24	ENSP00000479969	ANGPTL8
ENSG00000132437	1.24	ENSP00000403644	DDC
ENSG00000115590	1.24	ENSP00000330959	IL1R2
ENSG00000213214	1.24	ENSP00000367355	ARHGEF35
ENSG00000109736	1.24	ENSP00000332646	MFSD10
ENSG00000108852	1.24	ENSP00000428182	MPP2
	1.24	ENSP00000360803	DNLZ
	1.24	ENSP00000262432	METTL2B
ENSG00000247626	1.24	ENSP00000282276	MARS2
ENSG00000110514	1.24	ENSP00000310933	MADD
ENSG00000187736	1.24	ENSP00000349313	NHEJ1
	1.24	ENSP00000265081	MSH3
ENSG00000100321	1.24	ENSP00000332287	SYNGR1
ENSG00000116191	1.24	ENSP00000356607	RALGPS2
	1.23	ENSP00000440100	MED24
ENSG00000185686	1.23	ENSP00000445675	PRAME
ENSG00000011422	1.23	ENSP00000339328	PLAUR
ENSG00000102098	1.23	ENSP00000251900	SCML2
ENSG00000072571	1.23	ENSP00000377492	HMMR
ENSG00000132694	1.23	ENSP00000357177	ARHGEF11
ENSG00000141854	1.23	ENSP00000465157	MISP3
ENSG00000258102	1.23	ENSP00000450524	MAP1LC3B2
ENSG00000110906	1.22	ENSP00000228495	KCTD10
ENSG00000072364	1.22	ENSP00000265343	AFF4
ENSG00000275302	1.22	ENSP00000482259	CCL4
ENSG00000179632	1.22	ENSP00000318604	MAF1
ENSG00000176153	1.22	ENSP00000374265	GPX2
ENSG00000256671	1.22	ENSP00000404432	LIMS4
ENSG00000256977	1.22	ENSP00000405165	LIMS3
ENSG00000178562	1.22	ENSP00000324890	CD28
ENSG00000104946	1.22	ENSP00000221543	TBC1D17
ENSG00000086102	1.22	ENSP00000368856	NFX1
ENSG00000050393	1.22	ENSP00000368468	MCUR1
ENSG00000070718	1.22	ENSP00000428787	AP3M2
	1.22	ENSP00000299957	CASC4
ENSG00000147439	1.22	ENSP00000276416	BIN3
ENSG00000196712	1.22	ENSP00000351015	NF1
	1.22	ENSP00000243045	ORMDL2
ENSG00000171729	1.22	ENSP00000365176	TMEM51
ENSG00000171791	1.22	ENSP00000381185	BCL2
ENSG00000100453	1.22	ENSP00000216341	GZMB
ENSG00000160695	1.22	ENSP00000481126	VPS11
ENSG00000095209	1.22	ENSP00000363824	TMEM38B
ENSG00000049283	1.21	ENSP00000268933	EPN3
	1.21	ENSP00000384369	METTL15
ENSG00000068308	1.21	ENSP00000156084	OTUD5
ENSG00000131470	1.21	ENSP00000377384	PSMC3IP
ENSG00000170439	1.21	ENSP00000377796	METTL7B
	1.21	ENSP00000251871	MED17
ENSG00000114113	1.21	ENSP00000232217	RBP2
ENSG00000111291	1.21	ENSP00000228887	GPRC5D
ENSG00000213689	1.21	ENSP00000486676	TREX1
ENSG00000130762	1.2	ENSP00000367629	ARHGEF16
ENSG00000141179	1.2	ENSP00000460437	PCTP
ENSG00000243137	1.2	ENSP00000384770	PSG4
ENSG00000100116	1.2	ENSP00000371110	GCAT
ENSG00000181904	1.2	ENSP00000378427	C5orf24
ENSG00000103067	1.2	ENSP00000418748	ESRP2
ENSG00000133805	1.2	ENSP00000379802	AMPD3
ENSG00000147679	1.2	ENSP00000308332	UTP23
ENSG00000083099	1.2	ENSP00000430025	LYRM2
ENSG00000097007	1.19	ENSP00000361423	ABL1
	1.19	ENSP00000343002	B3GLCT
ENSG00000132196	1.19	ENSP00000254521	HSD17B7
ENSG00000106483	1.19	ENSP00000410715	SFRP4
ENSG00000110852	1.19	ENSP00000228438	CLEC2B
ENSG00000136859	1.19	ENSP00000362524	ANGPTL2
ENSG00000109654	1.19	ENSP00000339659	TRIM2
ENSG00000031691	1.19	ENSP00000337289	CENPQ
	1.19	ENSP00000458021	PMF1-BGLAP
	1.19	ENSP00000221665	FIZ1
ENSG00000000457	1.19	ENSP00000356746	SCYL3
ENSG00000250021	1.19	ENSP00000381377	ARPIN-AP3S2
ENSG00000122756	1.18	ENSP00000368265	CNTFR
ENSG00000076826	1.18	ENSP00000416797	CAMSAP3
	1.18	ENSP00000261681	MPP5
ENSG00000168772	1.18	ENSP00000378248	CXXC4
ENSG00000113391	1.18	ENSP00000379294	FAM172A
ENSG00000080802	1.18	ENSP00000445508	CNOT4
ENSG00000101470	1.18	ENSP00000361636	TNNC2
ENSG00000143756	1.18	ENSP00000355827	FBXO28
ENSG00000198753	1.18	ENSP00000442736	PLXNB3
ENSG00000172007	1.18	ENSP00000306496	RAB33B
ENSG00000169957	1.18	ENSP00000369777	ZNF768
ENSG00000196353	1.18	ENSP00000478878	CPNE4
ENSG00000105085	1.18	ENSP00000263390	MED26
ENSG00000132670	1.18	ENSP00000369756	PTPRA
ENSG00000113658	1.18	ENSP00000441954	SMAD5
ENSG00000129250	1.18	ENSP00000320821	KIF1C
ENSG00000120925	1.18	ENSP00000445725	RNF170
	1.18	ENSP00000303108	VSTM2A
ENSG00000198909	1.18	ENSP00000354927	MAP3K3
ENSG00000100372	1.18	ENSP00000390722	SLC25A17
ENSG00000147459	1.18	ENSP00000276440	DOCK5
ENSG00000160218	1.17	ENSP00000291574	TRAPPC10
	1.17	ENSP00000368305	GPCPD1
ENSG00000178913	1.17	ENSP00000312709	TAF7
ENSG00000102359	1.17	ENSP00000362095	SRPX2
	1.17	ENSP00000445829	SLC39A11
ENSG00000175787	1.17	ENSP00000378792	ZNF169
	1.17	ENSP00000274849	ABT1
ENSG00000167987	1.17	ENSP00000301765	VPS37C
ENSG00000221826	1.17	ENSP00000332215	PSG3
ENSG00000105963	1.17	ENSP00000442682	ADAP1
ENSG00000124467	1.17	ENSP00000305005	PSG8
	1.17	ENSP00000366617	CBWD1
ENSG00000128563	1.17	ENSP00000419270	PRKRIP1
ENSG00000089127	1.16	ENSP00000388001	OAS1
	1.16	ENSP00000350333	SAP130
ENSG00000166478	1.16	ENSP00000379847	ZNF143
ENSG00000112983	1.16	ENSP00000254900	BRD8
ENSG00000145982	1.16	ENSP00000316335	FARS2
ENSG00000148158	1.16	ENSP00000363349	SNX30
	1.16	ENSP00000363840	COL11A2
ENSG00000060069	1.16	ENSP00000484525	CTDP1
ENSG00000204899	1.16	ENSP00000367049	MZT1
	1.16	ENSP00000386660	KDM3A
ENSG00000002726	1.16	ENSP00000411613	AOC1
ENSG00000124253	1.16	ENSP00000319814	PCK1
ENSG00000109321	1.16	ENSP00000379097	AREG
ENSG00000089685	1.16	ENSP00000301633	BIRC5
ENSG00000137501	1.16	ENSP00000318803	SYTL2
ENSG00000135679	1.16	ENSP00000258149	MDM2
ENSG00000101966	1.16	ENSP00000360242	XIAP
ENSG00000221978	1.16	ENSP00000383611	CCNL2
ENSG00000101546	1.16	ENSP00000305696	RBFA
	1.16	ENSP00000446880	BAZ2A
ENSG00000007062	1.16	ENSP00000426809	PROM1
ENSG00000163866	1.16	ENSP00000428585	SMIM12
ENSG00000159445	1.16	ENSP00000357804	THEM4
ENSG00000164932	1.15	ENSP00000330523	CTHRC1
ENSG00000117322	1.15	ENSP00000356024	CR2
	1.15	ENSP00000369126	CSNK1A1L
ENSG00000288701	1.15	ENSP00000349856	PRRC2B
ENSG00000183347	1.15	ENSP00000359485	GBP6
ENSG00000170298	1.15	ENSP00000315564	LGALS9B
ENSG00000115760	1.15	ENSP00000393596	BIRC6
ENSG00000125817	1.15	ENSP00000369075	CENPB
ENSG00000169621	1.15	ENSP00000307004	APLF
ENSG00000159256	1.15	ENSP00000383333	MORC3
ENSG00000170340	1.15	ENSP00000305595	B3GNT2
ENSG00000132561	1.15	ENSP00000254898	MATN2
ENSG00000257365	1.15	ENSP00000246166	FNTB
ENSG00000117399	1.15	ENSP00000361540	CDC20
	1.15	ENSP00000446872	GATC
ENSG00000126016	1.15	ENSP00000361027	AMOT
ENSG00000181523	1.15	ENSP00000314606	SGSH
ENSG00000170276	1.15	ENSP00000302476	HSPB2
	1.15	ENSP00000406027	EPM2AIP1
ENSG00000117408	1.15	ENSP00000361418	IPO13
ENSG00000221878	1.14	ENSP00000485117	PSG7
ENSG00000184867	1.14	ENSP00000349281	ARMCX2
ENSG00000185838	1.14	ENSP00000331313	GNB1L
ENSG00000164880	1.14	ENSP00000385722	INTS1
ENSG00000196704	1.14	ENSP00000464635	AMZ2
ENSG00000175206	1.14	ENSP00000365663	NPPA
ENSG00000111961	1.14	ENSP00000356437	SASH1
ENSG00000144712	1.14	ENSP00000387641	CAND2
ENSG00000160410	1.14	ENSP00000291842	SHKBP1
ENSG00000150527	1.14	ENSP00000491014	MIA2
ENSG00000188690	1.14	ENSP00000357787	UROS
ENSG00000089169	1.13	ENSP00000374036	RPH3A
ENSG00000076067	1.13	ENSP00000262031	RBMS2
ENSG00000187778	1.13	ENSP00000349640	MCRS1
ENSG00000006652	1.13	ENSP00000384477	IFRD1
	1.13	ENSP00000408367	CHTF8
ENSG00000184428	1.13	ENSP00000328835	TOP1MT
ENSG00000158270	1.13	ENSP00000383115	COLEC12
ENSG00000117724	1.13	ENSP00000355922	CENPF
ENSG00000113356	1.13	ENSP00000498469	POLR3G
ENSG00000185000	1.13	ENSP00000482264	DGAT1
	1.13	ENSP00000376139	WDR45B
ENSG00000197763	1.13	ENSP00000430031	TXNRD3
ENSG00000171763	1.13	ENSP00000305494	SPATA5L1
ENSG00000154027	1.13	ENSP00000346577	AK5
	1.13	ENSP00000420040	KCNIP2
ENSG00000091831	1.13	ENSP00000405330	ESR1
ENSG00000124171	1.13	ENSP00000360672	PARD6B
	1.13	ENSP00000368881	KIN
	1.13	ENSP00000298281	PCF11
ENSG00000213928	1.13	ENSP00000380073	IRF9
	1.13	ENSP00000361554	TIE1
ENSG00000024048	1.13	ENSP00000361990	UBR2
ENSG00000171916	1.13	ENSP00000329932	LGALS9C
ENSG00000196511	1.13	ENSP00000353165	TPK1
ENSG00000170525	1.13	ENSP00000492001	PFKFB3
	1.13	ENSP00000362332	TFAP2E
ENSG00000185664	1.13	ENSP00000402758	PMEL
ENSG00000127774	1.13	ENSP00000380322	EMC6
	1.12	ENSP00000310803	SFT2D3
ENSG00000117602	1.12	ENSP00000363516	RCAN3
ENSG00000082213	1.12	ENSP00000326879	C5orf22
ENSG00000146463	1.12	ENSP00000322915	ZMYM4
ENSG00000119392	1.12	ENSP00000308622	GLE1
ENSG00000204385	1.12	ENSP00000229729	SLC44A4
ENSG00000069869	1.12	ENSP00000424827	NEDD4
ENSG00000000003	1.12	ENSP00000362111	TSPAN6
ENSG00000171310	1.12	ENSP00000305725	CHST11
ENSG00000183495	1.12	ENSP00000374212	EP400
ENSG00000145388	1.12	ENSP00000373474	METTL14
ENSG00000258429	1.12	ENSP00000288022	PDF
ENSG00000006534	1.12	ENSP00000473990	ALDH3B1
	1.11	ENSP00000354688	DENND10
ENSG00000112343	1.11	ENSP00000349596	TRIM38
ENSG00000130522	1.11	ENSP00000252818	JUND
ENSG00000114988	1.11	ENSP00000366280	LMAN2L
ENSG00000122126	1.11	ENSP00000360154	OCRL
ENSG00000186501	1.11	ENSP00000483276	TMEM222
ENSG00000139645	1.11	ENSP00000267116	ANKRD52
ENSG00000076984	1.11	ENSP00000381070	MAP2K7
ENSG00000221926	1.11	ENSP00000497185	TRIM16
ENSG00000157823	1.11	ENSP00000338777	AP3S2
ENSG00000128891	1.11	ENSP00000452773	CCDC32
ENSG00000141564	1.11	ENSP00000307272	RPTOR
ENSG00000214022	1.11	ENSP00000417291	REPIN1
ENSG00000028137	1.11	ENSP00000365435	TNFRSF1B
ENSG00000112658	1.11	ENSP00000265354	SRF
ENSG00000189337	1.11	ENSP00000365198	KAZN
ENSG00000119772	1.11	ENSP00000264709	DNMT3A
ENSG00000105245	1.11	ENSP00000252891	NUMBL
	1.11	ENSP00000375629	LILRB2
ENSG00000151806	1.1	ENSP00000281543	GUF1
ENSG00000121766	1.1	ENSP00000480986	ZCCHC17
ENSG00000109685	1.1	ENSP00000372351	NSD2
ENSG00000136816	1.1	ENSP00000259339	TOR1B
ENSG00000025770	1.1	ENSP00000299821	NCAPH2
ENSG00000167191	1.1	ENSP00000300571	GPRC5B
ENSG00000213626	1.1	ENSP00000378733	LBH
ENSG00000074211	1.1	ENSP00000372042	PPP2R2C
ENSG00000166579	1.1	ENSP00000333982	NDEL1
ENSG00000182568	1.1	ENSP00000399518	SATB1
ENSG00000136940	1.1	ENSP00000259467	PDCL
ENSG00000129484	1.1	ENSP00000250416	PARP2
ENSG00000143322	1.1	ENSP00000427562	ABL2
ENSG00000073417	1.09	ENSP00000378056	PDE8A
	1.09	ENSP00000364860	ROR2
ENSG00000131375	1.09	ENSP00000253693	CAPN7
ENSG00000182742	1.09	ENSP00000328928	HOXB4
	1.09	ENSP00000384367	KCTD1
ENSG00000138785	1.09	ENSP00000415433	INTS12
ENSG00000168386	1.09	ENSP00000346560	FILIP1L
ENSG00000162396	1.09	ENSP00000360327	PARS2
ENSG00000118058	1.09	ENSP00000436786	KMT2A
ENSG00000076555	1.09	ENSP00000341044	ACACB
	1.09	ENSP00000302530	BUB1
ENSG00000125875	1.09	ENSP00000346139	TBC1D20
ENSG00000126464	1.09	ENSP00000394510	PRR12
ENSG00000161544	1.09	ENSP00000293230	CYGB
ENSG00000164576	1.09	ENSP00000297109	SAP30L
ENSG00000173991	1.09	ENSP00000312624	TCAP
ENSG00000138109	1.09	ENSP00000260682	CYP2C9
ENSG00000175826	1.09	ENSP00000460683	CTDNEP1
ENSG00000149418	1.09	ENSP00000278742	ST14
ENSG00000081479	1.09	ENSP00000496870	LRP2
ENSG00000117226	1.09	ENSP00000359512	GBP3
ENSG00000103066	1.09	ENSP00000219345	PLA2G15
ENSG00000205744	1.09	ENSP00000370889	DENND1C
ENSG00000138101	1.08	ENSP00000384084	DTNB
ENSG00000130244	1.08	ENSP00000252530	FAM98C
ENSG00000180357	1.08	ENSP00000316527	ZNF609
ENSG00000167716	1.08	ENSP00000386609	WDR81
ENSG00000007237	1.08	ENSP00000407552	GAS7
	1.08	ENSP00000399696	H7C1D1_HUMAN
ENSG00000135390	1.08	ENSP00000499883	ATP5MC2
ENSG00000149930	1.08	ENSP00000310094	TAOK2
ENSG00000133138	1.08	ENSP00000349781	TBC1D8B
ENSG00000133216	1.08	ENSP00000383053	EPHB2
ENSG00000173852	1.08	ENSP00000308695	DPY19L1
ENSG00000170448	1.08	ENSP00000422037	NFXL1
ENSG00000237441	1.08	ENSP00000420211	RGL2
ENSG00000177606	1.08	ENSP00000360266	JUN
ENSG00000046647	1.08	ENSP00000369895	GEMIN8
ENSG00000109083	1.08	ENSP00000464443	IFT20
	1.08	ENSP00000301945	ANTXR1
ENSG00000239887	1.08	ENSP00000413150	C1orf226
ENSG00000164164	1.08	ENSP00000409279	OTUD4
ENSG00000106261	1.08	ENSP00000323148	ZKSCAN1
	1.08	ENSP00000216756	CINP
	1.08	ENSP00000306528	DESI2
	1.07	ENSP00000441980	CEPT1
ENSG00000172269	1.07	ENSP00000386597	DPAGT1
ENSG00000120725	1.07	ENSP00000265195	SIL1
ENSG00000186866	1.07	ENSP00000339613	POFUT2
ENSG00000170634	1.07	ENSP00000475986	ACYP2
ENSG00000035720	1.07	ENSP00000265404	STAP1
ENSG00000145850	1.07	ENSP00000274532	TIMD4
ENSG00000091986	1.07	ENSP00000206423	CCDC80
ENSG00000101247	1.07	ENSP00000367346	NDUFAF5
ENSG00000144560	1.07	ENSP00000404251	VGLL4
ENSG00000111325	1.07	ENSP00000228922	OGFOD2
	1.07	ENSP00000381133	FGL1
ENSG00000140854	1.07	ENSP00000368982	KATNB1
ENSG00000137673	1.07	ENSP00000260227	MMP7
ENSG00000058600	1.07	ENSP00000299853	POLR3E
ENSG00000125954	1.07	ENSP00000447121	CHURC1-FNTB
ENSG00000174749	1.07	ENSP00000310182	FAM241A
ENSG00000235376	1.07	ENSP00000476672	RPEL1
ENSG00000165821	1.07	ENSP00000483562	SALL2
ENSG00000168283	1.07	ENSP00000365851	BMI1
ENSG00000152518	1.07	ENSP00000282388	ZFP36L2
ENSG00000198276	1.07	ENSP00000346155	UCKL1
ENSG00000148584	1.07	ENSP00000378868	A1CF
	1.07	ENSP00000438024	VNN3
ENSG00000173409	1.07	ENSP00000312458	ARV1
ENSG00000124784	1.06	ENSP00000369162	RIOK1
ENSG00000178773	1.06	ENSP00000268720	CPNE7
ENSG00000186174	1.06	ENSP00000335320	BCL9L
ENSG00000137413	1.06	ENSP00000362068	TAF8
ENSG00000134138	1.06	ENSP00000453793	MEIS2
ENSG00000109787	1.06	ENSP00000261438	KLF3
ENSG00000115339	1.06	ENSP00000376465	GALNT3
ENSG00000153165	1.06	ENSP00000386588	RGPD3
ENSG00000126062	1.06	ENSP00000266025	TMEM115
ENSG00000178031	1.06	ENSP00000369921	ADAMTSL1
ENSG00000170653	1.06	ENSP00000399465	ATF7
	1.06	ENSP00000333900	OIT3
ENSG00000164615	1.06	ENSP00000297156	CAMLG
ENSG00000156990	1.06	ENSP00000373331	RPUSD3
	1.06	ENSP00000364550	KDM5C
ENSG00000105429	1.06	ENSP00000251268	MEGF8
ENSG00000152495	1.06	ENSP00000282356	CAMK4
ENSG00000134376	1.06	ENSP00000356370	CRB1
ENSG00000174992	1.06	ENSP00000383563	ZG16
ENSG00000166189	1.06	ENSP00000299238	HPS6
ENSG00000185246	1.06	ENSP00000348010	PRPF39
ENSG00000196091	1.05	ENSP00000400908	MYBPC1
ENSG00000137731	1.05	ENSP00000292079	FXYD2
ENSG00000092068	1.05	ENSP00000320378	SLC7A8
ENSG00000112406	1.05	ENSP00000356630	HECA
ENSG00000163719	1.05	ENSP00000296003	MTMR14
	1.05	ENSP00000476225	U3KQU4_HUMAN
ENSG00000163214	1.05	ENSP00000405111	DHX57
ENSG00000156170	1.05	ENSP00000379430	NDUFAF6
ENSG00000136868	1.05	ENSP00000363329	SLC31A1
ENSG00000100056	1.05	ENSP00000252137	ESS2
ENSG00000146535	1.05	ENSP00000275364	GNA12
ENSG00000187325	1.05	ENSP00000339917	TAF9B
ENSG00000039523	1.05	ENSP00000400099	RIPOR1
ENSG00000118514	1.05	ENSP00000265605	ALDH8A1
ENSG00000227345	1.05	ENSP00000384408	PARG
ENSG00000171234	1.05	ENSP00000304811	UGT2B7
ENSG00000168334	1.04	ENSP00000343140	XIRP1
ENSG00000180776	1.04	ENSP00000383433	ZDHHC20
ENSG00000205022	1.04	ENSP00000408598	PABPN1L
	1.04	ENSP00000327959	TGIF1
ENSG00000143537	1.04	ENSP00000349436	ADAM15
ENSG00000166946	1.04	ENSP00000300213	CCNDBP1
ENSG00000095383	1.04	ENSP00000481721	TBC1D2
ENSG00000159579	1.04	ENSP00000443176	RSPRY1
ENSG00000099260	1.04	ENSP00000263174	PALMD
ENSG00000104613	1.04	ENSP00000381064	INTS10
ENSG00000100239	1.04	ENSP00000478417	PPP6R2
	1.04	ENSP00000360715	TMEM189
ENSG00000116679	1.04	ENSP00000356468	IVNS1ABP
ENSG00000198382	1.04	ENSP00000348455	UVRAG
ENSG00000068097	1.04	ENSP00000184956	HEATR6
ENSG00000106080	1.04	ENSP00000222803	FKBP14
ENSG00000172530	1.04	ENSP00000376902	BANP
ENSG00000126814	1.04	ENSP00000261249	TRMT5
ENSG00000101825	1.04	ENSP00000217939	MXRA5
ENSG00000083807	1.04	ENSP00000263093	SLC27A5
ENSG00000158125	1.04	ENSP00000368727	XDH
ENSG00000137414	1.04	ENSP00000259963	FAM8A1
	1.03	ENSP00000335044	ARID2
ENSG00000179526	1.03	ENSP00000381698	SHARPIN
	1.03	ENSP00000383226	KRTAP10-1
	1.03	ENSP00000386498	HOXD3
	1.03	ENSP00000261597	NDC80
ENSG00000158234	1.03	ENSP00000342805	FAIM
	1.03	ENSP00000295731	IHH
ENSG00000100450	1.03	ENSP00000216338	GZMH
	1.03	ENSP00000351473	GIMAP5
ENSG00000144283	1.03	ENSP00000374409	PKP4
ENSG00000113088	1.03	ENSP00000231009	GZMK
	1.03	ENSP00000309610	METTL2A
ENSG00000186470	1.03	ENSP00000366937	BTN3A2
ENSG00000100207	1.03	ENSP00000352463	TCF20
	1.03	ENSP00000334834	KRTAP13-4
ENSG00000204252	1.03	ENSP00000229829	HLA-DOA
	1.03	ENSP00000240285	RDH10
	1.03	ENSP00000330694	NSMCE3
ENSG00000165650	1.02	ENSP00000334642	PDZD8
	1.02	ENSP00000377033	ATP5MC1
ENSG00000073756	1.02	ENSP00000356438	PTGS2
ENSG00000144455	1.02	ENSP00000272902	SUMF1
ENSG00000170791	1.02	ENSP00000306425	CHCHD7
ENSG00000130775	1.02	ENSP00000363031	THEMIS2
ENSG00000166289	1.02	ENSP00000389787	PLEKHF1
ENSG00000143633	1.02	ENSP00000355609	C1orf131
ENSG00000164821	1.02	ENSP00000297435	DEFA4
ENSG00000239961	1.02	ENSP00000291759	LILRA4
ENSG00000012061	1.02	ENSP00000013807	ERCC1
	1.02	ENSP00000259324	LRRC8A
ENSG00000166387	1.02	ENSP00000299492	PPFIBP2
ENSG00000135838	1.02	ENSP00000258317	NPL
ENSG00000132128	1.02	ENSP00000477792	LRRC41
ENSG00000134193	1.02	ENSP00000346158	REG4
ENSG00000265203	1.02	ENSP00000463151	RBP3
ENSG00000125864	1.02	ENSP00000367104	BFSP1
ENSG00000111653	1.02	ENSP00000380024	ING4
ENSG00000157404	1.01	ENSP00000288135	KIT
ENSG00000105976	1.01	ENSP00000317272	MET
	1.01	ENSP00000263268	MREG
ENSG00000184584	1.01	ENSP00000498596	STING1
ENSG00000159200	1.01	ENSP00000370527	RCAN1
ENSG00000090447	1.01	ENSP00000204517	TFAP4
	1.01	ENSP00000475270	LCE1C
	1.01	ENSP00000252595	SLC27A1
ENSG00000143776	1.01	ENSP00000355731	CDC42BPA
ENSG00000130382	1.01	ENSP00000252674	MLLT1
ENSG00000126391	1.01	ENSP00000319726	FRMD8
ENSG00000155636	1.01	ENSP00000286070	RBM45
ENSG00000072134	1.01	ENSP00000320543	EPN2
ENSG00000130038	1.01	ENSP00000409382	CRACR2A
ENSG00000120693	1.01	ENSP00000369154	SMAD9
ENSG00000135828	1.01	ENSP00000356530	RNASEL
ENSG00000100599	1.01	ENSP00000216487	RIN3
	1.01	ENSP00000410910	MUSTN1
ENSG00000111602	1.01	ENSP00000450607	TIMELESS
ENSG00000168495	1.01	ENSP00000380904	POLR3D
ENSG00000151304	1.01	ENSP00000341324	SRFBP1
	1.0	ENSP00000385721	GGT2
ENSG00000198758	1.0	ENSP00000358820	EPS8L3
	1.0	ENSP00000371805	FBXL18
	1.0	ENSP00000362133	C1orf122
	1.0	ENSP00000377724	ORMDL3
ENSG00000082196	1.0	ENSP00000371497	C1QTNF3
	1.0	ENSP00000349270	HBM
ENSG00000171928	1.0	ENSP00000305654	TVP23B
	1.0	ENSP00000477507	RIOX1
ENSG00000136352	1.0	ENSP00000346879	NKX2-1
ENSG00000166923	0.999	ENSP00000498748	GREM1
ENSG00000144597	0.999	ENSP00000380054	EAF1
ENSG00000106351	0.997	ENSP00000300176	AGFG2
ENSG00000064300	0.997	ENSP00000172229	NGFR
ENSG00000165699	0.997	ENSP00000298552	TSC1
ENSG00000106993	0.997	ENSP00000371278	CDC37L1
ENSG00000170365	0.994	ENSP00000305769	SMAD1
	0.994	ENSP00000274400	GTF2H2
	0.993	ENSP00000413937	INPP5K
ENSG00000076864	0.993	ENSP00000363895	RAP1GAP
ENSG00000138433	0.993	ENSP00000339723	CIR1
ENSG00000104312	0.992	ENSP00000220751	RIPK2
ENSG00000108306	0.991	ENSP00000264658	FBXL20
ENSG00000198929	0.991	ENSP00000355133	NOS1AP
ENSG00000174485	0.991	ENSP00000391167	DENND4A
ENSG00000163644	0.991	ENSP00000477341	PPM1K
ENSG00000109103	0.99	ENSP00000337040	UNC119
ENSG00000124782	0.989	ENSP00000369270	RREB1
ENSG00000185305	0.988	ENSP00000433427	ARL15
ENSG00000152102	0.988	ENSP00000374565	FAM168B
ENSG00000142694	0.988	ENSP00000270824	EVA1B
	0.987	ENSP00000497527	INPP5F
ENSG00000198728	0.986	ENSP00000501277	LDB1
ENSG00000151892	0.986	ENSP00000347591	GFRA1
ENSG00000167775	0.984	ENSP00000301458	CD320
	0.984	ENSP00000273062	CTDSP1
ENSG00000100413	0.983	ENSP00000347345	POLR3H
	0.983	ENSP00000353295	CBWD3
	0.983	ENSP00000371842	CBWD5
	0.983	ENSP00000398655	ITK
ENSG00000119760	0.983	ENSP00000336750	SUPT7L
ENSG00000136997	0.983	ENSP00000478887	MYC
ENSG00000111676	0.982	ENSP00000379915	ATN1
ENSG00000148053	0.982	ENSP00000277120	NTRK2
ENSG00000140474	0.981	ENSP00000400312	ULK3
ENSG00000167914	0.981	ENSP00000301659	GSDMA
ENSG00000165175	0.981	ENSP00000483547	MID1IP1
	0.98	ENSP00000357759	LCE1E
	0.978	ENSP00000228843	RAD51AP1
ENSG00000007933	0.978	ENSP00000356729	FMO3
	0.977	ENSP00000353203	LCE1B
ENSG00000197077	0.977	ENSP00000351207	KIAA1671
ENSG00000075975	0.977	ENSP00000170447	MKRN2
ENSG00000145826	0.976	ENSP00000274507	LECT2
ENSG00000163348	0.975	ENSP00000357442	PYGO2
ENSG00000196862	0.975	ENSP00000386810	RGPD4
ENSG00000275023	0.974	ENSP00000479910	MLLT6
	0.973	ENSP00000394390	KCTD15
ENSG00000186132	0.972	ENSP00000386302	C2orf76
ENSG00000100852	0.972	ENSP00000371897	ARHGAP5
ENSG00000102886	0.972	ENSP00000384363	GDPD3
ENSG00000205659	0.971	ENSP00000451812	LIN52
ENSG00000160294	0.971	ENSP00000291688	MCM3AP
	0.971	ENSP00000319673	GPR89A
	0.971	ENSP00000358233	GPR89B
ENSG00000112414	0.971	ENSP00000356581	ADGRG6
ENSG00000066855	0.97	ENSP00000262146	MTFR1
	0.969	ENSP00000398017	CLDN9
	0.969	ENSP00000477908	CCL3
ENSG00000174740	0.969	ENSP00000308012	PABPC5
ENSG00000229894	0.968	ENSP00000489687	GK3P
ENSG00000162654	0.968	ENSP00000359490	GBP4
	0.968	ENSP00000004531	SLC7A2
ENSG00000172613	0.967	ENSP00000311360	RAD9A
ENSG00000124212	0.967	ENSP00000244043	PTGIS
ENSG00000187627	0.967	ENSP00000453170	RGPD1
ENSG00000154059	0.966	ENSP00000284202	IMPACT
ENSG00000172113	0.966	ENSP00000416658	NME6
ENSG00000196411	0.965	ENSP00000350896	EPHB4
ENSG00000077458	0.965	ENSP00000351631	FAM76B
ENSG00000082014	0.963	ENSP00000262188	SMARCD3
ENSG00000170627	0.963	ENSP00000446485	GTSF1
ENSG00000100281	0.963	ENSP00000216106	HMGXB4
ENSG00000103248	0.962	ENSP00000354152	MTHFSD
ENSG00000185304	0.961	ENSP00000381214	RGPD2
ENSG00000132965	0.961	ENSP00000479870	ALOX5AP
ENSG00000239474	0.96	ENSP00000284669	KLHL41
ENSG00000107105	0.96	ENSP00000369453	ELAVL2
ENSG00000187097	0.959	ENSP00000335246	ENTPD5
	0.959	ENSP00000489583	NBDY
ENSG00000196588	0.959	ENSP00000498671	MRTFA
	0.959	ENSP00000363055	ZWINT
ENSG00000105053	0.959	ENSP00000469880	VRK3
ENSG00000130147	0.958	ENSP00000386862	SH3BP4
ENSG00000167751	0.956	ENSP00000313581	KLK2
ENSG00000099889	0.956	ENSP00000263207	ARVCF
ENSG00000138131	0.954	ENSP00000260702	LOXL4
	0.954	ENSP00000258742	NUP42
ENSG00000104549	0.954	ENSP00000265896	SQLE
ENSG00000164877	0.954	ENSP00000297508	MICALL2
ENSG00000169715	0.953	ENSP00000328137	MT1E
	0.953	ENSP00000259199	CBWD2
ENSG00000164713	0.953	ENSP00000297290	BRI3
ENSG00000010270	0.952	ENSP00000009041	STARD3NL
ENSG00000204936	0.952	ENSP00000479536	CD177
ENSG00000129680	0.952	ENSP00000318086	MAP7D3
ENSG00000067177	0.952	ENSP00000362643	PHKA1
ENSG00000128829	0.951	ENSP00000263791	EIF2AK4
ENSG00000100354	0.951	ENSP00000401946	TNRC6B
ENSG00000184209	0.951	ENSP00000403310	SNRNP35
ENSG00000157873	0.951	ENSP00000347948	TNFRSF14
ENSG00000187838	0.951	ENSP00000459019	PLSCR3
ENSG00000138190	0.949	ENSP00000260762	EXOC6
ENSG00000124151	0.949	ENSP00000361066	NCOA3
ENSG00000054938	0.948	ENSP00000263671	CHRDL2
ENSG00000165304	0.948	ENSP00000298048	MELK
	0.948	ENSP00000302289	EMB
ENSG00000168517	0.947	ENSP00000302276	HEXIM2
	0.947	ENSP00000334998	MT1B
ENSG00000176595	0.945	ENSP00000321544	KBTBD11
ENSG00000149798	0.945	ENSP00000279249	CDC42EP2
ENSG00000152670	0.945	ENSP00000424838	DDX4
ENSG00000106733	0.945	ENSP00000366007	NMRK1
ENSG00000107679	0.944	ENSP00000357986	PLEKHA1
ENSG00000151065	0.943	ENSP00000280665	DCP1B
ENSG00000214367	0.942	ENSP00000243706	HAUS3
	0.941	ENSP00000362863	REEP3
ENSG00000063978	0.94	ENSP00000426503	RNF4
ENSG00000168234	0.94	ENSP00000323645	TTC39C
ENSG00000158882	0.94	ENSP00000356967	TOMM40L
ENSG00000164941	0.939	ENSP00000430338	INTS8
ENSG00000184445	0.938	ENSP00000328236	KNTC1
ENSG00000012171	0.938	ENSP00000480680	SEMA3B
ENSG00000167272	0.937	ENSP00000350098	POP5
ENSG00000139547	0.937	ENSP00000381206	RDH16
	0.936	ENSP00000463233	PABPC4L
ENSG00000095066	0.936	ENSP00000380785	HOOK2
ENSG00000155495	0.935	ENSP00000285879	MAGEC1
ENSG00000100084	0.935	ENSP00000263208	HIRA
ENSG00000130024	0.934	ENSP00000341805	PHF10
ENSG00000157214	0.934	ENSP00000378119	STEAP2
ENSG00000101216	0.933	ENSP00000266068	GMEB2
ENSG00000136381	0.933	ENSP00000258886	IREB2
ENSG00000176018	0.931	ENSP00000314518	LYSMD3
ENSG00000109193	0.93	ENSP00000226444	SULT1E1
ENSG00000185950	0.929	ENSP00000365016	IRS2
	0.929	ENSP00000496315	ENSP00000496315
ENSG00000137166	0.928	ENSP00000362151	FOXP4
ENSG00000177058	0.927	ENSP00000380074	SLC38A9
ENSG00000130559	0.927	ENSP00000374183	CAMSAP1
ENSG00000132763	0.927	ENSP00000383840	MMACHC
	0.926	ENSP00000347649	P3H4
ENSG00000111358	0.926	ENSP00000445162	GTF2H3
	0.926	ENSP00000358955	KIAA1324
ENSG00000138439	0.925	ENSP00000376071	FAM117B
ENSG00000172890	0.924	ENSP00000326424	NADSYN1
ENSG00000155313	0.924	ENSP00000383044	USP25
ENSG00000115109	0.924	ENSP00000263713	EPB41L5
	0.924	ENSP00000255476	RFXAP
ENSG00000173546	0.924	ENSP00000312506	CSPG4
	0.923	ENSP00000363001	SMPDL3B
ENSG00000065057	0.923	ENSP00000219066	NTHL1
ENSG00000025423	0.923	ENSP00000451406	HSD17B6
ENSG00000154016	0.922	ENSP00000284154	GRAP
ENSG00000122585	0.922	ENSP00000384364	NPY
ENSG00000162496	0.922	ENSP00000480439	DHRS3
ENSG00000173276	0.921	ENSP00000308759	ZBTB21
ENSG00000127152	0.921	ENSP00000349723	BCL11B
ENSG00000160602	0.921	ENSP00000268766	NEK8
ENSG00000187257	0.921	ENSP00000334040	RSBN1L
ENSG00000055483	0.92	ENSP00000441214	USP36
ENSG00000184613	0.919	ENSP00000416341	NELL2
ENSG00000006282	0.919	ENSP00000006658	SPATA20
ENSG00000240303	0.919	ENSP00000264990	ACAD11
ENSG00000169718	0.918	ENSP00000303515	DUS1L
	0.918	ENSP00000348632	RBCK1
	0.917	ENSP00000358120	PLEKHO1
ENSG00000140521	0.917	ENSP00000399851	POLG
ENSG00000132622	0.917	ENSP00000254963	HSPA12B
	0.917	ENSP00000428780	CLDN23
ENSG00000100106	0.916	ENSP00000496394	TRIOBP
ENSG00000140937	0.916	ENSP00000268603	CDH11
ENSG00000120868	0.915	ENSP00000448165	APAF1
ENSG00000088387	0.915	ENSP00000365643	DOCK9
	0.915	ENSP00000346464	VPS72
ENSG00000133773	0.913	ENSP00000256151	CCDC59
	0.912	ENSP00000406037	KAT8
ENSG00000169598	0.912	ENSP00000339524	DFFB
ENSG00000119042	0.912	ENSP00000401112	SATB2
ENSG00000100897	0.911	ENSP00000415556	DCAF11
	0.91	ENSP00000254998	NXT1
ENSG00000103249	0.91	ENSP00000372193	CLCN7
ENSG00000115523	0.91	ENSP00000436423	GNLY
ENSG00000205707	0.91	ENSP00000450584	ETFRF1
ENSG00000046653	0.91	ENSP00000316861	GPM6B
ENSG00000198689	0.909	ENSP00000359729	SLC9A6
ENSG00000242110	0.909	ENSP00000371517	AMACR
ENSG00000221866	0.908	ENSP00000352882	PLXNA4
ENSG00000144821	0.908	ENSP00000273353	MYH15
ENSG00000138308	0.906	ENSP00000362123	PLA2G12B
ENSG00000106631	0.906	ENSP00000223364	MYL7
ENSG00000145782	0.905	ENSP00000425107	ATG12
ENSG00000148803	0.905	ENSP00000278025	FUOM
ENSG00000108176	0.905	ENSP00000225171	DNAJC12
ENSG00000169908	0.904	ENSP00000304277	TM4SF1
ENSG00000012048	0.904	ENSP00000418960	BRCA1
ENSG00000265972	0.904	ENSP00000462521	TXNIP
ENSG00000203705	0.903	ENSP00000431376	TATDN3
ENSG00000129518	0.903	ENSP00000250454	EAPP
ENSG00000166548	0.903	ENSP00000299697	TK2
	0.903	ENSP00000243314	MAGEA9
	0.903	ENSP00000471017	MAGEA9B
ENSG00000166428	0.903	ENSP00000438677	PLD4
ENSG00000143217	0.902	ENSP00000356991	NECTIN4
	0.902	ENSP00000392398	GPX5
ENSG00000101986	0.902	ENSP00000218104	ABCD1
ENSG00000254901	0.9	ENSP00000425864	BORCS8
ENSG00000107485	0.899	ENSP00000368632	GATA3
ENSG00000143319	0.899	ENSP00000323424	ISG20L2
	0.899	ENSP00000482263	ENSP00000482263
ENSG00000141447	0.898	ENSP00000320291	OSBPL1A
	0.898	ENSP00000256255	SARAF
ENSG00000131781	0.897	ENSP00000254090	FMO5
ENSG00000164187	0.897	ENSP00000296603	LMBRD2
ENSG00000167434	0.896	ENSP00000300900	CA4
	0.896	ENSP00000359230	HAUS7
ENSG00000163170	0.895	ENSP00000331369	BOLA3
ENSG00000154832	0.894	ENSP00000390475	CXXC1
ENSG00000149260	0.894	ENSP00000498132	CAPN5
ENSG00000177191	0.893	ENSP00000312700	B3GNT8
ENSG00000100403	0.893	ENSP00000345793	ZC3H7B
ENSG00000013561	0.892	ENSP00000324956	RNF14
ENSG00000182628	0.892	ENSP00000333433	SKA2
ENSG00000168216	0.892	ENSP00000497690	LMBRD1
ENSG00000118900	0.891	ENSP00000262376	UBN1
ENSG00000083799	0.89	ENSP00000392025	CYLD
	0.89	ENSP00000305529	SIRPG
ENSG00000028839	0.89	ENSP00000237264	TBPL1
ENSG00000106635	0.89	ENSP00000411073	BCL7B
ENSG00000103111	0.889	ENSP00000248248	MON1B
ENSG00000113721	0.888	ENSP00000261799	PDGFRB
	0.888	ENSP00000493121	SRGAP2B
ENSG00000133275	0.888	ENSP00000255641	CSNK1G2
ENSG00000159339	0.887	ENSP00000364597	PADI4
	0.887	ENSP00000309515	PHYHD1
ENSG00000105647	0.887	ENSP00000222254	PIK3R2
	0.887	ENSP00000389903	LETMD1
ENSG00000132849	0.887	ENSP00000494277	PATJ
ENSG00000175718	0.886	ENSP00000417451	RBMXL3
ENSG00000134109	0.886	ENSP00000256497	EDEM1
ENSG00000143156	0.886	ENSP00000356785	NME7
	0.886	ENSP00000478290	SRGAP2C
ENSG00000213064	0.885	ENSP00000271375	SFT2D2
ENSG00000101084	0.884	ENSP00000341213	RAB5IF
ENSG00000058453	0.884	ENSP00000364691	CROCC
ENSG00000087510	0.884	ENSP00000201031	TFAP2C
ENSG00000218891	0.883	ENSP00000320188	ZNF579
	0.883	ENSP00000366608	CBWD6
ENSG00000102786	0.883	ENSP00000310260	INTS6
	0.882	ENSP00000475724	CSNK1G1
	0.882	ENSP00000344577	APOL3
ENSG00000128191	0.882	ENSP00000263209	DGCR8
ENSG00000152382	0.881	ENSP00000356848	TADA1
ENSG00000198420	0.881	ENSP00000419235	TCAF1
	0.881	ENSP00000335060	HPDL
ENSG00000129197	0.88	ENSP00000385814	RPAIN
ENSG00000105609	0.88	ENSP00000406478	LILRB5
ENSG00000066629	0.88	ENSP00000334314	EML1
ENSG00000165630	0.879	ENSP00000367835	PRPF18
ENSG00000052723	0.878	ENSP00000358541	SIKE1
ENSG00000099992	0.878	ENSP00000384996	TBC1D10A
ENSG00000102575	0.878	ENSP00000218758	ACP5
ENSG00000197555	0.877	ENSP00000450832	SIPA1L1
ENSG00000165689	0.877	ENSP00000349929	ENTR1
	0.876	ENSP00000257566	TBX3
ENSG00000205413	0.875	ENSP00000369292	SAMD9
ENSG00000138382	0.874	ENSP00000260953	METTL5
ENSG00000124766	0.873	ENSP00000244745	SOX4
ENSG00000176171	0.873	ENSP00000357625	BNIP3
ENSG00000119661	0.873	ENSP00000452037	DNAL1
ENSG00000131174	0.873	ENSP00000497474	COX7B
ENSG00000117009	0.872	ENSP00000355517	KMO
ENSG00000167202	0.872	ENSP00000300584	TBC1D2B
ENSG00000126070	0.871	ENSP00000362287	AGO3
ENSG00000206527	0.87	ENSP00000373153	HACD2
	0.87	ENSP00000495240	CHD8
ENSG00000162769	0.869	ENSP00000355938	FLVCR1
ENSG00000196151	0.869	ENSP00000387078	WDSUB1
ENSG00000100151	0.868	ENSP00000385205	PICK1
ENSG00000196715	0.868	ENSP00000403077	VKORC1L1
ENSG00000122787	0.868	ENSP00000242375	AKR1D1
ENSG00000108557	0.868	ENSP00000323074	RAI1
ENSG00000169570	0.868	ENSP00000425048	DTWD2
ENSG00000076351	0.866	ENSP00000480703	SLC46A1
ENSG00000156239	0.866	ENSP00000303584	N6AMT1
ENSG00000163933	0.866	ENSP00000296292	RFT1
ENSG00000166396	0.866	ENSP00000381101	SERPINB7
	0.866	ENSP00000359114	COL11A1
ENSG00000091157	0.865	ENSP00000254442	WDR7
ENSG00000167394	0.864	ENSP00000442573	ZNF668
ENSG00000235194	0.863	ENSP00000408288	PPP1R3E
ENSG00000275052	0.863	ENSP00000483228	PPP4R3B
ENSG00000119401	0.862	ENSP00000408292	TRIM32
ENSG00000141569	0.862	ENSP00000269383	TRIM65
ENSG00000132746	0.861	ENSP00000501254	ALDH3B2
ENSG00000148400	0.861	ENSP00000498587	NOTCH1
ENSG00000108963	0.861	ENSP00000263083	DPH1
	0.86	ENSP00000497169	ENSP00000497169
ENSG00000168806	0.859	ENSP00000307214	LCMT2
ENSG00000132680	0.859	ENSP00000357304	KHDC4
ENSG00000111110	0.858	ENSP00000228705	PPM1H
ENSG00000124067	0.858	ENSP00000395983	SLC12A4
ENSG00000177054	0.858	ENSP00000400113	ZDHHC13
ENSG00000153802	0.857	ENSP00000283916	TMPRSS11D
	0.857	ENSP00000271651	CTSK
ENSG00000108523	0.856	ENSP00000262482	RNF167
ENSG00000257335	0.856	ENSP00000447378	MGAM
ENSG00000068305	0.856	ENSP00000453095	MEF2A
ENSG00000197579	0.855	ENSP00000353735	TOPORS
	0.855	ENSP00000259371	DAB2IP
ENSG00000188811	0.855	ENSP00000368920	NHLRC3
	0.855	ENSP00000219139	C16orf70
ENSG00000239713	0.855	ENSP00000385057	APOBEC3G
ENSG00000089234	0.854	ENSP00000403524	BRAP
ENSG00000116824	0.853	ENSP00000358490	CD2
ENSG00000155755	0.853	ENSP00000386264	TMEM237
ENSG00000175137	0.852	ENSP00000355428	SH3BP5L
	0.851	ENSP00000383178	DIAPH3
ENSG00000159873	0.85	ENSP00000249064	CCDC117
ENSG00000140006	0.85	ENSP00000378399	WDR89
	0.849	ENSP00000359198	PPDPF
ENSG00000188001	0.849	ENSP00000341031	TPRG1
ENSG00000128607	0.849	ENSP00000334140	KLHDC10
ENSG00000165480	0.849	ENSP00000319417	SKA3
	0.848	ENSP00000366955	KRTAP4-2
ENSG00000118200	0.848	ENSP00000236925	CAMSAP2
	0.848	ENSP00000316589	RANBP10
ENSG00000175463	0.848	ENSP00000443654	TBC1D10C
ENSG00000104368	0.848	ENSP00000220809	PLAT
ENSG00000100784	0.848	ENSP00000479667	RPS6KA5
ENSG00000164609	0.847	ENSP00000297151	SLU7
ENSG00000170191	0.847	ENSP00000302441	NANP
ENSG00000117266	0.846	ENSP00000423665	CDK18
ENSG00000235162	0.846	ENSP00000448536	C12orf75
ENSG00000176095	0.845	ENSP00000482032	IP6K1
ENSG00000174938	0.845	ENSP00000481917	SEZ6L2
ENSG00000174915	0.844	ENSP00000308258	PTDSS2
ENSG00000116141	0.844	ENSP00000483424	MARK1
	0.844	ENSP00000429865	TVP23C-CDRT4
ENSG00000100926	0.843	ENSP00000261789	TM9SF1
ENSG00000145386	0.843	ENSP00000481380	CCNA2
	0.842	ENSP00000447057	C12orf45
ENSG00000139330	0.842	ENSP00000266719	KERA
ENSG00000171174	0.841	ENSP00000306817	RBKS
ENSG00000145708	0.841	ENSP00000274368	CRHBP
ENSG00000204366	0.841	ENSP00000364677	ZBTB12
ENSG00000113448	0.841	ENSP00000345502	PDE4D
	0.84	ENSP00000454500	H3BMQ9_HUMAN
ENSG00000079335	0.84	ENSP00000354916	CDC14A
	0.839	ENSP00000400533	CCL24
	0.839	ENSP00000410818	MAD2L1BP
ENSG00000106617	0.839	ENSP00000287878	PRKAG2
ENSG00000157106	0.837	ENSP00000402515	SMG1
	0.837	ENSP00000333934	TRMT11
ENSG00000172795	0.837	ENSP00000373715	DCP2
ENSG00000117480	0.837	ENSP00000243167	FAAH
ENSG00000163743	0.837	ENSP00000321239	RCHY1
ENSG00000143476	0.836	ENSP00000355958	DTL
ENSG00000165240	0.835	ENSP00000345728	ATP7A
ENSG00000127415	0.835	ENSP00000247933	IDUA
	0.835	ENSP00000371221	MTMR6
ENSG00000183814	0.835	ENSP00000329102	LIN9
ENSG00000197969	0.834	ENSP00000353422	VPS13A
ENSG00000163378	0.834	ENSP00000373206	EOGT
ENSG00000214706	0.834	ENSP00000402849	IFRD2
ENSG00000162702	0.833	ENSP00000294740	ZNF281
ENSG00000169371	0.833	ENSP00000454852	SNUPN
ENSG00000143942	0.832	ENSP00000295304	CHAC2
	0.831	ENSP00000499467	ENSP00000499467
ENSG00000136935	0.831	ENSP00000362656	GOLGA1
	0.83	ENSP00000355800	TMEM63A
ENSG00000166971	0.829	ENSP00000300245	AKTIP
ENSG00000064961	0.829	ENSP00000328269	HMG20B
	0.828	ENSP00000369681	USP3
ENSG00000175221	0.828	ENSP00000325612	MED16
ENSG00000054523	0.827	ENSP00000263934	KIF1B
ENSG00000113595	0.826	ENSP00000231524	TRIM23
	0.826	ENSP00000282096	PDE3B
	0.826	ENSP00000251372	LILRA1
ENSG00000113272	0.826	ENSP00000231198	THG1L
	0.825	ENSP00000410603	FAM131B
ENSG00000164050	0.825	ENSP00000351338	PLXNB1
ENSG00000122203	0.824	ENSP00000298569	KIAA1191
	0.824	ENSP00000455716	OST4
ENSG00000144589	0.824	ENSP00000389383	STK11IP
	0.824	ENSP00000379804	OSBPL10
ENSG00000267281	0.823	ENSP00000466174	ATF7-NPFF
	0.823	ENSP00000325819	NR2F1
ENSG00000132313	0.823	ENSP00000338389	MRPL35
	0.821	ENSP00000287957	GATAD1
ENSG00000129696	0.821	ENSP00000478396	TTI2
ENSG00000110080	0.82	ENSP00000436047	ST3GAL4
ENSG00000139146	0.82	ENSP00000337477	SINHCAF
ENSG00000106683	0.819	ENSP00000336740	LIMK1
ENSG00000189143	0.819	ENSP00000409544	CLDN4
ENSG00000173218	0.819	ENSP00000347672	VANGL1
ENSG00000072133	0.818	ENSP00000262752	RPS6KA6
	0.817	ENSP00000379212	PODN
ENSG00000134802	0.817	ENSP00000434515	SLC43A3
	0.816	ENSP00000417556	H7C4K7_HUMAN
ENSG00000167306	0.816	ENSP00000285039	MYO5B
ENSG00000140511	0.816	ENSP00000457180	HAPLN3
ENSG00000198176	0.815	ENSP00000364519	TFDP1
	0.815	ENSP00000233331	INO80B
	0.815	ENSP00000362727	DENND1A
ENSG00000144810	0.814	ENSP00000261037	COL8A1
	0.814	ENSP00000281623	FBXO4
ENSG00000028310	0.814	ENSP00000419765	BRD9
ENSG00000148835	0.813	ENSP00000358854	TAF5
ENSG00000075303	0.813	ENSP00000344831	SLC25A40
ENSG00000074276	0.813	ENSP00000424565	CDHR2
ENSG00000110719	0.812	ENSP00000265686	TCIRG1
ENSG00000083307	0.812	ENSP00000495564	GRHL2
ENSG00000142765	0.81	ENSP00000440704	SYTL1
ENSG00000169629	0.809	ENSP00000306637	RGPD8
ENSG00000161714	0.809	ENSP00000479636	PLCD3
ENSG00000124275	0.808	ENSP00000402510	MTRR
	0.808	ENSP00000351905	TGFBR2
ENSG00000140519	0.807	ENSP00000268122	RHCG
ENSG00000169692	0.807	ENSP00000360761	AGPAT2
ENSG00000136457	0.807	ENSP00000258969	CHAD
ENSG00000189241	0.806	ENSP00000357597	TSPYL1
	0.806	ENSP00000335397	RTN4RL2
ENSG00000177576	0.804	ENSP00000480941	C18orf32
ENSG00000171224	0.803	ENSP00000362376	FAM241B
ENSG00000164076	0.803	ENSP00000419195	CAMKV
ENSG00000100479	0.802	ENSP00000216367	POLE2
ENSG00000058085	0.802	ENSP00000264144	LAMC2
	0.802	ENSP00000328182	CLN8
ENSG00000163995	0.802	ENSP00000393511	ABLIM2
ENSG00000178053	0.801	ENSP00000376568	MLF1
ENSG00000128585	0.801	ENSP00000323527	MKLN1
ENSG00000135929	0.8	ENSP00000258415	CYP27A1
ENSG00000153563	0.8	ENSP00000386559	CD8A
ENSG00000172366	0.8	ENSP00000305138	MCRIP2
ENSG00000198168	0.8	ENSP00000346130	SVIP
ENSG00000171759	0.799	ENSP00000448059	PAH
ENSG00000162892	0.798	ENSP00000375795	IL24
ENSG00000183036	0.798	ENSP00000329403	PCP4
	0.798	ENSP00000287490	COX6A2
	0.798	ENSP00000376457	ECT2
ENSG00000117525	0.797	ENSP00000334145	F3
ENSG00000164398	0.797	ENSP00000498260	ACSL6
ENSG00000276231	0.797	ENSP00000480157	PIK3R6
ENSG00000150760	0.796	ENSP00000485033	DOCK1
ENSG00000008130	0.796	ENSP00000367890	NADK
ENSG00000075131	0.795	ENSP00000261881	TIPIN
ENSG00000173153	0.795	ENSP00000384851	ESRRA
ENSG00000166716	0.795	ENSP00000452877	ZNF592
ENSG00000154451	0.794	ENSP00000359488	GBP5
	0.793	ENSP00000354772	MVB12B
	0.793	ENSP00000422907	GTF2H2C
ENSG00000119487	0.792	ENSP00000265960	MAPKAP1
	0.792	ENSP00000485484	SMIM11B
	0.792	ENSP00000498771	SMIM11A
ENSG00000163512	0.792	ENSP00000419371	AZI2
ENSG00000150787	0.791	ENSP00000280362	PTS
ENSG00000240694	0.79	ENSP00000429344	PNMA2
ENSG00000068383	0.79	ENSP00000357583	INPP5A
ENSG00000164970	0.79	ENSP00000499069	FAM219A
ENSG00000080573	0.789	ENSP00000264828	COL5A3
ENSG00000101363	0.788	ENSP00000362707	MANBAL
ENSG00000132436	0.788	ENSP00000410811	FIGNL1
ENSG00000064545	0.787	ENSP00000162044	TMEM161A
ENSG00000219073	0.787	ENSP00000338369	CELA3B
ENSG00000179914	0.787	ENSP00000323587	ITLN1
ENSG00000147081	0.787	ENSP00000351327	AKAP4
ENSG00000118849	0.787	ENSP00000237696	RARRES1
ENSG00000176476	0.787	ENSP00000316114	SGF29
ENSG00000143603	0.787	ENSP00000481848	KCNN3
ENSG00000033327	0.787	ENSP00000354952	GAB2
ENSG00000167081	0.787	ENSP00000362588	PBX3
ENSG00000115163	0.786	ENSP00000336868	CENPA
ENSG00000165757	0.786	ENSP00000364526	JCAD
ENSG00000122033	0.786	ENSP00000370508	MTIF3
	0.786	ENSP00000342538	STMN4
ENSG00000108506	0.786	ENSP00000414237	INTS2
	0.785	ENSP00000273853	CENPC
ENSG00000014824	0.785	ENSP00000264451	SLC30A9
ENSG00000136197	0.785	ENSP00000413029	C7orf25
	0.784	ENSP00000314295	EEF1AKMT4
ENSG00000135407	0.784	ENSP00000257861	AVIL
ENSG00000151694	0.783	ENSP00000309968	ADAM17
	0.782	ENSP00000499455	FOXO3B
ENSG00000114439	0.782	ENSP00000319974	BBX
ENSG00000183828	0.781	ENSP00000376349	NUDT14
ENSG00000173575	0.781	ENSP00000377747	CHD2
	0.78	ENSP00000294117	GNG3
ENSG00000159650	0.779	ENSP00000373073	UROC1
ENSG00000079689	0.779	ENSP00000367197	SCGN
	0.779	ENSP00000216361	COCH
ENSG00000109686	0.779	ENSP00000302913	SH3D19
	0.778	ENSP00000363412	DNAJC25-GNG10
ENSG00000141452	0.777	ENSP00000269221	RMC1
ENSG00000125482	0.777	ENSP00000333920	TTF1
ENSG00000088002	0.777	ENSP00000201586	SULT2B1
ENSG00000147548	0.775	ENSP00000313983	NSD3
ENSG00000180902	0.775	ENSP00000315351	D2HGDH
ENSG00000143324	0.775	ENSP00000356562	XPR1
	0.775	ENSP00000425996	STMP1
ENSG00000187678	0.774	ENSP00000344967	SPRY4
	0.773	ENSP00000286574	WIF1
ENSG00000167930	0.773	ENSP00000382814	FAM234A
ENSG00000158411	0.773	ENSP00000289359	MITD1
ENSG00000089123	0.772	ENSP00000338624	TASP1
ENSG00000085511	0.772	ENSP00000375986	MAP3K4
ENSG00000110484	0.772	ENSP00000227918	SCGB2A2
ENSG00000116132	0.771	ENSP00000239461	PRRX1
ENSG00000141338	0.77	ENSP00000467271	ABCA8
ENSG00000169242	0.769	ENSP00000357392	EFNA1
	0.769	ENSP00000470383	M0QZ92_HUMAN
ENSG00000182810	0.768	ENSP00000332340	DDX28
	0.768	ENSP00000309899	NARF
ENSG00000145824	0.768	ENSP00000337065	CXCL14
ENSG00000104728	0.768	ENSP00000431012	ARHGEF10
ENSG00000122550	0.767	ENSP00000343273	KLHL7
ENSG00000005100	0.767	ENSP00000225296	DHX33
	0.766	ENSP00000264431	RAPGEF2
	0.766	ENSP00000393559	PACS2
ENSG00000005187	0.766	ENSP00000289416	ACSM3
ENSG00000115970	0.765	ENSP00000385995	THADA
	0.765	ENSP00000328444	KRTAP4-8
ENSG00000015568	0.765	ENSP00000016946	RGPD5
ENSG00000183054	0.765	ENSP00000330842	RGPD6
ENSG00000162437	0.765	ENSP00000360112	RAVER2
	0.764	ENSP00000222482	CPA4
ENSG00000172301	0.763	ENSP00000304327	COPRS
ENSG00000055208	0.763	ENSP00000356426	TAB2
	0.763	ENSP00000265651	FBXO3
ENSG00000083750	0.762	ENSP00000262850	RRAGB
ENSG00000104427	0.762	ENSP00000263849	ZC2HC1A
ENSG00000101871	0.762	ENSP00000414521	MID1
ENSG00000118193	0.762	ENSP00000356319	KIF14
	0.761	ENSP00000355747	PSEN2
ENSG00000182504	0.761	ENSP00000342510	CEP97
	0.76	ENSP00000344420	KRTAP1-3
ENSG00000101752	0.76	ENSP00000261537	MIB1
ENSG00000258289	0.76	ENSP00000475473	CHURC1
ENSG00000165929	0.759	ENSP00000387882	TC2N
ENSG00000159082	0.759	ENSP00000409667	SYNJ1
ENSG00000106785	0.758	ENSP00000344208	TRIM14
ENSG00000115486	0.758	ENSP00000233838	GGCX
	0.757	ENSP00000338927	ZNF385A
	0.757	ENSP00000268876	UNC45B
ENSG00000157827	0.757	ENSP00000288670	FMNL2
ENSG00000146122	0.756	ENSP00000381876	DAAM2
ENSG00000134013	0.755	ENSP00000373783	LOXL2
ENSG00000120071	0.755	ENSP00000387393	KANSL1
ENSG00000115239	0.754	ENSP00000499751	ASB3
ENSG00000167799	0.754	ENSP00000365883	NUDT8
ENSG00000171951	0.754	ENSP00000304133	SCG2
ENSG00000125675	0.754	ENSP00000481554	GRIA3
ENSG00000188386	0.752	ENSP00000498330	PPP3R2
ENSG00000050327	0.752	ENSP00000056217	ARHGEF5
ENSG00000196821	0.752	ENSP00000363135	ILRUN
	0.752	ENSP00000357768	LCE2A
ENSG00000011347	0.752	ENSP00000444201	SYT7
ENSG00000104450	0.751	ENSP00000373450	SPAG1
ENSG00000110660	0.75	ENSP00000436785	SLC35F2
ENSG00000072803	0.75	ENSP00000265094	FBXW11
ENSG00000167657	0.75	ENSP00000442973	DAPK3
ENSG00000101057	0.749	ENSP00000217026	MYBL2
ENSG00000117643	0.749	ENSP00000363452	MAN1C1
ENSG00000196344	0.748	ENSP00000420269	ADH7
	0.748	ENSP00000192788	UHRF1BP1
ENSG00000177380	0.748	ENSP00000335614	PPFIA3
	0.747	ENSP00000267082	ITGB7
ENSG00000183779	0.745	ENSP00000332325	ZNF703
ENSG00000169359	0.744	ENSP00000496241	SLC33A1
	0.744	ENSP00000398837	KMT2B
ENSG00000136244	0.743	ENSP00000385675	IL6
ENSG00000196781	0.743	ENSP00000365682	TLE1
ENSG00000132005	0.743	ENSP00000254325	RFX1
ENSG00000154997	0.742	ENSP00000373627	SEPTIN14
ENSG00000169515	0.742	ENSP00000303158	CCDC8
ENSG00000077279	0.741	ENSP00000490614	DCX
	0.74	ENSP00000387010	R3HDM1
ENSG00000083814	0.74	ENSP00000321848	ZNF671
ENSG00000198858	0.74	ENSP00000355385	R3HDM4
ENSG00000116128	0.739	ENSP00000234739	BCL9
ENSG00000146830	0.739	ENSP00000275732	GIGYF1
ENSG00000076604	0.739	ENSP00000262395	TRAF4
ENSG00000168314	0.739	ENSP00000312293	MOBP
ENSG00000174373	0.738	ENSP00000490119	RALGAPA1
ENSG00000111912	0.738	ENSP00000376269	NCOA7
	0.738	ENSP00000232496	TUSC2
ENSG00000197442	0.738	ENSP00000351908	MAP3K5
ENSG00000136155	0.737	ENSP00000302579	SCEL
ENSG00000166965	0.736	ENSP00000377801	RCCD1
ENSG00000160882	0.736	ENSP00000292427	CYP11B1
ENSG00000100393	0.735	ENSP00000263253	EP300
ENSG00000162105	0.735	ENSP00000345193	SHANK2
ENSG00000048471	0.735	ENSP00000456480	SNX29
ENSG00000110987	0.735	ENSP00000445868	BCL7A
ENSG00000174177	0.734	ENSP00000456908	CTU2
ENSG00000232810	0.734	ENSP00000398698	TNF
ENSG00000204130	0.734	ENSP00000373420	RUFY2
ENSG00000142197	0.733	ENSP00000382104	DOP1B
	0.733	ENSP00000340271	TAF3
ENSG00000138375	0.733	ENSP00000349823	SMARCAL1
ENSG00000138085	0.732	ENSP00000484228	ATRAID
ENSG00000196935	0.732	ENSP00000347198	SRGAP1
	0.732	ENSP00000379110	CXCL1
	0.732	ENSP00000499232	ARHGAP9
ENSG00000003400	0.731	ENSP00000286186	CASP10
	0.73	ENSP00000497642	LPL
ENSG00000132600	0.73	ENSP00000343103	PRMT7
ENSG00000006607	0.73	ENSP00000264042	FARP2
ENSG00000168300	0.73	ENSP00000353739	PCMTD1
ENSG00000100416	0.729	ENSP00000496496	TRMU
ENSG00000164649	0.729	ENSP00000383986	CDCA7L
ENSG00000109381	0.728	ENSP00000368868	ELF2
ENSG00000151276	0.728	ENSP00000385450	MAGI1
ENSG00000138795	0.728	ENSP00000265165	LEF1
ENSG00000159674	0.728	ENSP00000483599	SPON2
ENSG00000183230	0.728	ENSP00000389714	CTNNA3
ENSG00000092871	0.727	ENSP00000326170	RFFL
ENSG00000241058	0.727	ENSP00000366519	NSUN6
	0.727	ENSP00000343348	VMAC
	0.726	ENSP00000354581	GPX6
	0.726	ENSP00000311368	POLD4
	0.725	ENSP00000287598	BUB1B
ENSG00000157353	0.725	ENSP00000288078	FCSK
ENSG00000169347	0.723	ENSP00000370767	GP2
	0.723	ENSP00000361467	DLG5
	0.723	ENSP00000468040	K7EQZ3_HUMAN
ENSG00000044446	0.722	ENSP00000369274	PHKA2
ENSG00000169031	0.722	ENSP00000379823	COL4A3
ENSG00000185507	0.72	ENSP00000380697	IRF7
ENSG00000170848	0.72	ENSP00000292125	PSG6
	0.719	ENSP00000357776	LCE3D
ENSG00000010327	0.719	ENSP00000312946	STAB1
ENSG00000070366	0.719	ENSP00000263073	SMG6
ENSG00000104047	0.717	ENSP00000251250	DTWD1
ENSG00000159314	0.717	ENSP00000403323	ARHGAP27
	0.716	ENSP00000381773	TOP3B
ENSG00000101445	0.716	ENSP00000299824	PPP1R16B
ENSG00000144040	0.716	ENSP00000272433	SFXN5
ENSG00000130528	0.716	ENSP00000252825	HRC
ENSG00000198837	0.716	ENSP00000354597	DENND4B
ENSG00000169410	0.716	ENSP00000482732	PTPN9
ENSG00000149547	0.715	ENSP00000278903	EI24
ENSG00000166037	0.715	ENSP00000317902	CEP57
ENSG00000176401	0.715	ENSP00000317564	EID2B
ENSG00000112984	0.715	ENSP00000378356	KIF20A
ENSG00000178078	0.715	ENSP00000468927	STAP2
ENSG00000204271	0.713	ENSP00000492795	SPIN3
	0.713	ENSP00000221086	MTMR9
ENSG00000092377	0.713	ENSP00000372499	TBL1Y
ENSG00000078098	0.713	ENSP00000188790	FAP
ENSG00000116106	0.712	ENSP00000281821	EPHA4
ENSG00000156689	0.712	ENSP00000287275	GLYATL2
ENSG00000177707	0.711	ENSP00000418070	NECTIN3
ENSG00000038382	0.711	ENSP00000339299	TRIO
ENSG00000163257	0.71	ENSP00000371682	DCAF16
ENSG00000188895	0.71	ENSP00000462945	MSL1
	0.71	ENSP00000378340	COL4A6
ENSG00000005469	0.709	ENSP00000413575	CROT
ENSG00000167136	0.709	ENSP00000361725	ENDOG
ENSG00000151292	0.709	ENSP00000353904	CSNK1G3
ENSG00000179593	0.708	ENSP00000369530	ALOX15B
ENSG00000151116	0.708	ENSP00000379500	UEVLD
ENSG00000154945	0.708	ENSP00000285243	ANKRD40
ENSG00000173226	0.708	ENSP00000311505	IQCB1
ENSG00000125652	0.707	ENSP00000245812	ALKBH7
ENSG00000163590	0.707	ENSP00000417659	PPM1L
ENSG00000215182	0.707	ENSP00000485659	MUC5AC
ENSG00000148481	0.706	ENSP00000277632	MINDY3
ENSG00000179912	0.706	ENSP00000385169	R3HDM2
ENSG00000138115	0.706	ENSP00000360317	CYP2C8
ENSG00000174791	0.706	ENSP00000310406	RIN1
ENSG00000112419	0.705	ENSP00000417038	PHACTR2
ENSG00000104973	0.705	ENSP00000326767	MED25
ENSG00000103647	0.705	ENSP00000261861	CORO2B
ENSG00000154358	0.705	ENSP00000455507	OBSCN
	0.704	ENSP00000376615	NT5DC3
	0.704	ENSP00000295113	FRZB
ENSG00000131941	0.704	ENSP00000254260	RHPN2
ENSG00000162374	0.703	ENSP00000349594	ELAVL4
ENSG00000005882	0.703	ENSP00000420927	PDK2
ENSG00000160584	0.703	ENSP00000364449	SIK3
	0.703	ENSP00000358596	DUSP5
ENSG00000138780	0.703	ENSP00000422354	GSTCD
ENSG00000089356	0.703	ENSP00000473929	FXYD3
ENSG00000253797	0.703	ENSP00000428619	UTP14C
ENSG00000112183	0.702	ENSP00000368341	RBM24
ENSG00000167994	0.702	ENSP00000378313	RAB3IL1
ENSG00000168734	0.702	ENSP00000361980	PKIG
	0.701	ENSP00000365318	NFKBIL1
ENSG00000042062	0.701	ENSP00000045083	RIPOR3
ENSG00000167216	0.701	ENSP00000245121	KATNAL2
ENSG00000173597	0.7	ENSP00000308770	SULT1B1
ENSG00000040933	0.7	ENSP00000074304	INPP4A
ENSG00000075702	0.7	ENSP00000384792	WDR62
ENSG00000100968	0.699	ENSP00000388910	NFATC4
ENSG00000261609	0.699	ENSP00000497351	GAN
ENSG00000116194	0.698	ENSP00000234816	ANGPTL1
	0.698	ENSP00000445002	APOA5
ENSG00000077080	0.697	ENSP00000160382	ACTL6B
ENSG00000033800	0.697	ENSP00000438574	PIAS1
	0.697	ENSP00000242208	INHBA
	0.697	ENSP00000365720	TLE4
ENSG00000118197	0.697	ENSP00000330460	DDX59
ENSG00000133612	0.697	ENSP00000380413	AGAP3
ENSG00000160868	0.697	ENSP00000498939	CYP3A4
ENSG00000181195	0.696	ENSP00000400894	PENK
ENSG00000176884	0.696	ENSP00000360608	GRIN1
ENSG00000093217	0.696	ENSP00000207870	XYLB
ENSG00000185022	0.696	ENSP00000442060	MAFF
ENSG00000177917	0.696	ENSP00000315357	ARL6IP6
	0.695	ENSP00000337226	CDCA4
ENSG00000164611	0.695	ENSP00000377536	PTTG1
ENSG00000155903	0.694	ENSP00000286364	RASA2
ENSG00000139629	0.694	ENSP00000348668	GALNT6
ENSG00000156521	0.694	ENSP00000287078	TYSND1
	0.693	ENSP00000287025	MTERF3
ENSG00000134954	0.693	ENSP00000376436	ETS1
ENSG00000166483	0.692	ENSP00000402084	WEE1
ENSG00000064199	0.692	ENSP00000432305	SPA17
	0.692	ENSP00000319231	PHLDA2
ENSG00000180881	0.692	ENSP00000386959	CAPS2
ENSG00000137496	0.691	ENSP00000434717	IL18BP
ENSG00000148219	0.691	ENSP00000354504	ASTN2
ENSG00000177463	0.691	ENSP00000483059	NR2C2
ENSG00000162627	0.691	ENSP00000304429	SNX7
ENSG00000165949	0.69	ENSP00000483430	IFI27
ENSG00000164118	0.69	ENSP00000389427	CEP44
ENSG00000143379	0.69	ENSP00000271640	SETDB1
ENSG00000141873	0.69	ENSP00000269740	SLC39A3
ENSG00000162836	0.689	ENSP00000463574	ACP6
	0.688	ENSP00000378132	IRX5
ENSG00000132664	0.688	ENSP00000366828	POLR3F
	0.688	ENSP00000380131	CLDN6
	0.687	ENSP00000329033	SLC25A18
ENSG00000160392	0.686	ENSP00000463159	C19orf47
	0.685	ENSP00000300069	RBPMS2
ENSG00000177868	0.685	ENSP00000361599	SVBP
ENSG00000130717	0.685	ENSP00000361285	UCK1
ENSG00000126822	0.685	ENSP00000247226	PLEKHG3
ENSG00000163374	0.685	ENSP00000357323	YY1AP1
	0.685	ENSP00000334869	LCE1A
ENSG00000051180	0.684	ENSP00000493712	RAD51
	0.683	ENSP00000333697	TMEM179B
ENSG00000143578	0.683	ENSP00000271889	CREB3L4
ENSG00000148737	0.683	ENSP00000486891	TCF7L2
	0.682	ENSP00000262300	PKMYT1
ENSG00000122484	0.682	ENSP00000476948	RPAP2
	0.682	ENSP00000379367	LYRM1
ENSG00000117174	0.681	ENSP00000359606	ZNHIT6
ENSG00000105298	0.681	ENSP00000415078	CACTIN
ENSG00000115221	0.68	ENSP00000283249	ITGB6
ENSG00000116922	0.68	ENSP00000350704	C1orf109
	0.68	ENSP00000326110	C5orf30
	0.68	ENSP00000476821	KRTAP10-7
	0.68	ENSP00000350549	HMX3
ENSG00000153208	0.678	ENSP00000295408	MERTK
ENSG00000102710	0.678	ENSP00000417510	SUPT20H
ENSG00000175595	0.677	ENSP00000310520	ERCC4
ENSG00000130649	0.676	ENSP00000440689	CYP2E1
ENSG00000048028	0.676	ENSP00000003302	USP28
ENSG00000141469	0.676	ENSP00000390637	SLC14A1
	0.675	ENSP00000278947	SCN2B
ENSG00000093009	0.675	ENSP00000405726	CDC45
ENSG00000111897	0.675	ENSP00000342962	SERINC1
ENSG00000168781	0.675	ENSP00000400887	PPIP5K1
ENSG00000141627	0.675	ENSP00000269445	DYM
ENSG00000103061	0.674	ENSP00000263997	SLC7A6OS
ENSG00000264343	0.674	ENSP00000354929	NOTCH2NLA
	0.674	ENSP00000462298	NOTCH2NLC
ENSG00000174500	0.673	ENSP00000419485	GCSAM
ENSG00000108590	0.673	ENSP00000225728	MED31
ENSG00000176058	0.673	ENSP00000387100	TPRN
ENSG00000187098	0.672	ENSP00000391803	MITF
ENSG00000165105	0.672	ENSP00000365630	RASEF
ENSG00000253710	0.672	ENSP00000430236	ALG11
ENSG00000254858	0.671	ENSP00000469836	MPV17L2
ENSG00000130287	0.671	ENSP00000252575	NCAN
ENSG00000184144	0.671	ENSP00000330633	CNTN2
ENSG00000160813	0.671	ENSP00000292330	PPP1R35
ENSG00000147852	0.669	ENSP00000371532	VLDLR
ENSG00000162777	0.669	ENSP00000350266	DENND2D
ENSG00000275342	0.669	ENSP00000481109	PRAG1
ENSG00000080493	0.669	ENSP00000393557	SLC4A4
	0.667	ENSP00000380602	CNTN4
ENSG00000144476	0.667	ENSP00000272928	ACKR3
	0.665	ENSP00000285599	MAN2B2
	0.665	ENSP00000305975	KRTAP1-1
ENSG00000146166	0.665	ENSP00000359691	LGSN
ENSG00000164366	0.665	ENSP00000296824	CCDC127
ENSG00000168310	0.664	ENSP00000377218	IRF2
ENSG00000124762	0.664	ENSP00000384849	CDKN1A
	0.664	ENSP00000258281	TAF5L
ENSG00000168286	0.664	ENSP00000304689	THAP11
ENSG00000187688	0.664	ENSP00000342222	TRPV2
ENSG00000158636	0.663	ENSP00000433205	EMSY
ENSG00000187017	0.663	ENSP00000496593	ESPN
	0.663	ENSP00000320434	CTNNAL1
ENSG00000127580	0.662	ENSP00000293883	WDR24
ENSG00000184402	0.662	ENSP00000333012	SS18L1
ENSG00000197119	0.662	ENSP00000352167	SLC25A29
ENSG00000100908	0.662	ENSP00000403210	EMC9
ENSG00000142599	0.661	ENSP00000338629	RERE
ENSG00000167280	0.661	ENSP00000462333	ENGASE
ENSG00000170322	0.661	ENSP00000436926	NFRKB
ENSG00000116205	0.661	ENSP00000234827	TCEANC2
ENSG00000163171	0.661	ENSP00000480549	CDC42EP3
	0.661	ENSP00000367595	TPRG1L
ENSG00000162438	0.661	ENSP00000365116	CTRC
	0.66	ENSP00000276893	UHRF2
ENSG00000166689	0.66	ENSP00000435389	PLEKHA7
ENSG00000132530	0.66	ENSP00000354822	XAF1
	0.659	ENSP00000242261	TWIST1
ENSG00000146707	0.659	ENSP00000309233	POMZP3
ENSG00000160360	0.658	ENSP00000392828	GPSM1
	0.658	ENSP00000405577	CLMP
ENSG00000184634	0.657	ENSP00000363193	MED12
ENSG00000011405	0.657	ENSP00000265970	PIK3C2A
ENSG00000100209	0.657	ENSP00000216027	HSCB
ENSG00000181555	0.657	ENSP00000386759	SETD2
ENSG00000141698	0.656	ENSP00000389948	NT5C3B
ENSG00000080822	0.656	ENSP00000377735	CLDND1
ENSG00000157456	0.655	ENSP00000288207	CCNB2
ENSG00000153214	0.655	ENSP00000283206	TMEM87B
ENSG00000124256	0.655	ENSP00000360215	ZBP1
ENSG00000084092	0.655	ENSP00000264230	NOA1
ENSG00000164253	0.654	ENSP00000296679	WDR41
ENSG00000158528	0.653	ENSP00000405514	PPP1R9A
ENSG00000040633	0.653	ENSP00000322579	PHF23
	0.653	ENSP00000253109	ANGPTL6
	0.653	ENSP00000383719	UBE2J2
ENSG00000197283	0.651	ENSP00000496007	SYNGAP1
ENSG00000157193	0.65	ENSP00000303634	LRP8
ENSG00000141582	0.65	ENSP00000269397	CBX4
ENSG00000013503	0.65	ENSP00000228347	POLR3B
	0.649	ENSP00000376258	RNF34
ENSG00000183248	0.649	ENSP00000482374	PRR36
ENSG00000143367	0.649	ENSP00000357842	TUFT1
ENSG00000198517	0.649	ENSP00000344903	MAFK
ENSG00000170801	0.648	ENSP00000303766	HTRA3
	0.648	ENSP00000454437	H3BML4_HUMAN
ENSG00000243156	0.648	ENSP00000416015	MICAL3
ENSG00000169220	0.648	ENSP00000386229	RGS14
ENSG00000120688	0.648	ENSP00000368801	WBP4
ENSG00000162227	0.648	ENSP00000294168	TAF6L
ENSG00000155115	0.648	ENSP00000357863	GTF3C6
ENSG00000154429	0.648	ENSP00000284617	CCSAP
ENSG00000176248	0.647	ENSP00000314004	ANAPC2
ENSG00000187672	0.647	ENSP00000288221	ERC2
ENSG00000124120	0.647	ENSP00000361995	TTPAL
ENSG00000101888	0.647	ENSP00000218004	NXT2
ENSG00000084110	0.646	ENSP00000261208	HAL
ENSG00000169047	0.645	ENSP00000304895	IRS1
ENSG00000138399	0.645	ENSP00000400513	FASTKD1
ENSG00000177034	0.645	ENSP00000424798	MTX3
ENSG00000115183	0.645	ENSP00000263635	TANC1
ENSG00000152377	0.645	ENSP00000378401	SPOCK1
ENSG00000164764	0.645	ENSP00000297354	SBSPON
ENSG00000121104	0.645	ENSP00000240364	FAM117A
ENSG00000164219	0.644	ENSP00000404676	PGGT1B
ENSG00000161202	0.644	ENSP00000316054	DVL3
ENSG00000106278	0.643	ENSP00000377047	PTPRZ1
ENSG00000012983	0.643	ENSP00000013125	MAP4K5
ENSG00000113811	0.643	ENSP00000418813	SELENOK
	0.642	ENSP00000417196	PCBP4
	0.642	ENSP00000337450	CYP3A7
ENSG00000146904	0.641	ENSP00000275815	EPHA1
	0.64	ENSP00000432412	ATG13
ENSG00000163536	0.64	ENSP00000295777	SERPINI1
ENSG00000198223	0.638	ENSP00000394227	CSF2RA
ENSG00000146574	0.638	ENSP00000314544	CCZ1B
ENSG00000122674	0.638	ENSP00000325681	CCZ1
ENSG00000162366	0.638	ENSP00000294338	PDZK1IP1
	0.637	ENSP00000415430	GTSE1
ENSG00000177432	0.637	ENSP00000320488	NAP1L5
ENSG00000112280	0.636	ENSP00000349790	COL9A1
	0.636	ENSP00000402644	H0Y626_HUMAN
ENSG00000068650	0.636	ENSP00000420387	ATP11A
ENSG00000185900	0.635	ENSP00000331258	POMK
ENSG00000102048	0.635	ENSP00000369855	ASB9
ENSG00000167264	0.635	ENSP00000455229	DUS2
ENSG00000163581	0.634	ENSP00000323568	SLC2A2
ENSG00000146909	0.634	ENSP00000275820	NOM1
	0.634	ENSP00000358518	F8A2
	0.634	ENSP00000477530	F8A3
	0.634	ENSP00000479624	F8A1
	0.634	ENSP00000205194	NAT14
ENSG00000196628	0.632	ENSP00000381382	TCF4
ENSG00000158488	0.631	ENSP00000357149	CD1E
ENSG00000115318	0.631	ENSP00000264094	LOXL3
ENSG00000168743	0.631	ENSP00000389252	NPNT
ENSG00000197063	0.631	ENSP00000350369	MAFG
ENSG00000054983	0.63	ENSP00000261304	GALC
ENSG00000152104	0.63	ENSP00000355923	PTPN14
	0.63	ENSP00000438388	KIF1A
ENSG00000106078	0.63	ENSP00000378912	COBL
ENSG00000204160	0.629	ENSP00000363257	ZDHHC18
	0.629	ENSP00000493768	COMMD7-2
ENSG00000102934	0.629	ENSP00000219207	PLLP
	0.629	ENSP00000278071	ITPRIP
	0.628	ENSP00000367794	SRPX
ENSG00000030419	0.628	ENSP00000412869	IKZF2
ENSG00000223510	0.628	ENSP00000402355	CDRT15
ENSG00000023516	0.627	ENSP00000025301	AKAP11
	0.627	ENSP00000378578	AFF1
ENSG00000205476	0.627	ENSP00000369592	CCDC85C
ENSG00000105656	0.627	ENSP00000262809	ELL
ENSG00000163914	0.626	ENSP00000296271	RHO
ENSG00000100142	0.626	ENSP00000385725	POLR2F
ENSG00000120251	0.626	ENSP00000296526	GRIA2
ENSG00000139194	0.626	ENSP00000266560	RBP5
ENSG00000174607	0.625	ENSP00000311648	UGT8
ENSG00000107957	0.625	ENSP00000348215	SH3PXD2A
ENSG00000107719	0.625	ENSP00000263563	PALD1
ENSG00000108406	0.624	ENSP00000251241	DHX40
	0.624	ENSP00000458065	DUX4
ENSG00000084090	0.623	ENSP00000338030	STARD7
ENSG00000171204	0.623	ENSP00000351737	TMEM126B
ENSG00000172878	0.623	ENSP00000315152	METAP1D
	0.623	ENSP00000259698	RIPOR2
ENSG00000107816	0.622	ENSP00000359240	LZTS2
ENSG00000151702	0.622	ENSP00000433488	FLI1
ENSG00000141744	0.622	ENSP00000269582	PNMT
ENSG00000107281	0.621	ENSP00000360660	NPDC1
ENSG00000186153	0.621	ENSP00000457230	WWOX
	0.62	ENSP00000361866	TCEAL2
ENSG00000147421	0.62	ENSP00000430110	HMBOX1
ENSG00000136936	0.62	ENSP00000364270	XPA
ENSG00000125779	0.62	ENSP00000313377	PANK2
ENSG00000107186	0.62	ENSP00000320006	MPDZ
ENSG00000153561	0.62	ENSP00000283632	RMND5A
ENSG00000188419	0.619	ENSP00000350386	CHM
ENSG00000155621	0.618	ENSP00000334289	C9orf85
ENSG00000068724	0.618	ENSP00000378320	TTC7A
ENSG00000178467	0.618	ENSP00000341422	P4HTM
	0.617	ENSP00000364919	DIRAS2
ENSG00000109047	0.616	ENSP00000226193	RCVRN
ENSG00000182621	0.616	ENSP00000338185	PLCB1
ENSG00000005339	0.616	ENSP00000262367	CREBBP
	0.615	ENSP00000301873	LTBP3
ENSG00000114395	0.615	ENSP00000391209	CYB561D2
	0.615	ENSP00000255977	MKRN1
ENSG00000214655	0.614	ENSP00000381693	ZSWIM8
ENSG00000175756	0.614	ENSP00000342676	AURKAIP1
ENSG00000143543	0.614	ENSP00000271843	JTB
ENSG00000164327	0.614	ENSP00000296782	RICTOR
ENSG00000104866	0.613	ENSP00000221462	PPP1R37
ENSG00000106052	0.613	ENSP00000379612	TAX1BP1
ENSG00000110680	0.613	ENSP00000331746	CALCA
ENSG00000164068	0.612	ENSP00000328287	RNF123
ENSG00000148824	0.612	ENSP00000323047	MTG1
ENSG00000179361	0.611	ENSP00000477878	ARID3B
	0.611	ENSP00000342322	TM7SF3
	0.611	ENSP00000264001	CKLF
ENSG00000083838	0.611	ENSP00000472802	ZNF446
ENSG00000114554	0.61	ENSP00000377061	PLXNA1
ENSG00000168306	0.61	ENSP00000307697	ACOX2
	0.61	ENSP00000317721	PIPOX
	0.61	ENSP00000322730	ITM2C
ENSG00000157766	0.61	ENSP00000387356	ACAN
ENSG00000134324	0.61	ENSP00000397908	LPIN1
	0.609	ENSP00000216274	RIPK3
ENSG00000162623	0.609	ENSP00000359904	TYW3
ENSG00000077157	0.607	ENSP00000375821	PPP1R12B
ENSG00000189308	0.607	ENSP00000341947	LIN54
	0.607	ENSP00000312403	OR2Y1
ENSG00000075391	0.607	ENSP00000356621	RASAL2
ENSG00000110237	0.607	ENSP00000263674	ARHGEF17
ENSG00000013563	0.605	ENSP00000358824	DNASE1L1
ENSG00000175305	0.605	ENSP00000429089	CCNE2
ENSG00000003147	0.605	ENSP00000403982	ICA1
ENSG00000184083	0.605	ENSP00000364324	FAM120C
ENSG00000124615	0.605	ENSP00000344794	MOCS1
ENSG00000119411	0.602	ENSP00000363298	BSPRY
ENSG00000156345	0.602	ENSP00000322343	CDK20
ENSG00000054965	0.602	ENSP00000064778	FAM168A
ENSG00000164209	0.601	ENSP00000348211	SLC25A46
ENSG00000104983	0.601	ENSP00000471454	CCDC61
	0.601	ENSP00000432886	RNPC3
ENSG00000086205	0.601	ENSP00000256999	FOLH1
ENSG00000167741	0.6	ENSP00000370962	GGT6
ENSG00000068323	0.599	ENSP00000314129	TFE3
ENSG00000156735	0.599	ENSP00000287322	BAG4
ENSG00000116667	0.599	ENSP00000235307	C1orf21
ENSG00000150776	0.599	ENSP00000376767	NKAPD1
ENSG00000135114	0.598	ENSP00000257570	OASL
ENSG00000096872	0.598	ENSP00000404122	IFT74
	0.598	ENSP00000303015	ZRSR2
ENSG00000068971	0.598	ENSP00000164133	PPP2R5B
ENSG00000164967	0.598	ENSP00000297613	RPP25L
ENSG00000184302	0.597	ENSP00000328596	SIX6
	0.597	ENSP00000376824	IFI27L1
ENSG00000136319	0.597	ENSP00000258821	TTC5
ENSG00000114378	0.597	ENSP00000266031	HYAL1
	0.597	ENSP00000366702	ERRFI1
ENSG00000166444	0.597	ENSP00000433528	DENND2B
ENSG00000124140	0.596	ENSP00000387694	SLC12A5
ENSG00000218336	0.596	ENSP00000424226	TENM3
ENSG00000112874	0.595	ENSP00000230792	NUDT12
ENSG00000106823	0.595	ENSP00000344758	ECM2
ENSG00000107863	0.595	ENSP00000379709	ARHGAP21
ENSG00000086848	0.595	ENSP00000482437	ALG9
ENSG00000186197	0.594	ENSP00000335076	EDARADD
ENSG00000170608	0.594	ENSP00000304004	FOXA3
ENSG00000177283	0.594	ENSP00000363826	FZD8
ENSG00000167182	0.593	ENSP00000365931	SP2
ENSG00000135439	0.593	ENSP00000449241	AGAP2
ENSG00000064490	0.593	ENSP00000305071	RFXANK
	0.592	ENSP00000469194	EMP3
ENSG00000198142	0.592	ENSP00000365830	SOWAHC
ENSG00000135241	0.592	ENSP00000257694	PNPLA8
ENSG00000149639	0.591	ENSP00000237536	SOGA1
ENSG00000197070	0.591	ENSP00000360475	ARRDC1
ENSG00000164011	0.59	ENSP00000361580	ZNF691
	0.59	ENSP00000480558	CCL3L1
ENSG00000101782	0.59	ENSP00000341874	RIOK3
ENSG00000179832	0.59	ENSP00000435565	MROH1
ENSG00000205808	0.59	ENSP00000371307	PLPP6
ENSG00000176148	0.59	ENSP00000335595	TCP11L1
ENSG00000172409	0.589	ENSP00000434995	CLP1
	0.589	ENSP00000472124	NOTCH2NLB
ENSG00000164031	0.589	ENSP00000404381	DNAJB14
ENSG00000166024	0.588	ENSP00000483494	R3HCC1L
ENSG00000143499	0.588	ENSP00000355924	SMYD2
ENSG00000134278	0.588	ENSP00000387266	SPIRE1
	0.587	ENSP00000377576	KRTAP9-9
ENSG00000138386	0.587	ENSP00000336894	NAB1
ENSG00000007866	0.587	ENSP00000345772	TEAD3
ENSG00000121274	0.587	ENSP00000396995	TENT4B
ENSG00000110448	0.587	ENSP00000342681	CD5
ENSG00000196998	0.586	ENSP00000348848	WDR45
ENSG00000017483	0.586	ENSP00000471683	SLC38A5
	0.586	ENSP00000302108	PANK1
	0.586	ENSP00000379030	TRIM16L
ENSG00000156639	0.586	ENSP00000287218	ZFAND3
ENSG00000156931	0.585	ENSP00000487164	VPS8
	0.585	ENSP00000354461	PHETA1
ENSG00000133641	0.585	ENSP00000349358	C12orf29
ENSG00000136478	0.585	ENSP00000258991	TEX2
ENSG00000148516	0.585	ENSP00000354487	ZEB1
ENSG00000159063	0.584	ENSP00000299626	ALG8
ENSG00000005243	0.583	ENSP00000480707	COPZ2
ENSG00000107874	0.583	ENSP00000358953	CUEDC2
ENSG00000027075	0.583	ENSP00000329127	PRKCH
ENSG00000180176	0.582	ENSP00000370571	TH
ENSG00000021762	0.582	ENSP00000263650	OSBPL5
ENSG00000177303	0.581	ENSP00000325355	CASKIN2
ENSG00000278619	0.581	ENSP00000481559	MRM1
	0.581	ENSP00000359935	FPGT
ENSG00000198523	0.581	ENSP00000350132	PLN
ENSG00000137841	0.58	ENSP00000260402	PLCB2
ENSG00000167513	0.58	ENSP00000301019	CDT1
ENSG00000153786	0.579	ENSP00000456782	ZDHHC7
	0.579	ENSP00000332103	NAA38
ENSG00000170231	0.579	ENSP00000377549	FABP6
	0.579	ENSP00000346537	SMOC2
ENSG00000131381	0.578	ENSP00000253699	RBSN
ENSG00000181220	0.577	ENSP00000493970	ZNF746
ENSG00000170500	0.576	ENSP00000377086	LONRF2
ENSG00000016864	0.576	ENSP00000266014	GLT8D1
ENSG00000198265	0.576	ENSP00000464512	HELZ
ENSG00000183208	0.575	ENSP00000452793	GDPGP1
ENSG00000170921	0.575	ENSP00000387593	TANC2
	0.575	ENSP00000242108	EEPD1
ENSG00000103460	0.574	ENSP00000219746	TOX3
ENSG00000059378	0.574	ENSP00000263549	PARP12
ENSG00000158402	0.574	ENSP00000321656	CDC25C
	0.574	ENSP00000340220	C7orf26
ENSG00000116209	0.574	ENSP00000234831	TMEM59
	0.573	ENSP00000358147	CACUL1
ENSG00000104714	0.573	ENSP00000262109	ERICH1
	0.573	ENSP00000424191	SMUG1
ENSG00000152219	0.573	ENSP00000282032	ARL14EP
ENSG00000142675	0.572	ENSP00000363371	CNKSR1
ENSG00000146828	0.572	ENSP00000275730	SLC12A9
ENSG00000234465	0.57	ENSP00000479240	PINLYP
	0.57	ENSP00000452401	H0YJX3_HUMAN
ENSG00000112394	0.57	ENSP00000357844	SLC16A10
ENSG00000164010	0.57	ENSP00000361595	ERMAP
ENSG00000147642	0.569	ENSP00000407118	SYBU
	0.569	ENSP00000383225	KRTAP10-4
ENSG00000214160	0.569	ENSP00000380793	ALG3
ENSG00000172292	0.569	ENSP00000376453	CERS6
ENSG00000075089	0.569	ENSP00000188312	ACTR6
ENSG00000136098	0.568	ENSP00000484443	NEK3
	0.568	ENSP00000365351	ITGBL1
ENSG00000090659	0.567	ENSP00000315477	CD209
ENSG00000162980	0.567	ENSP00000295087	ARL5A
ENSG00000038945	0.566	ENSP00000405453	MSR1
ENSG00000182768	0.566	ENSP00000368389	NGRN
ENSG00000107338	0.565	ENSP00000366936	SHB
ENSG00000008513	0.565	ENSP00000428540	ST3GAL1
ENSG00000136877	0.565	ENSP00000362344	FPGS
ENSG00000182533	0.564	ENSP00000341940	CAV3
ENSG00000163155	0.564	ENSP00000357904	LYSMD1
ENSG00000148690	0.564	ENSP00000360488	FRA10AC1
	0.564	ENSP00000486623	ENSP00000486623
ENSG00000174839	0.563	ENSP00000311401	DENND6A
ENSG00000182175	0.563	ENSP00000452126	RGMA
ENSG00000143995	0.563	ENSP00000272369	MEIS1
ENSG00000175309	0.562	ENSP00000310978	PHYKPL
ENSG00000159267	0.562	ENSP00000382071	HLCS
ENSG00000099381	0.562	ENSP00000262519	SETD1A
ENSG00000140564	0.562	ENSP00000483552	FURIN
ENSG00000186654	0.562	ENSP00000384848	PRR5
	0.561	ENSP00000380661	CEP250
ENSG00000109572	0.561	ENSP00000261514	CLCN3
	0.561	ENSP00000317636	RECQL5
ENSG00000153094	0.561	ENSP00000376943	BCL2L11
ENSG00000251322	0.561	ENSP00000489407	SHANK3
ENSG00000243477	0.561	ENSP00000346927	NAA80
ENSG00000100711	0.561	ENSP00000216602	ZFYVE21
ENSG00000058091	0.56	ENSP00000369390	CDK14
ENSG00000138685	0.56	ENSP00000264498	FGF2
ENSG00000146054	0.56	ENSP00000274773	TRIM7
ENSG00000162739	0.56	ENSP00000357036	SLAMF6
ENSG00000165124	0.559	ENSP00000363593	SVEP1
ENSG00000141934	0.559	ENSP00000329697	PLPP2
ENSG00000115687	0.559	ENSP00000351475	PASK
ENSG00000136943	0.558	ENSP00000259470	CTSV
ENSG00000110628	0.558	ENSP00000369948	SLC22A18
ENSG00000111231	0.558	ENSP00000442770	GPN3
ENSG00000005448	0.558	ENSP00000006526	WDR54
ENSG00000116729	0.558	ENSP00000346829	WLS
ENSG00000085788	0.557	ENSP00000380352	DDHD2
ENSG00000172803	0.557	ENSP00000310620	SNX32
	0.557	ENSP00000431165	E9PMD0_HUMAN
ENSG00000102970	0.557	ENSP00000219244	CCL17
	0.557	ENSP00000416154	TMEM238
	0.557	ENSP00000454562	DNASE1L2
	0.556	ENSP00000238609	IFI27L2
ENSG00000081320	0.556	ENSP00000263955	STK17B
ENSG00000114423	0.556	ENSP00000499037	CBLB
ENSG00000048405	0.555	ENSP00000265827	ZNF800
ENSG00000137648	0.555	ENSP00000416037	TMPRSS4
	0.555	ENSP00000358363	PDE4DIP
ENSG00000143858	0.555	ENSP00000356237	SYT2
	0.555	ENSP00000375733	PGBD5
ENSG00000131721	0.554	ENSP00000360441	RHOXF2
ENSG00000133816	0.554	ENSP00000256194	MICAL2
ENSG00000167123	0.554	ENSP00000361929	CERCAM
ENSG00000100916	0.554	ENSP00000216807	BRMS1L
ENSG00000174606	0.552	ENSP00000355929	ANGEL2
ENSG00000140368	0.552	ENSP00000452746	PSTPIP1
ENSG00000027869	0.552	ENSP00000376123	SH2D2A
	0.552	ENSP00000359765	ADGRL2
ENSG00000010322	0.552	ENSP00000418232	NISCH
ENSG00000105427	0.552	ENSP00000222032	CNFN
	0.551	ENSP00000364855	MSH5
ENSG00000082175	0.551	ENSP00000325120	PGR
	0.55	ENSP00000352639	CELA2A
ENSG00000137960	0.549	ENSP00000359795	GIPC2
	0.549	ENSP00000397181	RGS4
ENSG00000079277	0.549	ENSP00000498083	MKNK1
ENSG00000102921	0.549	ENSP00000262384	N4BP1
ENSG00000166025	0.549	ENSP00000387739	AMOTL1
ENSG00000135517	0.548	ENSP00000498622	MIP
	0.548	ENSP00000480571	ENSP00000480571
ENSG00000165792	0.548	ENSP00000372445	METTL17
ENSG00000102910	0.548	ENSP00000285737	LONP2
	0.547	ENSP00000053243	TNFRSF17
ENSG00000168884	0.547	ENSP00000321203	TNIP2
ENSG00000081913	0.547	ENSP00000262719	PHLPP1
ENSG00000110218	0.546	ENSP00000227638	PANX1
	0.546	ENSP00000472710	M0R2P5_HUMAN
ENSG00000068489	0.546	ENSP00000262293	PRR11
ENSG00000163864	0.546	ENSP00000495112	NMNAT3
ENSG00000197467	0.545	ENSP00000381949	COL13A1
	0.545	ENSP00000490393	TEPSIN
ENSG00000148339	0.545	ENSP00000362160	SLC25A25
ENSG00000100330	0.544	ENSP00000384651	MTMR3
	0.543	ENSP00000222122	DBP
	0.542	ENSP00000451369	G3V3Q6_HUMAN
ENSG00000171604	0.542	ENSP00000302543	CXXC5
ENSG00000167118	0.541	ENSP00000501135	URM1
	0.541	ENSP00000225474	CSF3
	0.541	ENSP00000380037	FITM2
ENSG00000226650	0.54	ENSP00000387875	KIF4B
ENSG00000152133	0.54	ENSP00000386772	GPATCH11
ENSG00000140678	0.54	ENSP00000454623	ITGAX
ENSG00000148459	0.54	ENSP00000365388	PDSS1
ENSG00000128581	0.539	ENSP00000320359	IFT22
ENSG00000176973	0.539	ENSP00000431459	FAM89B
ENSG00000124422	0.539	ENSP00000261497	USP22
ENSG00000004399	0.539	ENSP00000317128	PLXND1
ENSG00000129151	0.539	ENSP00000263182	BBOX1
ENSG00000154079	0.539	ENSP00000359505	SDHAF4
ENSG00000114771	0.539	ENSP00000232892	AADAC
	0.538	ENSP00000305151	PWWP2A
ENSG00000104856	0.538	ENSP00000221452	RELB
ENSG00000122966	0.538	ENSP00000376306	CIT
	0.538	ENSP00000470259	SIGLEC5-2
ENSG00000268500	0.538	ENSP00000473238	SIGLEC5
	0.538	ENSP00000319883	ADGRE2
	0.538	ENSP00000334922	KRTAP9-4
ENSG00000214107	0.537	ENSP00000368264	MAGEB1
ENSG00000137177	0.537	ENSP00000259711	KIF13A
ENSG00000146416	0.537	ENSP00000350509	AIG1
ENSG00000167600	0.537	ENSP00000308032	CYP2S1
ENSG00000163072	0.536	ENSP00000394051	NOSTRIN
ENSG00000186283	0.536	ENSP00000356599	TOR3A
ENSG00000186187	0.536	ENSP00000335091	ZNRF1
ENSG00000140326	0.536	ENSP00000348564	CDAN1
ENSG00000069966	0.536	ENSP00000261837	GNB5
ENSG00000149091	0.536	ENSP00000412178	DGKZ
ENSG00000132563	0.535	ENSP00000367590	REEP2
	0.535	ENSP00000362085	C9orf16
ENSG00000101442	0.535	ENSP00000243903	ACTR5
ENSG00000163697	0.534	ENSP00000427211	APBB2
ENSG00000100478	0.534	ENSP00000216366	AP4S1
ENSG00000074803	0.534	ENSP00000495332	SLC12A1
ENSG00000140505	0.534	ENSP00000342007	CYP1A2
ENSG00000120889	0.533	ENSP00000276431	TNFRSF10B
ENSG00000103034	0.533	ENSP00000377823	NDRG4
ENSG00000117362	0.533	ENSP00000358105	APH1A
ENSG00000104497	0.533	ENSP00000379621	SNX16
ENSG00000175643	0.533	ENSP00000310356	RMI2
ENSG00000105492	0.533	ENSP00000401502	SIGLEC6
	0.533	ENSP00000366950	KRTAP9-2
	0.533	ENSP00000344801	SLC24A2
ENSG00000131669	0.533	ENSP00000364595	NINJ1
	0.533	ENSP00000277517	IDI2
ENSG00000178764	0.532	ENSP00000314709	ZHX2
	0.532	ENSP00000311746	KLK10
ENSG00000065618	0.532	ENSP00000497653	COL17A1
ENSG00000183160	0.531	ENSP00000376553	TMEM119
ENSG00000104938	0.53	ENSP00000316228	CLEC4M
ENSG00000069011	0.529	ENSP00000265340	PITX1
ENSG00000121413	0.529	ENSP00000470123	ZSCAN18
ENSG00000006118	0.529	ENSP00000005286	TMEM132A
ENSG00000145604	0.528	ENSP00000274255	SKP2
	0.528	ENSP00000262726	EFCAB6
	0.528	ENSP00000282499	GRIA4
ENSG00000153707	0.528	ENSP00000370593	PTPRD
ENSG00000059588	0.527	ENSP00000040877	TARBP1
ENSG00000103196	0.527	ENSP00000262424	CRISPLD2
ENSG00000001561	0.527	ENSP00000318066	ENPP4
ENSG00000169592	0.527	ENSP00000457016	INO80E
	0.527	ENSP00000384700	PAPOLB
	0.526	ENSP00000417418	DNAJB8
ENSG00000121931	0.526	ENSP00000358778	LRIF1
ENSG00000182087	0.526	ENSP00000349087	TMEM259
	0.526	ENSP00000262316	RHBDF1
ENSG00000136881	0.526	ENSP00000259407	BAAT
ENSG00000128731	0.526	ENSP00000261609	HERC2
ENSG00000196189	0.526	ENSP00000357265	SEMA4A
	0.526	ENSP00000357779	CRCT1
	0.526	ENSP00000254051	TNS4
ENSG00000085433	0.525	ENSP00000383599	WDR47
ENSG00000145331	0.524	ENSP00000273962	TRMT10A
ENSG00000091651	0.524	ENSP00000219097	ORC6
ENSG00000089057	0.524	ENSP00000368637	SLC23A2
ENSG00000074660	0.523	ENSP00000263071	SCARF1
	0.522	ENSP00000326445	SHISA3
ENSG00000169635	0.522	ENSP00000387757	HIC2
ENSG00000102908	0.522	ENSP00000338806	NFAT5
ENSG00000185386	0.521	ENSP00000333685	MAPK11
ENSG00000105738	0.521	ENSP00000222345	SIPA1L3
ENSG00000163618	0.521	ENSP00000373215	CADPS
ENSG00000177485	0.52	ENSP00000450969	ZBTB33
ENSG00000183853	0.52	ENSP00000352138	KIRREL1
ENSG00000165813	0.52	ENSP00000498136	CCDC186
ENSG00000128039	0.52	ENSP00000264228	SRD5A3
ENSG00000168395	0.52	ENSP00000490767	ING5
ENSG00000174744	0.519	ENSP00000396052	BRMS1
	0.518	ENSP00000495795	SPG7
ENSG00000112964	0.518	ENSP00000483403	GHR
ENSG00000152942	0.518	ENSP00000426191	RAD17
ENSG00000125434	0.518	ENSP00000464231	SLC25A35
ENSG00000176485	0.517	ENSP00000320337	PLAAT3
ENSG00000198680	0.517	ENSP00000350716	TUSC1
ENSG00000170899	0.516	ENSP00000360002	GSTA4
ENSG00000155066	0.516	ENSP00000318270	PROM2
ENSG00000040275	0.516	ENSP00000265295	SPDL1
ENSG00000136573	0.515	ENSP00000259089	BLK
ENSG00000180828	0.515	ENSP00000318799	BHLHE22
	0.515	ENSP00000434279	TMPRSS13
ENSG00000168575	0.515	ENSP00000429754	SLC20A2
	0.515	ENSP00000265978	FAM160A2
ENSG00000155926	0.515	ENSP00000394049	SLA
ENSG00000109089	0.515	ENSP00000336587	CDR2L
ENSG00000157625	0.514	ENSP00000368215	TAB3
ENSG00000107560	0.514	ENSP00000358200	RAB11FIP2
	0.514	ENSP00000307634	AGAP1
ENSG00000255245	0.514	ENSP00000482442	FXYD6-FXYD2
ENSG00000065600	0.514	ENSP00000438863	PACC1
ENSG00000183172	0.514	ENSP00000327467	SMDT1
ENSG00000120709	0.514	ENSP00000239906	FAM53C
ENSG00000105894	0.513	ENSP00000341170	PTN
ENSG00000139154	0.513	ENSP00000381840	AEBP2
	0.512	ENSP00000308000	TUT1
	0.511	ENSP00000229903	SAYSD1
ENSG00000164695	0.511	ENSP00000297265	CHMP4C
	0.511	ENSP00000481054	RAB44
ENSG00000053747	0.51	ENSP00000324532	LAMA3
ENSG00000184792	0.51	ENSP00000332576	OSBP2
ENSG00000169862	0.51	ENSP00000307134	CTNND2
	0.51	ENSP00000398401	FAM133B
ENSG00000006757	0.51	ENSP00000370430	PNPLA4
	0.51	ENSP00000322570	POLE
	0.509	ENSP00000347484	THSD4
	0.509	ENSP00000224862	FBXL15
ENSG00000186818	0.509	ENSP00000375616	LILRB4
ENSG00000125741	0.509	ENSP00000319817	OPA3
ENSG00000130748	0.509	ENSP00000253047	TMEM160
ENSG00000164326	0.508	ENSP00000296777	CARTPT
ENSG00000119720	0.508	ENSP00000346335	NRDE2
ENSG00000115825	0.507	ENSP00000368356	PRKD3
ENSG00000109118	0.507	ENSP00000329933	PHF12
ENSG00000198794	0.507	ENSP00000355387	SCAMP5
ENSG00000144035	0.506	ENSP00000272425	NAT8
	0.506	ENSP00000328270	KRTAP4-6
ENSG00000196505	0.506	ENSP00000358451	GDAP2
ENSG00000143772	0.506	ENSP00000411152	ITPKB
ENSG00000168297	0.506	ENSP00000348472	PXK
ENSG00000129195	0.505	ENSP00000250056	PIMREG
ENSG00000171132	0.505	ENSP00000306124	PRKCE
ENSG00000105143	0.505	ENSP00000221742	SLC1A6
ENSG00000177666	0.505	ENSP00000337701	PNPLA2
ENSG00000188997	0.504	ENSP00000339340	KCTD21
ENSG00000108846	0.504	ENSP00000285238	ABCC3
ENSG00000078269	0.504	ENSP00000347792	SYNJ2
	0.504	ENSP00000242729	SSPN
ENSG00000156983	0.504	ENSP00000373340	BRPF1
	0.504	ENSP00000483521	LEPROT
ENSG00000290292	0.503	ENSP00000350049	HOMEZ
ENSG00000164303	0.503	ENSP00000296741	ENPP6
ENSG00000130598	0.503	ENSP00000371336	TNNI2
	0.503	ENSP00000312995	CLSPN
ENSG00000171105	0.502	ENSP00000303830	INSR
ENSG00000138829	0.502	ENSP00000424571	FBN2
	0.502	ENSP00000327459	APOBEC3B
ENSG00000105866	0.502	ENSP00000222584	SP4
ENSG00000100376	0.501	ENSP00000216214	FAM118A
ENSG00000166439	0.501	ENSP00000299563	RNF169
ENSG00000168502	0.501	ENSP00000352927	MTCL1
ENSG00000089177	0.501	ENSP00000384164	KIF16B
ENSG00000175193	0.501	ENSP00000325421	PARL
ENSG00000075945	0.501	ENSP00000354560	KIFAP3
ENSG00000174446	0.5	ENSP00000319597	SNAPC5
	0.5	ENSP00000395793	WDR20
ENSG00000124496	0.5	ENSP00000439689	TRERF1
ENSG00000135297	0.499	ENSP00000402038	MTO1
	0.499	ENSP00000287706	NTAN1
ENSG00000224877	0.499	ENSP00000400184	NDUFAF8
ENSG00000161980	0.499	ENSP00000293860	POLR3K
ENSG00000157212	0.499	ENSP00000384048	PAXIP1
	0.499	ENSP00000334854	ZACN
ENSG00000121073	0.499	ENSP00000497423	SLC35B1
ENSG00000156096	0.499	ENSP00000305221	UGT2B4
ENSG00000135093	0.499	ENSP00000257548	USP30
	0.499	ENSP00000409799	RPP21
ENSG00000083544	0.498	ENSP00000440190	TDRD3
ENSG00000204531	0.498	ENSP00000259915	POU5F1
ENSG00000163781	0.498	ENSP00000260810	TOPBP1
ENSG00000171103	0.498	ENSP00000302801	TRMT61B
	0.498	ENSP00000385142	NRXN1
ENSG00000132256	0.497	ENSP00000369373	TRIM5
ENSG00000166321	0.497	ENSP00000349874	NUDT13
ENSG00000100417	0.497	ENSP00000216259	PMM1
ENSG00000141858	0.497	ENSP00000431971	SAMD1
	0.496	ENSP00000368135	LRRN4
ENSG00000123124	0.496	ENSP00000427793	WWP1
ENSG00000204070	0.496	ENSP00000243918	SYS1
ENSG00000073849	0.496	ENSP00000169298	ST6GAL1
	0.496	ENSP00000485216	MTLN
ENSG00000026652	0.496	ENSP00000314036	AGPAT4
	0.496	ENSP00000392189	KRTAP9-3
	0.496	ENSP00000381666	GXYLT1
ENSG00000170236	0.495	ENSP00000434676	USP50
ENSG00000023287	0.495	ENSP00000025008	RB1CC1
ENSG00000057019	0.495	ENSP00000321573	DCBLD2
ENSG00000162419	0.495	ENSP00000294409	GMEB1
ENSG00000155508	0.495	ENSP00000430493	CNOT8
ENSG00000175106	0.495	ENSP00000225576	TVP23C
ENSG00000125869	0.495	ENSP00000246070	LAMP5
ENSG00000163156	0.494	ENSP00000357901	SCNM1
ENSG00000177459	0.494	ENSP00000315614	ERICH5
ENSG00000185024	0.494	ENSP00000448387	BRF1
ENSG00000165861	0.493	ENSP00000450742	ZFYVE1
ENSG00000140443	0.493	ENSP00000497069	IGF1R
ENSG00000139926	0.493	ENSP00000343899	FRMD6
ENSG00000095370	0.493	ENSP00000317817	SH2D3C
	0.493	ENSP00000361548	MPL
ENSG00000118496	0.492	ENSP00000237281	FBXO30
ENSG00000004660	0.492	ENSP00000371188	CAMKK1
ENSG00000116212	0.492	ENSP00000360421	LRRC42
ENSG00000046774	0.492	ENSP00000354660	MAGEC2
	0.492	ENSP00000380996	KIAA1211L
ENSG00000163435	0.492	ENSP00000352673	ELF3
	0.491	ENSP00000371847	DEFB125
ENSG00000187690	0.491	ENSP00000342680	EZHIP
ENSG00000138771	0.491	ENSP00000296043	SHROOM3
ENSG00000185189	0.491	ENSP00000414055	NRBP2
	0.491	ENSP00000357470	IL6R
	0.491	ENSP00000257013	RTL8C
	0.491	ENSP00000497585	FOXP1-2
ENSG00000101236	0.491	ENSP00000388550	RNF24
ENSG00000189319	0.49	ENSP00000338532	FAM53B
ENSG00000138379	0.49	ENSP00000260950	MSTN
	0.49	ENSP00000309245	LRRC7
	0.49	ENSP00000399968	NCOA2
ENSG00000109265	0.49	ENSP00000264229	CRACD
ENSG00000137809	0.49	ENSP00000327290	ITGA11
ENSG00000168143	0.49	ENSP00000304078	FAM83B
	0.49	ENSP00000370519	ARSF
ENSG00000177082	0.489	ENSP00000387982	WDR73
ENSG00000074181	0.489	ENSP00000263388	NOTCH3
	0.489	ENSP00000358925	PSRC1
	0.489	ENSP00000491227	PARL-2
ENSG00000083535	0.489	ENSP00000317144	PIBF1
ENSG00000013441	0.489	ENSP00000394734	CLK1
ENSG00000003096	0.489	ENSP00000419803	KLHL13
ENSG00000196092	0.488	ENSP00000350844	PAX5
ENSG00000169084	0.488	ENSP00000334113	DHRSX
ENSG00000168490	0.488	ENSP00000320017	PHYHIP
ENSG00000162639	0.488	ENSP00000359049	HENMT1
ENSG00000114857	0.487	ENSP00000232978	NKTR
ENSG00000117155	0.487	ENSP00000340279	SSX2IP
	0.487	ENSP00000359567	SOX3
ENSG00000171940	0.487	ENSP00000360526	ZNF217
ENSG00000164162	0.487	ENSP00000478501	ANAPC10
ENSG00000111801	0.487	ENSP00000244519	BTN3A3
ENSG00000066468	0.487	ENSP00000410294	FGFR2
ENSG00000228300	0.486	ENSP00000386557	FAM174C
ENSG00000184956	0.486	ENSP00000406861	MUC6
ENSG00000160867	0.485	ENSP00000292408	FGFR4
	0.485	ENSP00000438209	SP6
	0.485	ENSP00000493906	FOXC1
ENSG00000168952	0.485	ENSP00000324302	STXBP6
ENSG00000172869	0.484	ENSP00000439479	DMXL1
	0.484	ENSP00000482705	ALG1L
ENSG00000197299	0.484	ENSP00000347232	BLM
	0.484	ENSP00000327509	STAC2
ENSG00000182208	0.484	ENSP00000328694	MOB2
	0.483	ENSP00000394791	SENP1
ENSG00000256525	0.483	ENSP00000442563	POLG2
ENSG00000162636	0.483	ENSP00000359052	FAM102B
	0.482	ENSP00000396976	BAHD1
ENSG00000133056	0.482	ENSP00000356155	PIK3C2B
ENSG00000204438	0.481	ENSP00000365071	GPANK1
ENSG00000163607	0.481	ENSP00000373176	GTPBP8
ENSG00000165272	0.48	ENSP00000297991	AQP3
ENSG00000151474	0.48	ENSP00000350032	FRMD4A
ENSG00000101115	0.48	ENSP00000217086	SALL4
ENSG00000150907	0.479	ENSP00000368880	FOXO1
ENSG00000118513	0.479	ENSP00000339992	MYB
ENSG00000163069	0.478	ENSP00000370839	SGCB
ENSG00000162391	0.478	ENSP00000306888	FAM151A
ENSG00000127952	0.478	ENSP00000248600	STYXL1
ENSG00000139910	0.478	ENSP00000438875	NOVA1
	0.477	ENSP00000284116	GDPD1
ENSG00000169035	0.477	ENSP00000470538	KLK7
	0.477	ENSP00000415822	ATXN1L
ENSG00000283528	0.477	ENSP00000490573	TCAF2C
ENSG00000181450	0.476	ENSP00000344828	ZNF678
ENSG00000154814	0.476	ENSP00000487136	OXNAD1
ENSG00000105255	0.476	ENSP00000221856	FSD1
ENSG00000104880	0.476	ENSP00000482647	ARHGEF18
ENSG00000171115	0.476	ENSP00000305107	GIMAP8
ENSG00000178605	0.475	ENSP00000316598	GTPBP6
	0.474	ENSP00000262457	INVS
	0.474	ENSP00000477381	V9GZ38_HUMAN
ENSG00000122970	0.474	ENSP00000242591	IFT81
ENSG00000186335	0.474	ENSP00000334223	SLC36A2
ENSG00000171476	0.474	ENSP00000450527	HOPX
	0.473	ENSP00000472467	CXCL17
	0.473	ENSP00000357778	LCE3E
ENSG00000243056	0.473	ENSP00000308472	EIF4EBP3
ENSG00000170786	0.473	ENSP00000431010	SDR16C5
ENSG00000129244	0.473	ENSP00000250111	ATP1B2
ENSG00000119866	0.473	ENSP00000496168	BCL11A
ENSG00000173517	0.473	ENSP00000452796	PEAK1
ENSG00000241484	0.473	ENSP00000374424	ARHGAP8
	0.472	ENSP00000435233	TEAD1
ENSG00000143437	0.472	ENSP00000351407	ARNT
ENSG00000214338	0.472	ENSP00000434570	SOGA3
ENSG00000006128	0.471	ENSP00000321106	TAC1
ENSG00000129990	0.471	ENSP00000346265	SYT5
ENSG00000137574	0.471	ENSP00000260129	TGS1
ENSG00000121851	0.471	ENSP00000358320	POLR3GL
ENSG00000008283	0.471	ENSP00000464215	CYB561
ENSG00000135108	0.47	ENSP00000328187	FBXO21
ENSG00000148358	0.47	ENSP00000361483	GPR107
	0.47	ENSP00000368808	SMPX
	0.47	ENSP00000424765	AMOTL2
ENSG00000143157	0.469	ENSP00000356849	POGK
ENSG00000176444	0.469	ENSP00000357345	CLK2
ENSG00000122512	0.469	ENSP00000265849	PMS2
ENSG00000134146	0.469	ENSP00000256538	DPH6
ENSG00000185559	0.469	ENSP00000340292	DLK1
ENSG00000133121	0.468	ENSP00000338785	STARD13
	0.468	ENSP00000386165	CEBPD
ENSG00000181704	0.468	ENSP00000417573	YIPF6
ENSG00000255974	0.468	ENSP00000301141	CYP2A6
ENSG00000133246	0.468	ENSP00000408342	PRAM1
ENSG00000162407	0.467	ENSP00000360296	PLPP3
ENSG00000138600	0.467	ENSP00000261854	SPPL2A
ENSG00000198945	0.467	ENSP00000357118	L3MBTL3
ENSG00000171241	0.467	ENSP00000306473	SHCBP1
ENSG00000088035	0.467	ENSP00000263440	ALG6
ENSG00000143412	0.467	ENSP00000357943	ANXA9
ENSG00000185404	0.467	ENSP00000397911	SP140L
ENSG00000174132	0.466	ENSP00000307954	FAM174A
ENSG00000126821	0.466	ENSP00000247225	SGPP1
	0.466	ENSP00000281453	CENPU
ENSG00000136982	0.466	ENSP00000322180	DSCC1
	0.466	ENSP00000287387	WDYHV1
ENSG00000125775	0.465	ENSP00000371233	SDCBP2
ENSG00000130733	0.465	ENSP00000253031	YIPF2
ENSG00000163106	0.465	ENSP00000295256	HPGDS
ENSG00000086015	0.465	ENSP00000354671	MAST2
ENSG00000122085	0.464	ENSP00000480378	MTERF4
ENSG00000100441	0.464	ENSP00000450799	KHNYN
ENSG00000007520	0.464	ENSP00000007390	TSR3
ENSG00000156858	0.464	ENSP00000441641	PRR14
	0.464	ENSP00000301202	LAIR2
	0.463	ENSP00000368496	B3GALT6
ENSG00000188112	0.463	ENSP00000341368	C6orf132
ENSG00000107554	0.463	ENSP00000315659	DNMBP
	0.463	ENSP00000377836	GPC3
ENSG00000135144	0.462	ENSP00000257600	DTX1
ENSG00000184661	0.462	ENSP00000328228	CDCA2
ENSG00000113805	0.462	ENSP00000263665	CNTN3
ENSG00000129055	0.461	ENSP00000421842	ANAPC13
ENSG00000177238	0.461	ENSP00000312675	TRIM72
ENSG00000120539	0.461	ENSP00000365107	MASTL
ENSG00000118257	0.46	ENSP00000353582	NRP2
ENSG00000157869	0.46	ENSP00000328551	RAB28
	0.46	ENSP00000354732	PRR5-ARHGAP8
ENSG00000143171	0.46	ENSP00000352900	RXRG
ENSG00000198740	0.459	ENSP00000354686	ZNF652
	0.459	ENSP00000377001	SPOP
ENSG00000122741	0.459	ENSP00000366953	DCAF10
	0.459	ENSP00000379032	EXT2
ENSG00000125968	0.459	ENSP00000365280	ID1
	0.459	ENSP00000478962	CBY1
ENSG00000174282	0.459	ENSP00000307858	ZBTB4
ENSG00000160993	0.458	ENSP00000292566	ALKBH4
ENSG00000167771	0.458	ENSP00000301459	RCOR2
ENSG00000105137	0.458	ENSP00000341489	SYDE1
ENSG00000136861	0.458	ENSP00000343818	CDK5RAP2
ENSG00000163964	0.458	ENSP00000296333	PIGX
	0.458	ENSP00000433769	CYHR1
	0.458	ENSP00000377721	NR2F2
ENSG00000071203	0.457	ENSP00000016913	MS4A12
ENSG00000166681	0.457	ENSP00000361728	BEX3
ENSG00000185666	0.457	ENSP00000351614	SYN3
ENSG00000139193	0.457	ENSP00000266557	CD27
ENSG00000100012	0.456	ENSP00000215812	SEC14L3
	0.456	ENSP00000497977	WRB-SH3BGR
ENSG00000132334	0.456	ENSP00000254667	PTPRE
ENSG00000134698	0.456	ENSP00000362306	AGO4
ENSG00000071889	0.456	ENSP00000320521	FAM3A
ENSG00000167281	0.456	ENSP00000463653	RBFOX3
ENSG00000198863	0.456	ENSP00000354622	RUNDC1
	0.455	ENSP00000485259	ENSP00000485259
ENSG00000129993	0.455	ENSP00000268679	CBFA2T3
ENSG00000197935	0.455	ENSP00000366384	ZNF311
ENSG00000133858	0.455	ENSP00000368017	ZFC3H1
ENSG00000129474	0.455	ENSP00000262713	AJUBA
ENSG00000101384	0.455	ENSP00000254958	JAG1
ENSG00000196636	0.455	ENSP00000414066	SDHAF3
	0.454	ENSP00000499655	ARHGEF18-2
ENSG00000105856	0.454	ENSP00000222574	HBP1
ENSG00000159450	0.454	ENSP00000480484	TCHH
ENSG00000273899	0.454	ENSP00000352021	NOL12
ENSG00000155511	0.453	ENSP00000428994	GRIA1
	0.453	ENSP00000473200	M0R3G1_HUMAN
ENSG00000181472	0.453	ENSP00000323183	ZBTB2
	0.453	ENSP00000468025	TMEM101
ENSG00000179256	0.453	ENSP00000381895	SMCO3
	0.453	ENSP00000496804	AKR1C8P
ENSG00000165568	0.452	ENSP00000298375	AKR1E2
ENSG00000110786	0.452	ENSP00000351342	PTPN5
ENSG00000145868	0.452	ENSP00000342023	FBXO38
ENSG00000116698	0.452	ENSP00000425133	SMG7
ENSG00000135094	0.452	ENSP00000257549	SDS
ENSG00000061938	0.452	ENSP00000371341	TNK2
	0.451	ENSP00000330442	PLB1
ENSG00000135185	0.451	ENSP00000398083	TMEM243
	0.451	ENSP00000222284	TMEM147
ENSG00000181284	0.451	ENSP00000315387	TMEM102
ENSG00000110844	0.451	ENSP00000448073	PRPF40B
ENSG00000158321	0.451	ENSP00000344087	AUTS2
ENSG00000198681	0.451	ENSP00000349085	MAGEA1
ENSG00000104783	0.451	ENSP00000496939	KCNN4
	0.45	ENSP00000362103	POU3F1
ENSG00000225697	0.45	ENSP00000378920	SLC26A6
ENSG00000185187	0.45	ENSP00000403104	SIGIRR
	0.45	ENSP00000360472	LGI1
ENSG00000087266	0.45	ENSP00000424846	SH3BP2
ENSG00000275183	0.45	ENSP00000479355	LENG9
	0.449	ENSP00000276603	TERF1
ENSG00000173011	0.449	ENSP00000308022	TADA2B
ENSG00000145384	0.449	ENSP00000274024	FABP2
ENSG00000188807	0.449	ENSP00000344503	TMEM201
ENSG00000218739	0.448	ENSP00000384331	CEBPZOS
ENSG00000164430	0.448	ENSP00000359339	CGAS
ENSG00000177455	0.448	ENSP00000313419	CD19
ENSG00000143797	0.447	ENSP00000302177	MBOAT2
ENSG00000130427	0.447	ENSP00000252723	EPO
ENSG00000113578	0.447	ENSP00000480791	FGF1
	0.446	ENSP00000353920	ADARB1
ENSG00000151364	0.446	ENSP00000316482	KCTD14
	0.446	ENSP00000361653	FOXJ3
ENSG00000053702	0.446	ENSP00000337501	NRIP2
ENSG00000079482	0.446	ENSP00000347710	OPHN1
ENSG00000108849	0.446	ENSP00000466009	PPY
ENSG00000131732	0.446	ENSP00000254037	ZCCHC9
	0.445	ENSP00000466834	RAD51D-2
ENSG00000145687	0.445	ENSP00000483921	SSBP2
ENSG00000120332	0.445	ENSP00000239462	TNN
ENSG00000112237	0.445	ENSP00000428982	CCNC
ENSG00000181449	0.444	ENSP00000323588	SOX2
	0.444	ENSP00000291442	NR2F6
ENSG00000108840	0.444	ENSP00000225983	HDAC5
	0.444	ENSP00000299638	POLR2M
	0.443	ENSP00000359740	ZNF451
ENSG00000122707	0.443	ENSP00000367202	RECK
ENSG00000129657	0.443	ENSP00000376268	SEC14L1
ENSG00000008256	0.443	ENSP00000297044	CYTH3
ENSG00000119147	0.442	ENSP00000238044	ECRG4
ENSG00000164291	0.442	ENSP00000369346	ARSK
	0.442	ENSP00000386741	CHN1
ENSG00000154743	0.442	ENSP00000284995	TSEN2
ENSG00000079102	0.442	ENSP00000402257	RUNX1T1
ENSG00000241935	0.442	ENSP00000359680	HOGA1
ENSG00000046651	0.442	ENSP00000344314	OFD1
ENSG00000183098	0.441	ENSP00000366246	GPC6
ENSG00000074964	0.441	ENSP00000355060	ARHGEF10L
ENSG00000103994	0.441	ENSP00000263805	ZNF106
ENSG00000153446	0.441	ENSP00000324672	C16orf89
ENSG00000186867	0.44	ENSP00000377948	QRFPR
ENSG00000113456	0.439	ENSP00000371469	RAD1
	0.439	ENSP00000352427	RGR
ENSG00000180891	0.439	ENSP00000462717	CUEDC1
ENSG00000137709	0.439	ENSP00000260264	POU2F3
ENSG00000133250	0.438	ENSP00000377504	ZNF414
ENSG00000173705	0.438	ENSP00000308727	SUSD5
ENSG00000204131	0.438	ENSP00000488668	NHSL2
ENSG00000073282	0.438	ENSP00000264731	TP63
	0.438	ENSP00000426948	E9PCH4_HUMAN
ENSG00000174080	0.437	ENSP00000310832	CTSF
ENSG00000101773	0.437	ENSP00000382628	RBBP8
ENSG00000174197	0.437	ENSP00000219905	MGA
ENSG00000117036	0.437	ENSP00000357175	ETV3
ENSG00000173698	0.437	ENSP00000369198	ADGRG2
	0.437	ENSP00000362508	UGT1A4
ENSG00000125731	0.436	ENSP00000245908	SH2D3A
	0.436	ENSP00000366271	KDM2B
	0.436	ENSP00000365514	ZIC2
ENSG00000184349	0.436	ENSP00000328777	EFNA5
ENSG00000139163	0.435	ENSP00000500633	ETNK1
ENSG00000215375	0.435	ENSP00000383023	MYL5
	0.435	ENSP00000304604	MAGI3
	0.434	ENSP00000450856	G3V2T6_HUMAN
ENSG00000137936	0.434	ENSP00000260502	BCAR3
ENSG00000145283	0.434	ENSP00000273905	SLC10A6
ENSG00000144857	0.434	ENSP00000273395	BOC
	0.434	ENSP00000304845	UGT1A1
	0.434	ENSP00000428572	LY6E
ENSG00000176697	0.433	ENSP00000414303	BDNF
ENSG00000166484	0.433	ENSP00000311005	MAPK7
ENSG00000181191	0.433	ENSP00000355014	PJA1
ENSG00000168061	0.433	ENSP00000436649	SAC3D1
ENSG00000153487	0.433	ENSP00000364929	ING1
ENSG00000170153	0.433	ENSP00000425840	RNF150
ENSG00000168288	0.432	ENSP00000389060	MMADHC
	0.432	ENSP00000496268	SGCE
ENSG00000175634	0.432	ENSP00000308413	RPS6KB2
ENSG00000060749	0.431	ENSP00000382241	QSER1
	0.431	ENSP00000293662	GRASP
ENSG00000148057	0.431	ENSP00000365601	IDNK
ENSG00000187796	0.431	ENSP00000360797	CARD9
ENSG00000139990	0.431	ENSP00000341351	DCAF5
ENSG00000172425	0.431	ENSP00000307640	TTC36
ENSG00000185010	0.431	ENSP00000353393	F8
	0.43	ENSP00000346768	UGT1A9
ENSG00000007264	0.43	ENSP00000378485	MATK
ENSG00000203791	0.43	ENSP00000357829	EEF1AKMT2
	0.43	ENSP00000257787	AKIRIN2
ENSG00000126453	0.43	ENSP00000482218	BCL2L12
ENSG00000004139	0.43	ENSP00000468032	SARM1
ENSG00000164494	0.429	ENSP00000358033	PDSS2
ENSG00000147099	0.429	ENSP00000362674	HDAC8
ENSG00000145348	0.429	ENSP00000378198	TBCK
ENSG00000002919	0.429	ENSP00000377059	SNX11
ENSG00000141424	0.429	ENSP00000269187	SLC39A6
	0.429	ENSP00000304336	PYDC1
ENSG00000111271	0.429	ENSP00000389813	ACAD10
ENSG00000112319	0.428	ENSP00000432770	EYA4
	0.428	ENSP00000451145	PINX1-2
ENSG00000137440	0.428	ENSP00000371770	FGFBP1
ENSG00000161270	0.428	ENSP00000368190	NPHS1
ENSG00000165478	0.428	ENSP00000298251	HEPACAM
ENSG00000142544	0.427	ENSP00000390011	CTU1
ENSG00000168000	0.427	ENSP00000354032	BSCL2
ENSG00000167617	0.427	ENSP00000301200	CDC42EP5
ENSG00000125843	0.426	ENSP00000481750	AP5S1
ENSG00000163870	0.426	ENSP00000498161	TPRA1
ENSG00000232859	0.426	ENSP00000368397	LYRM9
ENSG00000135966	0.426	ENSP00000377027	TGFBRAP1
ENSG00000103742	0.426	ENSP00000319623	IGDCC4
ENSG00000198742	0.426	ENSP00000354621	SMURF1
ENSG00000129194	0.426	ENSP00000355354	SOX15
ENSG00000132004	0.426	ENSP00000376945	FBXW9
ENSG00000215114	0.426	ENSP00000382507	UBXN2B
ENSG00000134899	0.425	ENSP00000498881	ERCC5
ENSG00000117461	0.425	ENSP00000262741	PIK3R3
	0.424	ENSP00000373354	SETMAR
ENSG00000204941	0.424	ENSP00000382334	PSG5
ENSG00000102145	0.423	ENSP00000365858	GATA1
ENSG00000130829	0.423	ENSP00000345853	DUSP9
ENSG00000034971	0.423	ENSP00000037502	MYOC
ENSG00000185033	0.422	ENSP00000394720	SEMA4B
ENSG00000165238	0.422	ENSP00000297954	WNK2
	0.422	ENSP00000337976	SUV39H1
ENSG00000137642	0.422	ENSP00000260197	SORL1
ENSG00000117620	0.421	ENSP00000359172	SLC35A3
ENSG00000111344	0.421	ENSP00000450244	RASAL1
ENSG00000140199	0.421	ENSP00000346112	SLC12A6
ENSG00000179119	0.421	ENSP00000337991	SPTY2D1
ENSG00000167548	0.421	ENSP00000301067	KMT2D
	0.421	ENSP00000367705	BCOR
ENSG00000156860	0.421	ENSP00000348489	FBRS
ENSG00000169282	0.42	ENSP00000419952	KCNAB1
	0.42	ENSP00000262715	TEP1
ENSG00000123485	0.42	ENSP00000414109	HJURP
ENSG00000121864	0.42	ENSP00000325634	ZNF639
ENSG00000129636	0.42	ENSP00000319918	ITFG1
ENSG00000169490	0.419	ENSP00000416050	TM2D2
ENSG00000121350	0.419	ENSP00000240651	PYROXD1
ENSG00000100425	0.419	ENSP00000410042	BRD1
	0.419	ENSP00000265361	SEMA3C
ENSG00000181852	0.419	ENSP00000342755	RNF41
ENSG00000174405	0.419	ENSP00000484288	LIG4
ENSG00000135605	0.418	ENSP00000370912	TEC
ENSG00000185437	0.418	ENSP00000332513	SH3BGR
ENSG00000115446	0.418	ENSP00000387146	UNC50
ENSG00000183087	0.417	ENSP00000331831	GAS6
ENSG00000135750	0.417	ENSP00000355580	KCNK1
ENSG00000116830	0.417	ENSP00000358478	TTF2
	0.417	ENSP00000330218	SOX1
ENSG00000278139	0.417	ENSP00000439913	P3R3URF-PIK3R3
	0.416	ENSP00000303394	HSPB3
ENSG00000003249	0.416	ENSP00000457625	DBNDD1
ENSG00000153443	0.416	ENSP00000283474	UBALD1
ENSG00000161791	0.416	ENSP00000335655	FMNL3
ENSG00000156876	0.416	ENSP00000287482	SASS6
ENSG00000135365	0.416	ENSP00000398824	PHF21A
ENSG00000116406	0.416	ENSP00000318147	EDEM3
	0.416	ENSP00000216037	XBP1
	0.415	ENSP00000356230	KLHL12
ENSG00000136636	0.415	ENSP00000259154	KCTD3
ENSG00000065491	0.414	ENSP00000362590	TBC1D22B
ENSG00000115464	0.413	ENSP00000381577	USP34
ENSG00000145979	0.413	ENSP00000475727	TBC1D7
ENSG00000188906	0.413	ENSP00000298910	LRRK2
ENSG00000068078	0.413	ENSP00000339824	FGFR3
	0.412	ENSP00000401535	H7C1Q1_HUMAN
ENSG00000178188	0.412	ENSP00000321221	SH2B1
ENSG00000196376	0.412	ENSP00000353557	SLC35F1
ENSG00000183778	0.412	ENSP00000381699	B3GALT5
	0.411	ENSP00000311095	CYP4A11
ENSG00000101181	0.411	ENSP00000359859	MTG2
ENSG00000172171	0.411	ENSP00000462963	TEFM
ENSG00000007047	0.411	ENSP00000262891	MARK4
ENSG00000275074	0.411	ENSP00000480722	NUDT18
	0.411	ENSP00000453750	TGIF2LY
ENSG00000189046	0.41	ENSP00000398181	ALKBH2
ENSG00000149596	0.41	ENSP00000362071	JPH2
ENSG00000134909	0.41	ENSP00000310561	ARHGAP32
ENSG00000138604	0.41	ENSP00000261858	GLCE
ENSG00000107890	0.409	ENSP00000365255	ANKRD26
ENSG00000147050	0.409	ENSP00000367203	KDM6A
	0.409	ENSP00000464357	CENPX
ENSG00000122121	0.409	ENSP00000360147	XPNPEP2
ENSG00000243449	0.408	ENSP00000386807	C4orf48
ENSG00000138172	0.408	ENSP00000260743	CALHM2
ENSG00000197714	0.407	ENSP00000353491	ZNF460
ENSG00000115290	0.407	ENSP00000263915	GRB14
ENSG00000120370	0.407	ENSP00000356737	GORAB
ENSG00000167536	0.407	ENSP00000368173	DHRS13
	0.407	ENSP00000309749	APOBEC3F
ENSG00000145284	0.406	ENSP00000316329	SCD5
ENSG00000187775	0.406	ENSP00000374490	DNAH17
ENSG00000143013	0.406	ENSP00000359575	LMO4
ENSG00000134007	0.406	ENSP00000498512	ADAM20
ENSG00000020256	0.405	ENSP00000216923	ZFP64
ENSG00000114861	0.405	ENSP00000484803	FOXP1
ENSG00000124788	0.405	ENSP00000244769	ATXN1
	0.405	ENSP00000375150	KRTAP9-6
ENSG00000087076	0.405	ENSP00000263278	HSD17B14
ENSG00000205189	0.404	ENSP00000387462	ZBTB10
	0.404	ENSP00000362187	FAM102A
ENSG00000171444	0.404	ENSP00000386227	MCC
ENSG00000121211	0.404	ENSP00000240488	MND1
ENSG00000171097	0.404	ENSP00000399415	KYAT1
ENSG00000137962	0.403	ENSP00000260526	ARHGAP29
ENSG00000160161	0.403	ENSP00000291495	CILP2
ENSG00000100146	0.403	ENSP00000380093	SOX10
ENSG00000172932	0.403	ENSP00000427130	ANKRD13D
	0.402	ENSP00000309439	HOXB9
ENSG00000196739	0.402	ENSP00000348385	COL27A1
ENSG00000198642	0.402	ENSP00000351933	KLHL9
	0.402	ENSP00000159111	KDM4B
ENSG00000106799	0.402	ENSP00000447297	TGFBR1
	0.402	ENSP00000369979	CPXM1
ENSG00000087250	0.401	ENSP00000200691	MT3
	0.401	ENSP00000498386	KYAT1-2
ENSG00000107104	0.401	ENSP00000477725	KANK1
ENSG00000134086	0.401	ENSP00000256474	VHL
ENSG00000165752	0.401	ENSP00000298630	STK32C
ENSG00000171246	0.4	ENSP00000307549	NPTX1
ENSG00000179348	0.4	ENSP00000345681	GATA2
ENSG00000172765	0.4	ENSP00000376930	TMCC1
	0.4	ENSP00000440374	MCF2L
	0.4	ENSP00000432845	MEX3A
ENSG00000169855	0.4	ENSP00000420321	ROBO1
ENSG00000128694	0.4	ENSP00000264151	OSGEPL1
ENSG00000081019	0.399	ENSP00000261441	RSBN1
ENSG00000108599	0.399	ENSP00000225737	AKAP10
ENSG00000105204	0.399	ENSP00000469863	DYRK1B
	0.399	ENSP00000482396	ALG9-2
	0.399	ENSP00000383234	MAPK4
	0.398	ENSP00000255078	IGHMBP2
	0.398	ENSP00000284268	ANKH
	0.398	ENSP00000349458	ICK
ENSG00000149968	0.398	ENSP00000299855	MMP3
ENSG00000077984	0.398	ENSP00000420384	CST7
ENSG00000139651	0.397	ENSP00000409463	ZNF740
ENSG00000140488	0.397	ENSP00000287202	CELF6
	0.397	ENSP00000397563	TENT2
ENSG00000127511	0.397	ENSP00000369131	SIN3B
ENSG00000101901	0.397	ENSP00000378260	ALG13
ENSG00000261857	0.396	ENSP00000470129	MIA
ENSG00000020577	0.396	ENSP00000452535	SAMD4A
ENSG00000169230	0.395	ENSP00000302114	PRELID1
ENSG00000043514	0.395	ENSP00000321810	TRIT1
ENSG00000114544	0.395	ENSP00000326070	SLC41A3
	0.394	ENSP00000353850	ITGB1BP1
ENSG00000069482	0.394	ENSP00000265643	GAL
ENSG00000184903	0.394	ENSP00000384966	IMMP2L
ENSG00000164403	0.394	ENSP00000367950	SHROOM1
	0.394	ENSP00000297857	ZHX1
ENSG00000065989	0.393	ENSP00000370078	PDE4A
	0.393	ENSP00000385110	MIEF1
ENSG00000111752	0.393	ENSP00000437659	PHC1
ENSG00000147231	0.392	ENSP00000361628	RADX
ENSG00000180628	0.392	ENSP00000337500	PCGF5
ENSG00000049089	0.392	ENSP00000361834	COL9A2
ENSG00000138767	0.392	ENSP00000424896	CNOT6L
ENSG00000038210	0.391	ENSP00000264864	PI4K2B
ENSG00000137877	0.391	ENSP00000317790	SPTBN5
ENSG00000156011	0.391	ENSP00000324127	PSD3
ENSG00000087116	0.391	ENSP00000251582	ADAMTS2
	0.391	ENSP00000450337	PPFIA2
ENSG00000138646	0.391	ENSP00000264350	HERC5
ENSG00000172977	0.391	ENSP00000340330	KAT5
ENSG00000128849	0.391	ENSP00000281282	CGNL1
ENSG00000162069	0.39	ENSP00000459043	BICDL2
ENSG00000108854	0.39	ENSP00000262435	SMURF2
	0.39	ENSP00000359119	SRPK3
	0.39	ENSP00000383920	ASXL2
ENSG00000273559	0.389	ENSP00000478070	CWC25
ENSG00000198890	0.389	ENSP00000359095	PRMT6
	0.389	ENSP00000310521	SEC22A
ENSG00000160199	0.389	ENSP00000291547	PKNOX1
ENSG00000110697	0.389	ENSP00000348772	PITPNM1
ENSG00000145365	0.388	ENSP00000354911	TIFA
ENSG00000165113	0.388	ENSP00000365550	GKAP1
	0.388	ENSP00000362981	TGIF2
ENSG00000058799	0.388	ENSP00000072644	YIPF1
ENSG00000127329	0.388	ENSP00000334928	PTPRB
ENSG00000176209	0.388	ENSP00000391549	SMIM19
ENSG00000243749	0.387	ENSP00000362435	TMEM35B
ENSG00000161921	0.387	ENSP00000293778	CXCL16
ENSG00000119686	0.387	ENSP00000238667	FLVCR2
ENSG00000137573	0.387	ENSP00000260128	SULF1
ENSG00000125388	0.387	ENSP00000381129	GRK4
	0.387	ENSP00000367552	RCBTB1
ENSG00000106327	0.386	ENSP00000420525	TFR2
ENSG00000112511	0.386	ENSP00000363640	PHF1
ENSG00000092978	0.385	ENSP00000355902	GPATCH2
ENSG00000165392	0.385	ENSP00000298139	WRN
ENSG00000124557	0.385	ENSP00000244513	BTN1A1
ENSG00000204954	0.385	ENSP00000367330	C12orf73
ENSG00000099282	0.385	ENSP00000362387	TSPAN15
ENSG00000102034	0.385	ENSP00000311280	ELF4
ENSG00000151690	0.385	ENSP00000376141	MFSD6
ENSG00000154370	0.384	ENSP00000284551	TRIM11
ENSG00000160959	0.384	ENSP00000292524	LRRC14
ENSG00000140743	0.383	ENSP00000268383	CDR2
ENSG00000187867	0.382	ENSP00000344996	PALM3
	0.382	ENSP00000342254	C15orf61
ENSG00000141200	0.382	ENSP00000268919	KIF2B
ENSG00000166313	0.382	ENSP00000477213	APBB1
ENSG00000185345	0.381	ENSP00000355865	PRKN
ENSG00000154188	0.381	ENSP00000428340	ANGPT1
ENSG00000124812	0.381	ENSP00000338276	CRISP1
	0.381	ENSP00000292513	PTGER1
ENSG00000100359	0.38	ENSP00000248929	SGSM3
ENSG00000163611	0.38	ENSP00000295872	SPICE1
ENSG00000162607	0.38	ENSP00000343526	USP1
ENSG00000124813	0.38	ENSP00000360493	RUNX2
ENSG00000167112	0.38	ENSP00000361982	TRUB2
ENSG00000104967	0.38	ENSP00000263257	NOVA2
	0.38	ENSP00000354483	DUSP27
	0.38	ENSP00000381204	TMEM123
ENSG00000160404	0.38	ENSP00000362381	TOR2A
	0.38	ENSP00000495726	IQSEC2
ENSG00000206557	0.379	ENSP00000373272	TRIM71
ENSG00000133636	0.379	ENSP00000256010	NTS
ENSG00000112137	0.379	ENSP00000329880	PHACTR1
ENSG00000187231	0.379	ENSP00000415332	SESTD1
	0.378	ENSP00000312814	KCTD2
ENSG00000184489	0.378	ENSP00000428976	PTP4A3
ENSG00000056277	0.378	ENSP00000360017	ZNF280C
ENSG00000124587	0.378	ENSP00000303511	PEX6
ENSG00000094841	0.378	ENSP00000362481	UPRT
ENSG00000183607	0.378	ENSP00000329292	GKN2
ENSG00000156384	0.378	ENSP00000358742	SFR1
ENSG00000136643	0.378	ENSP00000355927	RPS6KC1
ENSG00000132522	0.377	ENSP00000379841	GPS2
ENSG00000116885	0.377	ENSP00000349052	OSCP1
ENSG00000188549	0.376	ENSP00000453969	CCDC9B
ENSG00000100429	0.376	ENSP00000216271	HDAC10
	0.376	ENSP00000334042	TAC4
	0.376	ENSP00000496817	ENSP00000496817
ENSG00000102302	0.376	ENSP00000364277	FGD1
ENSG00000108381	0.375	ENSP00000263080	ASPA
ENSG00000111321	0.375	ENSP00000228918	LTBR
ENSG00000111816	0.374	ENSP00000476145	FRK
ENSG00000119328	0.374	ENSP00000363753	ABITRAM
ENSG00000226979	0.374	ENSP00000403495	LTA
ENSG00000204544	0.374	ENSP00000365473	MUC21
	0.374	ENSP00000233336	TTL
ENSG00000124104	0.374	ENSP00000418593	SNX21
ENSG00000135540	0.373	ENSP00000394546	NHSL1
	0.373	ENSP00000249504	HOXD11
	0.373	ENSP00000476100	GTF2H5
	0.373	ENSP00000423354	MEGF10
ENSG00000146192	0.373	ENSP00000274963	FGD2
ENSG00000188994	0.373	ENSP00000358590	ZNF292
ENSG00000100196	0.373	ENSP00000386918	KDELR3
ENSG00000196700	0.372	ENSP00000358904	ZNF512B
ENSG00000174307	0.372	ENSP00000356280	PHLDA3
ENSG00000145757	0.372	ENSP00000274432	SPATA9
ENSG00000198252	0.372	ENSP00000346599	STYX
ENSG00000177143	0.372	ENSP00000319052	CETN1
ENSG00000165072	0.372	ENSP00000366387	MAMDC2
	0.371	ENSP00000217372	CDK5RAP1
ENSG00000105483	0.371	ENSP00000499211	CARD8
ENSG00000155111	0.371	ENSP00000357907	CDK19
ENSG00000107165	0.371	ENSP00000373570	TYRP1
ENSG00000179841	0.371	ENSP00000378207	AKAP5
	0.371	ENSP00000357772	LCE2C
ENSG00000162367	0.371	ENSP00000294339	TAL1
ENSG00000110330	0.37	ENSP00000477613	BIRC2
ENSG00000187531	0.37	ENSP00000329466	SIRT7
ENSG00000104093	0.37	ENSP00000441858	DMXL2
	0.37	ENSP00000357773	LCE2D
	0.37	ENSP00000481571	ENSP00000481571
ENSG00000171812	0.37	ENSP00000380901	COL8A2
ENSG00000197885	0.369	ENSP00000393785	NKIRAS1
ENSG00000143061	0.369	ENSP00000358495	IGSF3
	0.369	ENSP00000411124	BEGAIN
ENSG00000072041	0.369	ENSP00000266682	SLC6A15
	0.369	ENSP00000371535	SEPSECS
ENSG00000156222	0.369	ENSP00000378074	SLC28A1
ENSG00000129925	0.368	ENSP00000401338	PGAP6
ENSG00000173548	0.368	ENSP00000311427	SNX33
ENSG00000164465	0.368	ENSP00000296955	DCBLD1
ENSG00000129158	0.368	ENSP00000265965	SERGEF
ENSG00000102554	0.368	ENSP00000366915	KLF5
ENSG00000062038	0.368	ENSP00000264012	CDH3
ENSG00000212710	0.368	ENSP00000375220	CTAGE1
	0.367	ENSP00000375151	KRTAP4-3
ENSG00000116183	0.367	ENSP00000356634	PAPPA2
ENSG00000161091	0.366	ENSP00000347583	MFSD12
ENSG00000089351	0.366	ENSP00000441032	GRAMD1A
ENSG00000156273	0.365	ENSP00000382805	BACH1
ENSG00000054793	0.365	ENSP00000342481	ATP9A
ENSG00000050767	0.365	ENSP00000375069	COL23A1
ENSG00000139631	0.365	ENSP00000267085	CSAD
ENSG00000007372	0.364	ENSP00000492024	PAX6
ENSG00000114650	0.364	ENSP00000265565	SCAP
ENSG00000203710	0.363	ENSP00000356016	CR1
ENSG00000163630	0.363	ENSP00000418994	SYNPR
	0.363	ENSP00000359464	OGFRL1
ENSG00000126705	0.363	ENSP00000363123	AHDC1
ENSG00000186918	0.363	ENSP00000340494	ZNF395
ENSG00000157765	0.363	ENSP00000371483	SLC34A2
ENSG00000244588	0.363	ENSP00000386414	RAD21L1
ENSG00000116095	0.362	ENSP00000234453	PLEKHA3
ENSG00000158006	0.362	ENSP00000363400	PAFAH2
ENSG00000078043	0.361	ENSP00000465676	PIAS2
ENSG00000128833	0.361	ENSP00000261839	MYO5C
	0.361	ENSP00000254066	RARA
	0.361	ENSP00000300659	NFATC3
ENSG00000170379	0.361	ENSP00000404265	TCAF2
	0.36	ENSP00000309640	XXYLT1
ENSG00000113361	0.36	ENSP00000265071	CDH6
ENSG00000158122	0.36	ENSP00000364382	PRXL2C
ENSG00000130158	0.36	ENSP00000294618	DOCK6
	0.359	ENSP00000498126	ENSP00000498126
ENSG00000171053	0.359	ENSP00000307164	PATE1
ENSG00000274070	0.359	ENSP00000484732	CASTOR2
	0.359	ENSP00000452948	MAN2A2
	0.359	ENSP00000265085	CPEB4
ENSG00000007350	0.358	ENSP00000358931	TKTL1
ENSG00000152683	0.358	ENSP00000368648	SLC30A6
ENSG00000159055	0.358	ENSP00000290130	MIS18A
ENSG00000113645	0.358	ENSP00000427772	WWC1
ENSG00000011566	0.358	ENSP00000263881	MAP4K3
ENSG00000179059	0.358	ENSP00000317686	ZFP42
ENSG00000104205	0.358	ENSP00000379842	SGK3
ENSG00000104679	0.357	ENSP00000265806	R3HCC1
	0.357	ENSP00000355261	SMG5
ENSG00000163428	0.357	ENSP00000295628	LRRC58
ENSG00000146950	0.357	ENSP00000370299	SHROOM2
ENSG00000244486	0.357	ENSP00000485276	SCARF2
ENSG00000167083	0.357	ENSP00000421710	GNGT2
ENSG00000127074	0.357	ENSP00000442837	RGS13
ENSG00000121005	0.357	ENSP00000262207	CRISPLD1
ENSG00000160305	0.356	ENSP00000392066	DIP2A
ENSG00000135722	0.356	ENSP00000258200	FBXL8
ENSG00000012124	0.356	ENSP00000085219	CD22
ENSG00000132879	0.356	ENSP00000365959	FBXO44
ENSG00000169258	0.356	ENSP00000305839	GPRIN1
ENSG00000172262	0.356	ENSP00000426504	ZNF131
ENSG00000127452	0.356	ENSP00000247977	FBXL12
ENSG00000125386	0.355	ENSP00000324587	FAM193A
ENSG00000167165	0.355	ENSP00000303174	UGT1A6
ENSG00000095932	0.355	ENSP00000215531	SMIM24
	0.355	ENSP00000267938	UBE2Q2
	0.355	ENSP00000301962	USP42
ENSG00000118473	0.355	ENSP00000360076	SGIP1
ENSG00000176435	0.355	ENSP00000353013	CLEC14A
ENSG00000169062	0.354	ENSP00000364448	UPF3A
ENSG00000090530	0.354	ENSP00000316881	P3H2
ENSG00000276644	0.354	ENSP00000482245	DACH1
ENSG00000074603	0.353	ENSP00000339208	DPP8
	0.353	ENSP00000368523	DNAJC15
ENSG00000158457	0.353	ENSP00000483872	TSPAN33
ENSG00000197183	0.353	ENSP00000483523	NOL4L
ENSG00000168246	0.352	ENSP00000377381	UBTD2
	0.352	ENSP00000444211	PDGFRL
ENSG00000162894	0.352	ENSP00000356058	FCMR
	0.352	ENSP00000499548	NINJ2
ENSG00000065615	0.352	ENSP00000358695	CYB5R4
ENSG00000128805	0.351	ENSP00000412461	ARHGAP22
ENSG00000115520	0.351	ENSP00000263960	COQ10B
ENSG00000102996	0.35	ENSP00000219271	MMP15
ENSG00000173572	0.35	ENSP00000343891	NLRP13
ENSG00000151287	0.35	ENSP00000365200	TEX30
ENSG00000068615	0.35	ENSP00000392197	REEP1
ENSG00000105538	0.35	ENSP00000222145	RASIP1
ENSG00000164284	0.35	ENSP00000329558	GRPEL2
ENSG00000124532	0.35	ENSP00000399585	MRS2
ENSG00000144468	0.35	ENSP00000375914	RHBDD1
ENSG00000146374	0.349	ENSP00000349131	RSPO3
ENSG00000139055	0.349	ENSP00000266397	ERP27
ENSG00000198546	0.349	ENSP00000355251	ZNF511
ENSG00000213390	0.348	ENSP00000351333	ARHGAP19
	0.348	ENSP00000306185	ANTXR2
ENSG00000182173	0.347	ENSP00000327487	TSEN54
ENSG00000070540	0.347	ENSP00000262139	WIPI1
ENSG00000188559	0.347	ENSP00000202677	RALGAPA2
ENSG00000158186	0.347	ENSP00000289104	MRAS
ENSG00000163930	0.347	ENSP00000417132	BAP1
ENSG00000137478	0.346	ENSP00000386722	FCHSD2
ENSG00000167580	0.346	ENSP00000199280	AQP2
ENSG00000144647	0.346	ENSP00000344125	POMGNT2
ENSG00000125398	0.346	ENSP00000245479	SOX9
ENSG00000101577	0.346	ENSP00000261596	LPIN2
	0.346	ENSP00000498010	ENSP00000498010
ENSG00000031081	0.346	ENSP00000264245	ARHGAP31
	0.346	ENSP00000320251	NEPRO
ENSG00000137700	0.346	ENSP00000476176	SLC37A4
ENSG00000123999	0.346	ENSP00000243786	INHA
ENSG00000125124	0.346	ENSP00000245157	BBS2
	0.345	ENSP00000263341	IL1B
ENSG00000165462	0.345	ENSP00000298231	PHOX2A
ENSG00000163629	0.345	ENSP00000394794	PTPN13
ENSG00000129071	0.345	ENSP00000249910	MBD4
ENSG00000160856	0.345	ENSP00000357169	FCRL3
ENSG00000066422	0.345	ENSP00000326200	ZBTB11
	0.345	ENSP00000334985	KRTAP19-5
ENSG00000118160	0.344	ENSP00000236877	SLC8A2
	0.344	ENSP00000423309	H0Y980_HUMAN
ENSG00000074047	0.344	ENSP00000390436	GLI2
ENSG00000165995	0.344	ENSP00000320025	CACNB2
ENSG00000103657	0.344	ENSP00000390158	HERC1
ENSG00000103479	0.344	ENSP00000262133	RBL2
ENSG00000051382	0.343	ENSP00000501150	PIK3CB
	0.343	ENSP00000346484	MAK
	0.343	ENSP00000347602	ARID4A
ENSG00000133193	0.343	ENSP00000384832	FAM104A
ENSG00000224902	0.342	ENSP00000371141	GAGE12H
ENSG00000155330	0.342	ENSP00000285697	C16orf87
	0.342	ENSP00000302811	MTNR1A
ENSG00000180611	0.342	ENSP00000376246	MB21D2
	0.341	ENSP00000354691	FCRL5
ENSG00000044090	0.341	ENSP00000438788	CUL7
	0.341	ENSP00000466514	K7EMI3_HUMAN
ENSG00000160299	0.341	ENSP00000352572	PCNT
	0.341	ENSP00000312222	ZHX3
ENSG00000163900	0.34	ENSP00000406885	TMEM41A
ENSG00000113583	0.34	ENSP00000231512	C5orf15
ENSG00000076650	0.34	ENSP00000170564	GPATCH1
ENSG00000152409	0.34	ENSP00000379441	JMY
ENSG00000100644	0.34	ENSP00000437955	HIF1A
ENSG00000128383	0.34	ENSP00000384359	APOBEC3A
ENSG00000184515	0.339	ENSP00000446054	BEX5
ENSG00000085982	0.339	ENSP00000415434	USP40
ENSG00000138347	0.339	ENSP00000351790	MYPN
	0.339	ENSP00000266980	SLC39A5
ENSG00000100842	0.338	ENSP00000216733	EFS
	0.338	ENSP00000441365	MARVELD1
ENSG00000164647	0.338	ENSP00000297205	STEAP1
	0.338	ENSP00000316377	DLGAP1
ENSG00000086544	0.338	ENSP00000263370	ITPKC
ENSG00000171055	0.338	ENSP00000368547	FEZ2
ENSG00000204237	0.338	ENSP00000363873	OXLD1
ENSG00000115896	0.337	ENSP00000402861	PLCL1
ENSG00000196850	0.337	ENSP00000346255	PPTC7
	0.337	ENSP00000234392	VAX2
ENSG00000029364	0.337	ENSP00000336887	SLC39A9
ENSG00000038532	0.336	ENSP00000387122	CLEC16A
ENSG00000171794	0.336	ENSP00000305906	UTF1
ENSG00000129455	0.336	ENSP00000375682	KLK8
	0.336	ENSP00000425979	DROSHA
ENSG00000128590	0.336	ENSP00000249356	DNAJB9
ENSG00000189057	0.336	ENSP00000341565	FAM111B
ENSG00000123154	0.336	ENSP00000402653	WDR83
	0.335	ENSP00000324741	MAP11
ENSG00000078699	0.335	ENSP00000262653	CBFA2T2
ENSG00000198300	0.335	ENSP00000326581	PEG3
	0.335	ENSP00000474487	LIX1L
ENSG00000035681	0.334	ENSP00000411012	NSMAF
ENSG00000214929	0.334	ENSP00000341988	SPATA31D1
ENSG00000115421	0.334	ENSP00000238714	PAPOLG
ENSG00000137868	0.334	ENSP00000456609	STRA6
ENSG00000185742	0.334	ENSP00000331581	C11orf87
ENSG00000164694	0.334	ENSP00000297267	FNDC1
ENSG00000161647	0.333	ENSP00000381430	MPP3
ENSG00000148429	0.333	ENSP00000277575	USP6NL
ENSG00000198286	0.333	ENSP00000380150	CARD11
ENSG00000183323	0.333	ENSP00000379754	CCDC125
	0.333	ENSP00000375234	KRTAP4-9
ENSG00000125898	0.333	ENSP00000354163	FAM110A
ENSG00000154803	0.333	ENSP00000285071	FLCN
ENSG00000165526	0.333	ENSP00000298317	RPUSD4
ENSG00000179142	0.333	ENSP00000325822	CYP11B2
	0.332	ENSP00000375268	RTL8B
ENSG00000181035	0.332	ENSP00000326693	SLC25A42
ENSG00000160606	0.332	ENSP00000292090	TLCD1
	0.332	ENSP00000481834	HPCAL4
ENSG00000114268	0.332	ENSP00000232375	PFKFB4
	0.332	ENSP00000343741	ATR
ENSG00000112541	0.331	ENSP00000355847	PDE10A
ENSG00000001629	0.331	ENSP00000265742	ANKIB1
ENSG00000160949	0.331	ENSP00000386239	TONSL
ENSG00000169105	0.331	ENSP00000307297	CHST14
ENSG00000116675	0.331	ENSP00000360108	DNAJC6
ENSG00000113555	0.331	ENSP00000231484	PCDH12
ENSG00000149582	0.33	ENSP00000431548	TMEM25
ENSG00000131196	0.33	ENSP00000389377	NFATC1
	0.33	ENSP00000265997	CPEB3
ENSG00000007306	0.33	ENSP00000006724	CEACAM7
ENSG00000163872	0.33	ENSP00000306983	YEATS2
	0.33	ENSP00000470086	M0QYU9_HUMAN
ENSG00000196220	0.33	ENSP00000373347	SRGAP3
ENSG00000085721	0.33	ENSP00000198767	RRN3
ENSG00000148331	0.33	ENSP00000277458	ASB6
	0.329	ENSP00000283296	ADGRF5
ENSG00000198961	0.329	ENSP00000354775	PJA2
ENSG00000164053	0.329	ENSP00000323099	ATRIP
ENSG00000067836	0.329	ENSP00000322832	ROGDI
ENSG00000013573	0.328	ENSP00000440402	DDX11
	0.328	ENSP00000309124	OLR1
ENSG00000103091	0.328	ENSP00000262144	WDR59
ENSG00000069956	0.328	ENSP00000261845	MAPK6
ENSG00000172667	0.328	ENSP00000311221	ZMAT3
ENSG00000198732	0.328	ENSP00000355110	SMOC1
	0.328	ENSP00000303246	ACOT12
ENSG00000047644	0.327	ENSP00000370242	WWC3
ENSG00000131067	0.327	ENSP00000338964	GGT7
ENSG00000113161	0.327	ENSP00000287936	HMGCR
ENSG00000155093	0.327	ENSP00000374069	PTPRN2
ENSG00000188770	0.327	ENSP00000356191	OPTC
	0.327	ENSP00000360730	IL13RA1
ENSG00000163092	0.327	ENSP00000386840	XIRP2
ENSG00000153391	0.326	ENSP00000391457	INO80C
ENSG00000243789	0.326	ENSP00000380467	JMJD7
ENSG00000130226	0.326	ENSP00000367001	DPP6
ENSG00000185267	0.326	ENSP00000419395	CDNF
ENSG00000129667	0.325	ENSP00000322775	RHBDF2
ENSG00000043143	0.325	ENSP00000282605	JADE2
ENSG00000089876	0.325	ENSP00000284690	DHX32
ENSG00000118596	0.325	ENSP00000448071	SLC16A7
ENSG00000124201	0.325	ENSP00000360817	ZNFX1
ENSG00000162738	0.325	ENSP00000357040	VANGL2
ENSG00000168237	0.325	ENSP00000389175	GLYCTK
ENSG00000110693	0.325	ENSP00000379644	SOX6
	0.324	ENSP00000375236	KRTAP4-7
ENSG00000101224	0.324	ENSP00000245960	CDC25B
ENSG00000166881	0.324	ENSP00000300128	NEMP1
ENSG00000084112	0.324	ENSP00000315713	SSH1
	0.324	ENSP00000272444	DUSP11
ENSG00000243811	0.323	ENSP00000216099	APOBEC3D
	0.323	ENSP00000370980	ENSP00000370980
ENSG00000114270	0.323	ENSP00000332371	COL7A1
ENSG00000180098	0.323	ENSP00000362936	TRNAU1AP
ENSG00000023572	0.323	ENSP00000356410	GLRX2
ENSG00000111713	0.322	ENSP00000261195	GYS2
ENSG00000135116	0.322	ENSP00000257572	HRK
ENSG00000163624	0.322	ENSP00000295887	CDS1
ENSG00000082996	0.322	ENSP00000341361	RNF13
ENSG00000169826	0.322	ENSP00000363590	CSGALNACT2
ENSG00000081087	0.322	ENSP00000193322	OSTM1
ENSG00000110721	0.321	ENSP00000265689	CHKA
ENSG00000145020	0.321	ENSP00000273588	AMT
	0.321	ENSP00000492240	KCTD7
	0.321	ENSP00000284503	NEIL2
ENSG00000142188	0.321	ENSP00000439768	TMEM50B
	0.321	ENSP00000325326	ZNF335
ENSG00000182580	0.321	ENSP00000332118	EPHB3
ENSG00000110092	0.32	ENSP00000227507	CCND1
ENSG00000116117	0.32	ENSP00000385848	PARD3B
ENSG00000175536	0.32	ENSP00000309463	LIPT2
ENSG00000178409	0.32	ENSP00000411268	BEND3
ENSG00000131748	0.32	ENSP00000337446	STARD3
ENSG00000108175	0.32	ENSP00000334474	ZMIZ1
ENSG00000204764	0.319	ENSP00000427975	RANBP17
	0.318	ENSP00000303769	AKNA
ENSG00000115602	0.318	ENSP00000233954	IL1RL1
ENSG00000173064	0.318	ENSP00000366783	HECTD4
ENSG00000107404	0.318	ENSP00000368166	DVL1
	0.318	ENSP00000368686	E2F4
	0.318	ENSP00000320886	MLXIPL
ENSG00000138821	0.318	ENSP00000378310	SLC39A8
ENSG00000158158	0.318	ENSP00000366275	CNNM4
ENSG00000136878	0.317	ENSP00000313811	USP20
ENSG00000177302	0.317	ENSP00000321636	TOP3A
ENSG00000147180	0.317	ENSP00000353922	ZNF711
ENSG00000115762	0.317	ENSP00000385892	PLEKHB2
ENSG00000143847	0.317	ENSP00000402576	PPFIA4
ENSG00000204104	0.317	ENSP00000362424	TRAF3IP1
ENSG00000183844	0.317	ENSP00000350673	FAM3B
ENSG00000174233	0.317	ENSP00000311405	ADCY6
ENSG00000157617	0.317	ENSP00000369853	C2CD2
ENSG00000131015	0.317	ENSP00000356320	ULBP2
ENSG00000165801	0.317	ENSP00000298694	ARHGEF40
ENSG00000130222	0.316	ENSP00000252506	GADD45G
ENSG00000005302	0.316	ENSP00000312244	MSL3
ENSG00000131203	0.316	ENSP00000430950	IDO1
ENSG00000197721	0.316	ENSP00000421736	CR1L
ENSG00000157992	0.316	ENSP00000442400	KRTCAP3
ENSG00000112273	0.316	ENSP00000442129	HDGFL1
ENSG00000196188	0.316	ENSP00000350911	CTSE
ENSG00000121898	0.316	ENSP00000241305	CPXM2
ENSG00000134982	0.316	ENSP00000257430	APC
	0.315	ENSP00000324560	ULK1
ENSG00000007312	0.315	ENSP00000376544	CD79B
ENSG00000104133	0.315	ENSP00000261866	SPG11
ENSG00000145990	0.315	ENSP00000368589	GFOD1
ENSG00000178498	0.315	ENSP00000448696	DTX3
ENSG00000101935	0.315	ENSP00000262844	AMMECR1
ENSG00000196427	0.315	ENSP00000389237	NBPF4
ENSG00000134061	0.315	ENSP00000256447	CD180
ENSG00000104960	0.314	ENSP00000375717	PTOV1
ENSG00000078081	0.314	ENSP00000265598	LAMP3
ENSG00000123179	0.314	ENSP00000242827	EBPL
ENSG00000158850	0.314	ENSP00000480428	B4GALT3
ENSG00000197948	0.314	ENSP00000399259	FCHSD1
	0.314	ENSP00000392262	PPP5D1
ENSG00000167971	0.314	ENSP00000345436	CASKIN1
ENSG00000102858	0.314	ENSP00000262370	MGRN1
ENSG00000147003	0.313	ENSP00000369699	CLTRN
ENSG00000158485	0.313	ENSP00000357150	CD1B
ENSG00000126562	0.313	ENSP00000246914	WNK4
	0.313	ENSP00000497072	ENSP00000497072
ENSG00000152404	0.312	ENSP00000282251	CWF19L2
ENSG00000140044	0.312	ENSP00000267569	JDP2
ENSG00000103335	0.312	ENSP00000301015	PIEZO1
	0.312	ENSP00000357927	BNIPL
ENSG00000163814	0.311	ENSP00000296129	CDCP1
ENSG00000186994	0.311	ENSP00000328923	KANK3
	0.311	ENSP00000358316	PLEKHS1
ENSG00000105229	0.311	ENSP00000262971	PIAS4
ENSG00000173611	0.311	ENSP00000362650	SCAI
ENSG00000126947	0.311	ENSP00000361917	ARMCX1
ENSG00000167797	0.311	ENSP00000301488	CDK2AP2
ENSG00000175766	0.311	ENSP00000497422	EIF4E1B
ENSG00000158296	0.31	ENSP00000279027	SLC13A3
	0.31	ENSP00000362776	COL16A1
	0.31	ENSP00000360262	FGGY
	0.31	ENSP00000357766	LCE4A
	0.31	ENSP00000375232	KRTAP4-11
ENSG00000182195	0.31	ENSP00000359557	LDOC1
ENSG00000106571	0.31	ENSP00000379258	GLI3
	0.31	ENSP00000221200	KCTD9
ENSG00000188647	0.309	ENSP00000344299	PTAR1
ENSG00000175356	0.309	ENSP00000310658	SCUBE2
ENSG00000143612	0.309	ENSP00000357507	C1orf43
ENSG00000146285	0.309	ENSP00000358016	SCML4
ENSG00000181744	0.309	ENSP00000320081	DIPK2A
ENSG00000163412	0.309	ENSP00000393324	EIF4E3
ENSG00000085831	0.309	ENSP00000393952	TTC39A
	0.309	ENSP00000422496	TTC39B
	0.309	ENSP00000479656	KRTAP7-1
ENSG00000198722	0.309	ENSP00000479261	UNC13B
ENSG00000132854	0.309	ENSP00000360195	KANK4
ENSG00000277258	0.308	ENSP00000482063	PCGF2
ENSG00000118162	0.308	ENSP00000337850	KPTN
ENSG00000219545	0.308	ENSP00000489648	UMAD1
ENSG00000213047	0.308	ENSP00000479816	DENND1B
	0.308	ENSP00000306968	CDCA7
ENSG00000063169	0.308	ENSP00000379946	BICRA
ENSG00000170917	0.307	ENSP00000306070	NUDT6
ENSG00000183723	0.307	ENSP00000333833	CMTM4
ENSG00000128040	0.307	ENSP00000425961	SPINK2
ENSG00000102977	0.307	ENSP00000483117	ACD
ENSG00000203896	0.307	ENSP00000309521	LIME1
ENSG00000149435	0.306	ENSP00000337587	GGTLC1
ENSG00000196620	0.306	ENSP00000341045	UGT2B15
ENSG00000182185	0.306	ENSP00000419881	RAD51B
ENSG00000068697	0.306	ENSP00000175091	LAPTM4A
ENSG00000171988	0.306	ENSP00000382204	JMJD1C
ENSG00000166348	0.306	ENSP00000345216	USP54
ENSG00000278259	0.306	ENSP00000479518	MYO19
	0.305	ENSP00000497759	FOXC2
	0.305	ENSP00000227348	CRTAM
ENSG00000135447	0.305	ENSP00000257905	PPP1R1A
ENSG00000153721	0.305	ENSP00000475915	CNKSR3
ENSG00000134940	0.305	ENSP00000432816	ACRV1
	0.305	ENSP00000270061	SSBP4
ENSG00000163322	0.305	ENSP00000369857	ABRAXAS1
ENSG00000146147	0.305	ENSP00000426290	MLIP
ENSG00000131943	0.304	ENSP00000376103	C19orf12
ENSG00000197888	0.304	ENSP00000320401	UGT2B17
ENSG00000133561	0.304	ENSP00000479580	GIMAP6
ENSG00000151332	0.304	ENSP00000399718	MBIP
ENSG00000128815	0.304	ENSP00000320563	WDFY4
ENSG00000129292	0.304	ENSP00000378784	PHF20L1
ENSG00000158516	0.304	ENSP00000222481	CPA2
	0.303	ENSP00000261038	SLC49A4
ENSG00000149300	0.303	ENSP00000278601	C11orf52
	0.303	ENSP00000429517	TRIQK
	0.302	ENSP00000472109	TEAD2
ENSG00000115841	0.302	ENSP00000234195	RMDN2
ENSG00000080189	0.302	ENSP00000318960	SLC35C2
ENSG00000172935	0.302	ENSP00000403660	MRGPRF
	0.302	ENSP00000305651	CXCL10
ENSG00000082512	0.302	ENSP00000261464	TRAF5
ENSG00000213186	0.302	ENSP00000311219	TRIM59
ENSG00000085840	0.302	ENSP00000360623	ORC1
	0.302	ENSP00000400224	TBATA
ENSG00000162390	0.301	ENSP00000360366	ACOT11
ENSG00000197380	0.301	ENSP00000375783	DACT3
ENSG00000089472	0.301	ENSP00000430620	HEPH
ENSG00000144357	0.301	ENSP00000396068	UBR3
	0.301	ENSP00000447852	POC1B-GALNT4
ENSG00000177409	0.301	ENSP00000326247	SAMD9L
ENSG00000171865	0.3	ENSP00000313350	RNASEH1
ENSG00000069399	0.3	ENSP00000164227	BCL3
	0.3	ENSP00000356379	ASPM
ENSG00000242802	0.3	ENSP00000497815	AP5Z1
	0.3	ENSP00000329668	SHC4
	0.299	ENSP00000376849	CASP5
ENSG00000178882	0.299	ENSP00000374377	RFLNA
ENSG00000177374	0.299	ENSP00000314080	HIC1
ENSG00000166833	0.298	ENSP00000379396	NAV2
ENSG00000086506	0.298	ENSP00000199708	HBQ1
ENSG00000198846	0.298	ENSP00000354842	TOX
ENSG00000183783	0.298	ENSP00000353129	KCTD8
	0.298	ENSP00000436604	GALNT4
ENSG00000109881	0.298	ENSP00000330240	CCDC34
	0.298	ENSP00000256925	CABLES1
ENSG00000163026	0.298	ENSP00000295148	WDCP
	0.297	ENSP00000248076	F2RL3
ENSG00000235750	0.297	ENSP00000462172	KIAA0040
	0.297	ENSP00000480445	MSANTD3
ENSG00000135535	0.297	ENSP00000309376	CD164
ENSG00000268940	0.297	ENSP00000470185	CT45A1
ENSG00000147905	0.297	ENSP00000443113	ZCCHC7
ENSG00000141293	0.296	ENSP00000338171	SKAP1
ENSG00000186185	0.296	ENSP00000465992	KIF18B
ENSG00000182916	0.296	ENSP00000329794	TCEAL7
ENSG00000159167	0.296	ENSP00000290271	STC1
ENSG00000161381	0.296	ENSP00000323927	PLXDC1
	0.296	ENSP00000279907	UHRF1BP1L
	0.296	ENSP00000318154	MRFAP1L1
ENSG00000242550	0.296	ENSP00000238508	SERPINB10
ENSG00000164896	0.296	ENSP00000297532	FASTK
ENSG00000196482	0.296	ENSP00000355904	ESRRG
ENSG00000145016	0.295	ENSP00000296343	RUBCN
ENSG00000180834	0.295	ENSP00000314560	MAP6D1
ENSG00000185262	0.295	ENSP00000331298	UBALD2
	0.295	ENSP00000398035	F8W6W0_HUMAN
ENSG00000250423	0.295	ENSP00000384670	KIAA1210
ENSG00000108799	0.295	ENSP00000404658	EZH1
ENSG00000112977	0.295	ENSP00000394163	DAP
ENSG00000051108	0.294	ENSP00000409555	HERPUD1
ENSG00000101452	0.294	ENSP00000252011	DHX35
ENSG00000178935	0.294	ENSP00000375582	ZNF552
ENSG00000139289	0.294	ENSP00000266671	PHLDA1
ENSG00000064886	0.294	ENSP00000437082	CHI3L2
ENSG00000082258	0.294	ENSP00000264157	CCNT2
	0.294	ENSP00000252998	RBBP8NL
	0.294	ENSP00000465776	CCDC130
ENSG00000171219	0.293	ENSP00000345133	CDC42BPG
	0.293	ENSP00000289921	FAM160B2
ENSG00000146802	0.293	ENSP00000323068	TMEM168
ENSG00000114126	0.293	ENSP00000420616	TFDP2
ENSG00000178607	0.293	ENSP00000401445	ERN1
	0.293	ENSP00000215838	TCN2
ENSG00000167754	0.293	ENSP00000337733	KLK5
ENSG00000223953	0.293	ENSP00000431140	C1QTNF5
ENSG00000188522	0.293	ENSP00000373647	FAM83G
ENSG00000152939	0.293	ENSP00000323264	MARVELD2
ENSG00000143740	0.293	ENSP00000314157	SNAP47
ENSG00000085276	0.293	ENSP00000264674	MECOM
ENSG00000133657	0.292	ENSP00000416508	ATP13A3
ENSG00000079156	0.292	ENSP00000376293	OSBPL6
ENSG00000169239	0.292	ENSP00000314099	CA5B
	0.292	ENSP00000261386	GDE1
ENSG00000185347	0.291	ENSP00000376307	TEDC1
ENSG00000164061	0.291	ENSP00000296452	BSN
	0.291	ENSP00000361842	MATN4
ENSG00000005700	0.291	ENSP00000305721	IBTK
ENSG00000248485	0.291	ENSP00000426296	PCP4L1
	0.291	ENSP00000064780	RELT
ENSG00000158714	0.291	ENSP00000289707	SLAMF8
ENSG00000166912	0.291	ENSP00000402537	MTMR10
ENSG00000139192	0.291	ENSP00000266556	TAPBPL
ENSG00000130589	0.291	ENSP00000417401	HELZ2
ENSG00000138395	0.291	ENSP00000406472	CDK15
	0.29	ENSP00000222726	HOXA5
ENSG00000182566	0.29	ENSP00000327599	CLEC4G
ENSG00000155329	0.29	ENSP00000423276	ZCCHC10
ENSG00000154928	0.29	ENSP00000381097	EPHB1
ENSG00000116991	0.29	ENSP00000355589	SIPA1L2
ENSG00000072071	0.29	ENSP00000340688	ADGRL1
ENSG00000080839	0.289	ENSP00000362768	RBL1
ENSG00000057704	0.289	ENSP00000261226	TMCC3
ENSG00000139620	0.289	ENSP00000415436	KANSL2
ENSG00000127561	0.288	ENSP00000248121	SYNGR3
ENSG00000145819	0.288	ENSP00000274498	ARHGAP26
ENSG00000166118	0.288	ENSP00000299140	SPATA19
	0.288	ENSP00000243108	HOXC6
ENSG00000188883	0.288	ENSP00000339356	KLRG2
	0.288	ENSP00000355308	HACD1
	0.288	ENSP00000379911	CENPK
ENSG00000145911	0.288	ENSP00000274605	N4BP3
ENSG00000166840	0.287	ENSP00000300079	GLYATL1
	0.287	ENSP00000373648	KCNQ3
ENSG00000159958	0.287	ENSP00000291232	TNFRSF13C
ENSG00000123610	0.287	ENSP00000243347	TNFAIP6
ENSG00000172732	0.287	ENSP00000307853	MUS81
ENSG00000102595	0.287	ENSP00000365938	UGGT2
ENSG00000205639	0.287	ENSP00000342501	MFSD2B
ENSG00000101417	0.287	ENSP00000386385	PXMP4
	0.287	ENSP00000368152	ALKBH6
ENSG00000175832	0.286	ENSP00000321835	ETV4
	0.286	ENSP00000222982	CYP3A5
ENSG00000169972	0.286	ENSP00000368318	PUSL1
ENSG00000109181	0.286	ENSP00000265403	UGT2B10
	0.285	ENSP00000499770	LINC00634
ENSG00000143341	0.285	ENSP00000271588	HMCN1
ENSG00000103126	0.285	ENSP00000262320	AXIN1
ENSG00000197191	0.285	ENSP00000386453	CYSRT1
	0.285	ENSP00000363463	MACO1
ENSG00000154781	0.285	ENSP00000373304	CCDC174
	0.285	ENSP00000477706	ZNF316
ENSG00000141428	0.284	ENSP00000465517	C18orf21
ENSG00000118965	0.284	ENSP00000314444	WDR35
ENSG00000170836	0.284	ENSP00000306682	PPM1D
	0.284	ENSP00000310585	PCP2
ENSG00000117318	0.284	ENSP00000363689	ID3
ENSG00000182118	0.283	ENSP00000355614	FAM89A
	0.283	ENSP00000356172	SOX13
ENSG00000135837	0.283	ENSP00000356579	CEP350
ENSG00000166173	0.283	ENSP00000299213	LARP6
ENSG00000198331	0.283	ENSP00000414884	HYLS1
ENSG00000079841	0.283	ENSP00000428417	RIMS1
	0.283	ENSP00000254072	KRTAP9-8
ENSG00000124839	0.282	ENSP00000264601	RAB17
ENSG00000065361	0.282	ENSP00000267101	ERBB3
ENSG00000103540	0.282	ENSP00000370803	CCP110
ENSG00000179588	0.282	ENSP00000326630	ZFPM1
ENSG00000113396	0.282	ENSP00000262462	SLC27A6
	0.281	ENSP00000366522	ARHGAP39
ENSG00000130940	0.281	ENSP00000366221	CASZ1
ENSG00000166783	0.281	ENSP00000379654	MARF1
ENSG00000099991	0.281	ENSP00000381364	CABIN1
ENSG00000132824	0.281	ENSP00000340243	SERINC3
	0.281	ENSP00000306999	ESCO2
ENSG00000138061	0.281	ENSP00000478561	CYP1B1
ENSG00000129968	0.28	ENSP00000250974	ABHD17A
ENSG00000115361	0.28	ENSP00000233710	ACADL
ENSG00000137812	0.28	ENSP00000335463	KNL1
ENSG00000178449	0.279	ENSP00000326052	COX14
ENSG00000198315	0.279	ENSP00000332750	ZKSCAN8
ENSG00000188215	0.279	ENSP00000319482	DCUN1D3
ENSG00000170006	0.279	ENSP00000302144	TMEM154
	0.279	ENSP00000386503	CCDC141
ENSG00000102104	0.278	ENSP00000369320	RS1
	0.278	ENSP00000295900	ATXN7
ENSG00000026751	0.278	ENSP00000357022	SLAMF7
	0.278	ENSP00000336701	RAD51C
ENSG00000178568	0.278	ENSP00000342235	ERBB4
ENSG00000186086	0.278	ENSP00000417277	NBPF6
ENSG00000239282	0.278	ENSP00000384183	CASTOR1
ENSG00000110497	0.278	ENSP00000431926	AMBRA1
ENSG00000144741	0.278	ENSP00000346955	SLC25A26
	0.278	ENSP00000345826	PMEPA1
ENSG00000163913	0.277	ENSP00000296266	IFT122
ENSG00000129810	0.277	ENSP00000263753	SGO1
ENSG00000155324	0.277	ENSP00000426120	GRAMD2B
ENSG00000188295	0.277	ENSP00000342818	ZNF669
ENSG00000167772	0.277	ENSP00000301455	ANGPTL4
ENSG00000102221	0.277	ENSP00000481850	JADE3
ENSG00000161013	0.277	ENSP00000338487	MGAT4B
ENSG00000091490	0.277	ENSP00000382767	SEL1L3
ENSG00000167183	0.277	ENSP00000300557	PRR15L
ENSG00000123444	0.277	ENSP00000436713	KBTBD4
ENSG00000164038	0.276	ENSP00000378265	SLC9B2
ENSG00000106330	0.276	ENSP00000377522	MOSPD3
ENSG00000085998	0.276	ENSP00000361060	POMGNT1
ENSG00000170113	0.276	ENSP00000337452	NIPA1
	0.276	ENSP00000355752	STUM
ENSG00000134533	0.276	ENSP00000256953	RERG
ENSG00000188167	0.275	ENSP00000343398	TMPPE
ENSG00000136444	0.275	ENSP00000258955	RSAD1
ENSG00000125618	0.275	ENSP00000263334	PAX8
ENSG00000163347	0.275	ENSP00000295522	CLDN1
ENSG00000090661	0.274	ENSP00000251363	CERS4
ENSG00000116670	0.274	ENSP00000235310	MAD2L2
ENSG00000151748	0.274	ENSP00000324729	SAV1
ENSG00000100105	0.274	ENSP00000266269	PATZ1
ENSG00000172346	0.274	ENSP00000302485	CSDC2
ENSG00000215193	0.274	ENSP00000331106	PEX26
ENSG00000122515	0.274	ENSP00000311778	ZMIZ2
ENSG00000116580	0.274	ENSP00000357315	GON4L
ENSG00000206384	0.273	ENSP00000351310	COL6A6
ENSG00000104885	0.273	ENSP00000381657	DOT1L
ENSG00000178700	0.273	ENSP00000319170	DHFR2
ENSG00000102100	0.273	ENSP00000416002	SLC35A2
ENSG00000124191	0.273	ENSP00000344724	TOX2
ENSG00000066405	0.273	ENSP00000340939	CLDN18
ENSG00000241127	0.273	ENSP00000223273	YAE1
ENSG00000122574	0.273	ENSP00000242140	WIPF3
ENSG00000177045	0.273	ENSP00000316842	SIX5
ENSG00000177030	0.272	ENSP00000371846	DEAF1
ENSG00000175592	0.272	ENSP00000310170	FOSL1
ENSG00000067191	0.272	ENSP00000377840	CACNB1
ENSG00000177301	0.272	ENSP00000487785	KCNA2
ENSG00000101844	0.272	ENSP00000361306	ATG4A
ENSG00000112576	0.272	ENSP00000362082	CCND3
	0.272	ENSP00000370936	E2F6
ENSG00000189129	0.272	ENSP00000361337	PLAC9
ENSG00000137601	0.272	ENSP00000424757	NEK1
	0.271	ENSP00000382688	KDM5A
ENSG00000228836	0.271	ENSP00000427342	CT45A5
ENSG00000269096	0.271	ENSP00000471418	CT45A3
ENSG00000278289	0.271	ENSP00000479608	CT45A6
ENSG00000273696	0.271	ENSP00000482241	CT45A7
ENSG00000140479	0.271	ENSP00000482760	PCSK6
	0.271	ENSP00000481127	LOC102724788
ENSG00000114631	0.271	ENSP00000345359	PODXL2
ENSG00000073605	0.271	ENSP00000415049	GSDMB
ENSG00000054179	0.271	ENSP00000347213	ENTPD2
ENSG00000096395	0.271	ENSP00000388825	MLN
ENSG00000273611	0.27	ENSP00000484687	ZNHIT3
	0.27	ENSP00000348234	TAT
	0.27	ENSP00000343838	UGT1A10
ENSG00000114982	0.27	ENSP00000396749	KANSL3
ENSG00000102890	0.27	ENSP00000498602	ELMO3
ENSG00000163704	0.27	ENSP00000392511	PRRT3
ENSG00000009780	0.27	ENSP00000010299	FAM76A
ENSG00000142408	0.27	ENSP00000270458	CACNG8
ENSG00000154822	0.269	ENSP00000478458	PLCL2
	0.269	ENSP00000353344	ETS2
ENSG00000162971	0.269	ENSP00000346627	TYW5
ENSG00000147118	0.269	ENSP00000380165	ZNF182
	0.269	ENSP00000443130	F5H5T6_HUMAN
ENSG00000159592	0.269	ENSP00000347224	GPBP1L1
ENSG00000152193	0.269	ENSP00000282003	OBI1
ENSG00000106400	0.269	ENSP00000304593	ZNHIT1
ENSG00000158669	0.269	ENSP00000380184	GPAT4
	0.269	ENSP00000469158	SPHK2
	0.268	ENSP00000282369	TRIM36
ENSG00000163755	0.268	ENSP00000296051	HPS3
ENSG00000157399	0.268	ENSP00000500220	ARSL
ENSG00000140297	0.268	ENSP00000379377	GCNT3
ENSG00000100079	0.268	ENSP00000215886	LGALS2
	0.268	ENSP00000370543	SLC5A3
ENSG00000068028	0.268	ENSP00000349547	RASSF1
	0.268	ENSP00000281043	MYCN
ENSG00000129480	0.267	ENSP00000312224	DTD2
	0.267	ENSP00000397050	PPM1N
ENSG00000127528	0.267	ENSP00000248071	KLF2
ENSG00000213015	0.267	ENSP00000443957	ZNF580
	0.267	ENSP00000295757	HDAC11
	0.267	ENSP00000375076	KRTAP4-4
	0.267	ENSP00000358862	PCGF6
ENSG00000186448	0.267	ENSP00000345809	ZNF197
ENSG00000177791	0.267	ENSP00000352272	MYOZ1
ENSG00000167566	0.267	ENSP00000337998	NCKAP5L
ENSG00000157600	0.266	ENSP00000361138	TMEM164
ENSG00000154813	0.266	ENSP00000419599	DPH3
ENSG00000071243	0.266	ENSP00000320566	ING3
	0.266	ENSP00000492745	ENSP00000492745
ENSG00000165097	0.266	ENSP00000297792	KDM1B
ENSG00000181827	0.266	ENSP00000501317	RFX7
	0.266	ENSP00000355896	TGFB2
ENSG00000173894	0.266	ENSP00000308750	CBX2
ENSG00000185442	0.266	ENSP00000329040	FAM174B
ENSG00000147576	0.265	ENSP00000379865	ADHFE1
ENSG00000147573	0.265	ENSP00000323913	TRIM55
	0.265	ENSP00000359321	MTF2
	0.265	ENSP00000257287	CEP135
ENSG00000138640	0.264	ENSP00000264344	FAM13A
ENSG00000185670	0.264	ENSP00000501025	ZBTB3
ENSG00000100379	0.264	ENSP00000385096	KCTD17
ENSG00000145623	0.264	ENSP00000274276	OSMR
ENSG00000163898	0.264	ENSP00000296252	LIPH
ENSG00000171199	0.264	ENSP00000382485	OPRPN
	0.264	ENSP00000439585	ATXN7-2
ENSG00000121068	0.264	ENSP00000240328	TBX2
	0.264	ENSP00000244426	FBXO9
ENSG00000105227	0.264	ENSP00000326018	PRX
ENSG00000138660	0.263	ENSP00000274000	AP1AR
ENSG00000165804	0.263	ENSP00000354206	ZNF219
ENSG00000140391	0.263	ENSP00000267970	TSPAN3
ENSG00000275832	0.263	ENSP00000481862	ARHGAP23
ENSG00000128016	0.263	ENSP00000471239	ZFP36
	0.263	ENSP00000493419	OR5B2
ENSG00000151148	0.263	ENSP00000340596	UBE3B
ENSG00000144136	0.263	ENSP00000272542	SLC20A1
ENSG00000069020	0.263	ENSP00000385727	MAST4
ENSG00000135736	0.263	ENSP00000258214	CCDC102A
ENSG00000137764	0.263	ENSP00000178640	MAP2K5
	0.262	ENSP00000362395	ITM2A
ENSG00000205352	0.262	ENSP00000412064	PRR13
ENSG00000073737	0.262	ENSP00000389241	DHRS9
ENSG00000135870	0.262	ENSP00000356669	RC3H1
ENSG00000126733	0.262	ENSP00000362217	DACH2
ENSG00000100625	0.262	ENSP00000216513	SIX4
ENSG00000172345	0.261	ENSP00000304032	STARD5
ENSG00000156127	0.261	ENSP00000286639	BATF
ENSG00000135587	0.261	ENSP00000258052	SMPD2
ENSG00000065717	0.261	ENSP00000466542	TLE2
	0.261	ENSP00000480524	GTF2IRD2B
ENSG00000070915	0.261	ENSP00000402152	SLC12A3
ENSG00000137492	0.261	ENSP00000260045	THAP12
ENSG00000090402	0.261	ENSP00000264382	SI
ENSG00000144736	0.261	ENSP00000315182	SHQ1
ENSG00000134258	0.261	ENSP00000358470	VTCN1
ENSG00000119778	0.261	ENSP00000238789	ATAD2B
ENSG00000160050	0.261	ENSP00000413017	CCDC28B
	0.261	ENSP00000365075	CELA2B
	0.26	ENSP00000409879	TMEM159
ENSG00000196968	0.26	ENSP00000361932	FUT11
ENSG00000011523	0.26	ENSP00000367229	CEP68
ENSG00000130475	0.26	ENSP00000473001	FCHO1
	0.26	ENSP00000335565	KRTAP10-8
ENSG00000129493	0.26	ENSP00000437968	HEATR5A
ENSG00000117479	0.26	ENSP00000236137	SLC19A2
ENSG00000166263	0.26	ENSP00000365530	STXBP4
	0.26	ENSP00000493106	OR4K14
ENSG00000174358	0.26	ENSP00000305302	SLC6A19
ENSG00000204348	0.26	ENSP00000364498	DXO
ENSG00000188859	0.26	ENSP00000346404	FAM78B
ENSG00000164600	0.259	ENSP00000297142	NEUROD6
ENSG00000155974	0.259	ENSP00000381098	GRIP1
ENSG00000100033	0.259	ENSP00000349577	PRODH
ENSG00000154760	0.259	ENSP00000285013	SLFN13
	0.259	ENSP00000266546	CLSTN3
ENSG00000122042	0.258	ENSP00000370055	UBL3
	0.258	ENSP00000228936	ART4
	0.258	ENSP00000360120	ROR1
ENSG00000053770	0.258	ENSP00000261558	AP5M1
	0.258	ENSP00000406723	GTF2IRD2
ENSG00000176946	0.258	ENSP00000385006	THAP4
ENSG00000187147	0.258	ENSP00000347548	RNF220
ENSG00000090539	0.257	ENSP00000204604	CHRD
ENSG00000274736	0.257	ENSP00000481357	CCL23
ENSG00000145740	0.257	ENSP00000379836	SLC30A5
	0.257	ENSP00000334452	OR13F1
ENSG00000266412	0.257	ENSP00000463027	NCOA4
ENSG00000187957	0.257	ENSP00000345229	DNER
	0.257	ENSP00000445418	FAM90A1
ENSG00000162772	0.257	ENSP00000344352	ATF3
ENSG00000006704	0.257	ENSP00000397566	GTF2IRD1
ENSG00000169122	0.257	ENSP00000355204	FAM110B
ENSG00000118420	0.257	ENSP00000358762	UBE3D
ENSG00000134461	0.256	ENSP00000369436	ANKRD16
ENSG00000278085	0.256	ENSP00000481184	CT45A8
ENSG00000271449	0.256	ENSP00000483619	CT45A2
ENSG00000270946	0.256	ENSP00000483637	CT45A9
ENSG00000054356	0.256	ENSP00000295718	PTPRN
ENSG00000164080	0.256	ENSP00000386520	RAD54L2
ENSG00000116044	0.256	ENSP00000380252	NFE2L2
ENSG00000104369	0.256	ENSP00000344488	JPH1
	0.256	ENSP00000303070	SCGB1D1
ENSG00000130545	0.255	ENSP00000349204	CRB3
ENSG00000183077	0.255	ENSP00000328938	AFMID
ENSG00000121775	0.255	ENSP00000338165	TMEM39B
ENSG00000114698	0.255	ENSP00000347038	PLSCR4
ENSG00000159363	0.255	ENSP00000327214	ATP13A2
	0.255	ENSP00000260653	SIX3
ENSG00000118518	0.255	ENSP00000357297	RNF146
ENSG00000167608	0.255	ENSP00000477627	TMC4
ENSG00000188760	0.255	ENSP00000343507	TMEM198
ENSG00000180875	0.255	ENSP00000318650	GREM2
ENSG00000105173	0.255	ENSP00000262643	CCNE1
ENSG00000100246	0.255	ENSP00000216068	DNAL4
	0.255	ENSP00000235345	SLC35D1
ENSG00000117139	0.255	ENSP00000356233	KDM5B
ENSG00000136158	0.254	ENSP00000366306	SPRY2
	0.254	ENSP00000326095	RNF166
ENSG00000175489	0.254	ENSP00000340983	LRRC25
	0.254	ENSP00000064571	CBLN4
ENSG00000183971	0.254	ENSP00000456974	NPW
ENSG00000166167	0.254	ENSP00000359206	BTRC
	0.254	ENSP00000366249	UBD
ENSG00000204315	0.254	ENSP00000364298	FKBPL
	0.253	ENSP00000259212	IL36RN
ENSG00000181396	0.253	ENSP00000330075	OGFOD3
	0.253	ENSP00000280155	ADRA2A
ENSG00000105186	0.253	ENSP00000304292	ANKRD27
	0.253	ENSP00000318142	FUT7
ENSG00000163521	0.253	ENSP00000295759	GLB1L
	0.253	ENSP00000339634	KIR2DL4
ENSG00000166446	0.253	ENSP00000476295	CDYL2
ENSG00000150347	0.253	ENSP00000279873	ARID5B
ENSG00000135452	0.253	ENSP00000257910	TSPAN31
ENSG00000162378	0.253	ENSP00000294353	ZYG11B
ENSG00000178502	0.252	ENSP00000314608	KLHL11
ENSG00000112787	0.252	ENSP00000396160	FBRSL1
ENSG00000188554	0.251	ENSP00000343479	NBR1
ENSG00000148019	0.251	ENSP00000365782	CEP78
ENSG00000152766	0.251	ENSP00000360998	ANKRD22
	0.251	ENSP00000265843	EXPH5
ENSG00000240053	0.251	ENSP00000365024	LY6G5B
	0.251	ENSP00000366015	ANGPTL7
ENSG00000250254	0.251	ENSP00000424261	PTTG2
	0.251	ENSP00000464121	ADAP2
ENSG00000163071	0.25	ENSP00000295213	SPATA18
ENSG00000112357	0.25	ENSP00000315680	PEX7
ENSG00000105383	0.25	ENSP00000262262	CD33
ENSG00000167778	0.25	ENSP00000301463	SPRYD3
ENSG00000118762	0.25	ENSP00000237596	PKD2
ENSG00000089022	0.25	ENSP00000449381	MAPKAPK5
ENSG00000205356	0.25	ENSP00000404923	TECPR1
	0.25	ENSP00000317039	RMI1
	0.25	ENSP00000331411	FBLN7
ENSG00000170681	0.25	ENSP00000418668	CAVIN4
	0.249	ENSP00000364752	XAGE1A
	0.249	ENSP00000364766	XAGE1B
ENSG00000107290	0.249	ENSP00000224140	SETX
ENSG00000171962	0.249	ENSP00000382140	DRC3
ENSG00000162430	0.249	ENSP00000355141	SELENON
	0.249	ENSP00000331682	KLHL22
	0.249	ENSP00000351671	CCL20
ENSG00000111850	0.249	ENSP00000376603	SMIM8
ENSG00000167634	0.249	ENSP00000467123	NLRP7
ENSG00000176845	0.249	ENSP00000315731	METRNL
ENSG00000157657	0.248	ENSP00000363241	ZNF618
ENSG00000083168	0.248	ENSP00000265713	KAT6A
ENSG00000145431	0.248	ENSP00000422464	PDGFC
ENSG00000151835	0.248	ENSP00000371729	SACS
ENSG00000221968	0.248	ENSP00000278829	FADS3
	0.248	ENSP00000362549	UGT1A8
ENSG00000130234	0.248	ENSP00000389326	ACE2
ENSG00000104936	0.248	ENSP00000345997	DMPK
ENSG00000178172	0.248	ENSP00000481309	SPINK6
ENSG00000092850	0.248	ENSP00000207457	TEKT2
ENSG00000159658	0.247	ENSP00000361001	EFCAB14
	0.247	ENSP00000383376	JAM2
	0.247	ENSP00000432651	SMTNL1
ENSG00000120500	0.247	ENSP00000311538	ARR3
ENSG00000169059	0.247	ENSP00000370479	VCX3A
ENSG00000186115	0.247	ENSP00000221700	CYP4F2
ENSG00000119782	0.247	ENSP00000370373	FKBP1B
	0.247	ENSP00000354652	NPY1R
ENSG00000162520	0.247	ENSP00000386439	SYNC
ENSG00000148468	0.246	ENSP00000367356	FAM171A1
ENSG00000091073	0.246	ENSP00000322885	DTX2
ENSG00000205642	0.246	ENSP00000370420	VCX3B
	0.246	ENSP00000357764	C1orf68
ENSG00000024862	0.246	ENSP00000479060	CCDC28A
ENSG00000168803	0.246	ENSP00000456242	ADAL
ENSG00000182389	0.246	ENSP00000438949	CACNB4
	0.246	ENSP00000297261	SHH
ENSG00000059122	0.246	ENSP00000253928	FLYWCH1
ENSG00000107742	0.246	ENSP00000321108	SPOCK2
ENSG00000116138	0.246	ENSP00000365007	DNAJC16
ENSG00000087152	0.246	ENSP00000397259	ATXN7L3
ENSG00000112701	0.245	ENSP00000402527	SENP6
ENSG00000161021	0.245	ENSP00000292599	MAML1
ENSG00000141034	0.245	ENSP00000268719	GID4
ENSG00000243978	0.245	ENSP00000419786	RTL9
ENSG00000095397	0.245	ENSP00000354623	WHRN
	0.245	ENSP00000221459	LIN7B
	0.244	ENSP00000363553	LPAR1
ENSG00000102901	0.244	ENSP00000457810	CENPT
ENSG00000026950	0.244	ENSP00000289361	BTN3A1
ENSG00000119919	0.244	ENSP00000342828	NKX2-3
ENSG00000186431	0.244	ENSP00000347714	FCAR
ENSG00000186815	0.244	ENSP00000448083	TPCN1
ENSG00000155265	0.243	ENSP00000359634	GOLGA7B
ENSG00000144130	0.243	ENSP00000330247	NT5DC4
ENSG00000119650	0.243	ENSP00000238628	IFT43
	0.243	ENSP00000485615	ENSP00000485615
ENSG00000170390	0.243	ENSP00000303887	DCLK2
ENSG00000160469	0.243	ENSP00000310649	BRSK1
ENSG00000176834	0.243	ENSP00000352172	VSIG10
ENSG00000181481	0.243	ENSP00000328340	RNF135
	0.243	ENSP00000299505	KIAA0355
ENSG00000104221	0.242	ENSP00000220659	BRF2
ENSG00000167483	0.242	ENSP00000335040	NIBAN3
ENSG00000126890	0.242	ENSP00000247306	CTAG2
ENSG00000172889	0.242	ENSP00000360764	EGFL7
ENSG00000106246	0.242	ENSP00000292478	PTCD1
ENSG00000119927	0.241	ENSP00000265276	GPAM
ENSG00000132510	0.241	ENSP00000254846	KDM6B
ENSG00000155545	0.241	ENSP00000370624	MIER3
ENSG00000095970	0.241	ENSP00000362205	TREM2
ENSG00000143595	0.241	ENSP00000318355	AQP10
ENSG00000120137	0.241	ENSP00000239231	PANK3
ENSG00000149150	0.241	ENSP00000278426	SLC43A1
ENSG00000154920	0.241	ENSP00000376952	EME1
	0.241	ENSP00000398481	CADPS2
ENSG00000151388	0.241	ENSP00000422554	ADAMTS12
ENSG00000198081	0.241	ENSP00000349503	ZBTB14
	0.241	ENSP00000265727	ADAM22
ENSG00000169379	0.24	ENSP00000377769	ARL13B
ENSG00000286140	0.24	ENSP00000305687	DERPC
	0.24	ENSP00000339324	SMIM15
ENSG00000119242	0.24	ENSP00000238156	CCDC92
ENSG00000215274	0.24	ENSP00000385415	GAGE10
ENSG00000197753	0.24	ENSP00000498322	LHFPL5
ENSG00000160753	0.24	ENSP00000357336	RUSC1
	0.24	ENSP00000466140	ENSP00000466140
ENSG00000184368	0.24	ENSP00000368964	MAP7D2
	0.239	ENSP00000324175	MAMSTR
ENSG00000104343	0.239	ENSP00000498255	UBE2W
ENSG00000180035	0.239	ENSP00000324056	ZNF48
	0.239	ENSP00000348089	ERCC6
ENSG00000100558	0.239	ENSP00000216446	PLEK2
	0.239	ENSP00000474071	CCDC120
	0.238	ENSP00000320898	RNF168
ENSG00000136908	0.238	ENSP00000322181	DPM2
ENSG00000010932	0.238	ENSP00000346901	FMO1
ENSG00000134249	0.238	ENSP00000358407	ADAM30
ENSG00000164096	0.238	ENSP00000382026	C4orf3
ENSG00000111203	0.238	ENSP00000228799	ITFG2
ENSG00000114805	0.238	ENSP00000345988	PLCH1
	0.238	ENSP00000481465	FAM83D
	0.238	ENSP00000406490	PMS1
	0.238	ENSP00000216237	L3MBTL2
ENSG00000139344	0.238	ENSP00000266736	AMDHD1
ENSG00000163293	0.238	ENSP00000295461	NIPAL1
ENSG00000131507	0.237	ENSP00000253814	NDFIP1
ENSG00000270181	0.237	ENSP00000491742	BIVM-ERCC5
	0.237	ENSP00000362057	NOX1
ENSG00000154447	0.237	ENSP00000284637	SH3RF1
ENSG00000161955	0.237	ENSP00000343505	TNFSF13
ENSG00000113240	0.237	ENSP00000316948	CLK4
ENSG00000166402	0.237	ENSP00000305426	TUB
ENSG00000120149	0.237	ENSP00000239243	MSX2
ENSG00000065328	0.236	ENSP00000418268	MCM10
ENSG00000197780	0.236	ENSP00000355051	TAF13
ENSG00000132669	0.236	ENSP00000255006	RIN2
ENSG00000110911	0.236	ENSP00000378364	SLC11A2
	0.236	ENSP00000267294	ZIC5
ENSG00000107731	0.236	ENSP00000334329	UNC5B
ENSG00000166592	0.236	ENSP00000388744	RRAD
ENSG00000100593	0.236	ENSP00000341490	ISM2
ENSG00000129317	0.236	ENSP00000343081	PUS7L
ENSG00000129946	0.236	ENSP00000264554	SHC2
ENSG00000105707	0.236	ENSP00000262626	HPN
ENSG00000126767	0.235	ENSP00000366182	ELK1
ENSG00000085514	0.235	ENSP00000198536	PILRA
ENSG00000016602	0.235	ENSP00000359594	CLCA4
ENSG00000152056	0.234	ENSP00000379891	AP1S3
ENSG00000105559	0.234	ENSP00000263265	PLEKHA4
ENSG00000182749	0.234	ENSP00000363414	PAQR7
ENSG00000153933	0.234	ENSP00000284061	DGKE
ENSG00000133477	0.234	ENSP00000330432	FAM83F
ENSG00000112706	0.234	ENSP00000358966	IMPG1
ENSG00000126752	0.234	ENSP00000366118	SSX1
	0.234	ENSP00000418532	UGT1A3
	0.234	ENSP00000275053	MMS22L
	0.233	ENSP00000356899	DDR2
ENSG00000119397	0.233	ENSP00000362962	CNTRL
	0.233	ENSP00000362525	UGT1A7
ENSG00000067606	0.233	ENSP00000367830	PRKCZ
ENSG00000106012	0.233	ENSP00000480715	IQCE
ENSG00000166801	0.233	ENSP00000434435	FAM111A
	0.233	ENSP00000279101	CABLES2
ENSG00000165246	0.233	ENSP00000348169	NLGN4Y
ENSG00000161905	0.233	ENSP00000293761	ALOX15
	0.232	ENSP00000273371	PLA1A
ENSG00000127989	0.232	ENSP00000248643	MTERF1
ENSG00000168389	0.232	ENSP00000361895	MFSD2A
ENSG00000204681	0.232	ENSP00000366233	GABBR1
ENSG00000135333	0.232	ENSP00000358309	EPHA7
ENSG00000144407	0.232	ENSP00000272847	PTH2R
	0.232	ENSP00000308576	RHOD
ENSG00000175213	0.231	ENSP00000309606	ZNF408
ENSG00000021461	0.231	ENSP00000222382	CYP3A43
	0.231	ENSP00000310593	MAP9
ENSG00000179304	0.231	ENSP00000469248	FAM156B
ENSG00000268350	0.231	ENSP00000482142	FAM156A
ENSG00000131023	0.231	ENSP00000437550	LATS1
	0.231	ENSP00000363103	SCAND1
ENSG00000133027	0.231	ENSP00000255389	PEMT
ENSG00000087128	0.231	ENSP00000307519	TMPRSS11E
	0.231	ENSP00000481859	PAN2
	0.231	ENSP00000367570	PHF11
ENSG00000197838	0.23	ENSP00000332679	CYP2A13
	0.23	ENSP00000302189	NHLH1
ENSG00000183840	0.23	ENSP00000327417	GPR39
	0.23	ENSP00000362993	BICC1
ENSG00000145861	0.23	ENSP00000377545	C1QTNF2
ENSG00000143954	0.23	ENSP00000272324	REG3G
ENSG00000134744	0.23	ENSP00000257177	TUT4
ENSG00000185477	0.23	ENSP00000476603	GPRIN3
ENSG00000124508	0.229	ENSP00000349143	BTN2A2
ENSG00000160094	0.229	ENSP00000446335	ZNF362
ENSG00000116703	0.229	ENSP00000375855	PDC
ENSG00000165030	0.229	ENSP00000297689	NFIL3
	0.229	ENSP00000493340	OR5H6
ENSG00000112378	0.229	ENSP00000397157	PERP
ENSG00000146038	0.229	ENSP00000367715	DCDC2
ENSG00000036549	0.228	ENSP00000359837	ZZZ3
ENSG00000176531	0.228	ENSP00000292140	PHLDB3
ENSG00000162542	0.228	ENSP00000294543	TMCO4
ENSG00000114790	0.228	ENSP00000348828	ARHGEF26
	0.228	ENSP00000263062	EPC1
	0.228	ENSP00000410746	DOCK4
ENSG00000205649	0.228	ENSP00000432561	HTN3
ENSG00000230594	0.228	ENSP00000389513	CT47A4
ENSG00000237957	0.228	ENSP00000390070	CT47A5
ENSG00000226685	0.228	ENSP00000391318	CT47A12
ENSG00000228517	0.228	ENSP00000392283	CT47A7
ENSG00000236371	0.228	ENSP00000393315	CT47A1
ENSG00000236126	0.228	ENSP00000398559	CT47A3
ENSG00000226023	0.228	ENSP00000399711	CT47A6
ENSG00000230347	0.228	ENSP00000400046	CT47A8
ENSG00000226600	0.228	ENSP00000408204	CT47A9
ENSG00000226929	0.228	ENSP00000410400	CT47A11
ENSG00000224089	0.228	ENSP00000411909	CT47A10
ENSG00000242362	0.228	ENSP00000414253	CT47A2
	0.227	ENSP00000354665	MT-ND6
	0.227	ENSP00000392028	CHD7
ENSG00000166292	0.227	ENSP00000465638	TMEM100
ENSG00000132744	0.227	ENSP00000255082	ACY3
ENSG00000183798	0.227	ENSP00000332806	EMILIN3
ENSG00000099377	0.226	ENSP00000297679	HSD3B7
ENSG00000068354	0.226	ENSP00000365962	TBC1D25
ENSG00000151470	0.226	ENSP00000281146	C4orf33
	0.226	ENSP00000279147	LTO1
ENSG00000064547	0.226	ENSP00000443256	LPAR2
ENSG00000253293	0.226	ENSP00000283921	HOXA10
ENSG00000048707	0.226	ENSP00000478104	VPS13D
ENSG00000240505	0.225	ENSP00000261652	TNFRSF13B
ENSG00000131389	0.225	ENSP00000481625	SLC6A6
ENSG00000057657	0.225	ENSP00000358092	PRDM1
ENSG00000116786	0.225	ENSP00000364956	PLEKHM2
ENSG00000079263	0.225	ENSP00000375899	SP140
	0.225	ENSP00000330475	TMPRSS11B
ENSG00000197457	0.225	ENSP00000359070	STMN3
ENSG00000023171	0.225	ENSP00000402457	GRAMD1B
ENSG00000112130	0.224	ENSP00000362578	RNF8
ENSG00000128045	0.224	ENSP00000248706	RASL11B
	0.224	ENSP00000380920	C19orf38
ENSG00000120458	0.224	ENSP00000364118	MSANTD2
ENSG00000168566	0.224	ENSP00000339834	SNRNP48
ENSG00000134815	0.224	ENSP00000331907	DHX34
ENSG00000105146	0.224	ENSP00000302898	AURKC
ENSG00000214309	0.224	ENSP00000381150	MBLAC1
ENSG00000161640	0.224	ENSP00000412361	SIGLEC11
ENSG00000023330	0.224	ENSP00000378416	ALAS1
ENSG00000114120	0.224	ENSP00000320688	SLC25A36
	0.223	ENSP00000371272	PLIN5
ENSG00000180818	0.223	ENSP00000307321	HOXC10
ENSG00000196361	0.223	ENSP00000352162	ELAVL3
ENSG00000124702	0.223	ENSP00000313995	KLHDC3
ENSG00000110200	0.223	ENSP00000437360	ANAPC15
	0.223	ENSP00000357612	SLC39A1
ENSG00000186474	0.223	ENSP00000250351	KLK12
ENSG00000136487	0.223	ENSP00000333157	GH2
ENSG00000101751	0.223	ENSP00000462664	POLI
	0.222	ENSP00000340409	SMPD1
	0.222	ENSP00000338887	LRRC8D
	0.222	ENSP00000337889	MXD4
ENSG00000141505	0.222	ENSP00000269299	ASGR1
ENSG00000129757	0.222	ENSP00000413720	CDKN1C
ENSG00000133106	0.222	ENSP00000318982	EPSTI1
ENSG00000105948	0.222	ENSP00000419279	TTC26
ENSG00000173960	0.222	ENSP00000312107	UBXN2A
ENSG00000110046	0.222	ENSP00000366475	ATG2A
	0.222	ENSP00000363478	TMEM50A
ENSG00000008324	0.222	ENSP00000401115	SS18L2
ENSG00000177570	0.221	ENSP00000314173	SAMD12
	0.221	ENSP00000344865	C9orf153
ENSG00000123989	0.221	ENSP00000243776	CHPF
ENSG00000103174	0.221	ENSP00000310998	NAGPA
ENSG00000075891	0.221	ENSP00000359319	PAX2
	0.221	ENSP00000259205	IL36G
ENSG00000100427	0.221	ENSP00000310375	MLC1
ENSG00000084444	0.221	ENSP00000197268	FAM234B
ENSG00000170325	0.221	ENSP00000351686	PRDM10
ENSG00000213337	0.22	ENSP00000377170	ANKRD39
	0.22	ENSP00000359181	POLL
ENSG00000054219	0.22	ENSP00000263636	LY75
ENSG00000160886	0.22	ENSP00000292430	LY6K
ENSG00000241476	0.22	ENSP00000338796	SSX2
ENSG00000268447	0.22	ENSP00000477922	SSX2B
	0.22	ENSP00000376608	GTDC1
ENSG00000137251	0.22	ENSP00000259782	TINAG
ENSG00000221838	0.22	ENSP00000403663	AP4M1
ENSG00000160318	0.22	ENSP00000291715	CLDND2
ENSG00000110756	0.22	ENSP00000265967	HPS5
ENSG00000166199	0.219	ENSP00000302232	ALKBH3
ENSG00000174292	0.219	ENSP00000459799	TNK1
ENSG00000171365	0.219	ENSP00000365256	CLCN5
ENSG00000110876	0.219	ENSP00000228463	SELPLG
ENSG00000170145	0.219	ENSP00000305976	SIK2
ENSG00000134262	0.219	ENSP00000358582	AP4B1
ENSG00000140538	0.219	ENSP00000354207	NTRK3
ENSG00000135373	0.219	ENSP00000435835	EHF
ENSG00000047621	0.218	ENSP00000261250	C12orf4
ENSG00000170832	0.218	ENSP00000300896	USP32
ENSG00000155256	0.218	ENSP00000409594	ZFYVE27
	0.218	ENSP00000417303	KLF8
	0.218	ENSP00000381473	HIGD1C
	0.218	ENSP00000358888	SYPL2
ENSG00000171443	0.218	ENSP00000466907	ZNF524
ENSG00000156413	0.218	ENSP00000286955	FUT6
ENSG00000145569	0.218	ENSP00000274217	OTULINL
ENSG00000178904	0.218	ENSP00000344937	DPY19L3
ENSG00000157554	0.217	ENSP00000414150	ERG
ENSG00000092470	0.217	ENSP00000263795	WDR76
ENSG00000163157	0.217	ENSP00000295314	TMOD4
ENSG00000129534	0.217	ENSP00000309790	MIS18BP1
ENSG00000090924	0.217	ENSP00000392906	PLEKHG2
ENSG00000121897	0.217	ENSP00000492260	LIAS
ENSG00000139624	0.217	ENSP00000325485	CERS5
ENSG00000011021	0.217	ENSP00000234488	CLCN6
ENSG00000158480	0.217	ENSP00000416799	SPATA2
ENSG00000102870	0.217	ENSP00000262525	ZNF629
ENSG00000035499	0.217	ENSP00000265036	DEPDC1B
ENSG00000157741	0.217	ENSP00000418648	UBN2
	0.217	ENSP00000371614	BRSK2
	0.217	ENSP00000367880	PIGO
ENSG00000119514	0.217	ENSP00000364150	GALNT12
	0.216	ENSP00000375267	RTL8A
	0.216	ENSP00000359682	BRS3
ENSG00000147133	0.216	ENSP00000406549	TAF1
ENSG00000141219	0.216	ENSP00000351937	C17orf80
ENSG00000138378	0.216	ENSP00000351255	STAT4
	0.216	ENSP00000370938	CDK8
ENSG00000188042	0.216	ENSP00000339754	ARL4C
ENSG00000179933	0.216	ENSP00000322238	C14orf119
ENSG00000100197	0.216	ENSP00000496150	CYP2D6
ENSG00000143643	0.216	ENSP00000355621	TTC13
ENSG00000010030	0.216	ENSP00000341843	ETV7
ENSG00000134291	0.215	ENSP00000400471	TMEM106C
ENSG00000180745	0.215	ENSP00000357660	CLRN3
ENSG00000177984	0.215	ENSP00000313833	LCN15
	0.215	ENSP00000423099	CXorf40A
ENSG00000112031	0.215	ENSP00000356202	MTRF1L
ENSG00000102780	0.215	ENSP00000337572	DGKH
ENSG00000183688	0.215	ENSP00000331915	RFLNB
ENSG00000182095	0.215	ENSP00000395538	TNRC18
	0.215	ENSP00000232424	HES1
ENSG00000163788	0.215	ENSP00000296088	SNRK
ENSG00000095739	0.215	ENSP00000364683	BAMBI
ENSG00000092758	0.215	ENSP00000496793	COL9A3
	0.215	ENSP00000238682	TGFB3
ENSG00000152266	0.215	ENSP00000433208	PTH
ENSG00000028203	0.215	ENSP00000410083	VEZT
ENSG00000151458	0.215	ENSP00000425658	ANKRD50
ENSG00000214717	0.215	ENSP00000370621	ZBED1
ENSG00000154783	0.215	ENSP00000285046	FGD5
ENSG00000155729	0.215	ENSP00000352941	KCTD18
ENSG00000112367	0.215	ENSP00000230124	FIG4
ENSG00000156017	0.214	ENSP00000366030	CARNMT1
ENSG00000111727	0.214	ENSP00000229330	HCFC2
ENSG00000115963	0.214	ENSP00000364886	RND3
ENSG00000151490	0.214	ENSP00000281171	PTPRO
ENSG00000111728	0.214	ENSP00000379353	ST8SIA1
ENSG00000021645	0.214	ENSP00000489551	NRXN3
ENSG00000177098	0.214	ENSP00000322460	SCN4B
ENSG00000137331	0.214	ENSP00000259874	IER3
ENSG00000167635	0.214	ENSP00000400391	ZNF146
ENSG00000133983	0.214	ENSP00000374562	COX16
ENSG00000227507	0.214	ENSP00000410481	LTB
	0.214	ENSP00000442786	LMO3
ENSG00000108773	0.214	ENSP00000225916	KAT2A
ENSG00000105717	0.213	ENSP00000251203	PBX4
ENSG00000109079	0.213	ENSP00000226225	TNFAIP1
ENSG00000078687	0.213	ENSP00000336783	TNRC6C
ENSG00000144290	0.213	ENSP00000393066	SLC4A10
ENSG00000164651	0.213	ENSP00000408792	SP8
ENSG00000148942	0.213	ENSP00000379326	SLC5A12
ENSG00000107551	0.213	ENSP00000339692	RASSF4
ENSG00000173681	0.213	ENSP00000369009	BCLAF3
	0.213	ENSP00000261520	ICE2
ENSG00000110887	0.213	ENSP00000228476	DAO
	0.212	ENSP00000325738	TNP2
ENSG00000106608	0.212	ENSP00000396918	URGCP
	0.212	ENSP00000314420	PER1
ENSG00000175520	0.212	ENSP00000347997	UBQLN3
	0.212	ENSP00000326253	RTBDN
	0.212	ENSP00000359434	CXorf40B
ENSG00000162927	0.212	ENSP00000326003	PUS10
ENSG00000162601	0.212	ENSP00000418734	MYSM1
ENSG00000138678	0.212	ENSP00000264409	GPAT3
	0.212	ENSP00000377582	KRTAP4-12
ENSG00000136883	0.212	ENSP00000363232	KIF12
ENSG00000167523	0.212	ENSP00000462996	SPATA33
	0.211	ENSP00000313437	MMP19
ENSG00000075643	0.211	ENSP00000261326	MOCOS
	0.211	ENSP00000340546	KRTAP4-5
ENSG00000161010	0.211	ENSP00000292586	MRNIP
ENSG00000148935	0.211	ENSP00000401145	GAS2
ENSG00000185615	0.211	ENSP00000219406	PDIA2
ENSG00000115661	0.211	ENSP00000379964	STK16
ENSG00000157350	0.211	ENSP00000377257	ST3GAL2
ENSG00000101883	0.211	ENSP00000217999	RHOXF1
ENSG00000150456	0.211	ENSP00000372206	EEF1AKMT1
ENSG00000178235	0.21	ENSP00000366288	SLITRK1
ENSG00000064932	0.21	ENSP00000354733	SBNO2
ENSG00000185730	0.21	ENSP00000328515	ZNF696
ENSG00000138639	0.21	ENSP00000378611	ARHGAP24
ENSG00000158805	0.21	ENSP00000415836	ZNF276
	0.21	ENSP00000354901	CXCL9
ENSG00000150938	0.21	ENSP00000280527	CRIM1
ENSG00000180447	0.21	ENSP00000298743	GAS1
ENSG00000126804	0.21	ENSP00000451000	ZBTB1
ENSG00000122435	0.209	ENSP00000359160	TRMT13
ENSG00000101076	0.209	ENSP00000312987	HNF4A
ENSG00000240771	0.209	ENSP00000335560	ARHGEF25
ENSG00000141448	0.209	ENSP00000269216	GATA6
	0.209	ENSP00000267415	TINF2
ENSG00000164169	0.209	ENSP00000314396	PRMT9
ENSG00000198646	0.209	ENSP00000363929	NCOA6
ENSG00000138593	0.209	ENSP00000453854	SECISBP2L
ENSG00000181722	0.208	ENSP00000419153	ZBTB20
ENSG00000121577	0.208	ENSP00000264231	POPDC2
ENSG00000141096	0.208	ENSP00000500237	DPEP3
ENSG00000106701	0.208	ENSP00000417492	FSD1L
ENSG00000198298	0.208	ENSP00000363558	ZNF485
ENSG00000106772	0.208	ENSP00000365908	PRUNE2
ENSG00000080298	0.207	ENSP00000371434	RFX3
ENSG00000085999	0.207	ENSP00000361043	RAD54L
ENSG00000101680	0.207	ENSP00000374309	LAMA1
	0.207	ENSP00000335605	CMTM7
ENSG00000109208	0.207	ENSP00000226460	SMR3A
ENSG00000126950	0.207	ENSP00000362021	TMEM35A
ENSG00000151746	0.207	ENSP00000498700	BICD1
ENSG00000176994	0.207	ENSP00000385025	SMCR8
ENSG00000124006	0.207	ENSP00000385636	OBSL1
ENSG00000163349	0.207	ENSP00000407442	HIPK1
	0.207	ENSP00000302234	CCL11
ENSG00000067182	0.206	ENSP00000162749	TNFRSF1A
ENSG00000162139	0.206	ENSP00000294064	NEU3
ENSG00000167967	0.206	ENSP00000301727	E4F1
	0.206	ENSP00000484736	TMEM120A
ENSG00000174989	0.206	ENSP00000498999	FBXW8
	0.206	ENSP00000280612	SLC7A11
ENSG00000138834	0.206	ENSP00000481780	MAPK8IP3
ENSG00000003402	0.205	ENSP00000312455	CFLAR
	0.205	ENSP00000361769	RIMS3
ENSG00000027697	0.205	ENSP00000356713	IFNGR1
ENSG00000137558	0.205	ENSP00000260113	PI15
	0.205	ENSP00000449079	RDH12
ENSG00000065970	0.205	ENSP00000162391	FOXJ2
	0.205	ENSP00000173898	TRO
ENSG00000189052	0.205	ENSP00000301408	CGB5
ENSG00000104827	0.205	ENSP00000349954	CGB3
ENSG00000213030	0.205	ENSP00000403649	CGB8
	0.205	ENSP00000349244	EDRF1
ENSG00000164077	0.205	ENSP00000296473	MON1A
ENSG00000212657	0.205	ENSP00000375147	KRTAP16-1
	0.205	ENSP00000364145	PFKFB1
ENSG00000197006	0.205	ENSP00000350874	METTL9
	0.205	ENSP00000262210	CSPP1
ENSG00000100055	0.204	ENSP00000248901	CYTH4
ENSG00000157450	0.204	ENSP00000453015	RNF111
ENSG00000105610	0.204	ENSP00000264834	KLF1
ENSG00000115020	0.204	ENSP00000264380	PIKFYVE
ENSG00000008083	0.204	ENSP00000341280	JARID2
ENSG00000266173	0.204	ENSP00000336655	STRADA
	0.204	ENSP00000303211	ACHE
ENSG00000119688	0.204	ENSP00000349396	ABCD4
ENSG00000070159	0.204	ENSP00000363667	PTPN3
ENSG00000170345	0.204	ENSP00000306245	FOS
ENSG00000283632	0.204	ENSP00000252482	EXOC3L2
ENSG00000196323	0.204	ENSP00000350574	ZBTB44
ENSG00000079931	0.203	ENSP00000356940	MOXD1
ENSG00000173327	0.203	ENSP00000309597	MAP3K11
ENSG00000198826	0.203	ENSP00000355090	ARHGAP11A
ENSG00000152359	0.203	ENSP00000410216	POC5
ENSG00000187624	0.203	ENSP00000353245	C17orf97
ENSG00000171163	0.203	ENSP00000391200	ZNF692
ENSG00000197343	0.203	ENSP00000393876	ZNF655
	0.203	ENSP00000276571	CRH
ENSG00000168484	0.203	ENSP00000316152	SFTPC
	0.203	ENSP00000426387	ZBTB38
	0.203	ENSP00000477259	OR8J1
ENSG00000226321	0.203	ENSP00000397968	CROCC2
ENSG00000077009	0.203	ENSP00000480091	NMRK2
ENSG00000157782	0.203	ENSP00000317310	CABP1
	0.203	ENSP00000308583	CENPS
ENSG00000176155	0.202	ENSP00000376154	CCDC57
	0.202	ENSP00000317327	UBASH3A
ENSG00000101200	0.202	ENSP00000369647	AVP
	0.202	ENSP00000481316	ENSP00000481316
	0.202	ENSP00000304250	CDK5R2
	0.201	ENSP00000409016	TBRG1
	0.201	ENSP00000387228	LRRTM4
ENSG00000087494	0.201	ENSP00000441765	PTHLH
ENSG00000151882	0.201	ENSP00000354416	CCL28
ENSG00000121634	0.201	ENSP00000358238	GJA8
ENSG00000125508	0.201	ENSP00000217188	SRMS
ENSG00000154889	0.2	ENSP00000465894	MPPE1
ENSG00000150281	0.2	ENSP00000279804	CTF1
ENSG00000108823	0.2	ENSP00000262018	SGCA
ENSG00000178761	0.2	ENSP00000350260	FAM219B
ENSG00000183496	0.2	ENSP00000329918	MEX3B
ENSG00000100221	0.2	ENSP00000216039	JOSD1
ENSG00000123607	0.2	ENSP00000243344	TTC21B
ENSG00000109436	0.2	ENSP00000411197	TBC1D9
ENSG00000027847	0.2	ENSP00000029410	B4GALT7
	0.2	ENSP00000355506	EXO1
ENSG00000103942	0.2	ENSP00000305632	HOMER2
ENSG00000114904	0.199	ENSP00000233027	NEK4
ENSG00000248672	0.199	ENSP00000423463	LY75-CD302
	0.199	ENSP00000262189	KMT2C
	0.199	ENSP00000174618	MNT
	0.198	ENSP00000362513	UGT1A5
ENSG00000108021	0.198	ENSP00000328426	TASOR2
	0.198	ENSP00000453089	H0YL77_HUMAN
ENSG00000122482	0.198	ENSP00000359469	ZNF644
ENSG00000261678	0.198	ENSP00000455711	SCRT1
ENSG00000162600	0.198	ENSP00000360270	OMA1
ENSG00000163909	0.198	ENSP00000361943	HEYL
	0.198	ENSP00000358165	FCGR1A
ENSG00000159069	0.198	ENSP00000313034	FBXW5
ENSG00000187754	0.198	ENSP00000298181	SSX7
ENSG00000170852	0.198	ENSP00000302586	KBTBD2
ENSG00000100503	0.198	ENSP00000371472	NIN
ENSG00000203668	0.198	ENSP00000355511	CHML
ENSG00000139278	0.197	ENSP00000266659	GLIPR1
ENSG00000158445	0.197	ENSP00000360806	KCNB1
ENSG00000149516	0.197	ENSP00000278865	MS4A3
ENSG00000175764	0.197	ENSP00000321346	TTLL11
	0.197	ENSP00000262244	MOB3B
ENSG00000173535	0.197	ENSP00000349324	TNFRSF10C
	0.197	ENSP00000374443	LYST
ENSG00000105376	0.197	ENSP00000221980	ICAM5
	0.197	ENSP00000329213	SIVA1
ENSG00000099953	0.197	ENSP00000215743	MMP11
ENSG00000129007	0.197	ENSP00000419081	CALML4
	0.197	ENSP00000370669	SLC8A3
ENSG00000066135	0.197	ENSP00000361473	KDM4A
ENSG00000101298	0.196	ENSP00000371291	SNPH
	0.196	ENSP00000357631	TCERG1L
	0.196	ENSP00000467041	INO80C-2
	0.196	ENSP00000364555	ACTL8
ENSG00000111644	0.196	ENSP00000229243	ACRBP
ENSG00000061337	0.196	ENSP00000370981	LZTS1
ENSG00000198455	0.195	ENSP00000364023	ZXDB
ENSG00000163683	0.195	ENSP00000295958	SMIM14
ENSG00000162511	0.195	ENSP00000294507	LAPTM5
	0.195	ENSP00000357769	LCE2B
ENSG00000260916	0.195	ENSP00000403400	CCPG1
ENSG00000185324	0.195	ENSP00000338673	CDK10
	0.195	ENSP00000379204	BMP7
ENSG00000204344	0.194	ENSP00000364482	STK19
ENSG00000186529	0.194	ENSP00000221307	CYP4F3
	0.194	ENSP00000318867	CYP8B1
ENSG00000139133	0.194	ENSP00000266483	ALG10
ENSG00000115170	0.194	ENSP00000405004	ACVR1
ENSG00000171612	0.194	ENSP00000306328	SLC25A33
ENSG00000154102	0.194	ENSP00000284245	C16orf74
ENSG00000251287	0.194	ENSP00000479850	ALG1L2
	0.194	ENSP00000245457	PTGER2
ENSG00000035115	0.194	ENSP00000348471	SH3YL1
ENSG00000145214	0.194	ENSP00000273814	DGKQ
ENSG00000095015	0.193	ENSP00000382423	MAP3K1
ENSG00000153006	0.193	ENSP00000427401	SREK1IP1
ENSG00000175548	0.193	ENSP00000310120	ALG10B
ENSG00000139718	0.193	ENSP00000474253	SETD1B
ENSG00000173065	0.193	ENSP00000462419	FAM222B
	0.193	ENSP00000358894	CNNM2
ENSG00000147378	0.193	ENSP00000359375	FATE1
	0.193	ENSP00000420256	CYLC2
	0.193	ENSP00000367527	DCLRE1C
ENSG00000241106	0.193	ENSP00000496848	HLA-DOB
ENSG00000103175	0.193	ENSP00000456920	WFDC1
ENSG00000111666	0.193	ENSP00000229266	CHPT1
ENSG00000183742	0.192	ENSP00000383185	MACC1
ENSG00000129437	0.192	ENSP00000375678	KLK14
ENSG00000005889	0.192	ENSP00000368486	ZFX
ENSG00000155966	0.192	ENSP00000359489	AFF2
ENSG00000037637	0.192	ENSP00000364742	FBXO42
ENSG00000145685	0.192	ENSP00000369702	LHFPL2
ENSG00000105855	0.192	ENSP00000222573	ITGB8
ENSG00000177200	0.192	ENSP00000396345	CHD9
ENSG00000177504	0.192	ENSP00000321309	VCX2
ENSG00000182583	0.192	ENSP00000370447	VCX
	0.192	ENSP00000347409	KEL
ENSG00000132793	0.192	ENSP00000487971	LPIN3
ENSG00000120949	0.191	ENSP00000263932	TNFRSF8
ENSG00000109832	0.191	ENSP00000263576	DDX25
ENSG00000007402	0.191	ENSP00000418081	CACNA2D2
ENSG00000171124	0.191	ENSP00000305603	FUT3
ENSG00000155367	0.191	ENSP00000308926	PPM1J
ENSG00000139826	0.191	ENSP00000365063	ABHD13
ENSG00000130224	0.191	ENSP00000325091	LRCH2
ENSG00000065457	0.191	ENSP00000310015	ADAT1
	0.191	ENSP00000375149	KRTAP9-7
ENSG00000168137	0.191	ENSP00000385852	SETD5
	0.191	ENSP00000493351	C2orf83
	0.191	ENSP00000334187	LCE1F
ENSG00000182670	0.191	ENSP00000381981	TTC3
ENSG00000149489	0.191	ENSP00000278833	ROM1
ENSG00000170561	0.19	ENSP00000307006	IRX2
	0.19	ENSP00000375608	KIR3DL1
ENSG00000179630	0.19	ENSP00000391747	LACC1
ENSG00000171540	0.19	ENSP00000302814	OTP
	0.19	ENSP00000484893	PIGBOS1
ENSG00000150401	0.19	ENSP00000417706	DCUN1D2
ENSG00000184588	0.19	ENSP00000342637	PDE4B
	0.19	ENSP00000373586	MAB21L4
	0.19	ENSP00000373952	FANCA
ENSG00000164442	0.19	ENSP00000444198	CITED2
ENSG00000130529	0.189	ENSP00000252826	TRPM4
ENSG00000198205	0.189	ENSP00000351530	ZXDA
	0.189	ENSP00000323928	OR8H3
ENSG00000186106	0.189	ENSP00000429015	ANKRD46
	0.189	ENSP00000278836	MYRF
	0.189	ENSP00000398273	SOX5
ENSG00000139291	0.189	ENSP00000266673	TMEM19
ENSG00000204296	0.189	ENSP00000415517	TSBP1
	0.189	ENSP00000325836	DIRAS1
	0.188	ENSP00000393667	FAM126B
ENSG00000013725	0.188	ENSP00000323280	CD6
ENSG00000170037	0.188	ENSP00000369614	CNTROB
	0.188	ENSP00000447149	NR1H4
ENSG00000179477	0.188	ENSP00000497784	ALOX12B
ENSG00000171903	0.188	ENSP00000384588	CYP4F11
ENSG00000139372	0.188	ENSP00000376611	TDG
ENSG00000147256	0.188	ENSP00000276211	ARHGAP36
	0.188	ENSP00000363149	SPDEF
ENSG00000121578	0.188	ENSP00000420161	B4GALT4
ENSG00000072310	0.188	ENSP00000348069	SREBF1
	0.187	ENSP00000379174	POLM
	0.187	ENSP00000013222	INMT
ENSG00000131061	0.187	ENSP00000364346	ZNF341
ENSG00000135220	0.187	ENSP00000251566	UGT2A3
ENSG00000239704	0.187	ENSP00000482523	CDRT4
ENSG00000185527	0.187	ENSP00000328412	PDE6G
ENSG00000187535	0.187	ENSP00000406012	IFT140
ENSG00000167157	0.187	ENSP00000361547	PRRX2
ENSG00000204852	0.187	ENSP00000380779	TCTN1
ENSG00000100263	0.187	ENSP00000216085	RHBDD3
	0.187	ENSP00000262426	FOXF1
ENSG00000165841	0.186	ENSP00000360372	CYP2C19
ENSG00000203989	0.186	ENSP00000360455	RHOXF2B
ENSG00000100485	0.186	ENSP00000216373	SOS2
ENSG00000092445	0.186	ENSP00000263798	TYRO3
ENSG00000110315	0.186	ENSP00000265981	RNF141
ENSG00000088808	0.186	ENSP00000202556	PPP1R13B
	0.186	ENSP00000455298	GOLGA8S
ENSG00000161798	0.186	ENSP00000293599	AQP5
ENSG00000183741	0.186	ENSP00000384490	CBX6
ENSG00000183770	0.186	ENSP00000497217	FOXL2
ENSG00000112679	0.186	ENSP00000397459	DUSP22
ENSG00000169994	0.186	ENSP00000415090	MYO7B
ENSG00000091536	0.185	ENSP00000495481	MYO15A
	0.185	ENSP00000299952	MARVELD3
ENSG00000157077	0.185	ENSP00000287727	ZFYVE9
ENSG00000183111	0.185	ENSP00000328083	ARHGEF37
ENSG00000152749	0.185	ENSP00000366157	GPR180
ENSG00000077254	0.185	ENSP00000359829	USP33
ENSG00000056586	0.185	ENSP00000362774	RC3H2
	0.185	ENSP00000494087	XG
ENSG00000156869	0.185	ENSP00000287474	FRRS1
ENSG00000182521	0.184	ENSP00000247219	TBPL2
ENSG00000162512	0.184	ENSP00000344468	SDC3
ENSG00000102755	0.184	ENSP00000282397	FLT1
ENSG00000005102	0.184	ENSP00000321684	MEOX1
ENSG00000067208	0.184	ENSP00000440826	EVI5
ENSG00000152592	0.183	ENSP00000340935	DMP1
ENSG00000169762	0.183	ENSP00000385347	TAPT1
ENSG00000166016	0.183	ENSP00000410157	ABTB2
ENSG00000197961	0.183	ENSP00000468643	ZNF121
	0.183	ENSP00000297164	RELL2
ENSG00000185760	0.183	ENSP00000345055	KCNQ5
ENSG00000267631	0.183	ENSP00000301407	CGB1
ENSG00000184033	0.183	ENSP00000332602	CTAG1B
ENSG00000268651	0.183	ENSP00000469441	CTAG1A
ENSG00000217128	0.183	ENSP00000421985	FNIP1
ENSG00000125812	0.183	ENSP00000338290	GZF1
ENSG00000138161	0.183	ENSP00000376540	CUZD1
ENSG00000138036	0.183	ENSP00000474032	DYNC2LI1
	0.183	ENSP00000298355	TRIM9
ENSG00000138079	0.183	ENSP00000260649	SLC3A1
ENSG00000075651	0.183	ENSP00000342793	PLD1
ENSG00000148204	0.183	ENSP00000362734	CRB2
ENSG00000109184	0.183	ENSP00000389900	DCUN1D4
ENSG00000123600	0.183	ENSP00000480056	METTL8
ENSG00000160401	0.183	ENSP00000362392	CFAP157
ENSG00000147255	0.182	ENSP00000359940	IGSF1
ENSG00000151240	0.182	ENSP00000280886	DIP2C
ENSG00000113916	0.182	ENSP00000384371	BCL6
	0.182	ENSP00000353734	PLAGL1
ENSG00000185518	0.182	ENSP00000377779	SV2B
ENSG00000188493	0.182	ENSP00000367564	C19orf54
ENSG00000197530	0.182	ENSP00000426103	MIB2
	0.182	ENSP00000356641	COP1
ENSG00000104883	0.182	ENSP00000221480	PEX11G
	0.181	ENSP00000263379	IL27RA
ENSG00000006740	0.181	ENSP00000368994	ARHGAP44
ENSG00000188958	0.181	ENSP00000340526	UTS2B
ENSG00000135472	0.181	ENSP00000321951	FAIM2
ENSG00000131126	0.181	ENSP00000472308	TEX101
ENSG00000136059	0.181	ENSP00000283713	VILL
	0.18	ENSP00000477563	MR1
ENSG00000170956	0.18	ENSP00000349971	CEACAM3
ENSG00000054282	0.18	ENSP00000355499	SDCCAG8
ENSG00000186193	0.18	ENSP00000386348	SAPCD2
ENSG00000188312	0.18	ENSP00000364737	CENPP
ENSG00000118777	0.18	ENSP00000498246	ABCG2
	0.18	ENSP00000484615	OBP2B
ENSG00000143344	0.18	ENSP00000303192	RGL1
ENSG00000168916	0.18	ENSP00000307746	ZNF608
ENSG00000100350	0.18	ENSP00000380401	FOXRED2
ENSG00000074657	0.18	ENSP00000338217	ZNF532
ENSG00000165669	0.18	ENSP00000358183	FAM204A
ENSG00000083093	0.18	ENSP00000261584	PALB2
ENSG00000189152	0.18	ENSP00000437409	GRAPL
	0.18	ENSP00000264634	WNT5A
ENSG00000084676	0.18	ENSP00000385216	NCOA1
ENSG00000182957	0.179	ENSP00000398560	SPATA13
ENSG00000156009	0.179	ENSP00000438293	MAGEA8
ENSG00000164691	0.179	ENSP00000356033	TAGAP
ENSG00000165588	0.179	ENSP00000500595	OTX2
ENSG00000004799	0.179	ENSP00000005178	PDK4
	0.179	ENSP00000483280	MAFIP-2
ENSG00000114948	0.179	ENSP00000264377	ADAM23
ENSG00000081923	0.179	ENSP00000497896	ATP8B1
	0.179	ENSP00000360958	CYP4A22
ENSG00000130383	0.178	ENSP00000466880	FUT5
	0.178	ENSP00000404236	LILRA5
ENSG00000123094	0.178	ENSP00000384491	RASSF8
ENSG00000176381	0.178	ENSP00000319590	PRR18
	0.178	ENSP00000332530	RNLS
ENSG00000135299	0.178	ENSP00000345767	ANKRD6
ENSG00000265491	0.178	ENSP00000463650	RNF115
ENSG00000188761	0.178	ENSP00000376992	BCL2L15
ENSG00000066336	0.178	ENSP00000227163	SPI1
ENSG00000153823	0.178	ENSP00000283937	PID1
ENSG00000268009	0.177	ENSP00000469011	SSX4
ENSG00000269791	0.177	ENSP00000469394	SSX4B
	0.177	ENSP00000397655	ASB15
ENSG00000156042	0.177	ENSP00000310829	CFAP70
	0.177	ENSP00000311035	CD200R1
ENSG00000176971	0.177	ENSP00000321962	FIBIN
	0.177	ENSP00000443985	CPEB2
	0.177	ENSP00000264824	LYL1
ENSG00000156966	0.177	ENSP00000287590	B3GNT7
	0.177	ENSP00000335493	FOXD2
ENSG00000176887	0.177	ENSP00000322568	SOX11
ENSG00000125962	0.177	ENSP00000474720	ARMCX5
ENSG00000109576	0.177	ENSP00000423190	AADAT
ENSG00000186377	0.177	ENSP00000360968	CYP4X1
ENSG00000141664	0.177	ENSP00000269499	ZCCHC2
ENSG00000106565	0.176	ENSP00000410269	TMEM176B
	0.176	ENSP00000354958	FAM189B
ENSG00000114770	0.176	ENSP00000333926	ABCC5
ENSG00000106609	0.176	ENSP00000340668	TMEM248
	0.176	ENSP00000469981	TAZ
ENSG00000130413	0.176	ENSP00000416750	STK33
ENSG00000138468	0.176	ENSP00000377655	SENP7
ENSG00000140600	0.176	ENSP00000320092	SH3GL3
ENSG00000243646	0.176	ENSP00000290200	IL10RB
ENSG00000284701	0.176	ENSP00000388684	TMEM247
	0.176	ENSP00000396085	OR6V1
ENSG00000131408	0.176	ENSP00000499121	NR1H2
	0.175	ENSP00000301050	CACNB3
ENSG00000070526	0.175	ENSP00000156626	ST6GALNAC1
ENSG00000185219	0.175	ENSP00000379387	ZNF445
ENSG00000107614	0.175	ENSP00000367030	TRDMT1
ENSG00000222011	0.175	ENSP00000395340	FAM185A
ENSG00000006756	0.175	ENSP00000370546	ARSD
ENSG00000198816	0.175	ENSP00000472305	ZNF358
ENSG00000123575	0.175	ENSP00000417581	FAM199X
	0.175	ENSP00000494504	THPO
	0.175	ENSP00000339381	RGS12
ENSG00000198839	0.175	ENSP00000354501	ZNF277
ENSG00000174928	0.175	ENSP00000342512	C3orf33
ENSG00000163728	0.175	ENSP00000296015	TTC14
ENSG00000144668	0.175	ENSP00000264741	ITGA9
ENSG00000164574	0.174	ENSP00000297107	GALNT10
ENSG00000099308	0.174	ENSP00000262811	MAST3
ENSG00000148399	0.174	ENSP00000277540	DPH7
ENSG00000137094	0.174	ENSP00000404079	DNAJB5
ENSG00000137033	0.174	ENSP00000370842	IL33
ENSG00000123636	0.174	ENSP00000376534	BAZ2B
ENSG00000106003	0.174	ENSP00000222725	LFNG
	0.174	ENSP00000464218	ZNF286A
ENSG00000114013	0.174	ENSP00000332049	CD86
ENSG00000120798	0.174	ENSP00000333275	NR2C1
ENSG00000174579	0.174	ENSP00000311827	MSL2
	0.173	ENSP00000286688	C8orf37
ENSG00000203880	0.173	ENSP00000307854	PCMTD2
ENSG00000166780	0.173	ENSP00000300006	BMERB1
ENSG00000142733	0.173	ENSP00000350195	MAP3K6
ENSG00000101850	0.173	ENSP00000417161	GPR143
ENSG00000135245	0.173	ENSP00000257696	HILPDA
ENSG00000146072	0.173	ENSP00000296861	TNFRSF21
ENSG00000125449	0.173	ENSP00000245543	ARMC7
ENSG00000148082	0.173	ENSP00000364995	SHC3
	0.172	ENSP00000407545	ZBTB22
	0.172	ENSP00000242480	EGR2
ENSG00000084093	0.172	ENSP00000311816	REST
ENSG00000137216	0.172	ENSP00000259746	TMEM63B
	0.172	ENSP00000341803	TCTEX1D4
ENSG00000164151	0.172	ENSP00000296564	ICE1
ENSG00000118922	0.172	ENSP00000366897	KLF12
ENSG00000169554	0.172	ENSP00000487174	ZEB2
ENSG00000141337	0.172	ENSP00000407193	ARSG
	0.172	ENSP00000378118	CCL8
ENSG00000138449	0.172	ENSP00000261024	SLC40A1
ENSG00000168079	0.171	ENSP00000346990	SCARA5
ENSG00000106392	0.171	ENSP00000389176	C1GALT1
ENSG00000070610	0.171	ENSP00000367343	GBA2
	0.171	ENSP00000316109	AGGF1
ENSG00000160446	0.171	ENSP00000361748	ZDHHC12
ENSG00000157224	0.171	ENSP00000287916	CLDN12
ENSG00000115112	0.171	ENSP00000263707	TFCP2L1
ENSG00000151229	0.171	ENSP00000280871	SLC2A13
ENSG00000139971	0.171	ENSP00000267485	ARMH4
ENSG00000114757	0.171	ENSP00000419975	PEX5L
ENSG00000171843	0.171	ENSP00000369695	MLLT3
ENSG00000108950	0.171	ENSP00000468308	FAM20A
	0.17	ENSP00000354255	CPZ
ENSG00000166927	0.17	ENSP00000300184	MS4A7
	0.17	ENSP00000385780	DGKB
ENSG00000184937	0.17	ENSP00000368370	WT1
	0.17	ENSP00000477344	SYT6
ENSG00000161664	0.17	ENSP00000293414	ASB16
ENSG00000073711	0.17	ENSP00000264977	PPP2R3A
	0.17	ENSP00000360310	SPO11
ENSG00000140675	0.17	ENSP00000327943	SLC5A2
ENSG00000118046	0.169	ENSP00000324856	STK11
ENSG00000165816	0.169	ENSP00000376708	VWA2
ENSG00000168546	0.169	ENSP00000428518	GFRA2
ENSG00000104818	0.169	ENSP00000352295	CGB2
ENSG00000165584	0.169	ENSP00000298396	SSX3
ENSG00000059769	0.169	ENSP00000320650	DNAJC25
ENSG00000171033	0.169	ENSP00000379696	PKIA
ENSG00000171680	0.168	ENSP00000439625	PLEKHG5
ENSG00000144401	0.168	ENSP00000272839	METTL21A
ENSG00000179772	0.168	ENSP00000365145	FOXS1
	0.168	ENSP00000296721	AFAP1L1
ENSG00000056972	0.168	ENSP00000345984	TRAF3IP2
ENSG00000165506	0.168	ENSP00000298292	DNAAF2
ENSG00000122912	0.168	ENSP00000476815	SLC25A16
	0.168	ENSP00000265381	APBA1
ENSG00000129473	0.168	ENSP00000250405	BCL2L2
ENSG00000196218	0.168	ENSP00000352608	RYR1
ENSG00000157168	0.167	ENSP00000287842	NRG1
ENSG00000142459	0.167	ENSP00000445905	EVI5L
ENSG00000164106	0.167	ENSP00000296506	SCRG1
	0.167	ENSP00000375478	KRTAP10-3
	0.167	ENSP00000476742	V9GYH0_HUMAN
ENSG00000124216	0.167	ENSP00000244050	SNAI1
ENSG00000112559	0.167	ENSP00000230321	MDFI
ENSG00000163519	0.167	ENSP00000295756	TRAT1
ENSG00000180530	0.167	ENSP00000327213	NRIP1
ENSG00000129910	0.167	ENSP00000289746	CDH15
ENSG00000135423	0.167	ENSP00000310447	GLS2
	0.167	ENSP00000457654	H3BUI4_HUMAN
	0.167	ENSP00000282111	TCF7L1
	0.167	ENSP00000358391	FCGR1B
ENSG00000090470	0.167	ENSP00000204549	PDCD7
	0.166	ENSP00000323580	IFT88
ENSG00000156171	0.166	ENSP00000286692	DRAM2
ENSG00000161082	0.166	ENSP00000292672	CELF5
	0.166	ENSP00000337691	MAPK15
ENSG00000151466	0.166	ENSP00000281142	SCLT1
	0.166	ENSP00000490336	PPP1R2C
ENSG00000196284	0.166	ENSP00000360515	SUPT3H
ENSG00000278129	0.166	ENSP00000477716	ZNF8
ENSG00000170935	0.166	ENSP00000492033	NCBP2L
ENSG00000175426	0.166	ENSP00000308024	PCSK1
ENSG00000187391	0.166	ENSP00000346151	MAGI2
ENSG00000120647	0.166	ENSP00000239830	CCDC77
ENSG00000136535	0.166	ENSP00000374205	TBR1
ENSG00000096070	0.166	ENSP00000350267	BRPF3
ENSG00000078403	0.166	ENSP00000307411	MLLT10
ENSG00000070759	0.166	ENSP00000361158	TESK2
ENSG00000134242	0.166	ENSP00000352833	PTPN22
ENSG00000187010	0.166	ENSP00000339577	RHD
ENSG00000263528	0.165	ENSP00000464030	IKBKE
	0.165	ENSP00000347538	SYT17
ENSG00000104888	0.165	ENSP00000221485	SLC17A7
ENSG00000095203	0.165	ENSP00000363694	EPB41L4B
	0.165	ENSP00000492108	PERCC1
ENSG00000105419	0.165	ENSP00000453307	MEIS3
	0.165	ENSP00000329170	POU3F2
	0.165	ENSP00000325525	KIR3DL2
	0.165	ENSP00000276241	CT55
ENSG00000136002	0.165	ENSP00000316845	ARHGEF4
ENSG00000164543	0.165	ENSP00000319192	STK17A
	0.165	ENSP00000477006	V9GYQ6_HUMAN
ENSG00000152595	0.165	ENSP00000378534	MEPE
ENSG00000173588	0.164	ENSP00000380911	CEP83
ENSG00000099139	0.164	ENSP00000446280	PCSK5
ENSG00000141579	0.164	ENSP00000269394	ZNF750
	0.164	ENSP00000381003	TTC28
ENSG00000158352	0.164	ENSP00000365188	SHROOM4
ENSG00000115705	0.164	ENSP00000329869	TPO
ENSG00000066739	0.164	ENSP00000353010	ATG2B
ENSG00000087095	0.164	ENSP00000384625	NLK
ENSG00000172663	0.164	ENSP00000312615	TMEM134
	0.164	ENSP00000328598	HOXD1
	0.164	ENSP00000451040	PGF
ENSG00000165195	0.164	ENSP00000369820	PIGA
	0.164	ENSP00000428876	FAM83A
	0.164	ENSP00000341581	OR52B6
	0.164	ENSP00000378605	DNAJC30
ENSG00000158859	0.164	ENSP00000356975	ADAMTS4
ENSG00000164684	0.163	ENSP00000331462	ZNF704
ENSG00000131653	0.163	ENSP00000318944	TRAF7
	0.163	ENSP00000427336	DIO3
	0.163	ENSP00000441405	ZNF664
ENSG00000050555	0.163	ENSP00000354360	LAMC3
	0.163	ENSP00000310149	CYP2W1
ENSG00000121440	0.163	ENSP00000263666	PDZRN3
ENSG00000254470	0.163	ENSP00000454303	AP5B1
ENSG00000156234	0.163	ENSP00000286758	CXCL13
ENSG00000145864	0.163	ENSP00000274547	GABRB2
ENSG00000204099	0.163	ENSP00000320318	NEU4
ENSG00000173848	0.163	ENSP00000347134	NET1
	0.163	ENSP00000351379	PFN3
ENSG00000250799	0.163	ENSP00000301175	PRODH2
ENSG00000049769	0.163	ENSP00000055335	PPP1R3F
ENSG00000007216	0.162	ENSP00000392411	SLC13A2
	0.162	ENSP00000484390	DAPK2
ENSG00000168556	0.162	ENSP00000307183	ING2
ENSG00000089916	0.162	ENSP00000261530	GPATCH2L
ENSG00000134107	0.162	ENSP00000256495	BHLHE40
ENSG00000185046	0.162	ENSP00000449629	ANKS1B
ENSG00000123066	0.162	ENSP00000281928	MED13L
ENSG00000167291	0.162	ENSP00000309794	TBC1D16
ENSG00000115252	0.162	ENSP00000410309	PDE1A
ENSG00000103351	0.162	ENSP00000344392	CLUAP1
ENSG00000104081	0.162	ENSP00000346697	BMF
ENSG00000127418	0.162	ENSP00000381498	FGFRL1
ENSG00000111145	0.161	ENSP00000228741	ELK3
	0.161	ENSP00000392423	RELN
ENSG00000074935	0.161	ENSP00000357651	TUBE1
	0.161	ENSP00000433933	PNLIPRP1
ENSG00000128923	0.161	ENSP00000452885	MINDY2
ENSG00000278224	0.161	ENSP00000404911	PRICKLE4
	0.161	ENSP00000428055	ENSP00000428055
	0.161	ENSP00000396198	FGF13
ENSG00000139351	0.16	ENSP00000376658	SYCP3
ENSG00000166670	0.16	ENSP00000279441	MMP10
ENSG00000142856	0.16	ENSP00000360133	ITGB3BP
ENSG00000185658	0.16	ENSP00000330753	BRWD1
	0.16	ENSP00000358677	TBX18
	0.16	ENSP00000498660	B3GALNT1
ENSG00000152127	0.16	ENSP00000281923	MGAT5
ENSG00000149761	0.16	ENSP00000279206	NUDT22
ENSG00000198203	0.16	ENSP00000319622	SULT1C2
ENSG00000138182	0.16	ENSP00000360793	KIF20B
ENSG00000141682	0.16	ENSP00000326119	PMAIP1
	0.16	ENSP00000359603	COL24A1
	0.16	ENSP00000328364	MAFA
ENSG00000185053	0.16	ENSP00000371512	SGCZ
ENSG00000174165	0.159	ENSP00000309429	ZDHHC24
ENSG00000099949	0.159	ENSP00000496779	LZTR1
ENSG00000124194	0.159	ENSP00000440498	GDAP1L1
	0.159	ENSP00000318974	FAM133A
ENSG00000120451	0.159	ENSP00000265909	SNX19
ENSG00000163874	0.159	ENSP00000362179	ZC3H12A
ENSG00000174227	0.159	ENSP00000415203	PIGG
ENSG00000005483	0.159	ENSP00000312379	KMT2E
ENSG00000255154	0.159	ENSP00000481593	HTD2
ENSG00000173653	0.159	ENSP00000309163	RCE1
	0.159	ENSP00000365433	TCF19
ENSG00000166391	0.159	ENSP00000198801	MOGAT2
ENSG00000111490	0.159	ENSP00000440207	TBC1D30
ENSG00000165244	0.159	ENSP00000364405	ZNF367
ENSG00000213638	0.159	ENSP00000332448	ADAT3
ENSG00000105808	0.159	ENSP00000262940	RASA4
ENSG00000111554	0.158	ENSP00000302537	MDM1
ENSG00000154237	0.158	ENSP00000373600	LRRK1
ENSG00000144218	0.158	ENSP00000386834	AFF3
ENSG00000148143	0.158	ENSP00000277225	ZNF462
ENSG00000196337	0.158	ENSP00000470813	CGB7
ENSG00000170807	0.158	ENSP00000411932	LMOD2
ENSG00000167522	0.158	ENSP00000301030	ANKRD11
ENSG00000109065	0.158	ENSP00000462835	NAT9
ENSG00000188611	0.158	ENSP00000378897	ASAH2
ENSG00000140859	0.158	ENSP00000442008	KIFC3
ENSG00000196981	0.158	ENSP00000330381	WDR5B
ENSG00000131409	0.158	ENSP00000498662	LRRC4B
ENSG00000164674	0.158	ENSP00000483936	SYTL3
ENSG00000089486	0.158	ENSP00000382508	CDIP1
ENSG00000165802	0.158	ENSP00000360530	NSMF
ENSG00000101187	0.158	ENSP00000217159	SLCO4A1
ENSG00000147059	0.158	ENSP00000364043	SPIN2A
ENSG00000055813	0.158	ENSP00000384040	CCDC85A
	0.157	ENSP00000219235	CCL22
	0.157	ENSP00000308219	RGMB
ENSG00000157103	0.157	ENSP00000494136	SLC6A1
ENSG00000139292	0.157	ENSP00000266674	LGR5
ENSG00000149231	0.157	ENSP00000495063	CCDC82
	0.157	ENSP00000484693	LOC101929738
	0.157	ENSP00000447241	FRS2
ENSG00000129219	0.157	ENSP00000263088	PLD2
ENSG00000163508	0.157	ENSP00000388620	EOMES
	0.157	ENSP00000482306	TTC8
ENSG00000157796	0.157	ENSP00000382717	WDR19
ENSG00000197905	0.157	ENSP00000352926	TEAD4
ENSG00000164930	0.157	ENSP00000351605	FZD6
	0.157	ENSP00000352601	LRP10
ENSG00000152455	0.157	ENSP00000346997	SUV39H2
ENSG00000142102	0.157	ENSP00000387185	PGGHG
ENSG00000107771	0.157	ENSP00000361160	CCSER2
ENSG00000137090	0.157	ENSP00000371711	DMRT1
ENSG00000177051	0.157	ENSP00000410007	FBXO46
	0.157	ENSP00000354633	TAF11
ENSG00000138376	0.157	ENSP00000260947	BARD1
ENSG00000170482	0.156	ENSP00000302851	SLC23A1
	0.156	ENSP00000397947	PLEKHA8
	0.156	ENSP00000423861	HOXC9
	0.156	ENSP00000364859	CARD17
ENSG00000170667	0.156	ENSP00000440982	RASA4B
ENSG00000213853	0.156	ENSP00000352540	EMP2
ENSG00000004866	0.156	ENSP00000265437	ST7
	0.156	ENSP00000333952	LCE5A
ENSG00000131788	0.156	ENSP00000376765	PIAS3
	0.156	ENSP00000242728	BHLHE41
ENSG00000181617	0.156	ENSP00000318437	FDCSP
ENSG00000241697	0.156	ENSP00000364013	TMEFF1
ENSG00000198077	0.155	ENSP00000301146	CYP2A7
	0.155	ENSP00000375479	KRTAP10-2
ENSG00000186787	0.155	ENSP00000335008	SPIN2B
ENSG00000122304	0.155	ENSP00000403681	PRM2
ENSG00000164078	0.155	ENSP00000296474	MST1R
ENSG00000134852	0.155	ENSP00000426983	CLOCK
ENSG00000090376	0.155	ENSP00000261233	IRAK3
ENSG00000136379	0.155	ENSP00000258884	ABHD17C
ENSG00000162897	0.155	ENSP00000316491	FCAMR
ENSG00000101639	0.155	ENSP00000427550	CEP192
ENSG00000253309	0.155	ENSP00000428316	SERPINE3
	0.155	ENSP00000307822	NPFFR2
	0.154	ENSP00000224950	STN1
ENSG00000256043	0.154	ENSP00000414904	CTSO
ENSG00000122136	0.154	ENSP00000342097	OBP2A
	0.154	ENSP00000262843	MID2
	0.154	ENSP00000306105	CEP89
ENSG00000178074	0.154	ENSP00000312770	C2orf69
ENSG00000198883	0.154	ENSP00000388850	PNMA5
	0.154	ENSP00000380713	RASSF7
ENSG00000186417	0.154	ENSP00000335196	GLDN
	0.154	ENSP00000473093	MAGEA3
	0.154	ENSP00000342215	KIR2DL3
ENSG00000184347	0.154	ENSP00000332164	SLIT3
	0.154	ENSP00000383223	KRTAP10-5
ENSG00000160310	0.154	ENSP00000380759	PRMT2
ENSG00000101052	0.154	ENSP00000362121	IFT52
ENSG00000130032	0.154	ENSP00000359378	PRRG3
ENSG00000074527	0.153	ENSP00000340998	NTN4
	0.153	ENSP00000324857	SEMA6D
	0.153	ENSP00000353332	RTEL1
ENSG00000165424	0.153	ENSP00000361411	ZCCHC24
ENSG00000107815	0.153	ENSP00000309595	TWNK
ENSG00000104901	0.153	ENSP00000221498	DKKL1
ENSG00000187140	0.153	ENSP00000360157	FOXD3
ENSG00000108771	0.153	ENSP00000251642	DHX58
ENSG00000126903	0.153	ENSP00000263512	SLC10A3
ENSG00000143452	0.153	ENSP00000355167	HORMAD1
ENSG00000151322	0.153	ENSP00000348460	NPAS3
	0.153	ENSP00000268138	TICRR
	0.153	ENSP00000361800	WDR34
ENSG00000174669	0.153	ENSP00000440329	SLC29A2
ENSG00000066933	0.153	ENSP00000348349	MYO9A
ENSG00000170967	0.153	ENSP00000302805	DDI1
ENSG00000183775	0.152	ENSP00000426548	KCTD16
ENSG00000100601	0.152	ENSP00000216489	ALKBH1
ENSG00000174574	0.152	ENSP00000392678	AKIRIN1
	0.152	ENSP00000314132	BOK
ENSG00000160226	0.152	ENSP00000381047	CFAP410
	0.152	ENSP00000253122	SLC6A8
ENSG00000177468	0.152	ENSP00000356708	OLIG3
ENSG00000137843	0.152	ENSP00000453858	PAK6
	0.152	ENSP00000310459	AKIP1
	0.152	ENSP00000296694	SCGB3A2
	0.152	ENSP00000272322	VPS54
ENSG00000146955	0.152	ENSP00000440167	RAB19
ENSG00000140931	0.152	ENSP00000400482	CMTM3
ENSG00000167759	0.152	ENSP00000470555	KLK13
ENSG00000168876	0.152	ENSP00000440396	ANKRD49
ENSG00000154914	0.152	ENSP00000285199	USP43
ENSG00000126709	0.152	ENSP00000342513	IFI6
ENSG00000147168	0.151	ENSP00000363318	IL2RG
ENSG00000155096	0.151	ENSP00000337180	AZIN1
	0.151	ENSP00000291900	ZER1
	0.151	ENSP00000292852	FBXO17
ENSG00000149654	0.151	ENSP00000437790	CDH22
ENSG00000118894	0.151	ENSP00000398502	EEF2KMT
ENSG00000214860	0.151	ENSP00000382086	EVPLL
ENSG00000186471	0.151	ENSP00000360485	AKAP14
ENSG00000063761	0.151	ENSP00000238561	ADCK1
ENSG00000134853	0.151	ENSP00000257290	PDGFRA
	0.151	ENSP00000267396	REM2
ENSG00000249437	0.151	ENSP00000428657	NAIP
	0.151	ENSP00000419298	POU5F1B
ENSG00000180263	0.151	ENSP00000344446	FGD6
ENSG00000172379	0.151	ENSP00000307479	ARNT2
ENSG00000186265	0.151	ENSP00000333919	BTLA
ENSG00000166938	0.151	ENSP00000321711	DIS3L
ENSG00000164056	0.151	ENSP00000481675	SPRY1
	0.151	ENSP00000362170	NAIF1
ENSG00000129221	0.151	ENSP00000370521	AIPL1
ENSG00000135637	0.15	ENSP00000290418	CCDC142
ENSG00000156253	0.15	ENSP00000418693	RWDD2B
	0.15	ENSP00000336733	ST6GALNAC4
	0.15	ENSP00000362330	CHD6
	0.15	ENSP00000385689	GRAMD4
ENSG00000174469	0.15	ENSP00000354778	CNTNAP2
ENSG00000006025	0.15	ENSP00000007414	OSBPL7
ENSG00000155760	0.15	ENSP00000286201	FZD7
ENSG00000129450	0.15	ENSP00000413861	SIGLEC9
	0.15	ENSP00000490530	ENSP00000490530
ENSG00000125703	0.15	ENSP00000322159	ATG4C
ENSG00000118094	0.15	ENSP00000264029	TREH
ENSG00000064655	0.15	ENSP00000333640	EYA2
ENSG00000167614	0.15	ENSP00000365714	TTYH1
ENSG00000112877	0.149	ENSP00000264935	CEP72
ENSG00000166589	0.149	ENSP00000299752	CDH16
ENSG00000171813	0.149	ENSP00000306324	PWWP2B
ENSG00000013619	0.149	ENSP00000414517	MAMLD1
ENSG00000008382	0.149	ENSP00000471735	MPND
ENSG00000118855	0.149	ENSP00000484175	MFSD1
ENSG00000116218	0.149	ENSP00000356587	NPHS2
ENSG00000115507	0.149	ENSP00000355631	OTX1
ENSG00000139567	0.149	ENSP00000373574	ACVRL1
ENSG00000205643	0.149	ENSP00000325301	CDPF1
ENSG00000088756	0.149	ENSP00000392660	ARHGAP28
ENSG00000134594	0.149	ENSP00000257017	RAB33A
ENSG00000139832	0.149	ENSP00000267328	RAB20
ENSG00000123576	0.148	ENSP00000361669	ESX1
ENSG00000154511	0.148	ENSP00000359333	DIPK1A
	0.148	ENSP00000376322	HOXD13
ENSG00000175175	0.148	ENSP00000312411	PPM1E
	0.148	ENSP00000349677	SPOCK3
	0.148	ENSP00000375921	PAX3
ENSG00000163795	0.148	ENSP00000318373	ZNF513
ENSG00000073150	0.148	ENSP00000379183	PANX2
ENSG00000111199	0.148	ENSP00000406191	TRPV4
	0.148	ENSP00000352265	TPGS1
ENSG00000213588	0.148	ENSP00000378503	ZBTB9
	0.148	ENSP00000306138	GRM5
	0.148	ENSP00000358565	SLC35A1
ENSG00000183186	0.148	ENSP00000328677	C2CD4C
ENSG00000198663	0.148	ENSP00000347322	C6orf89
ENSG00000134460	0.148	ENSP00000369293	IL2RA
ENSG00000148156	0.147	ENSP00000363799	ACTL7B
ENSG00000135049	0.147	ENSP00000338512	AGTPBP1
ENSG00000198960	0.147	ENSP00000444537	ARMCX6
ENSG00000180340	0.147	ENSP00000323901	FZD2
ENSG00000215041	0.147	ENSP00000382390	NEURL4
ENSG00000138100	0.147	ENSP00000296098	TRIM54
	0.147	ENSP00000384629	KMT5A
	0.147	ENSP00000262738	CELSR1
ENSG00000136826	0.147	ENSP00000363804	KLF4
ENSG00000150477	0.147	ENSP00000280020	KIAA1328
ENSG00000214944	0.147	ENSP00000441913	ARHGEF28
ENSG00000120318	0.147	ENSP00000239440	ARAP3
ENSG00000005471	0.147	ENSP00000265723	ABCB4
ENSG00000175707	0.147	ENSP00000319179	KDF1
ENSG00000136536	0.147	ENSP00000386830	MARCHF7
ENSG00000161981	0.147	ENSP00000372482	SNRNP25
	0.147	ENSP00000362304	ADAMTS14
	0.147	ENSP00000407560	SLC25A44
	0.147	ENSP00000301336	RILP
ENSG00000113119	0.147	ENSP00000252100	TMCO6
ENSG00000204564	0.147	ENSP00000293604	C6orf136
ENSG00000183578	0.146	ENSP00000328016	TNFAIP8L3
ENSG00000110060	0.146	ENSP00000227474	PUS3
	0.146	ENSP00000323302	POC1B
ENSG00000226887	0.146	ENSP00000460602	ERVMER34-1
	0.146	ENSP00000384823	FBXO11
ENSG00000119943	0.146	ENSP00000359607	PYROXD2
ENSG00000205060	0.146	ENSP00000367770	SLC35B4
ENSG00000044524	0.146	ENSP00000337451	EPHA3
ENSG00000179023	0.146	ENSP00000383505	KLHDC7A
ENSG00000003393	0.146	ENSP00000264276	ALS2
	0.146	ENSP00000331636	CAPN12
ENSG00000165799	0.146	ENSP00000298690	RNASE7
ENSG00000084710	0.146	ENSP00000384081	EFR3B
ENSG00000122034	0.146	ENSP00000370532	GTF3A
ENSG00000052841	0.145	ENSP00000039989	TTC17
ENSG00000135451	0.145	ENSP00000257909	TROAP
	0.145	ENSP00000361755	WFDC6
ENSG00000184481	0.145	ENSP00000363377	FOXO4
ENSG00000152192	0.145	ENSP00000366413	POU4F1
	0.145	ENSP00000384223	ECE2-2
	0.145	ENSP00000423881	PACRGL
ENSG00000134452	0.145	ENSP00000369335	FBH1
ENSG00000131323	0.145	ENSP00000376500	TRAF3
ENSG00000114446	0.145	ENSP00000264538	IFT57
ENSG00000149328	0.145	ENSP00000444628	GLB1L2
	0.145	ENSP00000325402	MYPOP
	0.145	ENSP00000483879	XKR5
	0.145	ENSP00000292778	YDJC
ENSG00000146755	0.145	ENSP00000327994	TRIM50
	0.145	ENSP00000485295	OR4C16
ENSG00000078246	0.145	ENSP00000380321	TULP3
ENSG00000118298	0.145	ENSP00000358107	CA14
ENSG00000133980	0.145	ENSP00000256362	VRTN
ENSG00000122490	0.145	ENSP00000380880	SLC66A2
ENSG00000169783	0.145	ENSP00000347451	LINGO1
	0.145	ENSP00000322408	KDM5D
ENSG00000125355	0.145	ENSP00000310110	TMEM255A
ENSG00000170677	0.145	ENSP00000381034	SOCS6
ENSG00000185909	0.144	ENSP00000327468	KLHDC8B
	0.144	ENSP00000496158	ENSP00000496158
ENSG00000149577	0.144	ENSP00000314023	SIDT2
	0.144	ENSP00000403683	NABP1
	0.144	ENSP00000464167	J3QRE1_HUMAN
ENSG00000110446	0.144	ENSP00000227880	SLC15A3
ENSG00000197177	0.144	ENSP00000376384	ADGRA1
ENSG00000115363	0.144	ENSP00000377490	EVA1A
ENSG00000138642	0.144	ENSP00000264346	HERC6
ENSG00000243509	0.144	ENSP00000359013	TNFRSF6B
	0.144	ENSP00000482604	HSH2D
ENSG00000027644	0.144	ENSP00000357178	INSRR
ENSG00000185252	0.144	ENSP00000383301	ZNF74
ENSG00000167173	0.144	ENSP00000353854	C15orf39
	0.144	ENSP00000361667	DOLK
ENSG00000196208	0.144	ENSP00000370896	GREB1
ENSG00000166529	0.144	ENSP00000292450	ZSCAN21
ENSG00000158477	0.144	ENSP00000289429	CD1A
	0.144	ENSP00000339260	SLC6A13
ENSG00000189007	0.143	ENSP00000237283	ADAT2
	0.143	ENSP00000386845	ZNF385B
ENSG00000099954	0.143	ENSP00000383428	CECR2
ENSG00000169851	0.143	ENSP00000441802	PCDH7
	0.143	ENSP00000335006	LCE3A
ENSG00000131620	0.143	ENSP00000347454	ANO1
ENSG00000164323	0.143	ENSP00000409964	CFAP97
ENSG00000203943	0.143	ENSP00000359707	SAMD13
ENSG00000170788	0.143	ENSP00000361278	DYDC1
ENSG00000119446	0.143	ENSP00000409315	RBM18
ENSG00000245848	0.143	ENSP00000427514	CEBPA
ENSG00000115289	0.143	ENSP00000233630	PCGF1
ENSG00000135414	0.143	ENSP00000257868	GDF11
ENSG00000056998	0.143	ENSP00000370555	GYG2
ENSG00000256223	0.143	ENSP00000248211	ZNF10
	0.142	ENSP00000356310	RAET1L
	0.142	ENSP00000326022	FHL5
ENSG00000166575	0.142	ENSP00000306344	TMEM135
ENSG00000144278	0.142	ENSP00000387239	GALNT13
ENSG00000081014	0.142	ENSP00000261842	AP4E1
ENSG00000099875	0.142	ENSP00000250896	MKNK2
ENSG00000171155	0.142	ENSP00000304364	C1GALT1C1
	0.142	ENSP00000293502	SDR9C7
ENSG00000182858	0.142	ENSP00000333813	ALG12
ENSG00000271079	0.142	ENSP00000474204	CTAGE15
ENSG00000271321	0.142	ENSP00000474388	CTAGE6
	0.141	ENSP00000357012	CD244
ENSG00000184916	0.141	ENSP00000328169	JAG2
ENSG00000107331	0.141	ENSP00000344155	ABCA2
	0.141	ENSP00000451974	XRCC3
ENSG00000077684	0.141	ENSP00000226319	JADE1
ENSG00000122687	0.141	ENSP00000242257	MRM2
ENSG00000106546	0.141	ENSP00000242057	AHR
ENSG00000123552	0.141	ENSP00000333376	USP45
ENSG00000100150	0.141	ENSP00000498382	DEPDC5
ENSG00000176125	0.141	ENSP00000373413	UFSP1
ENSG00000088298	0.14	ENSP00000363616	EDEM2
	0.14	ENSP00000462745	DCAF8L2
ENSG00000105929	0.14	ENSP00000308122	ATP6V0A4
ENSG00000175449	0.14	ENSP00000413592	RFESD
	0.14	ENSP00000321498	SLC37A3
ENSG00000135537	0.14	ENSP00000357973	AFG1L
ENSG00000135617	0.14	ENSP00000258083	PRADC1
ENSG00000085185	0.14	ENSP00000437775	BCORL1
	0.14	ENSP00000482899	PAMR1
	0.14	ENSP00000486109	TRPC4
ENSG00000140526	0.14	ENSP00000268129	ABHD2
ENSG00000131634	0.14	ENSP00000454945	TMEM204
ENSG00000127720	0.14	ENSP00000248306	METTL25
ENSG00000184205	0.14	ENSP00000364591	TSPYL2
ENSG00000165197	0.14	ENSP00000297904	VEGFD
ENSG00000136828	0.14	ENSP00000259351	RALGPS1
ENSG00000120156	0.14	ENSP00000369375	TEK
	0.14	ENSP00000350249	POT1
ENSG00000189326	0.14	ENSP00000405210	SPANXN4
	0.14	ENSP00000433490	CALCB
ENSG00000112624	0.14	ENSP00000313933	BICRAL
ENSG00000180917	0.139	ENSP00000337512	CMTR2
	0.139	ENSP00000491655	CCDC7
ENSG00000113108	0.139	ENSP00000346378	APBB3
ENSG00000118507	0.139	ENSP00000405252	AKAP7
ENSG00000177427	0.139	ENSP00000379057	MIEF2
ENSG00000142751	0.139	ENSP00000363250	GPN2
	0.139	ENSP00000327197	SENP5
ENSG00000146776	0.139	ENSP00000410759	ATXN7L1
ENSG00000243709	0.139	ENSP00000272134	LEFTY1
	0.139	ENSP00000416741	HS3ST6
ENSG00000087157	0.139	ENSP00000262764	PGS1
	0.139	ENSP00000498071	CARD14
ENSG00000160953	0.139	ENSP00000498656	PWWP3A
ENSG00000167685	0.139	ENSP00000338860	ZNF444
	0.139	ENSP00000488802	ENSP00000488802
	0.139	ENSP00000305596	FAM71B
	0.139	ENSP00000330098	FBXL6
ENSG00000067646	0.138	ENSP00000155093	ZFY
	0.138	ENSP00000248139	RAB40C
ENSG00000152582	0.138	ENSP00000348314	SPEF2
ENSG00000204103	0.138	ENSP00000362410	MAFB
ENSG00000087301	0.138	ENSP00000281741	TXNDC16
ENSG00000165675	0.138	ENSP00000337146	ENOX2
ENSG00000139211	0.138	ENSP00000266581	AMIGO2
ENSG00000115165	0.138	ENSP00000264192	CYTIP
	0.138	ENSP00000368189	ARID3C
ENSG00000168209	0.138	ENSP00000307305	DDIT4
ENSG00000012211	0.138	ENSP00000470248	PRICKLE3
	0.138	ENSP00000347684	LMX1B
ENSG00000173699	0.138	ENSP00000388895	SPATA3
ENSG00000139318	0.138	ENSP00000279488	DUSP6
ENSG00000091622	0.138	ENSP00000262483	PITPNM3
ENSG00000122224	0.137	ENSP00000263285	LY9
ENSG00000112365	0.137	ENSP00000230122	ZBTB24
ENSG00000198939	0.137	ENSP00000354453	ZFP2
ENSG00000186198	0.137	ENSP00000335292	SLC51B
ENSG00000186009	0.137	ENSP00000334216	ATP4B
	0.137	ENSP00000481613	POM121L1P
	0.137	ENSP00000342560	HRH3
	0.137	ENSP00000357637	EBF3
	0.137	ENSP00000250457	EGLN3
	0.137	ENSP00000320089	NKX2-6
ENSG00000090905	0.137	ENSP00000379144	TNRC6A
ENSG00000097046	0.137	ENSP00000393139	CDC7
ENSG00000122783	0.137	ENSP00000376823	CYREN
ENSG00000019186	0.137	ENSP00000216862	CYP24A1
	0.137	ENSP00000266304	TEF
ENSG00000156886	0.137	ENSP00000373854	ITGAD
ENSG00000159147	0.137	ENSP00000307143	DONSON
ENSG00000007545	0.136	ENSP00000380559	CRAMP1
ENSG00000140795	0.136	ENSP00000378288	MYLK3
ENSG00000250571	0.136	ENSP00000345024	GLI4
ENSG00000077935	0.136	ENSP00000350036	SMC1B
	0.136	ENSP00000357152	CD1C
ENSG00000137760	0.136	ENSP00000397673	ALKBH8
ENSG00000131944	0.136	ENSP00000466121	FAAP24
ENSG00000155592	0.136	ENSP00000331626	ZKSCAN2
ENSG00000206104	0.136	ENSP00000372276	KRTAP20-3
ENSG00000164591	0.136	ENSP00000297130	MYOZ3
	0.136	ENSP00000466399	RAD51D
ENSG00000161940	0.136	ENSP00000293805	BCL6B
ENSG00000120278	0.136	ENSP00000351318	PLEKHG1
ENSG00000116213	0.135	ENSP00000270708	WRAP73
	0.135	ENSP00000332595	ZNF92
	0.135	ENSP00000468280	K7ERJ3_HUMAN
ENSG00000215712	0.135	ENSP00000383594	TMEM242
ENSG00000162676	0.135	ENSP00000294702	GFI1
ENSG00000187240	0.135	ENSP00000497174	DYNC2H1
ENSG00000145555	0.135	ENSP00000421280	MYO10
ENSG00000120820	0.135	ENSP00000354053	GLT8D2
ENSG00000182093	0.135	ENSP00000496813	GET1
ENSG00000125347	0.135	ENSP00000245414	IRF1
	0.135	ENSP00000381654	HMGCLL1
ENSG00000165684	0.135	ENSP00000298532	SNAPC4
ENSG00000137745	0.135	ENSP00000260302	MMP13
ENSG00000165556	0.135	ENSP00000370408	CDX2
ENSG00000196233	0.135	ENSP00000490116	LCOR
ENSG00000165997	0.135	ENSP00000366487	ARL5B
ENSG00000135426	0.135	ENSP00000400892	TESPA1
	0.135	ENSP00000380888	MED13
ENSG00000182103	0.135	ENSP00000365295	FAM181B
	0.135	ENSP00000285407	KLF10
ENSG00000164125	0.135	ENSP00000377396	GASK1B
	0.135	ENSP00000398124	E2F5
ENSG00000065029	0.135	ENSP00000363064	ZNF76
	0.134	ENSP00000357881	IKZF5
ENSG00000120685	0.134	ENSP00000332034	PROSER1
ENSG00000126775	0.134	ENSP00000247178	ATG14
ENSG00000153294	0.134	ENSP00000283303	ADGRF4
ENSG00000172901	0.134	ENSP00000350541	LVRN
ENSG00000152439	0.134	ENSP00000282292	ZNF773
	0.134	ENSP00000359085	NTNG1
ENSG00000136574	0.134	ENSP00000435712	GATA4
ENSG00000153989	0.134	ENSP00000357480	NUS1
	0.134	ENSP00000493184	FOXO6
	0.134	ENSP00000366006	UBIAD1
ENSG00000162804	0.134	ENSP00000308893	SNED1
	0.134	ENSP00000295727	FEV
ENSG00000119402	0.134	ENSP00000476369	FBXW2
ENSG00000157303	0.134	ENSP00000364621	SUSD3
ENSG00000125285	0.134	ENSP00000366144	SOX21
ENSG00000248167	0.134	ENSP00000485378	TRIM39-RPP21
	0.134	ENSP00000334767	CCDC84
ENSG00000133065	0.134	ENSP00000356105	SLC41A1
ENSG00000066248	0.134	ENSP00000264051	NGEF
ENSG00000244187	0.133	ENSP00000290079	TMEM141
	0.133	ENSP00000405812	SLC4A8
	0.133	ENSP00000261592	NOL4
ENSG00000137975	0.133	ENSP00000359596	CLCA2
	0.133	ENSP00000470539	PET100
ENSG00000196470	0.133	ENSP00000349156	SIAH1
ENSG00000213199	0.133	ENSP00000297512	ASIC3
ENSG00000137101	0.133	ENSP00000259633	CD72
	0.133	ENSP00000384517	ARNTL
	0.133	ENSP00000322898	EBF1
	0.133	ENSP00000276198	HTR2C
ENSG00000103148	0.133	ENSP00000483814	NPRL3
ENSG00000169884	0.133	ENSP00000301061	WNT10B
ENSG00000033100	0.133	ENSP00000035307	CHPF2
ENSG00000204618	0.133	ENSP00000244360	RNF39
	0.133	ENSP00000500411	SAMD8
ENSG00000136247	0.133	ENSP00000379934	ZDHHC4
	0.133	ENSP00000383894	MATN3
ENSG00000139370	0.133	ENSP00000266771	SLC15A4
ENSG00000205084	0.133	ENSP00000258173	TMEM231
	0.133	ENSP00000384527	ZBTB40
	0.133	ENSP00000377007	CENPN
ENSG00000115138	0.132	ENSP00000384092	POMC
ENSG00000186908	0.132	ENSP00000403397	ZDHHC17
ENSG00000150457	0.132	ENSP00000372035	LATS2
	0.132	ENSP00000393987	TAFA2
ENSG00000131370	0.132	ENSP00000373301	SH3BP5
ENSG00000177663	0.132	ENSP00000320936	IL17RA
ENSG00000101349	0.132	ENSP00000367686	PAK5
ENSG00000173581	0.132	ENSP00000465757	CCDC106
ENSG00000170893	0.132	ENSP00000303452	TRH
ENSG00000177685	0.132	ENSP00000435299	CRACR2B
ENSG00000144233	0.132	ENSP00000272647	AMMECR1L
	0.132	ENSP00000318770	AQP11
ENSG00000236761	0.132	ENSP00000395587	CTAGE9
ENSG00000113492	0.132	ENSP00000231420	AGXT2
ENSG00000169155	0.132	ENSP00000362563	ZBTB43
	0.132	ENSP00000384964	TMPRSS6
ENSG00000109705	0.132	ENSP00000371875	NKX3-2
ENSG00000064225	0.132	ENSP00000480884	ST3GAL6
ENSG00000160298	0.132	ENSP00000291691	C21orf58
ENSG00000101166	0.132	ENSP00000348206	PRELID3B
	0.132	ENSP00000393762	SESN1
ENSG00000142549	0.131	ENSP00000270642	IGLON5
ENSG00000071677	0.131	ENSP00000165524	PRLH
	0.131	ENSP00000262903	HACE1
ENSG00000075568	0.131	ENSP00000186436	TMEM131
ENSG00000007341	0.131	ENSP00000350734	ST7L
ENSG00000156925	0.131	ENSP00000287538	ZIC3
ENSG00000171004	0.131	ENSP00000429473	HS6ST2
ENSG00000131831	0.131	ENSP00000444210	RAI2
ENSG00000106511	0.131	ENSP00000262041	MEOX2
ENSG00000165915	0.131	ENSP00000354689	SLC39A13
ENSG00000121380	0.131	ENSP00000309132	BCL2L14
ENSG00000102471	0.131	ENSP00000480798	NDFIP2
ENSG00000166526	0.131	ENSP00000306372	ZNF3
ENSG00000204614	0.131	ENSP00000379826	TRIM40
	0.131	ENSP00000296387	CLDN19
	0.131	ENSP00000261588	KIAA0556
ENSG00000230873	0.131	ENSP00000455698	STMND1
	0.131	ENSP00000480637	MAGEA6
ENSG00000168944	0.13	ENSP00000303058	CEP120
	0.13	ENSP00000291823	HIPK4
ENSG00000174013	0.13	ENSP00000310332	FBXO45
ENSG00000198807	0.13	ENSP00000355245	PAX9
	0.13	ENSP00000393889	OR5K2
ENSG00000064309	0.13	ENSP00000376458	CDON
ENSG00000168758	0.13	ENSP00000306844	SEMA4C
ENSG00000005059	0.13	ENSP00000378145	MCUB
ENSG00000127588	0.13	ENSP00000248150	GNG13
ENSG00000168795	0.13	ENSP00000307604	ZBTB5
ENSG00000163947	0.13	ENSP00000341071	ARHGEF3
ENSG00000091138	0.13	ENSP00000345873	SLC26A3
	0.13	ENSP00000394380	ZNF625
ENSG00000175727	0.13	ENSP00000312834	MLXIP
ENSG00000170946	0.13	ENSP00000417548	DNAJC24
	0.13	ENSP00000444215	TNFAIP8L1
ENSG00000158764	0.13	ENSP00000357008	ITLN2
ENSG00000149573	0.13	ENSP00000278937	MPZL2
ENSG00000072609	0.129	ENSP00000392395	CHFR
ENSG00000186812	0.129	ENSP00000331577	ZNF397
ENSG00000158258	0.129	ENSP00000402460	CLSTN2
ENSG00000196358	0.129	ENSP00000376921	NTNG2
ENSG00000121879	0.129	ENSP00000263967	PIK3CA
ENSG00000174640	0.129	ENSP00000311291	SLCO2A1
ENSG00000164749	0.129	ENSP00000501146	HNF4G
ENSG00000100629	0.129	ENSP00000451162	CEP128
ENSG00000128052	0.129	ENSP00000263923	KDR
	0.129	ENSP00000292303	CCR5
ENSG00000122711	0.129	ENSP00000369045	SPINK4
ENSG00000161682	0.129	ENSP00000293443	FAM171A2
	0.128	ENSP00000363081	DKK1
ENSG00000071246	0.128	ENSP00000167106	VASH1
	0.128	ENSP00000303533	ZNF138
ENSG00000116852	0.128	ENSP00000411831	KIF21B
ENSG00000168701	0.128	ENSP00000305892	TMEM208
ENSG00000164035	0.128	ENSP00000296420	EMCN
ENSG00000071073	0.128	ENSP00000264968	MGAT4A
ENSG00000077044	0.128	ENSP00000264057	DGKD
ENSG00000186889	0.128	ENSP00000335094	TMEM17
ENSG00000146469	0.128	ENSP00000356213	VIP
ENSG00000104689	0.127	ENSP00000221132	TNFRSF10A
	0.127	ENSP00000355925	PROX1
ENSG00000172179	0.127	ENSP00000302150	PRL
	0.127	ENSP00000262340	RPE65
	0.127	ENSP00000353646	PLEKHG4
	0.127	ENSP00000341785	ADIPOR1
ENSG00000172428	0.127	ENSP00000304147	COPS9
	0.127	ENSP00000355026	ARHGEF15
ENSG00000141298	0.127	ENSP00000444743	SSH2
ENSG00000005981	0.127	ENSP00000321388	ASB4
ENSG00000119950	0.127	ENSP00000331152	MXI1
ENSG00000136870	0.127	ENSP00000342019	ZNF189
ENSG00000072422	0.127	ENSP00000338671	RHOBTB1
ENSG00000133678	0.127	ENSP00000361355	TMEM254
ENSG00000163596	0.127	ENSP00000478645	ICA1L
ENSG00000137522	0.127	ENSP00000354571	RNF121
	0.127	ENSP00000436975	DNAAF3
ENSG00000204599	0.127	ENSP00000365844	TRIM39
	0.127	ENSP00000364524	PAX7
ENSG00000083290	0.127	ENSP00000378914	ULK2
ENSG00000125734	0.127	ENSP00000264080	GPR108
ENSG00000168096	0.126	ENSP00000304586	ANKS3
ENSG00000163126	0.126	ENSP00000321679	ANKRD23
	0.126	ENSP00000441927	SESN3
ENSG00000151014	0.126	ENSP00000280614	NOCT
ENSG00000111729	0.126	ENSP00000229332	CLEC4A
	0.126	ENSP00000288840	SMAD6
	0.126	ENSP00000335038	VSTM2B
	0.126	ENSP00000368332	ARX
	0.126	ENSP00000293826	ENSP00000293826
ENSG00000176903	0.126	ENSP00000318914	PNMA1
	0.126	ENSP00000229771	TULP1
ENSG00000117682	0.126	ENSP00000353104	DHDDS
ENSG00000083857	0.126	ENSP00000406229	FAT1
	0.126	ENSP00000426159	C6orf223
ENSG00000064763	0.126	ENSP00000443291	FAR2
ENSG00000067840	0.126	ENSP00000377355	PDZD4
ENSG00000128159	0.126	ENSP00000248846	TUBGCP6
	0.126	ENSP00000471512	DEDD2
ENSG00000114638	0.126	ENSP00000264234	UPK1B
ENSG00000143126	0.126	ENSP00000271332	CELSR2
ENSG00000126262	0.125	ENSP00000473159	FFAR2
ENSG00000048052	0.125	ENSP00000408617	HDAC9
ENSG00000112276	0.125	ENSP00000313172	BVES
ENSG00000131263	0.125	ENSP00000328059	RLIM
ENSG00000001631	0.125	ENSP00000378015	KRIT1
ENSG00000005206	0.125	ENSP00000478298	SPPL2B
	0.125	ENSP00000318884	FMN2
	0.125	ENSP00000380762	TEN1
ENSG00000141314	0.125	ENSP00000269051	RHBDL3
ENSG00000179627	0.125	ENSP00000409107	ZBTB42
ENSG00000110077	0.125	ENSP00000435844	MS4A6A
ENSG00000184451	0.125	ENSP00000332504	CCR10
ENSG00000108423	0.125	ENSP00000320797	TUBD1
ENSG00000152910	0.125	ENSP00000479811	CNTNAP4
ENSG00000023839	0.125	ENSP00000497274	ABCC2
ENSG00000107968	0.124	ENSP00000263056	MAP3K8
ENSG00000081800	0.124	ENSP00000194130	SLC13A1
ENSG00000116731	0.124	ENSP00000235372	PRDM2
ENSG00000165516	0.124	ENSP00000298307	KLHDC2
ENSG00000105983	0.124	ENSP00000326604	LMBR1
	0.124	ENSP00000334472	FOXE3
ENSG00000148680	0.124	ENSP00000337949	HTR7
ENSG00000121858	0.124	ENSP00000241261	TNFSF10
	0.124	ENSP00000386207	HMSD
ENSG00000196663	0.124	ENSP00000352510	TECPR2
ENSG00000050628	0.124	ENSP00000349003	PTGER3
ENSG00000178184	0.124	ENSP00000343144	PARD6G
ENSG00000124243	0.124	ENSP00000351642	BCAS4
	0.124	ENSP00000462879	J3KTA2_HUMAN
ENSG00000138002	0.124	ENSP00000260570	IFT172
ENSG00000084693	0.124	ENSP00000353249	AGBL5
ENSG00000187664	0.124	ENSP00000291481	HAPLN4
ENSG00000133401	0.124	ENSP00000402033	PDZD2
ENSG00000135686	0.123	ENSP00000456743	KLHL36
ENSG00000151612	0.123	ENSP00000421863	ZNF827
ENSG00000011258	0.123	ENSP00000468304	MBTD1
	0.123	ENSP00000351346	VPS13B
ENSG00000117000	0.123	ENSP00000361857	RLF
ENSG00000144182	0.123	ENSP00000377115	LIPT1
	0.123	ENSP00000479346	C1orf61
	0.123	ENSP00000344741	INSIG1
ENSG00000089041	0.123	ENSP00000330696	P2RX7
ENSG00000204851	0.123	ENSP00000473036	PNMA8B
	0.123	ENSP00000359204	PLPPR4
ENSG00000232838	0.123	ENSP00000397881	PET117
ENSG00000120160	0.123	ENSP00000369371	EQTN
ENSG00000113525	0.123	ENSP00000231454	IL5
	0.123	ENSP00000269346	TTYH2
ENSG00000170903	0.123	ENSP00000304713	MSANTD4
ENSG00000135272	0.122	ENSP00000257724	MDFIC
ENSG00000162383	0.122	ENSP00000478639	SLC1A7
ENSG00000023041	0.122	ENSP00000358413	ZDHHC6
ENSG00000146477	0.122	ENSP00000275300	SLC22A3
ENSG00000136928	0.122	ENSP00000259455	GABBR2
ENSG00000146426	0.122	ENSP00000437188	TIAM2
ENSG00000183479	0.122	ENSP00000333441	TREX2
ENSG00000175311	0.122	ENSP00000308772	ANKS4B
ENSG00000175556	0.122	ENSP00000360690	LONRF3
ENSG00000135482	0.122	ENSP00000257940	ZC3H10
ENSG00000164440	0.122	ENSP00000351206	TXLNB
	0.122	ENSP00000255608	BTBD2
	0.122	ENSP00000473871	URGCP-MRPS24
ENSG00000137142	0.122	ENSP00000366923	IGFBPL1
ENSG00000132326	0.122	ENSP00000254657	PER2
ENSG00000171017	0.121	ENSP00000479953	LRRC8E
ENSG00000185504	0.121	ENSP00000333283	FAAP100
ENSG00000174844	0.121	ENSP00000312554	DNAH12
ENSG00000128965	0.121	ENSP00000484644	CHAC1
ENSG00000221946	0.121	ENSP00000270310	FXYD7
ENSG00000173302	0.121	ENSP00000308908	GPR148
ENSG00000087448	0.121	ENSP00000370671	KLHL42
ENSG00000221916	0.121	ENSP00000386230	C19orf73
ENSG00000253276	0.121	ENSP00000430897	CCDC71L
	0.121	ENSP00000239367	LRP11
ENSG00000156650	0.121	ENSP00000287239	KAT6B
ENSG00000175455	0.121	ENSP00000420180	CCDC14
ENSG00000145506	0.121	ENSP00000296849	NKD2
ENSG00000206530	0.121	ENSP00000377428	CFAP44
ENSG00000168309	0.121	ENSP00000419124	FAM107A
ENSG00000144339	0.121	ENSP00000272771	TMEFF2
	0.121	ENSP00000358294	CD160
ENSG00000175003	0.121	ENSP00000355930	SLC22A1
	0.121	ENSP00000295083	SLC66A3
	0.121	ENSP00000305974	SLCO1A2
	0.121	ENSP00000342109	SERPINA12
ENSG00000139437	0.121	ENSP00000324404	TCHP
	0.121	ENSP00000352424	TIAF1
ENSG00000001617	0.121	ENSP00000002829	SEMA3F
ENSG00000042317	0.12	ENSP00000377176	SPATA7
ENSG00000163600	0.12	ENSP00000319476	ICOS
ENSG00000107242	0.12	ENSP00000265382	PIP5K1B
ENSG00000288784	0.12	ENSP00000419539	CTAGE4
ENSG00000167470	0.12	ENSP00000300952	MIDN
ENSG00000125798	0.12	ENSP00000400341	FOXA2
ENSG00000260027	0.12	ENSP00000239165	HOXB7
ENSG00000100439	0.12	ENSP00000414558	ABHD4
ENSG00000092439	0.12	ENSP00000495860	TRPM7
ENSG00000108551	0.12	ENSP00000225688	RASD1
ENSG00000152154	0.12	ENSP00000281961	TMEM178A
ENSG00000205208	0.12	ENSP00000368503	C4orf46
	0.119	ENSP00000454021	TGIF2-RAB5IF
ENSG00000148925	0.119	ENSP00000431186	BTBD10
ENSG00000174483	0.119	ENSP00000317469	BBS1
ENSG00000184277	0.119	ENSP00000330433	TM2D3
ENSG00000070778	0.119	ENSP00000452414	PTPN21
	0.119	ENSP00000348019	SLC17A5
ENSG00000112309	0.119	ENSP00000230053	B3GAT2
ENSG00000225190	0.119	ENSP00000389913	PLEKHM1
	0.119	ENSP00000223795	TNFSF8
	0.119	ENSP00000367832	CCL7
	0.119	ENSP00000481271	ZNF761
	0.119	ENSP00000465734	SLC16A2
ENSG00000144460	0.119	ENSP00000490942	NYAP2
ENSG00000127334	0.119	ENSP00000342105	DYRK2
	0.119	ENSP00000260116	TTPA
ENSG00000175505	0.119	ENSP00000309338	CLCF1
ENSG00000162849	0.118	ENSP00000385545	KIF26B
ENSG00000203872	0.118	ENSP00000373575	C6orf163
ENSG00000197136	0.118	ENSP00000347931	PCNX3
ENSG00000100991	0.118	ENSP00000252015	TRPC4AP
ENSG00000132406	0.118	ENSP00000372201	TMEM128
ENSG00000171798	0.118	ENSP00000304437	KNDC1
ENSG00000271271	0.118	ENSP00000475028	UGT2A2
ENSG00000129173	0.118	ENSP00000250024	E2F8
ENSG00000113300	0.118	ENSP00000481893	CNOT6
	0.118	ENSP00000428746	CRYBG2
ENSG00000116809	0.118	ENSP00000364885	ZBTB17
ENSG00000186806	0.118	ENSP00000335623	VSIG10L
ENSG00000140836	0.117	ENSP00000493252	ZFHX3
ENSG00000140157	0.117	ENSP00000337618	NIPA2
ENSG00000088827	0.117	ENSP00000341141	SIGLEC1
ENSG00000196632	0.117	ENSP00000346667	WNK3
	0.117	ENSP00000359982	ANKRD13C
ENSG00000150471	0.117	ENSP00000422533	ADGRL3
	0.117	ENSP00000345147	NKX2-4
ENSG00000155011	0.117	ENSP00000285311	DKK2
ENSG00000169508	0.117	ENSP00000365596	GPR183
ENSG00000182263	0.117	ENSP00000333836	FIGN
ENSG00000085274	0.117	ENSP00000326240	MYNN
ENSG00000162928	0.117	ENSP00000295030	PEX13
ENSG00000198624	0.117	ENSP00000347586	CCDC69
ENSG00000235109	0.117	ENSP00000390076	ZSCAN31
ENSG00000144115	0.116	ENSP00000327323	THNSL2
ENSG00000159723	0.116	ENSP00000290953	AGRP
	0.116	ENSP00000311184	WFIKKN2
ENSG00000103707	0.116	ENSP00000220058	MTFMT
	0.116	ENSP00000306275	KCNK3
	0.116	ENSP00000248933	SEZ6L
ENSG00000188827	0.116	ENSP00000294008	SLX4
ENSG00000213759	0.116	ENSP00000387683	UGT2B11
ENSG00000205116	0.116	ENSP00000455099	TMEM88B
ENSG00000164744	0.116	ENSP00000297325	SUN3
ENSG00000088448	0.116	ENSP00000267339	ANKRD10
ENSG00000289604	0.116	ENSP00000417289	CTAGE8
ENSG00000120907	0.116	ENSP00000369960	ADRA1A
ENSG00000143458	0.116	ENSP00000357914	GABPB2
	0.116	ENSP00000265459	NRXN2
	0.116	ENSP00000241436	POLK
	0.116	ENSP00000205143	DLL3
ENSG00000148411	0.116	ENSP00000277554	NACC2
	0.116	ENSP00000302456	KLF13
	0.116	ENSP00000320508	RNF185
	0.116	ENSP00000444278	PRRG1
ENSG00000118515	0.116	ENSP00000356832	SGK1
	0.116	ENSP00000400921	SLAIN1
ENSG00000204381	0.115	ENSP00000364765	LAYN
ENSG00000088826	0.115	ENSP00000478305	SMOX
ENSG00000125571	0.115	ENSP00000263326	IL37
	0.115	ENSP00000311127	VEGFB
	0.115	ENSP00000485316	SMIM26
ENSG00000100319	0.115	ENSP00000344241	ZMAT5
ENSG00000153086	0.115	ENSP00000348459	ACMSD
ENSG00000163534	0.115	ENSP00000357158	FCRL1
ENSG00000132164	0.115	ENSP00000254488	SLC6A11
ENSG00000179636	0.115	ENSP00000317595	TPPP2
ENSG00000007038	0.115	ENSP00000005995	PRSS21
	0.115	ENSP00000300873	GNG8
	0.115	ENSP00000465260	CBARP
ENSG00000172404	0.115	ENSP00000307197	DNAJB7
	0.115	ENSP00000379566	CCHCR1
ENSG00000112039	0.115	ENSP00000229769	FANCE
ENSG00000131979	0.115	ENSP00000477796	GCH1
ENSG00000166743	0.115	ENSP00000301956	ACSM1
ENSG00000177465	0.115	ENSP00000323071	ACOT4
ENSG00000064726	0.115	ENSP00000261721	BTBD1
ENSG00000143674	0.115	ENSP00000355583	MAP3K21
	0.115	ENSP00000492384	hCG_1642624
ENSG00000123091	0.114	ENSP00000242719	RNF11
ENSG00000151651	0.114	ENSP00000453302	ADAM8
ENSG00000187189	0.114	ENSP00000410943	TSPYL4
ENSG00000197901	0.114	ENSP00000367102	SLC22A6
	0.114	ENSP00000337128	EDN3
ENSG00000198944	0.114	ENSP00000367965	SOWAHA
ENSG00000129951	0.114	ENSP00000352962	PLPPR3
	0.114	ENSP00000356135	TMEM81
	0.114	ENSP00000205557	ABCC6
ENSG00000154040	0.114	ENSP00000483621	CABYR
ENSG00000188917	0.114	ENSP00000362027	TRMT2B
	0.114	ENSP00000254337	DCAF15
ENSG00000163945	0.114	ENSP00000425130	UVSSA
ENSG00000010704	0.114	ENSP00000417404	HFE
	0.114	ENSP00000492363	PRICKLE2
ENSG00000133059	0.114	ENSP00000356130	DSTYK
ENSG00000184709	0.114	ENSP00000360597	LRRC26
ENSG00000197893	0.113	ENSP00000358365	NRAP
ENSG00000175414	0.113	ENSP00000308496	ARL10
	0.113	ENSP00000436897	SMIM3
ENSG00000105880	0.113	ENSP00000498116	DLX5
ENSG00000170085	0.113	ENSP00000410552	SIMC1
ENSG00000139517	0.113	ENSP00000325929	LNX2
ENSG00000184502	0.113	ENSP00000331358	GAST
ENSG00000273136	0.113	ENSP00000481542	NBPF26
ENSG00000159761	0.113	ENSP00000384117	C16orf86
ENSG00000169562	0.113	ENSP00000354900	GJB1
	0.113	ENSP00000366976	KRTAP1-4
ENSG00000083635	0.113	ENSP00000368459	NUFIP1
ENSG00000146063	0.113	ENSP00000320869	TRIM41
ENSG00000163331	0.113	ENSP00000309538	DAPL1
ENSG00000204010	0.113	ENSP00000360874	IFIT1B
ENSG00000172995	0.113	ENSP00000412326	ARPP21
ENSG00000086300	0.113	ENSP00000395474	SNX10
ENSG00000163535	0.113	ENSP00000350447	SGO2
ENSG00000181433	0.113	ENSP00000323191	SAGE1
ENSG00000182156	0.112	ENSP00000332656	ENPP7
ENSG00000135503	0.112	ENSP00000442656	ACVR1B
ENSG00000167487	0.112	ENSP00000300976	KLHL26
ENSG00000184979	0.112	ENSP00000215794	USP18
ENSG00000131089	0.112	ENSP00000490940	ARHGEF9
	0.112	ENSP00000371587	KCNIP4
ENSG00000106852	0.112	ENSP00000377854	LHX6
ENSG00000198874	0.112	ENSP00000352645	TYW1
ENSG00000063015	0.112	ENSP00000312942	SEZ6
ENSG00000162949	0.112	ENSP00000295055	CAPN13
ENSG00000185899	0.112	ENSP00000327724	TAS2R60
	0.112	ENSP00000259053	CD302
	0.112	ENSP00000261867	SLC30A4
ENSG00000182782	0.112	ENSP00000375066	HCAR2
	0.112	ENSP00000424126	MCTP1
	0.112	ENSP00000458879	ZSCAN10
ENSG00000102409	0.112	ENSP00000361780	BEX4
ENSG00000181513	0.112	ENSP00000405969	ACBD4
ENSG00000159307	0.112	ENSP00000354080	SCUBE1
	0.112	ENSP00000268231	SEPTIN12
ENSG00000011275	0.112	ENSP00000374552	RNF216
ENSG00000177694	0.112	ENSP00000404705	NAALADL2
	0.112	ENSP00000378235	SFMBT1
	0.111	ENSP00000280605	TKTL2
	0.111	ENSP00000246012	CST8
ENSG00000153485	0.111	ENSP00000388431	TMEM251
	0.111	ENSP00000420009	HOXB6
ENSG00000196475	0.111	ENSP00000351706	GK2
ENSG00000189320	0.111	ENSP00000342336	FAM180A
ENSG00000154258	0.111	ENSP00000342216	ABCA9
ENSG00000161277	0.111	ENSP00000292894	THAP8
ENSG00000182986	0.111	ENSP00000473091	ZNF320
ENSG00000149651	0.111	ENSP00000279058	SPINT4
ENSG00000198521	0.111	ENSP00000350085	ZNF43
	0.111	ENSP00000359820	FAM122C
	0.111	ENSP00000497236	ALAS2
ENSG00000155666	0.111	ENSP00000398410	KDM8
	0.111	ENSP00000322276	VNN2
ENSG00000128271	0.111	ENSP00000480012	ADORA2A
ENSG00000185619	0.111	ENSP00000354724	PCGF3
ENSG00000213512	0.11	ENSP00000294671	GBP7
ENSG00000143768	0.11	ENSP00000355785	LEFTY2
ENSG00000203965	0.11	ENSP00000360129	EFCAB7
	0.11	ENSP00000436773	KIAA0100
ENSG00000198625	0.11	ENSP00000356150	MDM4
	0.11	ENSP00000308354	TIGD3
	0.11	ENSP00000311697	FGF5
ENSG00000104341	0.11	ENSP00000402301	LAPTM4B
ENSG00000184698	0.11	ENSP00000493005	OR51M1
	0.11	ENSP00000358945	OPN1MW2
	0.11	ENSP00000358967	OPN1LW
	0.11	ENSP00000469970	OPN1MW3
	0.11	ENSP00000472316	OPN1MW
	0.11	ENSP00000480763	EPHA5
	0.11	ENSP00000479119	IGHV1-3
ENSG00000100253	0.11	ENSP00000216075	MIOX
ENSG00000166326	0.11	ENSP00000299413	TRIM44
ENSG00000124092	0.11	ENSP00000415579	CTCFL
ENSG00000011132	0.11	ENSP00000315136	APBA3
ENSG00000163251	0.11	ENSP00000354607	FZD5
	0.11	ENSP00000356489	EPM2A
ENSG00000088320	0.109	ENSP00000201979	REM1
ENSG00000165474	0.109	ENSP00000372295	GJB2
ENSG00000267368	0.109	ENSP00000342938	UPK3BL1
ENSG00000284981	0.109	ENSP00000494359	UPK3BL2
ENSG00000181001	0.109	ENSP00000493272	OR52N1
ENSG00000089225	0.109	ENSP00000309913	TBX5
	0.109	ENSP00000394248	ZNF716
ENSG00000078177	0.109	ENSP00000261435	N4BP2
ENSG00000165312	0.109	ENSP00000365678	OTUD1
	0.109	ENSP00000367755	CAMKMT
ENSG00000141040	0.109	ENSP00000379169	ZNF287
	0.109	ENSP00000281722	RBM46
ENSG00000186532	0.109	ENSP00000304360	SMYD4
ENSG00000198369	0.109	ENSP00000348753	SPRED2
ENSG00000075429	0.109	ENSP00000436836	CACNG5
ENSG00000073146	0.109	ENSP00000262794	MOV10L1
ENSG00000104660	0.109	ENSP00000428281	LEPROTL1
ENSG00000173227	0.109	ENSP00000377520	SYT12
ENSG00000185561	0.109	ENSP00000331965	TLCD2
ENSG00000164663	0.109	ENSP00000377797	USP49
ENSG00000167208	0.109	ENSP00000332062	SNX20
ENSG00000176371	0.109	ENSP00000410198	ZSCAN2
	0.109	ENSP00000357669	NPR1
ENSG00000129862	0.109	ENSP00000250823	VCY1B
ENSG00000129864	0.109	ENSP00000250825	VCY
	0.109	ENSP00000347646	SOX12
ENSG00000111859	0.109	ENSP00000368759	NEDD9
ENSG00000153303	0.108	ENSP00000283309	FRMD1
ENSG00000092421	0.108	ENSP00000257414	SEMA6A
ENSG00000128298	0.108	ENSP00000371085	BAIAP2L2
	0.108	ENSP00000362784	OR5C1
ENSG00000136869	0.108	ENSP00000363089	TLR4
ENSG00000275835	0.108	ENSP00000480316	TUBGCP5
ENSG00000196867	0.108	ENSP00000301318	ZFP28
ENSG00000183655	0.108	ENSP00000336800	KLHL25
ENSG00000142512	0.108	ENSP00000345243	SIGLEC10
ENSG00000179922	0.108	ENSP00000320096	ZNF784
	0.108	ENSP00000374273	CRYBG3
	0.108	ENSP00000377123	TSGA10
ENSG00000117475	0.108	ENSP00000356782	BLZF1
ENSG00000144120	0.108	ENSP00000402661	TMEM177
ENSG00000198795	0.108	ENSP00000354794	ZNF521
ENSG00000171425	0.108	ENSP00000466047	ZNF581
ENSG00000181788	0.108	ENSP00000322457	SIAH2
ENSG00000101198	0.108	ENSP00000359340	NKAIN4
	0.108	ENSP00000242249	RAMP3
ENSG00000204128	0.108	ENSP00000362743	C2orf72
	0.108	ENSP00000490518	IQCM
ENSG00000174279	0.108	ENSP00000312385	EVX2
	0.107	ENSP00000357465	TDRD10
	0.107	ENSP00000450895	FPGT-TNNI3K
ENSG00000212864	0.107	ENSP00000376572	RNF208
	0.107	ENSP00000381488	KRTAP9-1
ENSG00000165566	0.107	ENSP00000426528	AMER2
	0.107	ENSP00000331791	TBX1
	0.107	ENSP00000258526	PLXNC1
ENSG00000176049	0.107	ENSP00000479248	JAKMIP2
ENSG00000160447	0.107	ENSP00000291906	PKN3
	0.107	ENSP00000301972	MYRIP
ENSG00000140265	0.107	ENSP00000380174	ZSCAN29
	0.107	ENSP00000283268	FEZF2
ENSG00000169744	0.107	ENSP00000306772	LDB2
ENSG00000130540	0.107	ENSP00000332565	SULT4A1
ENSG00000152463	0.107	ENSP00000367462	OLAH
ENSG00000121671	0.107	ENSP00000478187	CRY2
ENSG00000182518	0.107	ENSP00000397188	FAM104B
ENSG00000072954	0.107	ENSP00000187762	TMEM38A
ENSG00000215018	0.107	ENSP00000382356	COL28A1
ENSG00000204147	0.106	ENSP00000495463	ASAH2B
	0.106	ENSP00000496876	ZMYM1
ENSG00000161929	0.106	ENSP00000461269	SCIMP
ENSG00000123594	0.106	ENSP00000369996	ATXN3L
	0.106	ENSP00000331608	IRX3
ENSG00000095951	0.106	ENSP00000368698	HIVEP1
ENSG00000162373	0.106	ENSP00000360899	BEND5
ENSG00000196227	0.106	ENSP00000351040	FAM217B
	0.106	ENSP00000260010	TLR2
ENSG00000162783	0.106	ENSP00000356549	IER5
ENSG00000166377	0.106	ENSP00000398076	ATP9B
ENSG00000164236	0.106	ENSP00000296657	ANKRD33B
ENSG00000197261	0.106	ENSP00000434602	C6orf141
ENSG00000176624	0.106	ENSP00000385610	MEX3C
ENSG00000169241	0.106	ENSP00000357389	SLC50A1
ENSG00000136895	0.106	ENSP00000362485	GARNL3
ENSG00000120659	0.106	ENSP00000381775	TNFSF11
ENSG00000148488	0.106	ENSP00000366827	ST8SIA6
	0.106	ENSP00000398526	ENSP00000398526
	0.106	ENSP00000453045	ZNF280D-2
ENSG00000170545	0.106	ENSP00000475068	SMAGP
	0.106	ENSP00000495811	NDP
ENSG00000166046	0.105	ENSP00000299045	TCP11L2
ENSG00000181418	0.105	ENSP00000390590	DDN
ENSG00000128573	0.105	ENSP00000386200	FOXP2
	0.105	ENSP00000497609	INO80
ENSG00000163162	0.105	ENSP00000295317	RNF149
ENSG00000165507	0.105	ENSP00000298295	DEPP1
ENSG00000143515	0.105	ENSP00000500034	ATP8B2
ENSG00000165572	0.105	ENSP00000368799	KBTBD6
ENSG00000107159	0.105	ENSP00000367608	CA9
	0.105	ENSP00000359563	CDR1
ENSG00000103154	0.105	ENSP00000307449	NECAB2
ENSG00000181499	0.105	ENSP00000325203	OR6T1
ENSG00000118690	0.105	ENSP00000376417	ARMC2
	0.105	ENSP00000356076	DYRK3
ENSG00000273079	0.105	ENSP00000477455	GRIN2B
	0.105	ENSP00000469811	M0QYG6_HUMAN
ENSG00000136542	0.105	ENSP00000259056	GALNT5
	0.105	ENSP00000348968	WFDC11
	0.105	ENSP00000364035	FAAH2
	0.105	ENSP00000333487	MAGEA2B
	0.105	ENSP00000485541	MAGEA2
ENSG00000072121	0.105	ENSP00000251119	ZFYVE26
	0.105	ENSP00000357909	SEMA6C
ENSG00000137474	0.105	ENSP00000386331	MYO7A
ENSG00000221874	0.104	ENSP00000375656	ZNF816-ZNF321P
ENSG00000113319	0.104	ENSP00000265080	RASGRF2
	0.104	ENSP00000492893	OR14J1
ENSG00000164715	0.104	ENSP00000297293	LMTK2
ENSG00000148225	0.104	ENSP00000363308	WDR31
	0.104	ENSP00000237853	ELL2
ENSG00000140471	0.104	ENSP00000318423	LINS1
ENSG00000124374	0.104	ENSP00000244221	PAIP2B
ENSG00000162992	0.104	ENSP00000295108	NEUROD1
ENSG00000068001	0.104	ENSP00000401853	HYAL2
	0.104	ENSP00000403980	CLDN34
	0.104	ENSP00000365884	TRIM15
	0.104	ENSP00000480527	ENSP00000480527
	0.104	ENSP00000478388	NATD1
ENSG00000152128	0.104	ENSP00000281924	TMEM163
ENSG00000117650	0.104	ENSP00000355966	NEK2
	0.104	ENSP00000350833	MPPED2
	0.104	ENSP00000323246	E2F7
	0.104	ENSP00000216294	SNAPC1
ENSG00000049130	0.104	ENSP00000495951	KITLG
ENSG00000142700	0.104	ENSP00000383909	DMRTA2
ENSG00000164438	0.104	ENSP00000296921	TLX3
ENSG00000116273	0.104	ENSP00000366876	PHF13
ENSG00000173085	0.104	ENSP00000310873	COQ2
ENSG00000106633	0.104	ENSP00000223366	GCK
	0.104	ENSP00000273153	CSRNP1
	0.104	ENSP00000360913	SPATA6
	0.104	ENSP00000276410	CHRNA6
ENSG00000204538	0.104	ENSP00000259845	PSORS1C2
ENSG00000130052	0.104	ENSP00000363727	STARD8
ENSG00000145147	0.104	ENSP00000422591	SLIT2
ENSG00000100802	0.103	ENSP00000299088	C14orf93
	0.103	ENSP00000221496	AMH
ENSG00000120289	0.103	ENSP00000368266	MAGEB4
ENSG00000176225	0.103	ENSP00000491507	RTTN
	0.103	ENSP00000386908	MEGF11
	0.103	ENSP00000329584	ODF3L1
	0.103	ENSP00000296953	CREBRF
ENSG00000165671	0.103	ENSP00000395929	NSD1
ENSG00000254656	0.103	ENSP00000497482	RTL1
	0.103	ENSP00000255087	TESMIN
	0.103	ENSP00000353652	ZNF528
ENSG00000197245	0.103	ENSP00000363386	FAM110D
ENSG00000203797	0.103	ENSP00000357920	DDO
ENSG00000197506	0.103	ENSP00000365413	SLC28A3
ENSG00000170881	0.103	ENSP00000304051	RNF139
ENSG00000196843	0.103	ENSP00000350078	ARID5A
ENSG00000178199	0.103	ENSP00000386616	ZC3H12D
	0.103	ENSP00000365301	FGF14
ENSG00000076356	0.103	ENSP00000356000	PLXNA2
	0.103	ENSP00000220940	GML
	0.103	ENSP00000313443	ZNF491
	0.103	ENSP00000368144	PRR5L
ENSG00000186074	0.103	ENSP00000462309	CD300LF
	0.102	ENSP00000294753	ZNF496
ENSG00000168702	0.102	ENSP00000374135	LRP1B
ENSG00000197496	0.102	ENSP00000352216	SLC2A10
ENSG00000198040	0.102	ENSP00000331465	ZNF84
ENSG00000145014	0.102	ENSP00000376227	TMEM44
ENSG00000137460	0.102	ENSP00000427567	FHDC1
ENSG00000278311	0.102	ENSP00000478220	GGNBP2
ENSG00000182022	0.102	ENSP00000333947	CHST15
	0.102	ENSP00000354314	HAO2
ENSG00000116691	0.102	ENSP00000235332	MIIP
ENSG00000180739	0.102	ENSP00000328472	S1PR5
	0.102	ENSP00000304670	RNFT1
ENSG00000112182	0.102	ENSP00000257749	BACH2
ENSG00000188779	0.102	ENSP00000343200	SKOR1
	0.102	ENSP00000267017	NPFF
ENSG00000189051	0.102	ENSP00000382330	RNF222
ENSG00000196335	0.102	ENSP00000348132	STK31
ENSG00000161040	0.102	ENSP00000321927	FBXL13
ENSG00000172508	0.102	ENSP00000389009	CARNS1
ENSG00000154269	0.101	ENSP00000406261	ENPP3
ENSG00000186472	0.101	ENSP00000334319	PCLO
	0.101	ENSP00000323516	UTS2R
ENSG00000168917	0.101	ENSP00000400839	SLC35G2
ENSG00000150403	0.101	ENSP00000389399	TMCO3
	0.101	ENSP00000300057	MESP1
ENSG00000135999	0.101	ENSP00000258484	EPC2
ENSG00000152969	0.101	ENSP00000386711	JAKMIP1
ENSG00000132781	0.101	ENSP00000500891	MUTYH
ENSG00000133812	0.101	ENSP00000256190	SBF2
	0.101	ENSP00000362386	TTC16
ENSG00000205856	0.101	ENSP00000371529	C22orf42
ENSG00000125337	0.101	ENSP00000496229	KIF25
ENSG00000143006	0.101	ENSP00000360500	DMRTB1
ENSG00000105497	0.101	ENSP00000262259	ZNF175
	0.101	ENSP00000368165	SDHAF1
ENSG00000182359	0.101	ENSP00000432163	KBTBD3
	0.101	ENSP00000304642	RETREG1
ENSG00000022840	0.101	ENSP00000415682	RNF10
	0.101	ENSP00000263095	ZNF264
ENSG00000140691	0.101	ENSP00000386125	ARMC5
ENSG00000136274	0.101	ENSP00000420477	NACAD
ENSG00000161558	0.101	ENSP00000293261	TMEM143
ENSG00000133328	0.1	ENSP00000255695	PLAAT2
	0.1	ENSP00000493319	OR56A3
ENSG00000183891	0.1	ENSP00000333018	TTC32
ENSG00000100483	0.1	ENSP00000379201	VCPKMT
ENSG00000074706	0.1	ENSP00000394751	IPCEF1
ENSG00000112659	0.1	ENSP00000252050	CUL9
ENSG00000118946	0.1	ENSP00000367151	PCDH17
ENSG00000146278	0.1	ENSP00000336931	PNRC1
ENSG00000059145	0.1	ENSP00000301712	UNKL
ENSG00000111252	0.1	ENSP00000345492	SH2B3
ENSG00000145113	0.1	ENSP00000417498	MUC4
ENSG00000164306	0.1	ENSP00000420860	PRIMPOL
	0.1	ENSP00000356576	HIVEP2
ENSG00000178171	0.1	ENSP00000392700	AMER3
ENSG00000137871	0.1	ENSP00000267807	ZNF280D
ENSG00000172116	0.1	ENSP00000331172	CD8B
ENSG00000165383	0.1	ENSP00000363275	LRRC18
ENSG00000257093	0.1	ENSP00000445768	DENND11
ENSG00000055211	0.1	ENSP00000356389	GINM1
ENSG00000165698	0.1	ENSP00000361209	SPACA9
ENSG00000006210	0.1	ENSP00000006053	CX3CL1
ENSG00000146216	0.1	ENSP00000259750	TTBK1
ENSG00000172828	0.1	ENSP00000304782	CES3
ENSG00000109189	0.1	ENSP00000407818	USP46
ENSG00000006695	0.1	ENSP00000261643	COX10
	0.1	ENSP00000254854	GUCY2D
ENSG00000112619	0.1	ENSP00000230381	PRPH2
	0.1	ENSP00000261879	APH1B
ENSG00000155893	0.1	ENSP00000286353	PXYLP1
ENSG00000150455	0.1	ENSP00000376445	TIRAP
	0.1	ENSP00000262301	LMF1
	0.099	ENSP00000313423	GFRA4
ENSG00000140386	0.099	ENSP00000454973	SCAPER
ENSG00000180481	0.099	ENSP00000448248	GLIPR1L2
ENSG00000008405	0.099	ENSP00000008527	CRY1
ENSG00000101745	0.099	ENSP00000262126	ANKRD12
ENSG00000204175	0.099	ENSP00000363436	GPRIN2
ENSG00000113971	0.099	ENSP00000338766	NPHP3
ENSG00000171016	0.099	ENSP00000302327	PYGO1
	0.099	ENSP00000254336	C19orf57
ENSG00000146410	0.099	ENSP00000395232	MTFR2
ENSG00000197586	0.099	ENSP00000365840	ENTPD6
ENSG00000172469	0.099	ENSP00000351669	MANEA
ENSG00000128683	0.099	ENSP00000350928	GAD1
	0.099	ENSP00000235382	RGS2
	0.099	ENSP00000308873	CCDC74B
ENSG00000175985	0.099	ENSP00000317175	PLEKHD1
	0.099	ENSP00000339004	FOXG1
ENSG00000116574	0.099	ENSP00000355652	RHOU
ENSG00000162745	0.099	ENSP00000356917	OLFML2B
ENSG00000269058	0.099	ENSP00000269881	CALR3
ENSG00000188747	0.099	ENSP00000342848	NOXA1
ENSG00000140563	0.099	ENSP00000350377	MCTP2
ENSG00000204323	0.098	ENSP00000477017	SMIM5
ENSG00000188523	0.098	ENSP00000343290	CFAP77
ENSG00000124334	0.098	ENSP00000244174	IL9R
ENSG00000125629	0.098	ENSP00000245787	INSIG2
ENSG00000240021	0.098	ENSP00000323795	TEX35
ENSG00000185222	0.098	ENSP00000496422	TCEAL9
ENSG00000034053	0.098	ENSP00000453293	APBA2
ENSG00000164211	0.098	ENSP00000296632	STARD4
ENSG00000078549	0.098	ENSP00000483721	ADCYAP1R1
ENSG00000285077	0.098	ENSP00000392760	ARHGAP11B
	0.098	ENSP00000481934	ARHGAP11B-2
ENSG00000138346	0.098	ENSP00000351185	DNA2
ENSG00000185829	0.098	ENSP00000337478	ARL17A
ENSG00000188931	0.098	ENSP00000356951	CFAP126
	0.098	ENSP00000333593	NXPH4
ENSG00000153179	0.098	ENSP00000443021	RASSF3
	0.098	ENSP00000484928	CDH4
	0.098	ENSP00000379496	PDE1C
	0.098	ENSP00000231749	ZMYND10
	0.098	ENSP00000369636	PXDC1
ENSG00000124074	0.098	ENSP00000243878	ENKD1
	0.098	ENSP00000339804	TSLP
	0.098	ENSP00000295966	C3orf67
	0.098	ENSP00000305343	SOX14
ENSG00000183763	0.098	ENSP00000328203	TRAIP
ENSG00000133687	0.098	ENSP00000442046	TMTC1
ENSG00000188659	0.098	ENSP00000340445	SAXO2
ENSG00000164283	0.098	ENSP00000370812	ESM1
ENSG00000163812	0.098	ENSP00000345268	ZDHHC3
ENSG00000137098	0.098	ENSP00000340982	SPAG8
ENSG00000158796	0.098	ENSP00000356984	DEDD
ENSG00000138686	0.098	ENSP00000264499	BBS7
ENSG00000006015	0.097	ENSP00000351422	REX1BD
	0.097	ENSP00000219197	CBLN1
ENSG00000137491	0.097	ENSP00000289575	SLCO2B1
	0.097	ENSP00000445247	PRR19
ENSG00000205502	0.097	ENSP00000369755	C2CD4B
	0.097	ENSP00000500339	ENSP00000500339
ENSG00000107036	0.097	ENSP00000416696	RIC1
ENSG00000049883	0.097	ENSP00000370013	PTCD2
ENSG00000136603	0.097	ENSP00000415243	SKIL
ENSG00000125533	0.097	ENSP00000480998	BHLHE23
	0.097	ENSP00000380310	ZNF676
ENSG00000168887	0.097	ENSP00000304410	C2orf68
ENSG00000176142	0.097	ENSP00000326063	TMEM39A
	0.097	ENSP00000369666	FBXL19
	0.097	ENSP00000341539	TCAIM
	0.097	ENSP00000325285	MTMR4
ENSG00000164742	0.097	ENSP00000297323	ADCY1
ENSG00000126970	0.097	ENSP00000363972	ZC4H2
ENSG00000103047	0.097	ENSP00000261778	TANGO6
	0.097	ENSP00000494260	HOXA1
	0.097	ENSP00000371364	TMEM156
	0.097	ENSP00000247815	HELB
ENSG00000228696	0.097	ENSP00000460539	ARL17B
ENSG00000177728	0.096	ENSP00000364397	TMEM94
ENSG00000185798	0.096	ENSP00000328079	WDR53
ENSG00000177932	0.096	ENSP00000324064	ZNF354C
ENSG00000198920	0.096	ENSP00000355250	KIAA0753
ENSG00000204172	0.096	ENSP00000392206	AGAP9
ENSG00000205186	0.096	ENSP00000368362	FABP9
ENSG00000243244	0.096	ENSP00000384615	STON1
	0.096	ENSP00000222462	WNT16
ENSG00000133247	0.096	ENSP00000255613	KMT5C
ENSG00000185633	0.096	ENSP00000377411	NDUFA4L2
ENSG00000183454	0.096	ENSP00000332549	GRIN2A
	0.096	ENSP00000317357	OR13D1
	0.096	ENSP00000307911	CHST2
ENSG00000155465	0.096	ENSP00000380666	SLC7A7
ENSG00000168348	0.096	ENSP00000306523	INSM2
ENSG00000151718	0.096	ENSP00000384222	WWC2
ENSG00000116497	0.096	ENSP00000362574	S100PBP
ENSG00000128272	0.096	ENSP00000336790	ATF4
ENSG00000205863	0.096	ENSP00000371572	C1QTNF9B
	0.096	ENSP00000366586	SLC39A12
ENSG00000034677	0.096	ENSP00000428968	RNF19A
ENSG00000152049	0.096	ENSP00000281830	KCNE4
	0.096	ENSP00000385480	SYCE3
	0.095	ENSP00000483631	USP27X
ENSG00000164318	0.095	ENSP00000346964	EGFLAM
	0.095	ENSP00000370200	SNAPC3
ENSG00000183943	0.095	ENSP00000262848	PRKX
ENSG00000149452	0.095	ENSP00000337335	SLC22A8
ENSG00000115084	0.095	ENSP00000245680	SLC35F5
	0.095	ENSP00000344242	LRRC17
ENSG00000182158	0.095	ENSP00000329140	CREB3L2
ENSG00000177363	0.095	ENSP00000325808	LRRN4CL
ENSG00000120662	0.095	ENSP00000368793	MTRF1
ENSG00000178233	0.095	ENSP00000393161	TMEM151B
ENSG00000164168	0.095	ENSP00000296582	TMEM184C
ENSG00000112941	0.095	ENSP00000488642	TENT4A
	0.095	ENSP00000482870	DOC2A
ENSG00000181016	0.095	ENSP00000323304	LSMEM1
ENSG00000121075	0.095	ENSP00000495986	TBX4
ENSG00000160539	0.095	ENSP00000361338	PLPP7
ENSG00000182606	0.095	ENSP00000328998	TRAK1
ENSG00000257743	0.095	ENSP00000420449	MGAM2
ENSG00000156299	0.095	ENSP00000286827	TIAM1
ENSG00000160957	0.095	ENSP00000482313	RECQL4
	0.095	ENSP00000228644	MYF5
ENSG00000160219	0.095	ENSP00000399588	GAB3
ENSG00000215475	0.095	ENSP00000383256	SIAH3
	0.095	ENSP00000378464	CPLX3
ENSG00000174804	0.095	ENSP00000434034	FZD4
ENSG00000158079	0.095	ENSP00000477817	PTPDC1
ENSG00000244623	0.095	ENSP00000313936	OR2AE1
	0.094	ENSP00000363390	TRIM63
ENSG00000182700	0.094	ENSP00000327344	IGIP
	0.094	ENSP00000302603	ZNF556
	0.094	ENSP00000252229	MICB
ENSG00000160179	0.094	ENSP00000354995	ABCG1
ENSG00000173137	0.094	ENSP00000310547	ADCK5
ENSG00000141052	0.094	ENSP00000401678	MYOCD
	0.094	ENSP00000429216	TRNP1
ENSG00000113269	0.094	ENSP00000430237	RNF130
	0.094	ENSP00000281047	MSGN1
	0.094	ENSP00000249016	MCHR1
ENSG00000178149	0.094	ENSP00000344989	DALRD3
ENSG00000120696	0.094	ENSP00000368797	KBTBD7
	0.094	ENSP00000385478	CRPPA
ENSG00000166869	0.094	ENSP00000300113	CHP2
ENSG00000109794	0.094	ENSP00000227065	FAM149A
ENSG00000112796	0.094	ENSP00000360436	ENPP5
ENSG00000176170	0.094	ENSP00000313681	SPHK1
	0.094	ENSP00000361004	IL13RA2
	0.094	ENSP00000354886	SLC25A47
ENSG00000175352	0.093	ENSP00000310205	NRIP3
	0.093	ENSP00000383692	CENPS-CORT
	0.093	ENSP00000295226	CCDC140
	0.093	ENSP00000302569	CLEC7A
ENSG00000188732	0.093	ENSP00000342576	FAM221A
ENSG00000141441	0.093	ENSP00000269209	GAREM1
ENSG00000214013	0.093	ENSP00000326227	GANC
	0.093	ENSP00000343957	IFNAR2
	0.093	ENSP00000458018	HSPB9
	0.093	ENSP00000477981	SLC25A14
ENSG00000185803	0.093	ENSP00000496184	SLC52A2
ENSG00000168301	0.093	ENSP00000347188	KCTD6
ENSG00000168228	0.093	ENSP00000303468	ZCCHC4
ENSG00000204859	0.093	ENSP00000366902	ZBTB48
ENSG00000092096	0.093	ENSP00000380437	SLC22A17
ENSG00000103037	0.093	ENSP00000219315	SETD6
ENSG00000131242	0.093	ENSP00000482620	RAB11FIP4
ENSG00000173976	0.093	ENSP00000450456	RAX2
ENSG00000154025	0.093	ENSP00000379008	SLC5A10
ENSG00000251247	0.093	ENSP00000431202	ZNF345
ENSG00000244355	0.093	ENSP00000364985	LY6G6D
	0.093	ENSP00000253144	ZNF331
	0.093	ENSP00000312631	INSM1
ENSG00000158711	0.093	ENSP00000350681	ELK4
ENSG00000140995	0.093	ENSP00000268676	DEF8
	0.093	ENSP00000463201	SNURF
ENSG00000186439	0.093	ENSP00000333984	TRDN
ENSG00000241404	0.093	ENSP00000378888	EGFL8
ENSG00000130766	0.093	ENSP00000253063	SESN2
ENSG00000158458	0.093	ENSP00000354910	NRG2
	0.093	ENSP00000384290	WDR60
ENSG00000143258	0.093	ENSP00000356981	USP21
	0.093	ENSP00000335358	LCE3B
ENSG00000166105	0.093	ENSP00000396615	GLB1L3
ENSG00000175600	0.093	ENSP00000486291	SUGCT
	0.092	ENSP00000365362	MCCD1
ENSG00000135317	0.092	ENSP00000313121	SNX14
	0.092	ENSP00000313803	OR3A1
	0.092	ENSP00000485238	FER1L5
ENSG00000141232	0.092	ENSP00000427695	TOB1
ENSG00000198911	0.092	ENSP00000354476	SREBF2
ENSG00000112029	0.092	ENSP00000229758	FBXO5
ENSG00000198198	0.092	ENSP00000457168	SZT2
ENSG00000181104	0.092	ENSP00000321326	F2R
ENSG00000115282	0.092	ENSP00000233623	TTC31
	0.092	ENSP00000354432	ANKRD30A
ENSG00000179456	0.092	ENSP00000351539	ZBTB18
ENSG00000121594	0.092	ENSP00000264246	CD80
	0.092	ENSP00000358698	WNT2B
ENSG00000116678	0.092	ENSP00000330393	LEPR
ENSG00000166012	0.092	ENSP00000410409	TAF1D
ENSG00000134812	0.092	ENSP00000257248	CBLIF
	0.092	ENSP00000352604	OR2T3
ENSG00000185800	0.092	ENSP00000270223	DMWD
	0.092	ENSP00000496255	EYA1
ENSG00000171772	0.092	ENSP00000303978	SYCE1
	0.092	ENSP00000295171	CCDC74A
	0.092	ENSP00000356959	NR1I3
ENSG00000103056	0.092	ENSP00000219334	SMPD3
ENSG00000249139	0.092	ENSP00000424176	EPPIN-WFDC6
ENSG00000188158	0.092	ENSP00000369400	NHS
ENSG00000181982	0.091	ENSP00000488929	CCDC149
ENSG00000112499	0.091	ENSP00000355920	SLC22A2
ENSG00000116544	0.091	ENSP00000362444	DLGAP3
ENSG00000177989	0.091	ENSP00000382804	ODF3B
	0.091	ENSP00000262904	E2F3
ENSG00000142494	0.091	ENSP00000270570	SLC47A1
ENSG00000006611	0.091	ENSP00000005226	USH1C
	0.091	ENSP00000480355	CXorf49
	0.091	ENSP00000482270	CXorf49B
	0.091	ENSP00000296096	TCF23
ENSG00000043591	0.091	ENSP00000358301	ADRB1
ENSG00000197580	0.091	ENSP00000350314	BCO2
	0.091	ENSP00000278060	PAOX
ENSG00000188389	0.091	ENSP00000335062	PDCD1
ENSG00000157014	0.091	ENSP00000287652	TATDN2
ENSG00000075388	0.091	ENSP00000168712	FGF4
	0.091	ENSP00000314223	GPR88
	0.091	ENSP00000373937	PRTG
	0.091	ENSP00000493457	OR1C1
ENSG00000248099	0.091	ENSP00000369017	INSL3
	0.091	ENSP00000455265	TAF1C
	0.091	ENSP00000308733	GPR151
	0.091	ENSP00000368544	VIT
	0.091	ENSP00000296422	SLC9B1
ENSG00000197415	0.091	ENSP00000354919	VEPH1
ENSG00000196152	0.091	ENSP00000362446	ZNF79
ENSG00000255501	0.091	ENSP00000436691	CARD18
ENSG00000172819	0.091	ENSP00000388510	RARG
ENSG00000079313	0.09	ENSP00000170168	REXO1
ENSG00000163625	0.09	ENSP00000295888	WDFY3
ENSG00000177842	0.09	ENSP00000322265	ZNF620
ENSG00000073910	0.09	ENSP00000445043	FRY
ENSG00000167664	0.09	ENSP00000301272	TMIGD2
ENSG00000138031	0.09	ENSP00000384484	ADCY3
ENSG00000163687	0.09	ENSP00000378053	DNASE1L3
ENSG00000137802	0.09	ENSP00000393099	MAPKBP1
ENSG00000153246	0.09	ENSP00000283243	PLA2R1
ENSG00000221994	0.09	ENSP00000354683	ZNF630
ENSG00000127080	0.09	ENSP00000287996	IPPK
ENSG00000011590	0.09	ENSP00000376035	ZBTB32
ENSG00000165084	0.09	ENSP00000427820	C8orf34
ENSG00000121957	0.09	ENSP00000385510	GPSM2
ENSG00000164404	0.09	ENSP00000367942	GDF9
	0.09	ENSP00000414350	MUC20
ENSG00000198756	0.09	ENSP00000354960	COLGALT2
	0.09	ENSP00000382592	KRTAP5-3
ENSG00000182544	0.09	ENSP00000442688	MFSD5
	0.09	ENSP00000356700	C1orf105
	0.09	ENSP00000472698	M0R2N6_HUMAN
ENSG00000171421	0.09	ENSP00000423399	MRPL36
	0.09	ENSP00000493391	OR8D4
	0.09	ENSP00000326349	OR2G2
	0.09	ENSP00000419945	ERVW-1
ENSG00000122376	0.09	ENSP00000298786	SHLD2
	0.089	ENSP00000496415	FOXF2
ENSG00000158301	0.089	ENSP00000437872	GPRASP2
ENSG00000164086	0.089	ENSP00000417183	DUSP7
	0.089	ENSP00000242159	HOXA7
ENSG00000119977	0.089	ENSP00000483364	TCTN3
ENSG00000166813	0.089	ENSP00000377934	KIF7
ENSG00000182197	0.089	ENSP00000367446	EXT1
ENSG00000115526	0.089	ENSP00000264249	CHST10
ENSG00000067221	0.089	ENSP00000442478	STOML1
ENSG00000121716	0.089	ENSP00000391748	PILRB
ENSG00000185448	0.089	ENSP00000345029	FAM47A
ENSG00000110375	0.089	ENSP00000264031	UPK2
ENSG00000151715	0.089	ENSP00000281441	TMEM45B
ENSG00000197106	0.089	ENSP00000330199	SLC6A17
ENSG00000177383	0.089	ENSP00000315064	MAGEF1
ENSG00000102981	0.089	ENSP00000219255	PARD6A
	0.089	ENSP00000294288	CABP2
ENSG00000081692	0.089	ENSP00000355720	JMJD4
ENSG00000075043	0.089	ENSP00000352035	KCNQ2
	0.089	ENSP00000303822	OR7G2
	0.089	ENSP00000424198	KLHL2
ENSG00000122188	0.089	ENSP00000406970	LAX1
ENSG00000135925	0.089	ENSP00000258411	WNT10A
ENSG00000167972	0.089	ENSP00000301732	ABCA3
ENSG00000186803	0.088	ENSP00000369566	IFNA10
ENSG00000144228	0.088	ENSP00000280098	SPOPL
ENSG00000105668	0.088	ENSP00000478942	UPK1A
ENSG00000104691	0.088	ENSP00000479216	UBXN8
	0.088	ENSP00000297063	KIAA0895
ENSG00000086232	0.088	ENSP00000199389	EIF2AK1
ENSG00000183807	0.088	ENSP00000357545	FAM162B
ENSG00000094804	0.088	ENSP00000209728	CDC6
ENSG00000171094	0.088	ENSP00000373700	ALK
ENSG00000115155	0.088	ENSP00000272371	OTOF
	0.088	ENSP00000358210	SIM1
ENSG00000183530	0.088	ENSP00000331845	PRR14L
ENSG00000169607	0.088	ENSP00000305204	CKAP2L
	0.088	ENSP00000268616	ZCCHC14
	0.088	ENSP00000492790	ZNF705E
ENSG00000120334	0.088	ENSP00000348527	CENPL
ENSG00000121101	0.088	ENSP00000240361	TEX14
ENSG00000164418	0.088	ENSP00000397026	GRIK2
ENSG00000008086	0.088	ENSP00000369325	CDKL5
ENSG00000143951	0.088	ENSP00000272321	WDPCP
	0.088	ENSP00000261402	NUAK1
ENSG00000198933	0.088	ENSP00000354777	TBKBP1
ENSG00000152804	0.088	ENSP00000282728	HHEX
ENSG00000144045	0.088	ENSP00000384621	DQX1
ENSG00000159374	0.088	ENSP00000290536	M1AP
ENSG00000172264	0.088	ENSP00000217246	MACROD2
	0.088	ENSP00000487709	SMIM10L2B
	0.088	ENSP00000488643	SMIM10L2A
ENSG00000124440	0.088	ENSP00000366898	HIF3A
	0.088	ENSP00000376522	CEP112
ENSG00000068885	0.088	ENSP00000312778	IFT80
	0.088	ENSP00000386398	ANKRD30BL
ENSG00000188177	0.087	ENSP00000386764	ZC3H6
	0.087	ENSP00000364476	RIBC1
	0.087	ENSP00000492902	OR10J1
ENSG00000172986	0.087	ENSP00000374268	GXYLT2
ENSG00000164976	0.087	ENSP00000297625	MYORG
	0.087	ENSP00000360247	CYP2J2
	0.087	ENSP00000324323	TCTEX1D2
	0.087	ENSP00000362616	NAP1L2
	0.087	ENSP00000406026	SH2D5
ENSG00000114388	0.087	ENSP00000232501	NPRL2
	0.087	ENSP00000403067	FRMD5
ENSG00000204613	0.087	ENSP00000397073	TRIM10
ENSG00000240184	0.087	ENSP00000312070	PCDHGC3
ENSG00000138039	0.087	ENSP00000294954	LHCGR
ENSG00000138311	0.087	ENSP00000387091	ZNF365
	0.087	ENSP00000333310	SULT1C3
	0.087	ENSP00000357714	S100A7L2
ENSG00000204991	0.087	ENSP00000367494	SPIRE2
ENSG00000109944	0.087	ENSP00000227349	JHY
ENSG00000111834	0.087	ENSP00000229554	RSPH4A
ENSG00000144426	0.087	ENSP00000399903	NBEAL1
ENSG00000122417	0.087	ENSP00000359600	ODF2L
ENSG00000180758	0.087	ENSP00000366628	GPR157
	0.087	ENSP00000360811	LHX3
	0.087	ENSP00000365899	VSX1
ENSG00000178287	0.087	ENSP00000316012	SPAG11A
ENSG00000130584	0.087	ENSP00000378536	ZBTB46
	0.087	ENSP00000492981	OR2M3
ENSG00000119965	0.087	ENSP00000419126	C10orf88
ENSG00000138778	0.087	ENSP00000265148	CENPE
ENSG00000186212	0.087	ENSP00000334879	SOWAHB
ENSG00000089505	0.087	ENSP00000368814	CMTM1
	0.086	ENSP00000468837	M0QX08_HUMAN
ENSG00000156875	0.086	ENSP00000359171	MFSD14A
ENSG00000138136	0.086	ENSP00000359212	LBX1
ENSG00000164823	0.086	ENSP00000396445	OSGIN2
ENSG00000170802	0.086	ENSP00000343633	FOXN2
ENSG00000092020	0.086	ENSP00000261475	PPP2R3C
ENSG00000121797	0.086	ENSP00000349967	CCRL2
ENSG00000091137	0.086	ENSP00000494017	SLC26A4
ENSG00000114648	0.086	ENSP00000232766	KLHL18
ENSG00000169018	0.086	ENSP00000307298	FEM1B
ENSG00000115257	0.086	ENSP00000300954	PCSK4
	0.086	ENSP00000360398	SLC25A27
ENSG00000124721	0.086	ENSP00000333363	DNAH8
	0.086	ENSP00000345192	OLFM3
ENSG00000115194	0.086	ENSP00000233535	SLC30A3
ENSG00000107521	0.086	ENSP00000326649	HPS1
ENSG00000152591	0.086	ENSP00000498766	DSPP
ENSG00000188542	0.086	ENSP00000385885	DUSP28
ENSG00000168421	0.086	ENSP00000371219	RHOH
ENSG00000081148	0.086	ENSP00000193391	IMPG2
ENSG00000172817	0.086	ENSP00000310721	CYP7B1
ENSG00000180708	0.086	ENSP00000493297	OR10K2
ENSG00000145743	0.086	ENSP00000437464	FBXL17
	0.086	ENSP00000499846	CNK3/IPCEF1
	0.086	ENSP00000295228	INHBB
ENSG00000173480	0.086	ENSP00000311319	ZNF417
ENSG00000174417	0.086	ENSP00000430711	TRHR
ENSG00000150967	0.086	ENSP00000440288	ABCB9
ENSG00000077943	0.086	ENSP00000367316	ITGA8
ENSG00000166707	0.086	ENSP00000482195	ZCCHC18
	0.086	ENSP00000297770	CPA6
ENSG00000166987	0.086	ENSP00000347896	MBD6
	0.086	ENSP00000351391	ZNF781
	0.085	ENSP00000298125	WDFY2
	0.085	ENSP00000490716	TMEM269
ENSG00000160408	0.085	ENSP00000362235	ST6GALNAC6
ENSG00000163485	0.085	ENSP00000356205	ADORA1
ENSG00000188334	0.085	ENSP00000341762	BSPH1
ENSG00000181619	0.085	ENSP00000378548	GPR135
ENSG00000120729	0.085	ENSP00000239926	MYOT
	0.085	ENSP00000431719	TAS2R43
ENSG00000062725	0.085	ENSP00000083182	APPBP2
ENSG00000163879	0.085	ENSP00000296218	DNALI1
	0.085	ENSP00000493338	OR52N4
	0.085	ENSP00000365687	PTF1A
ENSG00000114859	0.085	ENSP00000265593	CLCN2
ENSG00000183878	0.085	ENSP00000442047	UTY
ENSG00000138764	0.085	ENSP00000315743	CCNG2
ENSG00000139354	0.085	ENSP00000448955	GAS2L3
	0.085	ENSP00000413496	FGF12
ENSG00000236637	0.085	ENSP00000412897	IFNA4
ENSG00000124279	0.085	ENSP00000264669	FASTKD3
ENSG00000115295	0.085	ENSP00000327009	CLIP4
ENSG00000183549	0.085	ENSP00000327916	ACSM5
ENSG00000129535	0.085	ENSP00000454062	NRL
ENSG00000019102	0.085	ENSP00000318684	VSIG2
	0.085	ENSP00000261658	BFAR
ENSG00000171357	0.085	ENSP00000361048	LURAP1
ENSG00000141086	0.085	ENSP00000458537	CTRL
ENSG00000171180	0.085	ENSP00000492992	OR2M4
	0.085	ENSP00000424768	MSANTD3-TMEFF1
	0.085	ENSP00000298699	C12orf50
ENSG00000146197	0.085	ENSP00000274938	SCUBE3
ENSG00000109471	0.085	ENSP00000226730	IL2
ENSG00000101049	0.085	ENSP00000340608	SGK2
ENSG00000116539	0.085	ENSP00000376204	ASH1L
	0.085	ENSP00000381489	KRTAP4-1
ENSG00000149527	0.085	ENSP00000367747	PLCH2
ENSG00000163884	0.084	ENSP00000296233	KLF15
ENSG00000168539	0.084	ENSP00000306490	CHRM1
	0.084	ENSP00000362403	TACR2
ENSG00000165905	0.084	ENSP00000385235	LARGE2
ENSG00000115993	0.084	ENSP00000328875	TRAK2
	0.084	ENSP00000314500	GALNT14
	0.084	ENSP00000346693	ELOVL2
ENSG00000165029	0.084	ENSP00000363868	ABCA1
ENSG00000150261	0.084	ENSP00000279783	OR8K1
	0.084	ENSP00000376421	SDK2
ENSG00000101213	0.084	ENSP00000442460	PTK6
ENSG00000243566	0.084	ENSP00000334938	UPK3B
	0.084	ENSP00000364839	ASXL1
ENSG00000163793	0.084	ENSP00000296097	DNAJC5G
ENSG00000161048	0.084	ENSP00000407112	NAPEPLD
ENSG00000203985	0.084	ENSP00000360411	LDLRAD1
	0.084	ENSP00000266077	SLC2A4RG
ENSG00000108395	0.084	ENSP00000262294	TRIM37
ENSG00000196372	0.084	ENSP00000350331	ASB13
ENSG00000118432	0.084	ENSP00000358513	CNR1
ENSG00000178187	0.084	ENSP00000326249	ZNF454
	0.084	ENSP00000370022	EBF4
ENSG00000138669	0.084	ENSP00000264399	PRKG2
	0.084	ENSP00000365006	S1PR3
	0.084	ENSP00000358730	TMIGD3
ENSG00000107954	0.084	ENSP00000358795	NEURL1
ENSG00000178177	0.084	ENSP00000371661	LCORL
ENSG00000176988	0.084	ENSP00000359498	FMR1NB
ENSG00000172339	0.084	ENSP00000359224	ALG14
ENSG00000180318	0.084	ENSP00000315417	ALX1
ENSG00000105967	0.084	ENSP00000265440	TFEC
ENSG00000164736	0.084	ENSP00000297316	SOX17
ENSG00000159409	0.084	ENSP00000290583	CELF3
ENSG00000049768	0.084	ENSP00000365380	FOXP3
ENSG00000157837	0.083	ENSP00000288680	SPPL3
ENSG00000065802	0.083	ENSP00000264607	ASB1
ENSG00000147174	0.083	ENSP00000362799	GCNA
ENSG00000163904	0.083	ENSP00000296257	SENP2
ENSG00000167562	0.083	ENSP00000444339	ZNF701
ENSG00000006042	0.083	ENSP00000463245	TMEM98
ENSG00000069493	0.083	ENSP00000261340	CLEC2D
	0.083	ENSP00000359526	SLC25A28
ENSG00000152484	0.083	ENSP00000282344	USP12
ENSG00000197416	0.083	ENSP00000353650	FABP12
ENSG00000151365	0.083	ENSP00000281030	THRSP
ENSG00000198246	0.083	ENSP00000362285	SLC29A3
ENSG00000183395	0.083	ENSP00000332225	PMCH
ENSG00000115596	0.083	ENSP00000233948	WNT6
ENSG00000101412	0.083	ENSP00000345571	E2F1
ENSG00000114670	0.083	ENSP00000372857	NEK11
ENSG00000205309	0.083	ENSP00000373674	NT5M
	0.083	ENSP00000266066	SFRP5
ENSG00000162981	0.083	ENSP00000295092	LRATD1
	0.083	ENSP00000391788	CCDC36
ENSG00000166002	0.083	ENSP00000298966	SMCO4
	0.083	ENSP00000352182	FAM86C1
ENSG00000123358	0.083	ENSP00000440864	NR4A1
ENSG00000176895	0.083	ENSP00000493162	OR51A7
	0.083	ENSP00000327758	NKX2-5
ENSG00000155269	0.083	ENSP00000371927	GPR78
	0.083	ENSP00000359019	PITX3
	0.083	ENSP00000358696	PLXNA3
ENSG00000197891	0.083	ENSP00000366797	SLC22A12
ENSG00000077092	0.083	ENSP00000332296	RARB
	0.083	ENSP00000349022	ARC
ENSG00000203867	0.083	ENSP00000358532	RBM20
ENSG00000197483	0.083	ENSP00000469591	ZNF628
ENSG00000106479	0.082	ENSP00000223210	ZNF862
ENSG00000086967	0.082	ENSP00000350332	MYBPC2
ENSG00000168995	0.082	ENSP00000323328	SIGLEC7
ENSG00000260230	0.082	ENSP00000477141	FRRS1L
	0.082	ENSP00000489939	SMIM28
ENSG00000172733	0.082	ENSP00000418721	PURG
	0.082	ENSP00000326272	FOXL1
ENSG00000119636	0.082	ENSP00000377577	BBOF1
	0.082	ENSP00000399475	JMJD8
	0.082	ENSP00000313088	NETO1
ENSG00000174151	0.082	ENSP00000358884	CYB561D1
	0.082	ENSP00000267984	TLNRD1
ENSG00000183032	0.082	ENSP00000329452	SLC25A21
	0.082	ENSP00000357645	FAM229B
ENSG00000114646	0.082	ENSP00000373244	CSPG5
ENSG00000160972	0.082	ENSP00000292539	PPP1R16A
ENSG00000198105	0.082	ENSP00000379208	ZNF248
ENSG00000077616	0.082	ENSP00000432481	NAALAD2
ENSG00000105583	0.082	ENSP00000468969	WDR83OS
ENSG00000099326	0.082	ENSP00000215057	MZF1
	0.082	ENSP00000254190	CHSY1
ENSG00000171208	0.082	ENSP00000455169	NETO2
ENSG00000119574	0.082	ENSP00000346603	ZBTB45
ENSG00000091106	0.081	ENSP00000385428	NLRC4
	0.081	ENSP00000376523	SCN3B
	0.081	ENSP00000479762	RAB7B
	0.081	ENSP00000265728	DBF4
ENSG00000169116	0.081	ENSP00000370224	PARM1
ENSG00000053254	0.081	ENSP00000343288	FOXN3
ENSG00000176463	0.081	ENSP00000320634	SLCO3A1
	0.081	ENSP00000240619	TAS2R10
ENSG00000187601	0.081	ENSP00000343706	MAGEH1
ENSG00000170684	0.081	ENSP00000302770	ZNF296
	0.081	ENSP00000485240	OR5AR1
ENSG00000173918	0.081	ENSP00000340864	C1QTNF1
ENSG00000100099	0.081	ENSP00000381213	HPS4
ENSG00000149646	0.081	ENSP00000340954	CNBD2
	0.081	ENSP00000370214	CENPO
	0.081	ENSP00000264198	MUL1
ENSG00000154493	0.081	ENSP00000284694	C10orf90
ENSG00000025156	0.081	ENSP00000357440	HSF2
ENSG00000110851	0.081	ENSP00000228437	PRDM4
ENSG00000103995	0.081	ENSP00000370337	CEP152
ENSG00000141552	0.081	ENSP00000349957	ANAPC11
ENSG00000145949	0.081	ENSP00000274643	MYLK4
	0.081	ENSP00000377447	MAGEA12
	0.081	ENSP00000435506	POLN
ENSG00000197208	0.081	ENSP00000200652	SLC22A4
ENSG00000172367	0.081	ENSP00000347742	PDZD3
ENSG00000176177	0.081	ENSP00000317431	ENTHD1
ENSG00000007541	0.081	ENSP00000026218	PIGQ
ENSG00000177272	0.081	ENSP00000358784	KCNA3
ENSG00000272398	0.081	ENSP00000481841	CD24
	0.081	ENSP00000380379	WNT5B
ENSG00000185019	0.081	ENSP00000217173	UBOX5
	0.081	ENSP00000368140	CRLS1
ENSG00000050730	0.081	ENSP00000426613	TNIP3
ENSG00000134986	0.08	ENSP00000378996	NREP
ENSG00000107185	0.08	ENSP00000367318	RGP1
ENSG00000132915	0.08	ENSP00000255266	PDE6A
ENSG00000142623	0.08	ENSP00000364620	PADI1
ENSG00000124302	0.08	ENSP00000262622	CHST8
	0.08	ENSP00000352163	LYPD2
ENSG00000103021	0.08	ENSP00000219299	CCDC113
ENSG00000119614	0.08	ENSP00000261980	VSX2
ENSG00000152380	0.08	ENSP00000282226	FAM151B
ENSG00000183826	0.08	ENSP00000418751	BTBD9
ENSG00000011332	0.08	ENSP00000347716	DPF1
	0.08	ENSP00000415774	ZNF732
ENSG00000120832	0.08	ENSP00000447651	MTERF2
ENSG00000183066	0.08	ENSP00000332983	WBP2NL
	0.08	ENSP00000353132	DMBX1
	0.08	ENSP00000398454	GOLGA8N
ENSG00000196600	0.08	ENSP00000307443	SLC22A25
ENSG00000170293	0.08	ENSP00000307741	CMTM8
	0.08	ENSP00000413196	FAM160A1
ENSG00000180773	0.08	ENSP00000317382	SLC36A4
	0.08	ENSP00000429562	UNC13A
ENSG00000118156	0.08	ENSP00000375770	ZNF541
	0.08	ENSP00000493181	OR6C4
ENSG00000124227	0.08	ENSP00000396747	ANKRD60
ENSG00000184939	0.08	ENSP00000460547	ZFP90
	0.08	ENSP00000432417	OR5M11
ENSG00000064989	0.08	ENSP00000376177	CALCRL
ENSG00000122863	0.08	ENSP00000362207	CHST3
ENSG00000131019	0.08	ENSP00000356308	ULBP3
	0.08	ENSP00000296513	ADAD1
ENSG00000164181	0.08	ENSP00000424123	ELOVL7
ENSG00000141837	0.08	ENSP00000489829	CACNA1A
ENSG00000081138	0.079	ENSP00000381058	CDH7
ENSG00000184517	0.079	ENSP00000457044	ZFP1
ENSG00000105366	0.079	ENSP00000321077	SIGLEC8
ENSG00000148704	0.079	ENSP00000358207	VAX1
ENSG00000105523	0.079	ENSP00000263266	FAM83E
ENSG00000153292	0.079	ENSP00000360299	ADGRF1
ENSG00000101842	0.079	ENSP00000402219	VSIG1
ENSG00000005073	0.079	ENSP00000006015	HOXA11
ENSG00000179455	0.079	ENSP00000313881	MKRN3
	0.079	ENSP00000367433	AJAP1
ENSG00000147614	0.079	ENSP00000285393	ATP6V0D2
ENSG00000165879	0.079	ENSP00000360060	FRAT1
ENSG00000164483	0.079	ENSP00000402092	SAMD3
ENSG00000184619	0.079	ENSP00000494883	KRBA2
ENSG00000169856	0.079	ENSP00000302630	ONECUT1
ENSG00000163006	0.079	ENSP00000295124	CCDC138
ENSG00000174721	0.079	ENSP00000339067	FGFBP3
	0.079	ENSP00000327368	COL10A1
ENSG00000124232	0.079	ENSP00000341243	RBPJL
ENSG00000111266	0.079	ENSP00000298573	DUSP16
ENSG00000187243	0.079	ENSP00000421861	MAGED4B
ENSG00000154545	0.079	ENSP00000472118	MAGED4
ENSG00000173464	0.079	ENSP00000451318	RNASE11
ENSG00000136925	0.079	ENSP00000342499	TSTD2
ENSG00000130734	0.079	ENSP00000311318	ATG4D
ENSG00000090975	0.079	ENSP00000322218	PITPNM2
ENSG00000198346	0.079	ENSP00000379684	ZNF813
ENSG00000175984	0.079	ENSP00000376955	DENND2C
ENSG00000198483	0.079	ENSP00000347802	ANKRD35
ENSG00000139173	0.079	ENSP00000266534	TMEM117
ENSG00000158315	0.079	ENSP00000289248	RHBDL2
	0.079	ENSP00000341815	SOX18
ENSG00000168010	0.079	ENSP00000326340	ATG16L2
	0.079	ENSP00000485526	RASSF10
ENSG00000125648	0.078	ENSP00000301454	SLC25A23
ENSG00000184788	0.078	ENSP00000425421	SATL1
	0.078	ENSP00000433712	SPRN
ENSG00000136011	0.078	ENSP00000373539	STAB2
ENSG00000164458	0.078	ENSP00000296946	TBXT
	0.078	ENSP00000403888	DISC1
	0.078	ENSP00000262648	ANOS1
ENSG00000143882	0.078	ENSP00000272238	ATP6V1C2
ENSG00000151665	0.078	ENSP00000281382	PIGF
	0.078	ENSP00000298943	C1QL3
	0.078	ENSP00000469455	NTF4
ENSG00000196338	0.078	ENSP00000351591	NLGN3
ENSG00000025293	0.078	ENSP00000363124	PHF20
ENSG00000130643	0.078	ENSP00000252939	CALY
ENSG00000172322	0.078	ENSP00000347916	CLEC12A
ENSG00000205268	0.078	ENSP00000385632	PDE7A
	0.078	ENSP00000317580	NEUROG1
	0.078	ENSP00000360776	B4GALT5
ENSG00000178038	0.078	ENSP00000313670	ALS2CL
	0.078	ENSP00000319118	GSX2
	0.078	ENSP00000329647	ACTL10
	0.078	ENSP00000259362	OR13C9
ENSG00000136327	0.078	ENSP00000258829	NKX2-8
ENSG00000054277	0.078	ENSP00000355512	OPN3
ENSG00000162814	0.078	ENSP00000355900	SPATA17
	0.078	ENSP00000479844	RASGRP4
ENSG00000129595	0.078	ENSP00000482810	EPB41L4A
	0.077	ENSP00000359532	NTSR1
ENSG00000114853	0.077	ENSP00000232974	ZBTB47
ENSG00000204396	0.077	ENSP00000364840	VWA7
ENSG00000176746	0.077	ENSP00000368320	MAGEB6
ENSG00000157933	0.077	ENSP00000367797	SKI
ENSG00000205517	0.077	ENSP00000377075	RGL3
ENSG00000183484	0.077	ENSP00000328818	GPR132
	0.077	ENSP00000371872	SLC35G5
ENSG00000080709	0.077	ENSP00000264773	KCNN2
ENSG00000133665	0.077	ENSP00000361272	DYDC2
ENSG00000104976	0.077	ENSP00000221573	SNAPC2
	0.077	ENSP00000309330	ZNF680
ENSG00000109132	0.077	ENSP00000226382	PHOX2B
	0.077	ENSP00000495061	PITX2
ENSG00000256463	0.077	ENSP00000441823	SALL3
	0.077	ENSP00000378230	ABCC11
	0.077	ENSP00000461785	RAB40B
	0.077	ENSP00000480489	PDZD7
	0.077	ENSP00000390647	C12orf65
	0.077	ENSP00000448051	DAZAP2
	0.077	ENSP00000481301	SLC38A3
	0.077	ENSP00000458585	MMP12
	0.077	ENSP00000422185	SORCS2
	0.077	ENSP00000306410	ARMC4
ENSG00000233701	0.077	ENSP00000396648	PRR23C
ENSG00000141098	0.077	ENSP00000268797	GFOD2
	0.077	ENSP00000285979	CYP2C18
ENSG00000103404	0.077	ENSP00000219689	USP31
ENSG00000127124	0.077	ENSP00000361664	HIVEP3
ENSG00000083097	0.077	ENSP00000237163	DOP1A
ENSG00000157426	0.077	ENSP00000205214	AASDH
	0.077	ENSP00000447109	C12orf54
ENSG00000160991	0.077	ENSP00000348752	ORAI2
	0.076	ENSP00000272895	ABCA12
ENSG00000122335	0.076	ENSP00000496731	SERAC1
ENSG00000177990	0.076	ENSP00000315988	DPY19L2
ENSG00000253313	0.076	ENSP00000430918	C1orf210
ENSG00000183760	0.076	ENSP00000327557	ACP7
ENSG00000178075	0.076	ENSP00000350881	GRAMD1C
ENSG00000253598	0.076	ENSP00000428612	SLC10A5
ENSG00000197576	0.076	ENSP00000479166	HOXA4
	0.076	ENSP00000361173	KCNE5
ENSG00000159708	0.076	ENSP00000329943	LRRC36
ENSG00000012174	0.076	ENSP00000368798	MBTPS2
ENSG00000148154	0.076	ENSP00000363397	UGCG
	0.076	ENSP00000394033	KCNK2
	0.076	ENSP00000312587	COQ10A
ENSG00000204007	0.076	ENSP00000360829	GLT6D1
ENSG00000196639	0.076	ENSP00000380247	HRH1
	0.076	ENSP00000362540	AZIN2
ENSG00000164088	0.076	ENSP00000387046	PPM1M
ENSG00000111670	0.076	ENSP00000299314	GNPTAB
ENSG00000169087	0.076	ENSP00000302562	HSPBAP1
ENSG00000087903	0.076	ENSP00000306335	RFX2
	0.076	ENSP00000481581	FOXD1
ENSG00000146433	0.076	ENSP00000356057	TMEM181
ENSG00000198707	0.076	ENSP00000448012	CEP290
ENSG00000168769	0.076	ENSP00000442788	TET2
ENSG00000162399	0.076	ENSP00000498282	BSND
	0.076	ENSP00000311679	ZNF483
ENSG00000109929	0.076	ENSP00000264027	SC5D
ENSG00000109771	0.076	ENSP00000332681	LRP2BP
ENSG00000140807	0.076	ENSP00000268459	NKD1
ENSG00000198092	0.076	ENSP00000348639	TMPRSS11F
ENSG00000164626	0.076	ENSP00000352527	KCNK5
ENSG00000110328	0.076	ENSP00000227756	GALNT18
ENSG00000171478	0.076	ENSP00000304762	SPACA5B
ENSG00000171489	0.076	ENSP00000305847	SPACA5
	0.075	ENSP00000491567	ZNF888
ENSG00000188163	0.075	ENSP00000344729	FAM166A
ENSG00000006016	0.075	ENSP00000376188	CRLF1
ENSG00000007968	0.075	ENSP00000355249	E2F2
ENSG00000157240	0.075	ENSP00000287934	FZD1
ENSG00000160207	0.075	ENSP00000291560	HSF2BP
ENSG00000164949	0.075	ENSP00000297596	GEM
ENSG00000204052	0.075	ENSP00000361518	LRRC73
ENSG00000078589	0.075	ENSP00000171757	P2RY10
ENSG00000112852	0.075	ENSP00000194155	PCDHB2
ENSG00000080166	0.075	ENSP00000392762	DCT
ENSG00000181143	0.075	ENSP00000381008	MUC16
ENSG00000023445	0.075	ENSP00000263464	BIRC3
	0.075	ENSP00000252729	CACNG6
ENSG00000269343	0.075	ENSP00000392410	ZNF587B
	0.075	ENSP00000246104	SCRT2
	0.075	ENSP00000486502	ZIM2
	0.075	ENSP00000220062	RASL12
ENSG00000133134	0.075	ENSP00000442521	BEX2
ENSG00000169169	0.075	ENSP00000376303	CPT1C
ENSG00000149292	0.075	ENSP00000419652	TTC12
ENSG00000018869	0.075	ENSP00000301310	ZNF582
	0.075	ENSP00000347712	C2CD4A
ENSG00000146067	0.075	ENSP00000422131	FAM193B
	0.075	ENSP00000481091	TADA2A
	0.075	ENSP00000431536	H0YCG3_HUMAN
ENSG00000133055	0.075	ENSP00000255416	MYBPH
ENSG00000117560	0.075	ENSP00000356694	FASLG
	0.075	ENSP00000373298	COLQ
	0.075	ENSP00000243938	WFDC3
ENSG00000121621	0.075	ENSP00000263181	KIF18A
ENSG00000181274	0.075	ENSP00000360058	FRAT2
	0.075	ENSP00000499172	TMEM217-2
ENSG00000100307	0.075	ENSP00000216133	CBX7
ENSG00000186795	0.075	ENSP00000334650	KCNK18
	0.075	ENSP00000266058	SLIT1
ENSG00000011083	0.075	ENSP00000230671	SLC6A7
ENSG00000188234	0.075	ENSP00000392513	AGAP4
ENSG00000188959	0.075	ENSP00000383456	C9orf152
	0.075	ENSP00000323217	GOLGA8R
ENSG00000198208	0.075	ENSP00000450567	RPS6KL1
ENSG00000076321	0.075	ENSP00000209884	KLHL20
	0.075	ENSP00000358715	SORCS3
	0.074	ENSP00000347689	PDE4C-2
ENSG00000105650	0.074	ENSP00000469696	PDE4C
ENSG00000151023	0.074	ENSP00000331044	ENKUR
	0.074	ENSP00000332879	FLRT2
ENSG00000167700	0.074	ENSP00000301327	MFSD3
	0.074	ENSP00000335285	C1QL4
ENSG00000096093	0.074	ENSP00000360107	EFHC1
	0.074	ENSP00000428324	VASH2
ENSG00000120329	0.074	ENSP00000239451	SLC25A2
ENSG00000144802	0.074	ENSP00000325663	NFKBIZ
ENSG00000197563	0.074	ENSP00000492233	PIGN
ENSG00000123411	0.074	ENSP00000448419	IKZF4
	0.074	ENSP00000384794	A4GALT
	0.074	ENSP00000278612	NPAT
	0.074	ENSP00000331012	C10orf120
ENSG00000198798	0.074	ENSP00000355198	MAGEB3
	0.074	ENSP00000462269	ZNF488
ENSG00000082146	0.074	ENSP00000194530	STRADB
	0.074	ENSP00000234091	ID2
ENSG00000026559	0.074	ENSP00000360626	KCNG1
ENSG00000183864	0.074	ENSP00000331305	TOB2
ENSG00000184160	0.074	ENSP00000386069	ADRA2C
	0.074	ENSP00000482180	C11orf95
ENSG00000152223	0.074	ENSP00000282041	EPG5
ENSG00000277149	0.074	ENSP00000482502	TYW1B
ENSG00000261221	0.074	ENSP00000457715	ZNF865
ENSG00000105708	0.074	ENSP00000340514	ZNF14
ENSG00000166272	0.074	ENSP00000414721	WBP1L
ENSG00000116748	0.074	ENSP00000430075	AMPD1
	0.074	ENSP00000342156	NCR3
ENSG00000163617	0.074	ENSP00000295878	CCDC191
	0.074	ENSP00000430276	MCF2
	0.074	ENSP00000251296	IGSF21
ENSG00000094975	0.074	ENSP00000356696	SUCO
ENSG00000162545	0.074	ENSP00000364219	CAMK2N1
ENSG00000157911	0.074	ENSP00000288774	PEX10
	0.074	ENSP00000331741	HOXB2
ENSG00000122728	0.074	ENSP00000418379	TAF1L
ENSG00000137825	0.074	ENSP00000260386	ITPKA
ENSG00000182107	0.074	ENSP00000450842	TMEM30B
ENSG00000166068	0.074	ENSP00000299084	SPRED1
ENSG00000198182	0.074	ENSP00000347338	ZNF607
ENSG00000273604	0.074	ENSP00000484710	EPOP
ENSG00000173875	0.074	ENSP00000342974	ZNF791
ENSG00000163362	0.073	ENSP00000392105	INAVA
	0.073	ENSP00000333262	INPP5J
ENSG00000112078	0.073	ENSP00000362836	KCTD20
	0.073	ENSP00000339374	LGALS12
ENSG00000188394	0.073	ENSP00000362746	GPR21
	0.073	ENSP00000297307	SLC35G3
ENSG00000147789	0.073	ENSP00000393260	ZNF7
ENSG00000175048	0.073	ENSP00000352821	ZDHHC14
ENSG00000164270	0.073	ENSP00000353915	HTR4
ENSG00000169836	0.073	ENSP00000303325	TACR3
ENSG00000145088	0.073	ENSP00000273668	EAF2
	0.073	ENSP00000347193	KLHL28
ENSG00000136492	0.073	ENSP00000259008	BRIP1
ENSG00000149474	0.073	ENSP00000392318	KAT14
	0.073	ENSP00000496019	LRTOMT-2
ENSG00000068781	0.073	ENSP00000378236	STON1-GTF2A1L
ENSG00000067798	0.073	ENSP00000381007	NAV3
ENSG00000073670	0.073	ENSP00000200557	ADAM11
	0.073	ENSP00000480914	FNDC11
ENSG00000150893	0.073	ENSP00000280481	FREM2
	0.073	ENSP00000457704	ENSP00000457704
ENSG00000179603	0.073	ENSP00000351142	GRM8
ENSG00000175946	0.073	ENSP00000321475	KLHL38
ENSG00000135315	0.073	ENSP00000385215	CEP162
ENSG00000198914	0.073	ENSP00000355001	POU3F3
	0.073	ENSP00000500329	C16orf82
ENSG00000163491	0.073	ENSP00000343847	NEK10
ENSG00000232434	0.073	ENSP00000412388	AJM1
ENSG00000156103	0.072	ENSP00000286614	MMP16
ENSG00000107829	0.072	ENSP00000499522	FBXW4
	0.072	ENSP00000330904	OR2T34
ENSG00000135100	0.072	ENSP00000438804	HNF1A
ENSG00000174514	0.072	ENSP00000356115	MFSD4A
ENSG00000198720	0.072	ENSP00000378328	ANKRD13B
ENSG00000187959	0.072	ENSP00000343900	CPSF4L
ENSG00000175697	0.072	ENSP00000417261	GPR156
ENSG00000171045	0.072	ENSP00000303437	TSNARE1
	0.072	ENSP00000350136	RIMKLB
ENSG00000135226	0.072	ENSP00000334276	UGT2B28
ENSG00000122696	0.072	ENSP00000366945	SLC25A51
	0.072	ENSP00000362018	CENPI
	0.072	ENSP00000284288	PANX3
ENSG00000101670	0.072	ENSP00000261292	LIPG
	0.072	ENSP00000220420	TGM5
ENSG00000155016	0.072	ENSP00000333212	CYP2U1
ENSG00000188735	0.072	ENSP00000404991	TMEM120B
ENSG00000125850	0.072	ENSP00000278780	OVOL2
ENSG00000171133	0.072	ENSP00000305055	OR2K2
	0.072	ENSP00000388311	ZNF845
	0.072	ENSP00000355431	OR2T4
ENSG00000170837	0.072	ENSP00000303149	GPR27
ENSG00000115556	0.072	ENSP00000388631	PLCD4
ENSG00000206538	0.072	ENSP00000381436	VGLL3
ENSG00000102313	0.072	ENSP00000218436	ITIH6
	0.072	ENSP00000367823	FAM214B
ENSG00000169684	0.072	ENSP00000299565	CHRNA5
	0.072	ENSP00000493055	OR7A10
	0.072	ENSP00000009105	CAMK1G
	0.072	ENSP00000456548	ELFN1
	0.072	ENSP00000360065	WDR78
ENSG00000160271	0.072	ENSP00000361120	RALGDS
	0.072	ENSP00000308725	GABRB3
ENSG00000177324	0.072	ENSP00000369372	BEND2
ENSG00000160191	0.071	ENSP00000291539	PDE9A
ENSG00000049246	0.071	ENSP00000482093	PER3
ENSG00000031003	0.071	ENSP00000033079	FAM13B
ENSG00000164251	0.071	ENSP00000296677	F2RL1
ENSG00000158955	0.071	ENSP00000290015	WNT9B
ENSG00000181698	0.071	ENSP00000493364	OR5T1
	0.071	ENSP00000316737	LCE1D
ENSG00000127419	0.071	ENSP00000264771	TMEM175
ENSG00000150394	0.071	ENSP00000462701	CDH8
ENSG00000188321	0.071	ENSP00000468153	ZNF559
	0.071	ENSP00000387278	MPP4
ENSG00000149557	0.071	ENSP00000497070	FEZ1
ENSG00000151575	0.071	ENSP00000342169	TEX9
ENSG00000185905	0.071	ENSP00000327506	C16orf54
	0.071	ENSP00000264501	KIAA1109
ENSG00000080224	0.071	ENSP00000374323	EPHA6
ENSG00000156564	0.071	ENSP00000345985	LRFN2
	0.071	ENSP00000391299	SAMD7
ENSG00000137135	0.071	ENSP00000367638	ARHGEF39
	0.071	ENSP00000370826	HR
	0.071	ENSP00000360116	UBE2U
ENSG00000165359	0.071	ENSP00000491427	INTS6L
ENSG00000183035	0.071	ENSP00000331556	CYLC1
ENSG00000170264	0.071	ENSP00000385158	FAM161A
	0.071	ENSP00000305926	OTUD7A
	0.071	ENSP00000393198	HES4
	0.071	ENSP00000310801	LKAAEAR1
	0.071	ENSP00000380671	SMCO1
ENSG00000101928	0.071	ENSP00000359819	MOSPD1
ENSG00000183475	0.071	ENSP00000328327	ASB7
ENSG00000181830	0.071	ENSP00000313318	SLC35C1
ENSG00000138050	0.071	ENSP00000423933	THUMPD2
	0.071	ENSP00000359474	BARHL2
ENSG00000183340	0.071	ENSP00000333350	JRKL
ENSG00000188211	0.071	ENSP00000341637	NCR3LG1
ENSG00000125319	0.071	ENSP00000313500	HROB
ENSG00000186204	0.071	ENSP00000448998	CYP4F12
ENSG00000152433	0.071	ENSP00000282282	ZNF547
ENSG00000115525	0.071	ENSP00000491316	ST3GAL5
ENSG00000171462	0.071	ENSP00000349893	DLK2
ENSG00000135773	0.071	ENSP00000271971	CAPN9
ENSG00000132405	0.07	ENSP00000386921	TBC1D14
ENSG00000168970	0.07	ENSP00000371886	JMJD7-PLA2G4B
	0.07	ENSP00000281806	MCHR2
ENSG00000143839	0.07	ENSP00000272190	REN
	0.07	ENSP00000429993	TSPAN18
	0.07	ENSP00000263317	NOX4
ENSG00000139625	0.07	ENSP00000449038	MAP3K12
	0.07	ENSP00000371234	CYS1
	0.07	ENSP00000364389	CDC14B
	0.07	ENSP00000240499	ZNF141
ENSG00000151790	0.07	ENSP00000444788	TDO2
ENSG00000160999	0.07	ENSP00000440273	SH2B2
ENSG00000183019	0.07	ENSP00000329920	MCEMP1
ENSG00000110888	0.07	ENSP00000298892	CAPRIN2
ENSG00000143199	0.07	ENSP00000356825	ADCY10
	0.07	ENSP00000371308	CENPJ
ENSG00000080644	0.07	ENSP00000315602	CHRNA3
	0.07	ENSP00000345629	MAP3K15
	0.07	ENSP00000378195	GPR75
ENSG00000188379	0.07	ENSP00000369554	IFNA2
	0.07	ENSP00000378177	CEMIP
ENSG00000237388	0.07	ENSP00000412752	OR4A47
ENSG00000180346	0.07	ENSP00000486687	TIGD2
	0.07	ENSP00000327738	TRIML1
ENSG00000166863	0.07	ENSP00000483110	TAC3
ENSG00000100564	0.07	ENSP00000216452	PIGH
	0.07	ENSP00000457904	GOLGA8Q
ENSG00000166569	0.07	ENSP00000299721	CPLX4
ENSG00000156232	0.07	ENSP00000286760	WHAMM
ENSG00000168679	0.07	ENSP00000358794	SLC16A4
ENSG00000139405	0.07	ENSP00000448680	RITA1
	0.07	ENSP00000327525	OR4F6
ENSG00000183508	0.07	ENSP00000358458	TENT5C
ENSG00000171954	0.07	ENSP00000269703	CYP4F22
	0.07	ENSP00000253193	LRP3
ENSG00000114737	0.07	ENSP00000409346	CISH
	0.07	ENSP00000380307	JPH4
ENSG00000130876	0.07	ENSP00000253188	SLC7A10
	0.07	ENSP00000360216	DNTT
ENSG00000010072	0.07	ENSP00000295050	SPRTN
ENSG00000168646	0.07	ENSP00000302625	AXIN2
ENSG00000203972	0.07	ENSP00000360240	GLYATL3
ENSG00000139914	0.07	ENSP00000267426	FITM1
ENSG00000172987	0.069	ENSP00000359583	HPSE2
ENSG00000121807	0.069	ENSP00000292301	CCR2
ENSG00000179913	0.069	ENSP00000321874	B3GNT3
ENSG00000258992	0.069	ENSP00000403304	TSPY1
ENSG00000203877	0.069	ENSP00000358703	RIPPLY2
ENSG00000189180	0.069	ENSP00000304268	ZNF33A
ENSG00000134538	0.069	ENSP00000256958	SLCO1B1
ENSG00000087074	0.069	ENSP00000200453	PPP1R15A
ENSG00000135205	0.069	ENSP00000285871	CCDC146
ENSG00000115041	0.069	ENSP00000295225	KCNIP3
ENSG00000144369	0.069	ENSP00000304108	FAM171B
ENSG00000085741	0.069	ENSP00000325526	WNT11
ENSG00000165923	0.069	ENSP00000435582	AGBL2
ENSG00000137204	0.069	ENSP00000361666	SLC22A7
ENSG00000180535	0.069	ENSP00000476312	BHLHA15
ENSG00000187094	0.069	ENSP00000379472	CCK
ENSG00000204174	0.069	ENSP00000363431	NPY4R
ENSG00000264717	0.069	ENSP00000490174	NPY4R2
ENSG00000115594	0.069	ENSP00000386380	IL1R1
	0.069	ENSP00000280684	KCNA6
ENSG00000134042	0.069	ENSP00000397900	MRO
ENSG00000153976	0.069	ENSP00000284110	HS3ST3A1
ENSG00000211584	0.069	ENSP00000415998	SLC48A1
ENSG00000175785	0.069	ENSP00000376848	PRIMA1
ENSG00000184857	0.069	ENSP00000331640	TMEM186
ENSG00000108641	0.069	ENSP00000261499	B9D1
ENSG00000131849	0.069	ENSP00000254166	ZNF132
ENSG00000103326	0.069	ENSP00000219611	CAPN15
ENSG00000132010	0.069	ENSP00000335437	ZNF20
	0.069	ENSP00000488520	NPHP3-ACAD11
ENSG00000137504	0.069	ENSP00000433459	CREBZF
ENSG00000131584	0.069	ENSP00000346733	ACAP3
ENSG00000144749	0.069	ENSP00000273261	LRIG1
	0.069	ENSP00000352626	OR6K2
ENSG00000118557	0.069	ENSP00000237353	PMFBP1
ENSG00000105613	0.069	ENSP00000251472	MAST1
ENSG00000182308	0.069	ENSP00000327796	DCAF4L1
ENSG00000170374	0.069	ENSP00000443827	SP7
ENSG00000135476	0.069	ENSP00000257934	ESPL1
	0.069	ENSP00000284818	LY96
ENSG00000164707	0.069	ENSP00000297282	SLC13A4
ENSG00000174796	0.069	ENSP00000309007	THAP6
	0.069	ENSP00000371693	TNFRSF19
	0.069	ENSP00000492058	PRSS41
ENSG00000148384	0.069	ENSP00000360777	INPP5E
ENSG00000092607	0.069	ENSP00000358437	TBX15
	0.069	ENSP00000486230	SYT14
	0.068	ENSP00000375109	KRTAP13-3
	0.068	ENSP00000368253	NR0B1
ENSG00000183346	0.068	ENSP00000328698	CABCOCO1
ENSG00000120833	0.068	ENSP00000481249	SOCS2
ENSG00000173068	0.068	ENSP00000370047	BNC2
ENSG00000135454	0.068	ENSP00000341562	B4GALNT1
	0.068	ENSP00000444736	TAS2R30
	0.068	ENSP00000362935	ITGB1BP2
ENSG00000184014	0.068	ENSP00000328524	DENND5A
ENSG00000170485	0.068	ENSP00000338283	NPAS2
	0.068	ENSP00000499192	TSPY9P
ENSG00000187583	0.068	ENSP00000368720	PLEKHN1
ENSG00000077327	0.068	ENSP00000365811	SPAG6
ENSG00000213999	0.068	ENSP00000402154	MEF2B
ENSG00000010318	0.068	ENSP00000333024	PHF7
ENSG00000111783	0.068	ENSP00000350552	RFX4
ENSG00000196422	0.068	ENSP00000349274	PPP1R26
ENSG00000164741	0.068	ENSP00000276297	DLC1
ENSG00000058335	0.068	ENSP00000405963	RASGRF1
ENSG00000179774	0.068	ENSP00000362777	ATOH7
ENSG00000176269	0.068	ENSP00000318878	OR4F21
ENSG00000284662	0.068	ENSP00000329982	OR4F16
ENSG00000230178	0.068	ENSP00000394282	OR4F3
ENSG00000284733	0.068	ENSP00000409316	OR4F29
ENSG00000111877	0.068	ENSP00000314505	MCM9
ENSG00000143498	0.068	ENSP00000339976	TAF1A
ENSG00000063515	0.068	ENSP00000086933	GSC2
ENSG00000004948	0.068	ENSP00000352561	CALCR
	0.068	ENSP00000440896	PLD5
ENSG00000185523	0.068	ENSP00000419160	SPATA45
ENSG00000105641	0.068	ENSP00000222248	SLC5A5
ENSG00000136531	0.068	ENSP00000490107	SCN2A
ENSG00000174943	0.068	ENSP00000455785	KCTD13
	0.068	ENSP00000311609	SPSB4
ENSG00000175602	0.068	ENSP00000311695	CCDC85B
ENSG00000186458	0.068	ENSP00000371813	DEFB132
	0.068	ENSP00000332766	NPB
ENSG00000152611	0.068	ENSP00000380524	CAPSL
ENSG00000186895	0.067	ENSP00000334122	FGF3
ENSG00000165617	0.067	ENSP00000337439	DACT1
	0.067	ENSP00000355241	TEX45
	0.067	ENSP00000350633	SERTAD1
ENSG00000198881	0.067	ENSP00000355195	ASB12
ENSG00000113389	0.067	ENSP00000265074	NPR3
ENSG00000101624	0.067	ENSP00000262127	CEP76
ENSG00000198691	0.067	ENSP00000359245	ABCA4
ENSG00000146021	0.067	ENSP00000312397	KLHL3
	0.067	ENSP00000306754	NEUROD2
ENSG00000215183	0.067	ENSP00000419194	MSMP
ENSG00000196132	0.067	ENSP00000498616	MYT1
ENSG00000169733	0.067	ENSP00000307971	RFNG
	0.067	ENSP00000249499	HOXD9
ENSG00000160326	0.067	ENSP00000360966	SLC2A6
ENSG00000113722	0.067	ENSP00000231656	CDX1
ENSG00000124613	0.067	ENSP00000244576	ZNF391
ENSG00000103253	0.067	ENSP00000374353	HAGHL
ENSG00000135835	0.067	ENSP00000356560	KIAA1614
ENSG00000167476	0.067	ENSP00000300961	JSRP1
ENSG00000114735	0.067	ENSP00000404843	HEMK1
ENSG00000182013	0.067	ENSP00000318131	PNMA8A
ENSG00000173610	0.067	ENSP00000425497	UGT2A1
	0.067	ENSP00000483246	TMEM106A
	0.067	ENSP00000455145	ENSP00000455145
ENSG00000198934	0.067	ENSP00000354912	MAGEE1
ENSG00000163545	0.067	ENSP00000499251	NUAK2
	0.067	ENSP00000497916	NDN
ENSG00000133619	0.067	ENSP00000418647	KRBA1
	0.067	ENSP00000313171	ATAD5
ENSG00000196453	0.067	ENSP00000247930	ZNF777
ENSG00000142731	0.067	ENSP00000270861	PLK4
ENSG00000164342	0.067	ENSP00000296795	TLR3
	0.067	ENSP00000295569	TAFA4
	0.067	ENSP00000445366	DND1
ENSG00000137948	0.067	ENSP00000387822	BRDT
	0.067	ENSP00000291860	KIR3DL3
ENSG00000173401	0.067	ENSP00000367967	GLIPR1L1
ENSG00000100271	0.066	ENSP00000266254	TTLL1
	0.066	ENSP00000363913	OR13C3
ENSG00000185585	0.066	ENSP00000362682	OLFML2A
ENSG00000104432	0.066	ENSP00000263851	IL7
ENSG00000267508	0.066	ENSP00000464788	ZNF285
	0.066	ENSP00000441930	PIH1D3
ENSG00000156853	0.066	ENSP00000287461	ZNF689
ENSG00000014914	0.066	ENSP00000391668	MTMR11
ENSG00000149346	0.066	ENSP00000335557	SLX4IP
ENSG00000043039	0.066	ENSP00000281437	BARX2
ENSG00000119508	0.066	ENSP00000482027	NR4A3
ENSG00000140798	0.066	ENSP00000311030	ABCC12
ENSG00000206474	0.066	ENSP00000419119	OR10C1
ENSG00000125409	0.066	ENSP00000379263	TEKT3
ENSG00000240654	0.066	ENSP00000371503	C1QTNF9
	0.066	ENSP00000494684	TMC1
ENSG00000069812	0.066	ENSP00000367065	HES2
	0.066	ENSP00000371835	DEFB126
ENSG00000171551	0.066	ENSP00000302051	ECEL1
ENSG00000221944	0.066	ENSP00000386186	TIGD1
ENSG00000154957	0.066	ENSP00000315664	ZNF18
	0.066	ENSP00000300127	OR4D6
ENSG00000198736	0.066	ENSP00000355084	MSRB1
ENSG00000234829	0.066	ENSP00000411940	IFNA17
	0.066	ENSP00000382000	CDRT15L2
	0.066	ENSP00000294638	LHX8
	0.066	ENSP00000291934	TMEM190
	0.066	ENSP00000491066	TTLL13P
ENSG00000176472	0.066	ENSP00000315870	ZNF575
ENSG00000124444	0.066	ENSP00000337852	ZNF576
ENSG00000166455	0.066	ENSP00000299578	C16orf46
ENSG00000204514	0.066	ENSP00000410545	ZNF814
	0.066	ENSP00000478352	GRIP2
ENSG00000198466	0.066	ENSP00000345479	ZNF587
	0.066	ENSP00000243440	BATF3
ENSG00000196214	0.066	ENSP00000409652	ZNF766
	0.066	ENSP00000356124	KLHDC8A
	0.066	ENSP00000386193	ARIH2OS
ENSG00000166262	0.066	ENSP00000299338	FAM227B
ENSG00000140557	0.066	ENSP00000268164	ST8SIA2
ENSG00000183091	0.066	ENSP00000484342	NEB
ENSG00000198046	0.066	ENSP00000439402	ZNF667
ENSG00000156920	0.065	ENSP00000377699	ADGRG4
ENSG00000158792	0.065	ENSP00000289805	SPATA2L
	0.065	ENSP00000381499	PAX1
ENSG00000198915	0.065	ENSP00000363583	RASGEF1A
ENSG00000072201	0.065	ENSP00000263925	LNX1
ENSG00000214285	0.065	ENSP00000381105	NPS
ENSG00000105499	0.065	ENSP00000472546	PLA2G4C
ENSG00000019991	0.065	ENSP00000222390	HGF
	0.065	ENSP00000346298	SLC6A20
ENSG00000145416	0.065	ENSP00000427223	MARCHF1
ENSG00000273706	0.065	ENSP00000477829	LHX1
	0.065	ENSP00000496396	AVPR2
	0.065	ENSP00000248879	DGCR6L
	0.065	ENSP00000259211	IL36A
ENSG00000182378	0.065	ENSP00000371073	PLCXD1
ENSG00000125820	0.065	ENSP00000366347	NKX2-2
	0.065	ENSP00000284425	ABCA6
	0.065	ENSP00000282296	ZNF551
	0.065	ENSP00000285805	TRIM74
ENSG00000174718	0.065	ENSP00000310338	RESF1
ENSG00000197020	0.065	ENSP00000351042	ZNF100
ENSG00000108576	0.065	ENSP00000261707	SLC6A4
	0.065	ENSP00000490579	CCDC192
ENSG00000140463	0.065	ENSP00000268057	BBS4
ENSG00000181381	0.065	ENSP00000260184	DDX60L
ENSG00000149932	0.065	ENSP00000457492	TMEM219
ENSG00000169660	0.065	ENSP00000337854	HEXD
	0.065	ENSP00000461830	FOPNL
ENSG00000006831	0.065	ENSP00000349616	ADIPOR2
ENSG00000184384	0.065	ENSP00000434552	MAML2
ENSG00000196517	0.065	ENSP00000353791	SLC6A9
ENSG00000105270	0.065	ENSP00000353732	CLIP3
ENSG00000088538	0.065	ENSP00000266037	DOCK3
ENSG00000155858	0.065	ENSP00000286307	LSM11
	0.065	ENSP00000334866	KRTAP15-1
ENSG00000187398	0.065	ENSP00000336817	LUZP2
ENSG00000134955	0.065	ENSP00000311833	SLC37A2
ENSG00000092345	0.065	ENSP00000250863	DAZL
	0.065	ENSP00000362717	LHX2
ENSG00000101489	0.065	ENSP00000410584	CELF4
ENSG00000134321	0.065	ENSP00000371471	RSAD2
ENSG00000142449	0.064	ENSP00000270509	FBN3
ENSG00000204217	0.064	ENSP00000363708	BMPR2
ENSG00000155970	0.064	ENSP00000321455	MICU3
ENSG00000257138	0.064	ENSP00000448219	TAS2R38
ENSG00000169683	0.064	ENSP00000306760	LRRC45
ENSG00000131115	0.064	ENSP00000482749	ZNF227
	0.064	ENSP00000397863	IL34
ENSG00000198853	0.064	ENSP00000393922	RUSC2
ENSG00000175906	0.064	ENSP00000322628	ARL4D
ENSG00000187773	0.064	ENSP00000344331	DIPK1C
ENSG00000085465	0.064	ENSP00000358747	OVGP1
ENSG00000165973	0.064	ENSP00000298925	NELL1
	0.064	ENSP00000379383	ENAM
ENSG00000169992	0.064	ENSP00000305288	NLGN2
ENSG00000173275	0.064	ENSP00000339585	ZNF449
ENSG00000136634	0.064	ENSP00000412237	IL10
ENSG00000103546	0.064	ENSP00000219833	SLC6A2
ENSG00000141576	0.064	ENSP00000269391	RNF157
ENSG00000101544	0.064	ENSP00000262198	ADNP2
	0.064	ENSP00000342313	SAMD11
ENSG00000142046	0.064	ENSP00000375859	TMEM91
ENSG00000125207	0.064	ENSP00000245255	PIWIL1
	0.064	ENSP00000357655	CCN6
	0.064	ENSP00000484261	H2AB1
ENSG00000181544	0.064	ENSP00000498215	FANCB
ENSG00000147873	0.064	ENSP00000484479	IFNA5
ENSG00000148386	0.064	ENSP00000277526	LCN9
ENSG00000151967	0.064	ENSP00000404860	SCHIP1
ENSG00000145103	0.064	ENSP00000345667	ILDR1
ENSG00000178809	0.064	ENSP00000318615	TRIM73
	0.064	ENSP00000442304	ERFE
	0.064	ENSP00000362047	XKRX
ENSG00000263761	0.064	ENSP00000463051	GDF2
ENSG00000177352	0.064	ENSP00000319006	CCDC71
ENSG00000163472	0.064	ENSP00000295694	TMEM79
	0.064	ENSP00000322545	ZNF543
ENSG00000283154	0.064	ENSP00000420182	IQCJ-SCHIP1
	0.064	ENSP00000334456	OR5D14
	0.064	ENSP00000466953	WTIP
ENSG00000270765	0.064	ENSP00000474529	GAS2L2
	0.064	ENSP00000485661	OR8D2
ENSG00000197841	0.064	ENSP00000420727	ZNF181
ENSG00000182240	0.064	ENSP00000332979	BACE2
	0.064	ENSP00000261180	TRHDE
ENSG00000248905	0.064	ENSP00000479134	FMN1
ENSG00000188833	0.064	ENSP00000360561	ENTPD8
	0.064	ENSP00000414019	GDPD2
ENSG00000143355	0.063	ENSP00000356357	LHX9
ENSG00000183137	0.063	ENSP00000357966	CEP57L1
	0.063	ENSP00000370710	KDM4C
ENSG00000153814	0.063	ENSP00000283928	JAZF1
ENSG00000172650	0.063	ENSP00000363207	AGAP5
ENSG00000151025	0.063	ENSP00000365529	GPR158
ENSG00000188340	0.063	ENSP00000493148	OR6N2
ENSG00000132623	0.063	ENSP00000367644	ANKEF1
ENSG00000118407	0.063	ENSP00000237172	FILIP1
ENSG00000022355	0.063	ENSP00000393097	GABRA1
ENSG00000170631	0.063	ENSP00000276816	ZNF16
	0.063	ENSP00000378516	OR10W1
ENSG00000100170	0.063	ENSP00000266088	SLC5A1
ENSG00000272031	0.063	ENSP00000475189	ANKRD34A
ENSG00000142303	0.063	ENSP00000471851	ADAMTS10
	0.063	ENSP00000252997	GATA5
	0.063	ENSP00000356156	PPP1R15B
ENSG00000143110	0.063	ENSP00000344218	C1orf162
	0.063	ENSP00000367013	TNFRSF25
	0.063	ENSP00000470381	ZNF468
ENSG00000063587	0.063	ENSP00000359271	ZNF275
ENSG00000179965	0.063	ENSP00000323945	ZNF771
	0.063	ENSP00000360054	PHACTR3
ENSG00000278023	0.063	ENSP00000483549	RDM1
ENSG00000131848	0.063	ENSP00000375593	ZSCAN5A
	0.063	ENSP00000383516	HMX1
ENSG00000006377	0.063	ENSP00000428480	DLX6
ENSG00000167333	0.063	ENSP00000300747	TRIM68
	0.063	ENSP00000418719	ZNF273
	0.063	ENSP00000017003	XYLT2
ENSG00000099904	0.063	ENSP00000384716	ZDHHC8
ENSG00000137494	0.063	ENSP00000435790	ANKRD42
ENSG00000050344	0.063	ENSP00000056233	NFE2L3
ENSG00000103343	0.063	ENSP00000268655	ZNF174
	0.063	ENSP00000363229	SLC18A3
	0.063	ENSP00000366330	KLF9
	0.063	ENSP00000346509	H2AB2
	0.063	ENSP00000482564	H2AB3
	0.063	ENSP00000355840	CCDC185
	0.063	ENSP00000423159	GOLGA8O
	0.063	ENSP00000379689	ZNF765
ENSG00000170549	0.063	ENSP00000305244	IRX1
	0.063	ENSP00000340943	CRHR2
ENSG00000103740	0.063	ENSP00000258873	ACSBG1
ENSG00000145780	0.063	ENSP00000274457	FEM1C
ENSG00000090674	0.063	ENSP00000264079	MCOLN1
ENSG00000141437	0.063	ENSP00000500333	SLC25A52
ENSG00000141524	0.063	ENSP00000465261	TMC6
ENSG00000144847	0.063	ENSP00000377370	IGSF11
ENSG00000204176	0.063	ENSP00000363441	SYT15
ENSG00000179846	0.063	ENSP00000321976	NKPD1
	0.063	ENSP00000352039	NLRC3
	0.063	ENSP00000350348	GRM7
ENSG00000198792	0.063	ENSP00000354441	TMEM184B
ENSG00000172071	0.062	ENSP00000307235	EIF2AK3
	0.062	ENSP00000444149	SLCO1C1
ENSG00000096968	0.062	ENSP00000371067	JAK2
	0.062	ENSP00000327608	ADAMTSL5
	0.062	ENSP00000298130	SPTSSA
ENSG00000166897	0.062	ENSP00000385277	ELFN2
ENSG00000162746	0.062	ENSP00000356925	FCRLB
ENSG00000122375	0.062	ENSP00000361141	OPN4
	0.062	ENSP00000273063	SLC4A3
ENSG00000163421	0.062	ENSP00000295619	PROK2
ENSG00000185974	0.062	ENSP00000334876	GRK1
	0.062	ENSP00000289166	TENT5B
	0.062	ENSP00000362136	MANEAL
	0.062	ENSP00000370990	SHOX
	0.062	ENSP00000361302	POMT1
ENSG00000167992	0.062	ENSP00000334186	VWCE
ENSG00000163645	0.062	ENSP00000295910	ERICH6
ENSG00000112218	0.062	ENSP00000229955	GPR63
ENSG00000244754	0.062	ENSP00000382328	N4BP2L2
ENSG00000102010	0.062	ENSP00000350224	BMX
ENSG00000188613	0.062	ENSP00000393275	NANOS1
ENSG00000106688	0.062	ENSP00000262352	SLC1A1
	0.062	ENSP00000456477	C15orf41
ENSG00000146938	0.062	ENSP00000370483	NLGN4X
ENSG00000005108	0.062	ENSP00000406482	THSD7A
	0.062	ENSP00000472894	M0R2Z0_HUMAN
ENSG00000170949	0.062	ENSP00000406201	ZNF160
ENSG00000100426	0.062	ENSP00000216268	ZBED4
ENSG00000139515	0.062	ENSP00000370421	PDX1
ENSG00000147041	0.062	ENSP00000395220	SYTL5
	0.062	ENSP00000338330	PAQR6
ENSG00000136856	0.062	ENSP00000362469	SLC2A8
ENSG00000128242	0.062	ENSP00000385207	GAL3ST1
ENSG00000236287	0.062	ENSP00000398106	ZBED5
ENSG00000172985	0.062	ENSP00000309186	SH3RF3
ENSG00000066923	0.062	ENSP00000477973	STAG3
	0.062	ENSP00000368824	CNKSR2
ENSG00000165338	0.062	ENSP00000401023	HECTD2
ENSG00000171121	0.062	ENSP00000319370	KCNMB3
	0.062	ENSP00000350630	TLL2
ENSG00000135083	0.062	ENSP00000377547	CCNJL
ENSG00000140955	0.061	ENSP00000268624	ADAD2
	0.061	ENSP00000244869	EREG
	0.061	ENSP00000359866	BMP5
ENSG00000051825	0.061	ENSP00000475489	MPHOSPH9
ENSG00000254004	0.061	ENSP00000429803	ZNF260
ENSG00000204611	0.061	ENSP00000471000	ZNF616
ENSG00000162148	0.061	ENSP00000344140	PPP1R32
ENSG00000025434	0.061	ENSP00000477707	NR1H3
ENSG00000215252	0.061	ENSP00000343064	GOLGA8B
ENSG00000175265	0.061	ENSP00000352111	GOLGA8A
ENSG00000100344	0.061	ENSP00000216180	PNPLA3
ENSG00000186318	0.061	ENSP00000318585	BACE1
	0.061	ENSP00000478933	LOC102724488
ENSG00000130783	0.061	ENSP00000253079	CCDC62
	0.061	ENSP00000348757	CCDC151
ENSG00000153066	0.061	ENSP00000349439	TXNDC11
	0.061	ENSP00000290894	SHF
ENSG00000204195	0.061	ENSP00000363645	AWAT1
ENSG00000147650	0.061	ENSP00000276654	LRP12
ENSG00000219607	0.061	ENSP00000393832	PPP1R3G
	0.061	ENSP00000346809	PGAP1
ENSG00000116127	0.061	ENSP00000482968	ALMS1
ENSG00000259120	0.061	ENSP00000463361	SMIM6
	0.061	ENSP00000364126	APEX2
	0.061	ENSP00000284523	WNT3A
ENSG00000181754	0.061	ENSP00000358880	AMIGO1
ENSG00000024526	0.061	ENSP00000412292	DEPDC1
ENSG00000121351	0.061	ENSP00000240652	IAPP
ENSG00000125945	0.061	ENSP00000313582	ZNF436
ENSG00000125740	0.061	ENSP00000245919	FOSB
	0.061	ENSP00000334128	CYP27C1
	0.061	ENSP00000299709	SLC38A8
ENSG00000163794	0.061	ENSP00000296099	UCN
	0.061	ENSP00000429168	SLC25A30
ENSG00000171864	0.061	ENSP00000306900	PRND
ENSG00000135164	0.061	ENSP00000378193	DMTF1
	0.061	ENSP00000380120	RBAK
	0.061	ENSP00000372394	TMEM129
	0.061	ENSP00000335017	PRR30
	0.061	ENSP00000291707	SIGLEC12
	0.061	ENSP00000381542	KRTAP5-10
ENSG00000141384	0.061	ENSP00000462980	TAF4B
ENSG00000105136	0.061	ENSP00000388864	ZNF419
ENSG00000184838	0.061	ENSP00000385118	PRR16
ENSG00000091010	0.06	ENSP00000495718	POU4F3
ENSG00000117616	0.06	ENSP00000243189	RSRP1
ENSG00000175066	0.06	ENSP00000418001	GK5
ENSG00000175182	0.06	ENSP00000373360	FAM131A
ENSG00000152402	0.06	ENSP00000282249	GUCY1A2
ENSG00000178297	0.06	ENSP00000497651	TMPRSS9
	0.06	ENSP00000291890	NCR1
ENSG00000181444	0.06	ENSP00000304769	ZNF467
ENSG00000108947	0.06	ENSP00000226091	EFNB3
ENSG00000114487	0.06	ENSP00000232603	MORC1
	0.06	ENSP00000307958	IQCF1
	0.06	ENSP00000318094	SCMH1
ENSG00000189139	0.06	ENSP00000344579	FSCB
ENSG00000064393	0.06	ENSP00000385571	HIPK2
ENSG00000146414	0.06	ENSP00000275233	SHPRH
	0.06	ENSP00000335357	CDKN3
ENSG00000103042	0.06	ENSP00000454646	SLC38A7
ENSG00000182898	0.06	ENSP00000357796	TCHHL1
	0.06	ENSP00000365651	NPPB
ENSG00000036828	0.06	ENSP00000420194	CASR
ENSG00000116833	0.06	ENSP00000356331	NR5A2
	0.06	ENSP00000351284	RAD52
	0.06	ENSP00000369014	NDNF
ENSG00000164488	0.06	ENSP00000355760	DACT2
ENSG00000120235	0.06	ENSP00000369558	IFNA6
	0.06	ENSP00000344162	ZNF136
	0.06	ENSP00000244728	COL21A1
	0.06	ENSP00000338627	SLC6A16
ENSG00000179941	0.06	ENSP00000497413	BBS10
ENSG00000106560	0.06	ENSP00000223293	GIMAP2
ENSG00000197408	0.06	ENSP00000324648	CYP2B6
	0.06	ENSP00000479370	GUCD1
	0.06	ENSP00000390600	SCN10A
	0.06	ENSP00000415528	CCDC81
ENSG00000160111	0.06	ENSP00000498697	CPAMD8
	0.06	ENSP00000236495	SLC5A9
ENSG00000170209	0.06	ENSP00000306678	ANKK1
	0.06	ENSP00000334418	OR4C12
	0.06	ENSP00000373191	LNP1
ENSG00000235961	0.06	ENSP00000391488	PNMA6A
ENSG00000139508	0.06	ENSP00000370192	SLC46A3
ENSG00000177807	0.06	ENSP00000495557	KCNJ10
	0.06	ENSP00000478672	RAG2
ENSG00000167395	0.059	ENSP00000300850	ZNF646
	0.059	ENSP00000403937	C11orf74
ENSG00000120471	0.059	ENSP00000432743	TP53AIP1
ENSG00000198876	0.059	ENSP00000355114	DCAF12
ENSG00000162591	0.059	ENSP00000348982	MEGF6
ENSG00000160908	0.059	ENSP00000499131	ZNF394
ENSG00000102794	0.059	ENSP00000366682	ACOD1
ENSG00000173175	0.059	ENSP00000419361	ADCY5
ENSG00000160145	0.059	ENSP00000240874	KALRN
ENSG00000156466	0.059	ENSP00000287020	GDF6
ENSG00000139618	0.059	ENSP00000369497	BRCA2
ENSG00000177096	0.059	ENSP00000312753	PHETA2
ENSG00000158473	0.059	ENSP00000501245	CD1D
ENSG00000177125	0.059	ENSP00000362551	ZBTB34
ENSG00000014164	0.059	ENSP00000262577	ZC3H3
ENSG00000132846	0.059	ENSP00000255198	ZBED3
	0.059	ENSP00000360944	STIL
	0.059	ENSP00000226067	HLF
ENSG00000186407	0.059	ENSP00000376395	CD300E
	0.059	ENSP00000226021	CACNG1
	0.059	ENSP00000364978	LY6G6C
	0.059	ENSP00000397351	GRID2IP
	0.059	ENSP00000361214	NRG3
ENSG00000177291	0.059	ENSP00000315070	GJD4
	0.059	ENSP00000320815	GDPD4
	0.059	ENSP00000256015	BTG1
ENSG00000083828	0.059	ENSP00000379458	ZNF586
	0.059	ENSP00000386210	TAS2R40
ENSG00000146083	0.059	ENSP00000274811	RNF44
ENSG00000150051	0.059	ENSP00000364946	MKX
ENSG00000178878	0.059	ENSP00000324277	APOLD1
ENSG00000101493	0.059	ENSP00000394757	ZNF516
ENSG00000151320	0.059	ENSP00000280979	AKAP6
ENSG00000133067	0.059	ENSP00000356247	LGR6
ENSG00000142959	0.059	ENSP00000361281	BEST4
ENSG00000185697	0.059	ENSP00000429633	MYBL1
	0.059	ENSP00000210187	RAB26
ENSG00000091664	0.059	ENSP00000263160	SLC17A6
ENSG00000274391	0.059	ENSP00000484403	TPTE
ENSG00000169981	0.059	ENSP00000379368	ZNF35
ENSG00000101074	0.059	ENSP00000217043	R3HDML
ENSG00000205038	0.059	ENSP00000367655	PKHD1L1
ENSG00000130368	0.059	ENSP00000501180	MAS1
ENSG00000170260	0.059	ENSP00000338572	ZNF212
ENSG00000185278	0.059	ENSP00000356674	ZBTB37
ENSG00000140548	0.059	ENSP00000268154	ZNF710
	0.059	ENSP00000454322	GOLGA8F
	0.059	ENSP00000428646	FBXO41
ENSG00000139445	0.059	ENSP00000299162	FOXN4
	0.059	ENSP00000485074	ENSP00000485074
ENSG00000126246	0.059	ENSP00000246532	IGFLR1
ENSG00000168014	0.059	ENSP00000334379	C2CD3
ENSG00000065320	0.059	ENSP00000173229	NTN1
ENSG00000022976	0.059	ENSP00000399863	ZNF839
	0.058	ENSP00000367096	PCDH9
	0.058	ENSP00000305899	KMT5B
	0.058	ENSP00000316909	SLC17A8
ENSG00000020181	0.058	ENSP00000406367	ADGRA2
ENSG00000009765	0.058	ENSP00000229447	IYD
ENSG00000178473	0.058	ENSP00000369798	UCN3
ENSG00000127903	0.058	ENSP00000444747	ZNF835
	0.058	ENSP00000420418	ZNF398
ENSG00000130684	0.058	ENSP00000252979	ZNF337
ENSG00000172789	0.058	ENSP00000309336	HOXC5
ENSG00000101448	0.058	ENSP00000361746	EPPIN
	0.058	ENSP00000382090	CLDN14
ENSG00000149243	0.058	ENSP00000438526	KLHL35
ENSG00000197818	0.058	ENSP00000416418	SLC9A8
ENSG00000248592	0.058	ENSP00000422941	STIMATE-MUSTN1
	0.058	ENSP00000262717	CDH20
ENSG00000167702	0.058	ENSP00000301332	KIFC2
ENSG00000145495	0.058	ENSP00000274140	MARCHF6
ENSG00000167874	0.058	ENSP00000301599	TMEM88
ENSG00000151353	0.058	ENSP00000384347	TMEM18
ENSG00000188786	0.058	ENSP00000362127	MTF1
ENSG00000124780	0.058	ENSP00000362328	KCNK17
ENSG00000158555	0.058	ENSP00000337972	GDPD5
ENSG00000198919	0.058	ENSP00000355028	DZIP3
ENSG00000151617	0.058	ENSP00000315011	EDNRA
ENSG00000185467	0.058	ENSP00000330878	KPNA7
ENSG00000124786	0.058	ENSP00000368981	SLC35B3
ENSG00000175155	0.058	ENSP00000312272	YPEL2
	0.058	ENSP00000311436	ABRA
ENSG00000111700	0.058	ENSP00000261196	SLCO1B3
	0.058	ENSP00000399808	HOXC4
	0.058	ENSP00000339250	DPPA3
	0.058	ENSP00000410732	GABRG2
ENSG00000169955	0.058	ENSP00000457274	ZNF747
ENSG00000184659	0.058	ENSP00000366630	FOXD4L4
ENSG00000204634	0.058	ENSP00000386856	TBC1D8
ENSG00000184163	0.058	ENSP00000329137	C1QTNF12
ENSG00000170948	0.058	ENSP00000471575	MBD3L1
	0.058	ENSP00000369395	LRRC19
ENSG00000172728	0.058	ENSP00000332757	FUT10
ENSG00000179148	0.058	ENSP00000314879	ALOXE3
	0.058	ENSP00000293636	CELA1
ENSG00000126467	0.058	ENSP00000246801	TSKS
	0.058	ENSP00000301305	SLC39A4
ENSG00000173198	0.058	ENSP00000362401	CYSLTR1
ENSG00000173456	0.058	ENSP00000312439	RNF26
	0.058	ENSP00000355316	GRM3
	0.058	ENSP00000370950	NPSR1
ENSG00000174010	0.057	ENSP00000332791	KLHL15
ENSG00000187166	0.057	ENSP00000334805	H1-7
	0.057	ENSP00000364520	TAS1R2
ENSG00000132635	0.057	ENSP00000353868	PCED1A
ENSG00000088543	0.057	ENSP00000349732	C3orf18
ENSG00000134152	0.057	ENSP00000256544	KATNBL1
ENSG00000249481	0.057	ENSP00000501191	SPATS1
	0.057	ENSP00000493102	FAM71F2
ENSG00000171435	0.057	ENSP00000389715	KSR2
	0.057	ENSP00000498737	PRKY
ENSG00000165935	0.057	ENSP00000387617	SMCO2
ENSG00000124493	0.057	ENSP00000440556	GRM4
ENSG00000104415	0.057	ENSP00000250160	CCN4
	0.057	ENSP00000493096	OR4C3
ENSG00000166896	0.057	ENSP00000300145	ATP23
ENSG00000165553	0.057	ENSP00000298352	NGB
ENSG00000183379	0.057	ENSP00000331474	SYNDIG1L
	0.057	ENSP00000349709	RAET1E
ENSG00000125846	0.057	ENSP00000439427	ZNF133
ENSG00000196812	0.057	ENSP00000366527	ZSCAN16
ENSG00000161958	0.057	ENSP00000293829	FGF11
ENSG00000222028	0.057	ENSP00000386212	PSMB11
ENSG00000189132	0.057	ENSP00000328307	FAM47B
ENSG00000073464	0.057	ENSP00000370213	CLCN4
ENSG00000162413	0.057	ENSP00000366886	KLHL21
	0.057	ENSP00000329904	IQCF2
	0.057	ENSP00000332404	TMIGD1
ENSG00000143845	0.057	ENSP00000356169	ETNK2
	0.057	ENSP00000471077	M0R082_HUMAN
	0.057	ENSP00000405327	ETV1
ENSG00000180008	0.057	ENSP00000452522	SOCS4
ENSG00000256087	0.057	ENSP00000221315	ZNF432
ENSG00000167554	0.057	ENSP00000383922	ZNF610
	0.057	ENSP00000345470	CCDC38
ENSG00000156097	0.057	ENSP00000432456	GPR61
ENSG00000171448	0.057	ENSP00000362760	ZBTB26
	0.057	ENSP00000492887	LOC402624
	0.057	ENSP00000330338	OR52L1
ENSG00000123612	0.057	ENSP00000243349	ACVR1C
	0.057	ENSP00000358310	ITGA10
ENSG00000013293	0.057	ENSP00000231706	SLC7A14
ENSG00000101190	0.057	ENSP00000334294	TCFL5
	0.057	ENSP00000358753	PIFO
ENSG00000144191	0.057	ENSP00000272602	CNGA3
ENSG00000174652	0.057	ENSP00000498589	ZNF266
ENSG00000204086	0.057	ENSP00000362131	RPA4
ENSG00000172273	0.057	ENSP00000318085	HINFP
ENSG00000122477	0.057	ENSP00000480740	LRRC39
ENSG00000088386	0.057	ENSP00000365686	SLC15A1
ENSG00000196652	0.057	ENSP00000377725	ZKSCAN5
ENSG00000185453	0.057	ENSP00000480314	ZSWIM9
ENSG00000131864	0.057	ENSP00000254181	USP29
ENSG00000166126	0.057	ENSP00000299155	AMN
	0.057	ENSP00000252971	MNX1
ENSG00000162881	0.057	ENSP00000367930	OXER1
	0.057	ENSP00000274710	PSD2
ENSG00000128610	0.056	ENSP00000411145	FEZF1
	0.056	ENSP00000458130	GOLGA8G
	0.056	ENSP00000324557	OR2M7
ENSG00000176774	0.056	ENSP00000314543	MAGEB18
	0.056	ENSP00000447056	F8W1H4_HUMAN
ENSG00000189023	0.056	ENSP00000382871	MAGEB16
	0.056	ENSP00000429690	ATP6V0E1
	0.056	ENSP00000347834	FBXL3
ENSG00000204428	0.056	ENSP00000372724	LY6G5C
ENSG00000157429	0.056	ENSP00000288177	ZNF19
ENSG00000111269	0.056	ENSP00000228865	CREBL2
ENSG00000254788	0.056	ENSP00000479319	CKLF-CMTM1
ENSG00000141446	0.056	ENSP00000269214	ESCO1
ENSG00000184361	0.056	ENSP00000331532	SPATA32
ENSG00000106006	0.056	ENSP00000222728	HOXA6
	0.056	ENSP00000345716	NKAPL
ENSG00000179292	0.056	ENSP00000326244	TMEM151A
ENSG00000083812	0.056	ENSP00000444812	ZNF324
	0.056	ENSP00000315247	FAM71C
ENSG00000156463	0.056	ENSP00000424497	SH3RF2
ENSG00000164296	0.056	ENSP00000296736	TIGD6
	0.056	ENSP00000296871	CSF2
ENSG00000000460	0.056	ENSP00000286031	C1orf112
ENSG00000060656	0.056	ENSP00000334941	PTPRU
ENSG00000183067	0.056	ENSP00000369962	IGSF5
ENSG00000250305	0.056	ENSP00000432695	TRMT9B
ENSG00000249992	0.056	ENSP00000422431	TMEM158
ENSG00000148950	0.056	ENSP00000278200	IMMP1L
ENSG00000177673	0.056	ENSP00000315557	TEX44
ENSG00000175591	0.056	ENSP00000310305	P2RY2
ENSG00000163626	0.056	ENSP00000425261	COX18
ENSG00000105750	0.056	ENSP00000329793	ZNF85
ENSG00000169550	0.056	ENSP00000431983	MUC15
ENSG00000170871	0.056	ENSP00000303928	KIAA0232
ENSG00000165695	0.056	ENSP00000298545	AK8
ENSG00000147613	0.056	ENSP00000276616	PSKH2
ENSG00000187003	0.056	ENSP00000334300	ACTL7A
ENSG00000109182	0.056	ENSP00000226432	CWH43
ENSG00000181896	0.056	ENSP00000468049	ZNF101
	0.056	ENSP00000319388	MAMDC4
ENSG00000137252	0.056	ENSP00000477548	HCRTR2
	0.056	ENSP00000478699	TNFRSF9
ENSG00000129654	0.056	ENSP00000323880	FOXJ1
ENSG00000242852	0.056	ENSP00000380840	ZNF709
	0.056	ENSP00000404127	ENSP00000404127
ENSG00000189401	0.056	ENSP00000339389	OTUD6A
	0.056	ENSP00000495996	POU3F4
ENSG00000169964	0.056	ENSP00000306564	TMEM42
ENSG00000183421	0.056	ENSP00000332454	RIPK4
	0.056	ENSP00000371786	ONECUT3
ENSG00000181666	0.056	ENSP00000315505	ZNF875
	0.056	ENSP00000382584	KRTAP5-5
ENSG00000160683	0.056	ENSP00000292174	CXCR5
ENSG00000113328	0.056	ENSP00000344635	CCNG1
ENSG00000126368	0.056	ENSP00000246672	NR1D1
ENSG00000157693	0.056	ENSP00000363161	TMEM268
	0.056	ENSP00000340748	OR13H1
ENSG00000171408	0.056	ENSP00000310661	PDE7B
ENSG00000273514	0.056	ENSP00000484875	FOXD4L6
ENSG00000181027	0.056	ENSP00000326570	FKRP
ENSG00000143185	0.055	ENSP00000356793	XCL2
ENSG00000205155	0.055	ENSP00000468411	PSENEN
ENSG00000185808	0.055	ENSP00000420037	PIGP
ENSG00000070614	0.055	ENSP00000261797	NDST1
ENSG00000080007	0.055	ENSP00000359361	DDX43
ENSG00000135338	0.055	ENSP00000376686	LCA5
	0.055	ENSP00000469582	ZNF729
	0.055	ENSP00000333534	CYP2F1
ENSG00000138813	0.055	ENSP00000322582	C4orf17
ENSG00000100626	0.055	ENSP00000336729	GALNT16
ENSG00000153714	0.055	ENSP00000321026	LURAP1L
	0.055	ENSP00000341787	BTNL3
ENSG00000107736	0.055	ENSP00000224721	CDH23
ENSG00000131264	0.055	ENSP00000362613	CDX4
ENSG00000230453	0.055	ENSP00000290943	ANKRD18B
ENSG00000151338	0.055	ENSP00000333539	MIPOL1
ENSG00000111262	0.055	ENSP00000371985	KCNA1
ENSG00000143194	0.055	ENSP00000356846	MAEL
ENSG00000162618	0.055	ENSP00000359778	ADGRL4
ENSG00000089327	0.055	ENSP00000444839	FXYD5
	0.055	ENSP00000351575	BDP1
	0.055	ENSP00000493971	PDE8B-2
ENSG00000001461	0.055	ENSP00000363520	NIPAL3
ENSG00000163482	0.055	ENSP00000295709	STK36
ENSG00000068745	0.055	ENSP00000331103	IP6K2
ENSG00000196724	0.055	ENSP00000407039	ZNF418
ENSG00000168263	0.055	ENSP00000371514	KCNV2
ENSG00000206432	0.055	ENSP00000463375	TMEM200C
ENSG00000251192	0.055	ENSP00000429148	ZNF674
	0.055	ENSP00000323435	SNX22
ENSG00000188408	0.055	ENSP00000473493	MAGEB5
ENSG00000212122	0.055	ENSP00000375081	TSSK1B
ENSG00000133256	0.055	ENSP00000420295	PDE6B
ENSG00000103489	0.055	ENSP00000261381	XYLT1
	0.055	ENSP00000397693	ZNF28
	0.055	ENSP00000384004	POU6F2
ENSG00000112320	0.055	ENSP00000318900	SOBP
	0.055	ENSP00000384334	MEIG1
ENSG00000175497	0.055	ENSP00000376855	DPP10
ENSG00000134115	0.055	ENSP00000407822	CNTN6
ENSG00000213809	0.055	ENSP00000240618	KLRK1
ENSG00000105982	0.055	ENSP00000385285	RNF32
ENSG00000137080	0.055	ENSP00000369574	IFNA21
ENSG00000162104	0.055	ENSP00000294016	ADCY9
ENSG00000162493	0.055	ENSP00000294489	PDPN
ENSG00000111860	0.055	ENSP00000357474	CEP85L
ENSG00000103254	0.055	ENSP00000454380	ANTKMT
	0.055	ENSP00000253407	C1QL1
ENSG00000124574	0.055	ENSP00000361608	ABCC10
ENSG00000132718	0.055	ENSP00000357307	SYT11
ENSG00000214513	0.055	ENSP00000381486	NOTO
	0.054	ENSP00000340226	LMX1A
ENSG00000168411	0.054	ENSP00000354361	RFWD3
ENSG00000188993	0.054	ENSP00000341944	LRRC66
ENSG00000132972	0.054	ENSP00000255324	RNF17
	0.054	ENSP00000357594	CALHM6
ENSG00000144792	0.054	ENSP00000324605	ZNF660
ENSG00000205683	0.054	ENSP00000479526	DPF3
ENSG00000136099	0.054	ENSP00000367177	PCDH8
ENSG00000179919	0.054	ENSP00000326718	OR10A7
ENSG00000053108	0.054	ENSP00000265342	FSTL4
	0.054	ENSP00000498784	MCM8-2
	0.054	ENSP00000493691	ENSP00000493691
ENSG00000204616	0.054	ENSP00000365924	TRIM31
ENSG00000184911	0.054	ENSP00000334501	DMRTC1B
ENSG00000269502	0.054	ENSP00000471224	DMRTC1
ENSG00000204779	0.054	ENSP00000366637	FOXD4L5
ENSG00000213265	0.054	ENSP00000406047	TSGA13
ENSG00000117477	0.054	ENSP00000356780	CCDC181
ENSG00000162779	0.054	ENSP00000356590	AXDND1
ENSG00000187922	0.054	ENSP00000418491	LCN10
ENSG00000159289	0.054	ENSP00000290438	GOLGA6A
ENSG00000108474	0.054	ENSP00000225609	PIGL
	0.054	ENSP00000493166	OR8J3
	0.054	ENSP00000493255	OR9G1
ENSG00000135346	0.054	ENSP00000482232	CGA
	0.054	ENSP00000417696	ZNF525
ENSG00000198924	0.054	ENSP00000355185	DCLRE1A
ENSG00000150764	0.054	ENSP00000394352	DIXDC1
ENSG00000146555	0.054	ENSP00000385899	SDK1
ENSG00000168811	0.054	ENSP00000303231	IL12A
	0.054	ENSP00000328402	OR6C76
ENSG00000136052	0.054	ENSP00000258538	SLC41A2
ENSG00000123405	0.054	ENSP00000439120	NFE2
ENSG00000146215	0.054	ENSP00000361650	CRIP3
ENSG00000186150	0.054	ENSP00000334044	UBL4B
ENSG00000174628	0.054	ENSP00000324901	IQCK
ENSG00000169914	0.054	ENSP00000364261	OTUD3
ENSG00000198551	0.054	ENSP00000354414	ZNF627
ENSG00000064692	0.054	ENSP00000261367	SNCAIP
ENSG00000153162	0.054	ENSP00000283147	BMP6
	0.054	ENSP00000492953	OR5H1
ENSG00000205045	0.054	ENSP00000354412	SLFN12L
ENSG00000177888	0.054	ENSP00000356375	ZBTB41
	0.054	ENSP00000341083	NPR2
ENSG00000110455	0.054	ENSP00000263776	ACCS
ENSG00000126778	0.054	ENSP00000494686	SIX1
	0.054	ENSP00000387027	C5orf52
ENSG00000132640	0.054	ENSP00000384545	BTBD3
ENSG00000179988	0.054	ENSP00000384653	PSTK
	0.054	ENSP00000357402	NKAIN2
ENSG00000148123	0.054	ENSP00000364008	PLPPR1
	0.054	ENSP00000417085	SLC15A2
ENSG00000094755	0.054	ENSP00000430100	GABRP
ENSG00000196371	0.054	ENSP00000351602	FUT4
ENSG00000011143	0.053	ENSP00000376827	MKS1
ENSG00000149483	0.053	ENSP00000278826	TMEM138
	0.053	ENSP00000492047	TAF11L2
ENSG00000120242	0.053	ENSP00000369553	IFNA8
ENSG00000173451	0.053	ENSP00000310796	THAP2
ENSG00000148541	0.053	ENSP00000481854	FAM13C
	0.053	ENSP00000362393	TBX22
ENSG00000262919	0.053	ENSP00000402949	CCNQ
	0.053	ENSP00000443168	STH
ENSG00000127220	0.053	ENSP00000247706	ABHD8
	0.053	ENSP00000299022	LIPC
ENSG00000187969	0.053	ENSP00000345633	ZCCHC13
	0.053	ENSP00000297146	GPR85
ENSG00000165185	0.053	ENSP00000440504	KIAA1958
	0.053	ENSP00000478179	CASP8AP2
ENSG00000133739	0.053	ENSP00000353538	LRRCC1
	0.053	ENSP00000465617	IER2
	0.053	ENSP00000261726	CUX2
	0.053	ENSP00000348300	BTG4
	0.053	ENSP00000424607	TAAR9
	0.053	ENSP00000347152	ATRNL1
ENSG00000188056	0.053	ENSP00000342570	TREML4
ENSG00000180488	0.053	ENSP00000393675	MIGA1
	0.053	ENSP00000332615	FAM169B
	0.053	ENSP00000263726	LHX4
ENSG00000196357	0.053	ENSP00000376013	ZNF565
ENSG00000132170	0.053	ENSP00000287820	PPARG
	0.053	ENSP00000349401	ZNF708
	0.053	ENSP00000287814	TIMP4
ENSG00000105550	0.053	ENSP00000471477	FGF21
ENSG00000169758	0.053	ENSP00000373594	TMEM266
	0.053	ENSP00000349678	MYBPHL
ENSG00000185920	0.053	ENSP00000332353	PTCH1
	0.053	ENSP00000457241	TSNAXIP1
	0.053	ENSP00000357086	FCRL6
ENSG00000198342	0.053	ENSP00000242804	ZNF442
ENSG00000168077	0.053	ENSP00000301904	SCARA3
	0.053	ENSP00000368164	MCM8
	0.053	ENSP00000301295	NLRP4
	0.053	ENSP00000315949	HOXD8
	0.053	ENSP00000386485	COA8
ENSG00000111962	0.053	ENSP00000356433	UST
ENSG00000036672	0.053	ENSP00000260187	USP2
	0.053	ENSP00000288462	C9orf43
ENSG00000131845	0.053	ENSP00000401642	ZNF304
ENSG00000119906	0.052	ENSP00000359292	SLF2
ENSG00000096654	0.052	ENSP00000211936	ZNF184
	0.052	ENSP00000263339	IL1A
ENSG00000181773	0.052	ENSP00000363136	GPR3
ENSG00000121871	0.052	ENSP00000420091	SLITRK3
ENSG00000196090	0.052	ENSP00000362294	PTPRT
ENSG00000162931	0.052	ENSP00000355658	TRIM17
	0.052	ENSP00000355319	CIPC
ENSG00000163462	0.052	ENSP00000334657	TRIM46
ENSG00000173585	0.052	ENSP00000350256	CCR9
ENSG00000180787	0.052	ENSP00000320347	ZFP3
	0.052	ENSP00000472969	ZNF99
ENSG00000161914	0.052	ENSP00000293771	ZNF653
	0.052	ENSP00000365486	DEFB123
ENSG00000166454	0.052	ENSP00000299575	ATMIN
	0.052	ENSP00000241453	FLT3
ENSG00000184305	0.052	ENSP00000425040	CCSER1
	0.052	ENSP00000302251	GBX2
	0.052	ENSP00000263663	TAF1B
ENSG00000116198	0.052	ENSP00000367476	CEP104
ENSG00000231256	0.052	ENSP00000415662	CFAP97D1
	0.052	ENSP00000380605	LYPD1
	0.052	ENSP00000286349	TRIM42
ENSG00000186017	0.052	ENSP00000376010	ZNF566
ENSG00000147316	0.052	ENSP00000342924	MCPH1
	0.052	ENSP00000492202	ENSP00000492202
ENSG00000186523	0.052	ENSP00000407067	FAM86B1
ENSG00000111206	0.052	ENSP00000342307	FOXM1
	0.052	ENSP00000355718	DLL1
ENSG00000149380	0.052	ENSP00000401749	P4HA3
ENSG00000102287	0.052	ENSP00000359353	GABRE
	0.052	ENSP00000239151	HOXB5
	0.052	ENSP00000489024	KLF18
	0.052	ENSP00000431443	KRTAP5-9
	0.052	ENSP00000342609	ACER2
ENSG00000143921	0.052	ENSP00000272286	ABCG8
	0.052	ENSP00000362634	TSSK3
ENSG00000037749	0.052	ENSP00000322956	MFAP3
ENSG00000151743	0.052	ENSP00000281471	AMN1
ENSG00000126243	0.052	ENSP00000246529	LRFN3
ENSG00000005801	0.052	ENSP00000382511	ZNF195
ENSG00000180694	0.052	ENSP00000414786	TMEM64
ENSG00000182557	0.052	ENSP00000347721	SPNS3
ENSG00000196678	0.052	ENSP00000350651	ERI2
ENSG00000134817	0.052	ENSP00000475344	APLNR
ENSG00000127870	0.052	ENSP00000371000	RNF6
	0.052	ENSP00000301691	SOST
ENSG00000197557	0.052	ENSP00000347915	TTC30A
ENSG00000148600	0.052	ENSP00000485478	CDHR1
ENSG00000174502	0.052	ENSP00000356102	SLC26A9
ENSG00000149451	0.052	ENSP00000348912	ADAM33
ENSG00000129596	0.052	ENSP00000250535	CDO1
ENSG00000165355	0.052	ENSP00000298097	FBXO33
ENSG00000082269	0.052	ENSP00000410768	FAM135A
ENSG00000117013	0.052	ENSP00000262916	KCNQ4
	0.052	ENSP00000228468	ASIC1
	0.052	ENSP00000339823	ZNF546
ENSG00000137270	0.052	ENSP00000259803	GCM1
ENSG00000154165	0.052	ENSP00000284311	GPR15
ENSG00000181778	0.052	ENSP00000366528	TMEM252
ENSG00000167195	0.052	ENSP00000300576	GOLGA6C
	0.052	ENSP00000333776	ZNF479
ENSG00000175514	0.052	ENSP00000310255	GPR152
ENSG00000163235	0.052	ENSP00000404131	TGFA
	0.052	ENSP00000364467	LYZL2
ENSG00000127993	0.052	ENSP00000265732	RBM48
	0.052	ENSP00000355675	GJC2
ENSG00000164100	0.052	ENSP00000296499	NDST3
	0.052	ENSP00000239144	HOXB8
	0.052	ENSP00000430241	EBF2
ENSG00000112530	0.052	ENSP00000337946	PACRG
	0.052	ENSP00000421799	D6RAR5_HUMAN
ENSG00000130487	0.052	ENSP00000497256	KLHDC7B
ENSG00000170222	0.052	ENSP00000369099	ADPRM
ENSG00000139053	0.051	ENSP00000266395	PDE6H
ENSG00000163885	0.051	ENSP00000344749	CFAP100
ENSG00000171817	0.051	ENSP00000324598	ZNF540
ENSG00000125998	0.051	ENSP00000363529	FAM83C
ENSG00000179542	0.051	ENSP00000349400	SLITRK4
	0.051	ENSP00000482119	IQCA1L
ENSG00000170927	0.051	ENSP00000360158	PKHD1
	0.051	ENSP00000498468	C12orf76
ENSG00000129159	0.051	ENSP00000265969	KCNC1
	0.051	ENSP00000347358	MAGEA11
ENSG00000089682	0.051	ENSP00000361557	RBM41
ENSG00000205423	0.051	ENSP00000405635	CNEP1R1
ENSG00000177602	0.051	ENSP00000325290	HASPIN
	0.051	ENSP00000356093	RHEX
ENSG00000146453	0.051	ENSP00000376007	PNLDC1
ENSG00000134198	0.051	ENSP00000358529	TSPAN2
ENSG00000188916	0.051	ENSP00000429763	INSYN2A
ENSG00000109220	0.051	ENSP00000263921	CHIC2
	0.051	ENSP00000282406	PLEKHH2
ENSG00000268104	0.051	ENSP00000470801	SLC6A14
ENSG00000148288	0.051	ENSP00000361110	GBGT1
ENSG00000164180	0.051	ENSP00000426354	TMEM161B
ENSG00000164087	0.051	ENSP00000296484	POC1A
ENSG00000144893	0.051	ENSP00000417235	MED12L
ENSG00000173285	0.051	ENSP00000493023	OR10K1
ENSG00000205835	0.051	ENSP00000406164	GMNC
	0.051	ENSP00000304676	ATOH8
ENSG00000214193	0.051	ENSP00000421294	SH3D21
ENSG00000183665	0.051	ENSP00000329858	TRMT12
ENSG00000151418	0.051	ENSP00000417171	ATP6V1G3
ENSG00000165061	0.051	ENSP00000297737	ZMAT4
ENSG00000187871	0.051	ENSP00000343636	GFRAL
	0.051	ENSP00000342836	OR6C74
	0.051	ENSP00000326267	EFCAB11
ENSG00000102468	0.051	ENSP00000437737	HTR2A
	0.051	ENSP00000480043	VEGFC
ENSG00000196131	0.051	ENSP00000351244	VN1R2
	0.051	ENSP00000259881	PSORS1C1
ENSG00000186446	0.051	ENSP00000482632	ZNF501
ENSG00000221955	0.051	ENSP00000377112	SLC12A8
ENSG00000157064	0.051	ENSP00000287713	NMNAT2
ENSG00000136546	0.051	ENSP00000496114	SCN7A
ENSG00000183128	0.051	ENSP00000358798	CALHM3
	0.051	ENSP00000493202	OR2AK2
ENSG00000181045	0.051	ENSP00000355384	SLC26A11
ENSG00000139263	0.051	ENSP00000326759	LRIG3
ENSG00000153820	0.051	ENSP00000375909	SPHKAP
	0.051	ENSP00000307023	KLF11
ENSG00000152454	0.051	ENSP00000282308	ZNF256
	0.051	ENSP00000269856	FEM1A
ENSG00000187860	0.051	ENSP00000385357	CCDC157
ENSG00000166359	0.051	ENSP00000348129	WDR88
ENSG00000197599	0.051	ENSP00000373828	CCDC154
ENSG00000005001	0.051	ENSP00000161006	PRSS22
	0.051	ENSP00000423917	NPY5R
ENSG00000167034	0.051	ENSP00000370253	NKX3-1
ENSG00000181322	0.051	ENSP00000335444	NME9
	0.051	ENSP00000397133	PRKAG3
ENSG00000115392	0.051	ENSP00000385021	FANCL
	0.051	ENSP00000255858	SEC14L4
ENSG00000167595	0.051	ENSP00000380116	PROSER3
	0.051	ENSP00000311218	C1orf100
ENSG00000114626	0.051	ENSP00000232744	ABTB1
ENSG00000146205	0.05	ENSP00000274979	ANO7
ENSG00000213714	0.05	ENSP00000360376	FAM209B
ENSG00000112139	0.05	ENSP00000402584	MDGA1
ENSG00000174600	0.05	ENSP00000449716	CMKLR1
ENSG00000174562	0.05	ENSP00000469315	KLK15
ENSG00000109790	0.05	ENSP00000423897	KLHL5
ENSG00000124602	0.05	ENSP00000244565	UNC5CL
	0.05	ENSP00000496416	CD8B2
	0.05	ENSP00000371606	KRTAP5-1
ENSG00000115137	0.05	ENSP00000264711	DNAJC27
ENSG00000123977	0.05	ENSP00000311899	DAW1
ENSG00000162510	0.05	ENSP00000362870	MATN1
ENSG00000146926	0.05	ENSP00000391137	ASB10
ENSG00000174837	0.05	ENSP00000311545	ADGRE1
ENSG00000055732	0.05	ENSP00000359621	MCOLN3
ENSG00000173335	0.05	ENSP00000366170	CST9
ENSG00000165102	0.05	ENSP00000368965	HGSNAT
ENSG00000162994	0.05	ENSP00000384869	CLHC1
	0.05	ENSP00000257863	AMHR2
ENSG00000163568	0.05	ENSP00000357112	AIM2
	0.05	ENSP00000385579	KIAA1841
ENSG00000128408	0.05	ENSP00000483356	RIBC2
ENSG00000188266	0.05	ENSP00000373640	HYKK
ENSG00000147894	0.05	ENSP00000482753	C9orf72
ENSG00000173406	0.05	ENSP00000360280	DAB1
ENSG00000075826	0.05	ENSP00000359370	SEC31B
ENSG00000172123	0.05	ENSP00000378063	SLFN12
ENSG00000196705	0.05	ENSP00000308578	ZNF431
ENSG00000182923	0.05	ENSP00000336524	CEP63
ENSG00000213085	0.05	ENSP00000357079	CFAP45
	0.05	ENSP00000422947	TRIM34
ENSG00000008853	0.05	ENSP00000427926	RHOBTB2
ENSG00000147036	0.05	ENSP00000367882	LANCL3
ENSG00000122557	0.05	ENSP00000379390	HERPUD2
ENSG00000172247	0.05	ENSP00000302274	C1QTNF4
ENSG00000071991	0.05	ENSP00000262150	CDH19
ENSG00000251369	0.05	ENSP00000446224	ZNF550
ENSG00000185055	0.05	ENSP00000417841	EFCAB10
	0.05	ENSP00000441269	ENSP00000441269
	0.05	ENSP00000485228	ZSCAN26
ENSG00000162598	0.05	ENSP00000360244	C1orf87
	0.05	ENSP00000384950	SULT6B1
ENSG00000070886	0.05	ENSP00000166244	EPHA8
	0.05	ENSP00000480507	ENSP00000480507
ENSG00000175854	0.05	ENSP00000316609	SWI5
	0.05	ENSP00000251170	SEC14L5
ENSG00000102243	0.05	ENSP00000359668	VGLL1
	0.05	ENSP00000334374	SLITRK2
ENSG00000187550	0.05	ENSP00000389015	SBK2
ENSG00000198964	0.05	ENSP00000354829	SGMS1
	0.05	ENSP00000363985	MTMR8
	0.05	ENSP00000409896	CCNB1IP1
ENSG00000081791	0.05	ENSP00000396225	DELE1
ENSG00000073734	0.05	ENSP00000497931	ABCB11
ENSG00000187626	0.05	ENSP00000366509	ZKSCAN4
ENSG00000183718	0.05	ENSP00000483005	TRIM52
ENSG00000156284	0.05	ENSP00000382783	CLDN8
ENSG00000183318	0.049	ENSP00000329522	SPDYE4
	0.049	ENSP00000411816	CSGALNACT1
ENSG00000196757	0.049	ENSP00000479449	ZNF700
	0.049	ENSP00000304930	SOSTDC1
ENSG00000163518	0.049	ENSP00000271532	FCRL4
ENSG00000168329	0.049	ENSP00000351059	CX3CR1
ENSG00000171161	0.049	ENSP00000421915	ZNF672
ENSG00000120094	0.049	ENSP00000355140	HOXB1
ENSG00000187994	0.049	ENSP00000467107	RINL
ENSG00000198570	0.049	ENSP00000355969	RD3
ENSG00000188283	0.049	ENSP00000340132	ZNF383
ENSG00000099960	0.049	ENSP00000372390	SLC7A4
	0.049	ENSP00000476510	LYPD4
ENSG00000086288	0.049	ENSP00000199447	NME8
	0.049	ENSP00000311477	OR10AG1
	0.049	ENSP00000292596	LTC4S
	0.049	ENSP00000495936	TMEM155
ENSG00000131697	0.049	ENSP00000367398	NPHP4
ENSG00000083067	0.049	ENSP00000366314	TRPM3
ENSG00000161610	0.049	ENSP00000293330	HCRT
ENSG00000110274	0.049	ENSP00000278935	CEP164
	0.049	ENSP00000481994	EPHB6
ENSG00000255302	0.049	ENSP00000431162	EID1
ENSG00000104361	0.049	ENSP00000407087	NIPAL2
ENSG00000206562	0.049	ENSP00000407613	METTL6
ENSG00000183018	0.049	ENSP00000333292	SPNS2
	0.049	ENSP00000407130	ZNF410
ENSG00000171014	0.049	ENSP00000305970	OR4D5
	0.049	ENSP00000361915	BMP8B
	0.049	ENSP00000459580	SPATA22
	0.049	ENSP00000493366	OR2T6
	0.049	ENSP00000493000	OR2T12
	0.049	ENSP00000319250	GPR62
	0.049	ENSP00000301790	PLAAT5
	0.049	ENSP00000482512	LCN8
ENSG00000137675	0.049	ENSP00000260229	MMP27
ENSG00000077498	0.049	ENSP00000263321	TYR
	0.049	ENSP00000290759	ISL2
ENSG00000182798	0.049	ENSP00000382884	MAGEB17
ENSG00000185988	0.049	ENSP00000468376	PLK5
ENSG00000151623	0.049	ENSP00000350815	NR3C2
ENSG00000120436	0.049	ENSP00000355799	GPR31
	0.049	ENSP00000302648	NRTN
	0.049	ENSP00000229304	APOBEC1
ENSG00000172382	0.049	ENSP00000306390	PRSS27
	0.049	ENSP00000491717	CATSPERZ
ENSG00000154227	0.049	ENSP00000284382	CERS3
ENSG00000071909	0.049	ENSP00000386213	MYO3B
ENSG00000173567	0.049	ENSP00000307831	ADGRF3
	0.049	ENSP00000305372	ADRB2
ENSG00000186638	0.049	ENSP00000384433	KIF24
ENSG00000275410	0.049	ENSP00000480291	HNF1B
ENSG00000060566	0.049	ENSP00000078445	CREB3L3
ENSG00000171206	0.049	ENSP00000496301	TRIM8
ENSG00000130948	0.049	ENSP00000364412	HSD17B3
	0.049	ENSP00000468720	ZNF253
	0.049	ENSP00000320217	SLC26A10
	0.048	ENSP00000262186	KCNH2
	0.048	ENSP00000301480	ZNF560
	0.048	ENSP00000264159	ZRANB3
ENSG00000188869	0.048	ENSP00000352413	TMC3
ENSG00000114107	0.048	ENSP00000264982	CEP70
ENSG00000007171	0.048	ENSP00000327251	NOS2
	0.048	ENSP00000492276	CSAG3
	0.048	ENSP00000304127	KCNG3
ENSG00000076258	0.048	ENSP00000356723	FMO4
ENSG00000139572	0.048	ENSP00000450310	GPR84
ENSG00000106341	0.048	ENSP00000340125	PPP1R17
ENSG00000198400	0.048	ENSP00000431418	NTRK1
ENSG00000239605	0.048	ENSP00000408527	STPG4
ENSG00000177551	0.048	ENSP00000358519	NHLH2
ENSG00000185947	0.048	ENSP00000300870	ZNF267
	0.048	ENSP00000482393	IRX4
ENSG00000283706	0.048	ENSP00000326598	PRSS50
	0.048	ENSP00000418875	ENSP00000418875
	0.048	ENSP00000270747	ARHGEF19
ENSG00000019505	0.048	ENSP00000020926	SYT13
ENSG00000134070	0.048	ENSP00000256458	IRAK2
ENSG00000188316	0.048	ENSP00000345555	ENO4
ENSG00000152348	0.048	ENSP00000282185	ATG10
ENSG00000163738	0.048	ENSP00000379108	MTHFD2L
	0.048	ENSP00000401867	MXD3
	0.048	ENSP00000273857	CORIN
	0.048	ENSP00000300056	PEX11A
	0.048	ENSP00000455426	ZNF423
ENSG00000198049	0.048	ENSP00000356094	AVPR1B
ENSG00000123191	0.048	ENSP00000242839	ATP7B
ENSG00000215012	0.048	ENSP00000384924	RTL10
ENSG00000126351	0.048	ENSP00000264637	THRA
	0.048	ENSP00000309751	SLC16A13
ENSG00000179241	0.048	ENSP00000318607	LDLRAD3
	0.048	ENSP00000396523	SLC35G6
ENSG00000171227	0.048	ENSP00000303148	TMEM37
	0.048	ENSP00000361177	LRIT1
	0.048	ENSP00000370639	ASMT
	0.048	ENSP00000449999	CLEC5A
	0.048	ENSP00000430846	KCNB2
ENSG00000144026	0.048	ENSP00000295208	ZNF514
ENSG00000177689	0.048	ENSP00000368304	MAGEB10
ENSG00000243364	0.048	ENSP00000414378	EFNA4
ENSG00000089250	0.048	ENSP00000477999	NOS1
ENSG00000142025	0.048	ENSP00000269945	DMRTC2
ENSG00000070413	0.048	ENSP00000263196	DGCR2
ENSG00000196341	0.048	ENSP00000493365	OR8D1
	0.048	ENSP00000359571	CXorf66
ENSG00000169393	0.048	ENSP00000340660	ELSPBP1
ENSG00000039600	0.048	ENSP00000265007	SOX30
ENSG00000174225	0.048	ENSP00000398637	ARL13A
ENSG00000081248	0.048	ENSP00000355192	CACNA1S
ENSG00000102524	0.048	ENSP00000365048	TNFSF13B
	0.048	ENSP00000314806	FOXR1
	0.048	ENSP00000225512	WNT3
	0.048	ENSP00000472421	FAM71E1
ENSG00000266265	0.048	ENSP00000463287	KLF14
	0.048	ENSP00000228027	DGAT2
ENSG00000082293	0.048	ENSP00000480474	COL19A1
ENSG00000092529	0.048	ENSP00000380349	CAPN3
ENSG00000187559	0.047	ENSP00000341961	FOXD4L3
	0.047	ENSP00000367878	C11orf49
ENSG00000108684	0.047	ENSP00000225823	ASIC2
ENSG00000112799	0.047	ENSP00000369286	LY86
ENSG00000002933	0.047	ENSP00000417626	TMEM176A
ENSG00000185897	0.047	ENSP00000328230	FFAR3
ENSG00000150783	0.047	ENSP00000280358	TEX12
ENSG00000130803	0.047	ENSP00000247956	ZNF317
	0.047	ENSP00000364163	NOTCH4
ENSG00000175928	0.047	ENSP00000314901	LRRN1
	0.047	ENSP00000342114	ICAM4
ENSG00000171659	0.047	ENSP00000367384	GPR34
ENSG00000006283	0.047	ENSP00000352011	CACNA1G
	0.047	ENSP00000313691	FTMT
	0.047	ENSP00000337510	FBXO40
ENSG00000164300	0.047	ENSP00000426237	SERINC5
ENSG00000187902	0.047	ENSP00000365503	SHISA7
	0.047	ENSP00000483720	ZNF107
	0.047	ENSP00000401907	BMPR1B
ENSG00000119599	0.047	ENSP00000351147	DCAF4
ENSG00000187642	0.047	ENSP00000414022	PERM1
ENSG00000131355	0.047	ENSP00000253673	ADGRE3
	0.047	ENSP00000356363	C1orf53
ENSG00000166341	0.047	ENSP00000299441	DCHS1
ENSG00000139287	0.047	ENSP00000329093	TPH2
ENSG00000151687	0.047	ENSP00000427882	ANKAR
ENSG00000103089	0.047	ENSP00000219368	FA2H
ENSG00000166188	0.047	ENSP00000299237	ZNF319
ENSG00000135913	0.047	ENSP00000258399	USP37
	0.047	ENSP00000339867	CLCN1
ENSG00000140478	0.047	ENSP00000391085	GOLGA6D
	0.047	ENSP00000460380	USP6
ENSG00000125834	0.047	ENSP00000370891	STK35
ENSG00000047597	0.047	ENSP00000367879	XK
	0.047	ENSP00000253796	RAMP2
ENSG00000118526	0.047	ENSP00000356857	TCF21
	0.047	ENSP00000467201	GJC1
ENSG00000205213	0.047	ENSP00000368516	LGR4
	0.047	ENSP00000298050	DEUP1
ENSG00000197429	0.047	ENSP00000379739	IPP
ENSG00000125931	0.047	ENSP00000401764	CITED1
	0.047	ENSP00000364632	BPIFB4
	0.047	ENSP00000363405	SHOC1
ENSG00000198464	0.047	ENSP00000471754	ZNF480
ENSG00000123643	0.047	ENSP00000243389	SLC36A1
ENSG00000220201	0.047	ENSP00000384434	ZGLP1
ENSG00000213413	0.047	ENSP00000316675	PVRIG
	0.047	ENSP00000360961	CT83
	0.047	ENSP00000334441	OR10J5
ENSG00000142973	0.047	ENSP00000360991	CYP4B1
ENSG00000143036	0.047	ENSP00000271227	SLC44A3
ENSG00000105072	0.047	ENSP00000221671	C19orf44
ENSG00000097096	0.047	ENSP00000340594	SYDE2
ENSG00000145217	0.047	ENSP00000354721	SLC26A1
ENSG00000136696	0.047	ENSP00000259213	IL36B
	0.047	ENSP00000498757	CHRNG
ENSG00000101255	0.047	ENSP00000415416	TRIB3
ENSG00000145022	0.047	ENSP00000273590	TCTA
	0.047	ENSP00000233638	TLX2
	0.047	ENSP00000265038	ERCC8
	0.046	ENSP00000306776	CCDC110
ENSG00000198093	0.046	ENSP00000347043	ZNF649
	0.046	ENSP00000363389	PDIK1L
	0.046	ENSP00000414964	CCDC107
ENSG00000182447	0.046	ENSP00000330808	OTOL1
ENSG00000173157	0.046	ENSP00000374071	ADAMTS20
ENSG00000151883	0.046	ENSP00000281631	PARP8
ENSG00000165633	0.046	ENSP00000331062	VSTM4
ENSG00000166405	0.046	ENSP00000308820	RIC3
ENSG00000174939	0.046	ENSP00000311447	ASPHD1
ENSG00000119682	0.046	ENSP00000348714	AREL1
ENSG00000163702	0.046	ENSP00000295981	IL17RC
ENSG00000145721	0.046	ENSP00000274382	LIX1
ENSG00000249471	0.046	ENSP00000337473	ZNF324B
ENSG00000186714	0.046	ENSP00000335325	CCDC73
ENSG00000165966	0.046	ENSP00000384197	PDZRN4
	0.046	ENSP00000451419	DIO2
	0.046	ENSP00000265334	CDKL3
ENSG00000197275	0.046	ENSP00000336606	RAD54B
ENSG00000198870	0.046	ENSP00000361025	STKLD1
	0.046	ENSP00000419457	NOBOX
ENSG00000166523	0.046	ENSP00000299663	CLEC4E
	0.046	ENSP00000412886	CAMTA2
ENSG00000081842	0.046	ENSP00000433378	PCDHA6
ENSG00000215029	0.046	ENSP00000392879	TCP11X2
ENSG00000127129	0.046	ENSP00000361668	EDN2
ENSG00000180884	0.046	ENSP00000385099	ZNF792
ENSG00000100385	0.046	ENSP00000216223	IL2RB
	0.046	ENSP00000293894	SOX8
ENSG00000167625	0.046	ENSP00000301215	ZNF526
	0.046	ENSP00000333660	ZNF571
	0.046	ENSP00000384683	RNASE9
ENSG00000269556	0.046	ENSP00000471932	TMEM185A
	0.046	ENSP00000382474	C22orf39
ENSG00000106692	0.046	ENSP00000223528	FKTN
	0.046	ENSP00000384513	ABCG5
ENSG00000175567	0.046	ENSP00000499695	UCP2
ENSG00000214042	0.046	ENSP00000239347	IFNA7
	0.046	ENSP00000264047	SLC5A7
	0.046	ENSP00000417330	KRTAP5-7
ENSG00000133460	0.046	ENSP00000483038	SLC2A11
ENSG00000188868	0.046	ENSP00000293725	ZNF563
ENSG00000116996	0.046	ENSP00000482304	ZP4
	0.046	ENSP00000466070	LYPD8
ENSG00000198435	0.046	ENSP00000349041	NRARP
	0.046	ENSP00000350162	SYCP2
	0.046	ENSP00000293845	CCDC42
	0.046	ENSP00000362171	NAP1L3
ENSG00000187486	0.046	ENSP00000345708	KCNJ11
ENSG00000204977	0.046	ENSP00000348299	TRIM13
	0.046	ENSP00000472959	ZNF730
ENSG00000165376	0.046	ENSP00000336571	CLDN2
ENSG00000185176	0.046	ENSP00000384894	AQP12B
ENSG00000114933	0.046	ENSP00000384198	INO80D
ENSG00000184497	0.046	ENSP00000364502	TMEM255B
ENSG00000119986	0.046	ENSP00000359660	AVPI1
ENSG00000102312	0.046	ENSP00000322304	PORCN
ENSG00000156006	0.046	ENSP00000286479	NAT2
	0.046	ENSP00000343366	VSTM1
ENSG00000106069	0.045	ENSP00000222792	CHN2
ENSG00000184887	0.045	ENSP00000376337	BTBD6
	0.045	ENSP00000492019	SPATA1
ENSG00000160593	0.045	ENSP00000348635	JAML
ENSG00000169507	0.045	ENSP00000386272	SLC38A11
ENSG00000140030	0.045	ENSP00000267549	GPR65
	0.045	ENSP00000456927	GOLGA8M
ENSG00000108370	0.045	ENSP00000262406	RGS9
ENSG00000160963	0.045	ENSP00000318234	COL26A1
ENSG00000103569	0.045	ENSP00000219919	AQP9
	0.045	ENSP00000357409	DCST2
ENSG00000160188	0.045	ENSP00000291536	RSPH1
	0.045	ENSP00000366826	ANKRD20A2
	0.045	ENSP00000384708	FSHR
ENSG00000100298	0.045	ENSP00000385741	APOBEC3H
ENSG00000111537	0.045	ENSP00000229135	IFNG
ENSG00000019995	0.045	ENSP00000352676	ZRANB1
ENSG00000125089	0.045	ENSP00000245105	SH3TC1
ENSG00000178917	0.045	ENSP00000389841	ZNF852
ENSG00000163312	0.045	ENSP00000295488	HELQ
ENSG00000189127	0.045	ENSP00000339802	ANKRD34B
	0.045	ENSP00000251102	CNGB1
	0.045	ENSP00000367664	OR4A5
ENSG00000091128	0.045	ENSP00000373433	LAMB4
ENSG00000064218	0.045	ENSP00000190165	DMRT3
ENSG00000067365	0.045	ENSP00000371345	METTL22
ENSG00000154099	0.045	ENSP00000367815	DNAAF1
ENSG00000163064	0.045	ENSP00000295206	EN1
ENSG00000102021	0.045	ENSP00000360988	LUZP4
ENSG00000198799	0.045	ENSP00000355396	LRIG2
ENSG00000009694	0.045	ENSP00000403954	TENM1
	0.045	ENSP00000432504	ZNF202
	0.045	ENSP00000396915	SCN1B
ENSG00000197619	0.045	ENSP00000471041	ZNF615
	0.045	ENSP00000310880	MAL
ENSG00000134253	0.045	ENSP00000256649	TRIM45
ENSG00000113231	0.045	ENSP00000264917	PDE8B
ENSG00000198569	0.045	ENSP00000442397	SLC34A3
	0.045	ENSP00000332591	NPY2R
ENSG00000125735	0.045	ENSP00000469049	TNFSF14
ENSG00000178403	0.045	ENSP00000317333	NEUROG2
	0.045	ENSP00000303706	CDC25A
ENSG00000266338	0.045	ENSP00000462600	NBPF15
ENSG00000164484	0.045	ENSP00000376224	TMEM200A
ENSG00000174016	0.045	ENSP00000443410	TENT5D
ENSG00000140450	0.045	ENSP00000268042	ARRDC4
ENSG00000165555	0.045	ENSP00000370215	NOXRED1
ENSG00000162650	0.045	ENSP00000358886	ATXN7L2
ENSG00000112486	0.045	ENSP00000343952	CCR6
ENSG00000255423	0.045	ENSP00000432104	EBLN2
ENSG00000167178	0.045	ENSP00000355402	ISLR2
ENSG00000142065	0.045	ENSP00000270001	ZFP14
	0.045	ENSP00000482325	ANKRD20A3
ENSG00000127412	0.045	ENSP00000265310	TRPV5
	0.045	ENSP00000348308	MMP23B
ENSG00000126353	0.045	ENSP00000246657	CCR7
ENSG00000226479	0.045	ENSP00000453399	TMEM185B
ENSG00000119457	0.045	ENSP00000363345	SLC46A2
ENSG00000175395	0.045	ENSP00000302222	ZNF25
	0.045	ENSP00000008391	TFAP2D
ENSG00000143001	0.045	ENSP00000360315	TMEM61
ENSG00000133302	0.045	ENSP00000265140	SLF1
ENSG00000148483	0.045	ENSP00000366715	TMEM236
	0.044	ENSP00000493014	OR8B8
ENSG00000145309	0.044	ENSP00000273936	CABS1
ENSG00000105865	0.044	ENSP00000265720	DUS4L
	0.044	ENSP00000461425	ZNF66
	0.044	ENSP00000279168	GPHA2
	0.044	ENSP00000498217	ALX4
ENSG00000163530	0.044	ENSP00000417710	DPPA2
	0.044	ENSP00000304501	ADORA2B
ENSG00000213903	0.044	ENSP00000380008	LTB4R
ENSG00000121297	0.044	ENSP00000240587	TSHZ3
ENSG00000188033	0.044	ENSP00000311521	ZNF490
ENSG00000170989	0.044	ENSP00000305416	S1PR1
ENSG00000188729	0.044	ENSP00000342356	OSTN
ENSG00000141449	0.044	ENSP00000464162	GREB1L
ENSG00000182224	0.044	ENSP00000331479	CYB5D1
ENSG00000095627	0.044	ENSP00000251864	TDRD1
ENSG00000151067	0.044	ENSP00000266376	CACNA1C
ENSG00000182040	0.044	ENSP00000480279	USH1G
ENSG00000112238	0.044	ENSP00000358217	PRDM13
	0.044	ENSP00000475025	TLCD4-RWDD3
	0.044	ENSP00000217169	BIRC7
	0.044	ENSP00000277309	OR1K1
ENSG00000170537	0.044	ENSP00000455041	TMC7
ENSG00000172689	0.044	ENSP00000311862	MS4A10
	0.044	ENSP00000357798	MMP21
	0.044	ENSP00000359215	TLX1
ENSG00000164627	0.044	ENSP00000287152	KIF6
	0.044	ENSP00000349208	PIWIL2
ENSG00000179044	0.044	ENSP00000325674	EXOC3L1
	0.044	ENSP00000374359	ZXDC
	0.044	ENSP00000332293	ASCL2
	0.044	ENSP00000411013	TMPRSS3
ENSG00000215853	0.044	ENSP00000317895	RPTN
ENSG00000151650	0.044	ENSP00000357556	VENTX
ENSG00000129646	0.044	ENSP00000262765	QRICH2
ENSG00000142166	0.044	ENSP00000270139	IFNAR1
ENSG00000144355	0.044	ENSP00000354478	DLX1
ENSG00000092931	0.044	ENSP00000464932	MFSD11
	0.044	ENSP00000479542	KIZ
ENSG00000124731	0.044	ENSP00000244709	TREM1
	0.044	ENSP00000340841	ZNF621
	0.044	ENSP00000270235	NTN5
ENSG00000255150	0.044	ENSP00000435619	EID3
	0.044	ENSP00000261318	C12orf49
	0.044	ENSP00000328487	CCDC87
ENSG00000101204	0.044	ENSP00000359285	CHRNA4
ENSG00000136122	0.044	ENSP00000479266	BORA
	0.044	ENSP00000215530	FGF22
ENSG00000073598	0.044	ENSP00000158009	FNDC8
ENSG00000233816	0.044	ENSP00000480467	IFNA13
	0.044	ENSP00000489061	C1GALT1C1L
ENSG00000077713	0.044	ENSP00000217909	SLC25A43
ENSG00000184945	0.044	ENSP00000405899	AQP12A
ENSG00000152669	0.044	ENSP00000282572	CCNO
	0.044	ENSP00000362690	NR5A1
ENSG00000144061	0.044	ENSP00000313169	NPHP1
ENSG00000229292	0.044	ENSP00000345151	RFPL4AL1
ENSG00000111087	0.044	ENSP00000228682	GLI1
ENSG00000169181	0.044	ENSP00000394954	GSG1L
ENSG00000181007	0.044	ENSP00000431265	ZFP82
ENSG00000132003	0.044	ENSP00000254323	ZSWIM4
ENSG00000053524	0.044	ENSP00000328118	MCF2L2
	0.044	ENSP00000321797	FGF8
ENSG00000120322	0.044	ENSP00000239444	PCDHB8
	0.044	ENSP00000321804	PAQR4
	0.044	ENSP00000369318	RHOBTB3
ENSG00000145002	0.044	ENSP00000262365	FAM86B2
	0.043	ENSP00000354213	HS3ST3B1
	0.043	ENSP00000414922	USP41
ENSG00000160097	0.043	ENSP00000362570	FNDC5
	0.043	ENSP00000470239	ZNF836
ENSG00000135312	0.043	ENSP00000358963	HTR1B
ENSG00000163132	0.043	ENSP00000372170	MSX1
	0.043	ENSP00000406318	ZNF880
ENSG00000075461	0.043	ENSP00000262138	CACNG4
	0.043	ENSP00000272452	SULT1C4
ENSG00000167619	0.043	ENSP00000301204	TMEM145
ENSG00000134216	0.043	ENSP00000358755	CHIA
ENSG00000185002	0.043	ENSP00000332208	RFX6
ENSG00000158553	0.043	ENSP00000392726	POM121L2
ENSG00000124449	0.043	ENSP00000244314	IRGC
ENSG00000170498	0.043	ENSP00000356162	KISS1
ENSG00000126460	0.043	ENSP00000246794	PRRG2
	0.043	ENSP00000342002	ZNF93
ENSG00000183837	0.043	ENSP00000469445	PNMA3
ENSG00000134539	0.043	ENSP00000338130	KLRD1
	0.043	ENSP00000379143	ZNF32
ENSG00000141748	0.043	ENSP00000269586	ARL5C
ENSG00000221829	0.043	ENSP00000367910	FANCG
ENSG00000249853	0.043	ENSP00000427888	HS3ST5
ENSG00000165685	0.043	ENSP00000371348	TMEM52B
ENSG00000147324	0.043	ENSP00000276282	MFHAS1
ENSG00000100652	0.043	ENSP00000216540	SLC10A1
	0.043	ENSP00000368667	DDX53
	0.043	ENSP00000480079	ENSP00000480079
	0.043	ENSP00000480556	ZNF718
	0.043	ENSP00000384593	GAREM2
ENSG00000074621	0.043	ENSP00000261892	SLC24A1
	0.043	ENSP00000288710	DRC1
	0.043	ENSP00000385098	FLACC1
	0.043	ENSP00000390564	SLC16A5
ENSG00000187815	0.043	ENSP00000361791	ZFP69
ENSG00000176566	0.043	ENSP00000316496	DCAF4L2
ENSG00000136932	0.043	ENSP00000364260	TRMO
ENSG00000125851	0.043	ENSP00000262545	PCSK2
ENSG00000149548	0.043	ENSP00000341684	CCDC15
	0.043	ENSP00000438815	OR13C2
ENSG00000105877	0.043	ENSP00000475939	DNAH11
	0.043	ENSP00000369863	TLCD3B
	0.043	ENSP00000290472	PLA2G4D
	0.043	ENSP00000356211	TMEM183A
	0.043	ENSP00000327538	ZNF534
ENSG00000138193	0.043	ENSP00000360431	PLCE1
ENSG00000274286	0.043	ENSP00000480573	ADRA2B
ENSG00000123119	0.043	ENSP00000387380	NECAB1
	0.043	ENSP00000356912	SPATA46
	0.043	ENSP00000358802	KCNC4
ENSG00000127743	0.043	ENSP00000261796	IL17B
ENSG00000165138	0.043	ENSP00000297837	ANKS6
ENSG00000178694	0.043	ENSP00000318986	NSUN3
ENSG00000141316	0.043	ENSP00000269053	SPACA3
ENSG00000183145	0.043	ENSP00000331734	RIPPLY3
	0.043	ENSP00000305631	NXNL1
	0.043	ENSP00000428864	CES5A
ENSG00000137261	0.042	ENSP00000367459	KIAA0319
ENSG00000102195	0.042	ENSP00000218316	GPR50
ENSG00000154438	0.042	ENSP00000284629	ASZ1
	0.042	ENSP00000265840	ELMOD1
	0.042	ENSP00000368805	GCM2
ENSG00000113749	0.042	ENSP00000366506	HRH2
ENSG00000010319	0.042	ENSP00000231721	SEMA3G
	0.042	ENSP00000294889	C1orf115
ENSG00000186526	0.042	ENSP00000477567	CYP4F8
ENSG00000102383	0.042	ENSP00000362465	ZDHHC15
ENSG00000198892	0.042	ENSP00000355064	SHISA4
ENSG00000105507	0.042	ENSP00000293255	CABP5
ENSG00000137968	0.042	ENSP00000359892	SLC44A5
ENSG00000167895	0.042	ENSP00000325561	TMC8
ENSG00000107779	0.042	ENSP00000361107	BMPR1A
ENSG00000140876	0.042	ENSP00000268533	NUDT7
	0.042	ENSP00000255688	PLAAT4
ENSG00000131183	0.042	ENSP00000321424	SLC34A1
ENSG00000164808	0.042	ENSP00000297423	SPIDR
	0.042	ENSP00000479745	PRSS56
ENSG00000040487	0.042	ENSP00000364295	SLC66A1
ENSG00000091428	0.042	ENSP00000380271	RAPGEF4
ENSG00000011677	0.042	ENSP00000359337	GABRA3
ENSG00000185614	0.042	ENSP00000498241	INKA1
ENSG00000163632	0.042	ENSP00000295896	C3orf49
ENSG00000137857	0.042	ENSP00000317997	DUOX1
ENSG00000116014	0.042	ENSP00000234371	KISS1R
	0.042	ENSP00000335042	ZNF486
ENSG00000164089	0.042	ENSP00000296486	ETNPPL
ENSG00000179833	0.042	ENSP00000326933	SERTAD2
	0.042	ENSP00000301466	SOAT2
	0.042	ENSP00000349891	ANKRD20A4
	0.042	ENSP00000240687	TAS2R7
ENSG00000184675	0.042	ENSP00000364003	AMER1
	0.042	ENSP00000308937	PMP22
ENSG00000122483	0.042	ENSP00000343377	CCDC18
ENSG00000153558	0.042	ENSP00000417601	FBXL2
ENSG00000147145	0.042	ENSP00000408205	LPAR4
ENSG00000196670	0.042	ENSP00000423820	ZFP62
ENSG00000197037	0.042	ENSP00000377708	ZSCAN25
ENSG00000135541	0.042	ENSP00000265602	AHI1
	0.042	ENSP00000490517	C13orf42
ENSG00000197487	0.042	ENSP00000349884	GALP
ENSG00000169402	0.042	ENSP00000384766	RSPH10B2
ENSG00000155026	0.042	ENSP00000385443	RSPH10B
	0.042	ENSP00000330148	GRID1
ENSG00000159792	0.042	ENSP00000291041	PSKH1
ENSG00000177675	0.042	ENSP00000393474	CD163L1
ENSG00000065308	0.042	ENSP00000182527	TRAM2
	0.042	ENSP00000336661	LRRC71
ENSG00000001626	0.042	ENSP00000003084	CFTR
	0.042	ENSP00000392204	KLLN
	0.042	ENSP00000335567	KRTAP19-4
	0.042	ENSP00000296870	IL3
	0.042	ENSP00000334246	CYP4Z1
ENSG00000113594	0.042	ENSP00000398368	LIFR
ENSG00000179862	0.042	ENSP00000361721	CITED4
ENSG00000151572	0.042	ENSP00000376703	ANO4
	0.042	ENSP00000357199	RRNAD1
ENSG00000149133	0.042	ENSP00000278409	OR5F1
ENSG00000155087	0.042	ENSP00000285402	ODF1
ENSG00000148120	0.042	ENSP00000364464	AOPEP
ENSG00000102387	0.042	ENSP00000361998	TAF7L
ENSG00000188277	0.042	ENSP00000341178	C15orf62
	0.042	ENSP00000485577	OR1B1
	0.042	ENSP00000330875	FANCF
ENSG00000257446	0.042	ENSP00000447931	ZNF878
	0.042	ENSP00000494172	ENSP00000494172
	0.042	ENSP00000498702	GPR68
ENSG00000180257	0.042	ENSP00000350295	ZNF816
	0.042	ENSP00000493217	OR5B3
ENSG00000242389	0.042	ENSP00000372105	RBMY1E
	0.042	ENSP00000356990	KLHDC9
ENSG00000041988	0.042	ENSP00000054650	THAP3
ENSG00000119685	0.042	ENSP00000298832	TTLL5
ENSG00000187527	0.042	ENSP00000341942	ATP13A5
ENSG00000109046	0.042	ENSP00000262394	WSB1
ENSG00000115604	0.042	ENSP00000387211	IL18R1
ENSG00000254245	0.042	ENSP00000253812	PCDHGA3
ENSG00000118620	0.042	ENSP00000261560	ZNF430
ENSG00000111181	0.042	ENSP00000399136	SLC6A12
ENSG00000157551	0.042	ENSP00000381911	KCNJ15
ENSG00000182463	0.041	ENSP00000360552	TSHZ2
ENSG00000137941	0.041	ENSP00000260505	TTLL7
	0.041	ENSP00000272224	GDF7
	0.041	ENSP00000386049	MBD5
ENSG00000204314	0.041	ENSP00000211413	PRRT1
ENSG00000169760	0.041	ENSP00000392500	NLGN1
ENSG00000100490	0.041	ENSP00000379176	CDKL1
ENSG00000103269	0.041	ENSP00000219551	RHBDL1
ENSG00000157470	0.041	ENSP00000288228	FAM81A
ENSG00000181733	0.041	ENSP00000493322	OR2Z1
ENSG00000165259	0.041	ENSP00000362272	HDX
ENSG00000164161	0.041	ENSP00000296575	HHIP
	0.041	ENSP00000306340	CDKL2
ENSG00000171522	0.041	ENSP00000302846	PTGER4
ENSG00000151952	0.041	ENSP00000408581	TMEM132D
ENSG00000175619	0.041	ENSP00000311605	OR4B1
ENSG00000104886	0.041	ENSP00000464955	PLEKHJ1
ENSG00000260691	0.041	ENSP00000477695	ANKRD20A1
ENSG00000077063	0.041	ENSP00000160373	CTTNBP2
ENSG00000198146	0.041	ENSP00000348673	ZNF770
	0.041	ENSP00000470209	ZNF257
ENSG00000159871	0.041	ENSP00000367185	LYPD5
ENSG00000115827	0.041	ENSP00000364404	DCAF17
	0.041	ENSP00000386962	CATSPERG
ENSG00000100312	0.041	ENSP00000216139	ACR
ENSG00000221963	0.041	ENSP00000386280	APOL6
	0.041	ENSP00000493999	ENSP00000493999
ENSG00000184378	0.041	ENSP00000333037	ACTRT3
ENSG00000137727	0.041	ENSP00000260283	ARHGAP20
ENSG00000164683	0.041	ENSP00000338272	HEY1
ENSG00000244395	0.041	ENSP00000372127	RBMY1D
ENSG00000234414	0.041	ENSP00000372154	RBMY1A1
	0.041	ENSP00000491070	C17orf100
	0.041	ENSP00000246115	S1PR4
ENSG00000168661	0.041	ENSP00000403441	ZNF30
ENSG00000070748	0.041	ENSP00000337103	CHAT
ENSG00000217236	0.041	ENSP00000378418	SP9
ENSG00000226372	0.041	ENSP00000405222	DCAF8L1
	0.041	ENSP00000352846	ZNF808
ENSG00000143552	0.041	ENSP00000357547	NUP210L
ENSG00000119915	0.041	ENSP00000359022	ELOVL3
	0.041	ENSP00000263610	BARHL1
ENSG00000197329	0.041	ENSP00000351789	PELI1
ENSG00000070018	0.041	ENSP00000261349	LRP6
	0.041	ENSP00000219596	MEFV
ENSG00000102290	0.041	ENSP00000362186	PCDH11X
	0.041	ENSP00000398617	FAM71E2
ENSG00000183060	0.041	ENSP00000342840	LYSMD4
	0.041	ENSP00000253968	BARX1
	0.041	ENSP00000293897	SSTR5
ENSG00000248487	0.041	ENSP00000273596	ABHD14A
	0.041	ENSP00000459216	ZNF578
ENSG00000144504	0.041	ENSP00000385887	ANKMY1
	0.041	ENSP00000371929	HTR3D
ENSG00000214357	0.041	ENSP00000358815	NEURL1B
	0.041	ENSP00000383089	TPTE2
ENSG00000214050	0.041	ENSP00000369604	FBXO16
ENSG00000185519	0.041	ENSP00000364814	FAM131C
ENSG00000139946	0.041	ENSP00000267460	PELI2
	0.041	ENSP00000320951	DEFB103A
	0.041	ENSP00000324633	DEFB103B
ENSG00000124459	0.041	ENSP00000269973	ZNF45
	0.041	ENSP00000325638	PRM3
ENSG00000176473	0.041	ENSP00000334148	WDR25
ENSG00000090104	0.041	ENSP00000356429	RGS1
	0.041	ENSP00000493410	OR2L2
ENSG00000152977	0.041	ENSP00000282928	ZIC1
ENSG00000156140	0.041	ENSP00000286657	ADAMTS3
ENSG00000115226	0.041	ENSP00000264703	FNDC4
	0.04	ENSP00000375688	C19orf48
ENSG00000235863	0.04	ENSP00000390784	B3GALT4
	0.04	ENSP00000485547	ZNF735
ENSG00000196263	0.04	ENSP00000309161	ZNF471
ENSG00000181315	0.04	ENSP00000482607	ZNF322
	0.04	ENSP00000422338	ATPSCKMT
ENSG00000168081	0.04	ENSP00000301908	PNOC
ENSG00000236699	0.04	ENSP00000416125	ARHGEF38
	0.04	ENSP00000302216	ATOH1
	0.04	ENSP00000387303	TDRD9
ENSG00000113209	0.04	ENSP00000231134	PCDHB5
	0.04	ENSP00000329200	STAC3
ENSG00000132357	0.04	ENSP00000254691	CARD6
	0.04	ENSP00000318956	OR52K2
ENSG00000184381	0.04	ENSP00000333142	PLA2G6
ENSG00000171469	0.04	ENSP00000303915	ZNF561
ENSG00000253250	0.04	ENSP00000454561	C8orf88
	0.04	ENSP00000317671	C12orf40
ENSG00000185338	0.04	ENSP00000496577	SOCS1
ENSG00000113070	0.04	ENSP00000230990	HBEGF
	0.04	ENSP00000495614	CHN2-2
ENSG00000166924	0.04	ENSP00000300179	NYAP1
ENSG00000212123	0.04	ENSP00000407653	PRR22
ENSG00000242875	0.04	ENSP00000372484	RBMY1B
	0.04	ENSP00000484862	ADAM29
	0.04	ENSP00000331600	GPR173
ENSG00000141013	0.04	ENSP00000268699	GAS8
ENSG00000146409	0.04	ENSP00000275227	SLC18B1
ENSG00000006194	0.04	ENSP00000219069	ZNF263
ENSG00000178295	0.04	ENSP00000370653	GEN1
	0.04	ENSP00000349459	SPINK14
ENSG00000213988	0.04	ENSP00000410466	ZNF90
	0.04	ENSP00000426741	B4DXG7_HUMAN
ENSG00000065923	0.04	ENSP00000480916	SLC9A7
ENSG00000010295	0.04	ENSP00000482285	IFFO1
ENSG00000186496	0.04	ENSP00000466500	ZNF396
ENSG00000171402	0.04	ENSP00000303061	XAGE3
	0.04	ENSP00000393835	ZNF506
ENSG00000139974	0.04	ENSP00000346959	SLC38A6
ENSG00000152822	0.04	ENSP00000282753	GRM1
ENSG00000100206	0.04	ENSP00000216024	DMC1
ENSG00000159917	0.04	ENSP00000291182	ZNF235
ENSG00000175215	0.04	ENSP00000381148	CTDSP2
ENSG00000177873	0.04	ENSP00000411132	ZNF619
	0.04	ENSP00000410852	TMEM132C
ENSG00000186190	0.04	ENSP00000364643	BPIFB3
	0.04	ENSP00000413445	KIAA1324L
	0.04	ENSP00000354497	FAN1
	0.04	ENSP00000457748	RGSL1
ENSG00000009413	0.04	ENSP00000351697	REV3L
	0.04	ENSP00000386292	NEMP2
ENSG00000177558	0.04	ENSP00000323355	FAM187B
ENSG00000181552	0.04	ENSP00000314810	EDDM3B
ENSG00000156381	0.04	ENSP00000286918	ANKRD9
ENSG00000162757	0.04	ENSP00000294811	C1orf74
ENSG00000188710	0.04	ENSP00000485512	QRFP
	0.04	ENSP00000464577	OTOP3
	0.04	ENSP00000480744	ZNF385C
ENSG00000226763	0.04	ENSP00000476253	SRRM5
ENSG00000197217	0.04	ENSP00000351520	ENTPD4
	0.04	ENSP00000258439	TMEM127
ENSG00000178234	0.04	ENSP00000416787	GALNT11
ENSG00000179111	0.04	ENSP00000446205	HES7
ENSG00000165152	0.04	ENSP00000363984	PGAP4
ENSG00000164761	0.04	ENSP00000297350	TNFRSF11B
ENSG00000166006	0.04	ENSP00000449253	KCNC2
ENSG00000158201	0.04	ENSP00000289119	ABHD3
	0.04	ENSP00000272164	WNT9A
ENSG00000197705	0.039	ENSP00000352314	KLHL14
	0.039	ENSP00000428878	ZNF721
	0.039	ENSP00000375248	BHLHA9
ENSG00000144057	0.039	ENSP00000386942	ST6GAL2
ENSG00000167981	0.039	ENSP00000301744	ZNF597
	0.039	ENSP00000413079	MICA
	0.039	ENSP00000396379	ZNF302
ENSG00000198765	0.039	ENSP00000358535	SYCP1
	0.039	ENSP00000356104	PM20D1
ENSG00000177042	0.039	ENSP00000380646	TMEM80
	0.039	ENSP00000346534	SCN8A
	0.039	ENSP00000221444	KCNA7
ENSG00000189367	0.039	ENSP00000435150	KIAA0408
ENSG00000198797	0.039	ENSP00000354481	BRINP2
ENSG00000182676	0.039	ENSP00000331065	PPP1R27
	0.039	ENSP00000382120	AIFM3
	0.039	ENSP00000488257	MAGEB6B
	0.039	ENSP00000288490	DGKI
	0.039	ENSP00000282869	ZNF117
ENSG00000138435	0.039	ENSP00000261007	CHRNA1
ENSG00000186364	0.039	ENSP00000334437	NUDT17
ENSG00000166106	0.039	ENSP00000299164	ADAMTS15
ENSG00000188038	0.039	ENSP00000342411	NRN1L
ENSG00000183691	0.039	ENSP00000328181	NOG
	0.039	ENSP00000335025	OR5D18
ENSG00000125965	0.039	ENSP00000363492	GDF5
ENSG00000188582	0.039	ENSP00000341564	PAQR9
	0.039	ENSP00000493107	OR1M1
	0.039	ENSP00000302260	VXN
	0.039	ENSP00000416809	ZNF679
ENSG00000111254	0.039	ENSP00000228850	AKAP3
	0.039	ENSP00000386923	LYG1
ENSG00000170122	0.039	ENSP00000371940	FOXD4
ENSG00000154645	0.039	ENSP00000299295	CHODL
ENSG00000197385	0.039	ENSP00000373274	ZNF860
	0.039	ENSP00000419654	DENND2A
ENSG00000205838	0.039	ENSP00000422188	TTC23L
ENSG00000196660	0.039	ENSP00000355893	SLC30A10
ENSG00000171596	0.039	ENSP00000305877	NMUR1
ENSG00000133454	0.039	ENSP00000386096	MYO18B
ENSG00000142273	0.039	ENSP00000494162	CBLC
ENSG00000197857	0.039	ENSP00000348419	ZNF44
ENSG00000215883	0.039	ENSP00000434343	CYB5RL
	0.039	ENSP00000043402	RTN4R
ENSG00000088836	0.039	ENSP00000369399	SLC4A11
ENSG00000147206	0.039	ENSP00000378504	NXF3
ENSG00000196150	0.039	ENSP00000292579	ZNF250
ENSG00000182415	0.039	ENSP00000402280	CDY2A
ENSG00000129873	0.039	ENSP00000441273	CDY2B
ENSG00000173621	0.039	ENSP00000312535	LRFN4
ENSG00000109066	0.039	ENSP00000334849	TMEM104
	0.039	ENSP00000495242	MYO15B
ENSG00000171067	0.039	ENSP00000307264	C11orf24
	0.039	ENSP00000329803	ZAR1
	0.039	ENSP00000382083	COL25A1
	0.039	ENSP00000323847	ARL14
ENSG00000110925	0.039	ENSP00000228515	CSRNP2
ENSG00000008226	0.039	ENSP00000308597	DLEC1
ENSG00000145860	0.039	ENSP00000430955	RNF145
	0.039	ENSP00000355155	GRIN3A
ENSG00000158966	0.039	ENSP00000290039	CACHD1
ENSG00000226941	0.039	ENSP00000250831	RBMY1J
ENSG00000169800	0.039	ENSP00000307155	RBMY1F
ENSG00000163633	0.039	ENSP00000295898	C4orf36
	0.039	ENSP00000420949	ENSP00000420949
ENSG00000170370	0.039	ENSP00000450962	EMX2
	0.039	ENSP00000355719	PRSS38
ENSG00000112333	0.039	ENSP00000357979	NR2E1
ENSG00000172940	0.039	ENSP00000310241	SLC22A13
ENSG00000159208	0.039	ENSP00000290363	CIART
ENSG00000233803	0.039	ENSP00000372471	TSPY4
ENSG00000236424	0.039	ENSP00000397151	TSPY10
ENSG00000228927	0.039	ENSP00000412988	TSPY3
ENSG00000196664	0.039	ENSP00000370034	TLR7
	0.039	ENSP00000360502	PDE6C
	0.039	ENSP00000446916	PRSS58
	0.039	ENSP00000498499	CTC1
ENSG00000180336	0.039	ENSP00000386452	MEIOC
ENSG00000145248	0.039	ENSP00000273861	SLC10A4
	0.039	ENSP00000333234	DEFB108B
ENSG00000162572	0.039	ENSP00000368411	SCNN1D
ENSG00000084734	0.039	ENSP00000264717	GCKR
ENSG00000070601	0.038	ENSP00000444411	FRMPD1
ENSG00000271605	0.038	ENSP00000482801	MILR1
ENSG00000214226	0.038	ENSP00000380959	C17orf67
ENSG00000198746	0.038	ENSP00000354645	GPATCH3
ENSG00000134780	0.038	ENSP00000257215	DAGLA
ENSG00000177182	0.038	ENSP00000428402	CLVS1
	0.038	ENSP00000310632	OR8S1
ENSG00000178385	0.038	ENSP00000417003	PLEKHM3
ENSG00000136630	0.038	ENSP00000355870	HLX
ENSG00000196659	0.038	ENSP00000386181	TTC30B
	0.038	ENSP00000455826	GOLGA8T
ENSG00000088876	0.038	ENSP00000482819	ZNF343
ENSG00000196418	0.038	ENSP00000440365	ZNF124
ENSG00000205927	0.038	ENSP00000331040	OLIG2
ENSG00000169618	0.038	ENSP00000303775	PROKR1
ENSG00000138381	0.038	ENSP00000260952	ASNSD1
ENSG00000144230	0.038	ENSP00000442982	GPR17
ENSG00000129028	0.038	ENSP00000249861	THAP10
ENSG00000219200	0.038	ENSP00000449500	RNASEK
ENSG00000137075	0.038	ENSP00000259605	RNF38
ENSG00000180730	0.038	ENSP00000313079	SHISA2
	0.038	ENSP00000413632	MCMDC2
	0.038	ENSP00000494306	ZNF723
	0.038	ENSP00000493222	OR6C2
ENSG00000135622	0.038	ENSP00000350547	SEMA4F
ENSG00000186666	0.038	ENSP00000335201	BCDIN3D
ENSG00000156787	0.038	ENSP00000287380	TBC1D31
ENSG00000173281	0.038	ENSP00000308318	PPP1R3B
	0.038	ENSP00000314484	MEIOB
	0.038	ENSP00000295454	GABRB1
ENSG00000184814	0.038	ENSP00000328768	PRR23B
ENSG00000204179	0.038	ENSP00000363459	PTPN20
ENSG00000118263	0.038	ENSP00000309570	KLF7
	0.038	ENSP00000295824	EFHB
	0.038	ENSP00000491846	TAF11L11
	0.038	ENSP00000368682	PHEX
	0.038	ENSP00000305334	FSTL5
ENSG00000144891	0.038	ENSP00000398832	AGTR1
	0.038	ENSP00000360538	FFAR4
ENSG00000170075	0.038	ENSP00000356251	GPR37L1
	0.038	ENSP00000499185	ENC1
ENSG00000183977	0.038	ENSP00000373702	PP2D1
	0.038	ENSP00000477118	V9GYV3_HUMAN
	0.038	ENSP00000314946	RPRM
ENSG00000114405	0.038	ENSP00000418086	C3orf14
ENSG00000143147	0.038	ENSP00000441039	GPR161
ENSG00000157999	0.038	ENSP00000386502	ANKRD61
ENSG00000083454	0.038	ENSP00000225328	P2RX5
	0.038	ENSP00000261655	RIMBP2
ENSG00000144451	0.038	ENSP00000332592	SPAG16
ENSG00000008516	0.038	ENSP00000337816	MMP25
	0.038	ENSP00000276127	CPXCR1
	0.038	ENSP00000356545	CACNA1E
ENSG00000130338	0.038	ENSP00000356064	TULP4
ENSG00000037965	0.038	ENSP00000040584	HOXC8
ENSG00000137821	0.038	ENSP00000453273	LRRC49
ENSG00000185112	0.038	ENSP00000371397	FAM43A
ENSG00000168757	0.038	ENSP00000372512	TSPY2
ENSG00000171291	0.038	ENSP00000305077	ZNF439
	0.038	ENSP00000259241	HS6ST1
	0.038	ENSP00000463254	CCDC178
ENSG00000122254	0.038	ENSP00000261374	HS3ST2
	0.038	ENSP00000469474	CCDC177
	0.038	ENSP00000370713	ADARB2
ENSG00000196597	0.038	ENSP00000419397	ZNF782
ENSG00000103534	0.038	ENSP00000379531	TMC5
	0.038	ENSP00000289269	PCDHAC2
	0.038	ENSP00000456401	GOLGA8J
	0.038	ENSP00000310688	ABCD2
ENSG00000186912	0.038	ENSP00000363643	P2RY4
	0.037	ENSP00000376647	MAP3K19
	0.037	ENSP00000357682	FANK1
	0.037	ENSP00000433646	C10orf113
	0.037	ENSP00000357308	CENPW
	0.037	ENSP00000379310	CASC1
ENSG00000197629	0.037	ENSP00000354335	MPEG1
ENSG00000159263	0.037	ENSP00000290399	SIM2
ENSG00000139160	0.037	ENSP00000350353	ETFBKMT
	0.037	ENSP00000436424	OR4D10
ENSG00000123810	0.037	ENSP00000243578	B9D2
	0.037	ENSP00000337014	HJV
ENSG00000175711	0.037	ENSP00000319979	B3GNTL1
	0.037	ENSP00000299320	C16orf71
ENSG00000134917	0.037	ENSP00000257359	ADAMTS8
ENSG00000136114	0.037	ENSP00000258613	THSD1
	0.037	ENSP00000363417	SLC7A3
ENSG00000154529	0.037	ENSP00000478671	CNTNAP3B
ENSG00000120784	0.037	ENSP00000343581	ZFP30
ENSG00000007376	0.037	ENSP00000455026	RPUSD1
ENSG00000184949	0.037	ENSP00000348086	FAM227A
ENSG00000162641	0.037	ENSP00000359018	AKNAD1
	0.037	ENSP00000221399	TULP2
	0.037	ENSP00000362464	GJB3
	0.037	ENSP00000492752	LINC02218
	0.037	ENSP00000466477	TSSK6
	0.037	ENSP00000345972	FYB2
	0.037	ENSP00000332737	UNC5A
ENSG00000162782	0.037	ENSP00000406052	TDRD5
	0.037	ENSP00000398789	SNX13
ENSG00000124089	0.037	ENSP00000243911	MC3R
ENSG00000132207	0.037	ENSP00000251303	SLX1A
ENSG00000181625	0.037	ENSP00000328940	SLX1B
ENSG00000158691	0.037	ENSP00000354305	ZSCAN12
	0.037	ENSP00000261177	TSPAN11
ENSG00000204952	0.037	ENSP00000367319	FBXO47
ENSG00000130518	0.037	ENSP00000376213	IQCN
ENSG00000159184	0.037	ENSP00000290295	HOXB13
ENSG00000197124	0.037	ENSP00000380351	ZNF682
ENSG00000196793	0.037	ENSP00000307774	ZNF239
	0.037	ENSP00000296600	ZNF474
	0.037	ENSP00000262487	ISM1
	0.037	ENSP00000327950	C19orf71
	0.037	ENSP00000315295	KIAA1549L
ENSG00000171433	0.037	ENSP00000302552	GLOD5
ENSG00000180483	0.037	ENSP00000365492	DEFB119
ENSG00000185621	0.037	ENSP00000410926	LMLN
ENSG00000174946	0.037	ENSP00000308479	GPR171
	0.037	ENSP00000420237	CPA5
ENSG00000166049	0.037	ENSP00000359382	PASD1
	0.037	ENSP00000367219	OR13J1
	0.037	ENSP00000373691	DUOX2
	0.037	ENSP00000373583	STPG3
ENSG00000161681	0.037	ENSP00000293441	SHANK1
ENSG00000146399	0.037	ENSP00000275216	TAAR1
ENSG00000118971	0.037	ENSP00000261254	CCND2
ENSG00000185271	0.037	ENSP00000341549	KLHL33
	0.037	ENSP00000275198	TAAR6
	0.037	ENSP00000493295	OR2A5
ENSG00000152467	0.037	ENSP00000282326	ZSCAN1
	0.037	ENSP00000471593	ZNF728
ENSG00000157060	0.037	ENSP00000356518	SHCBP1L
ENSG00000135392	0.037	ENSP00000350223	DNAJC14
ENSG00000105556	0.037	ENSP00000264819	MIER2
	0.037	ENSP00000402760	SLC22A5
ENSG00000135175	0.037	ENSP00000257627	OCM2
	0.037	ENSP00000456337	C15orf65
ENSG00000091879	0.037	ENSP00000314897	ANGPT2
	0.037	ENSP00000290374	GJD2
ENSG00000105392	0.037	ENSP00000221996	CRX
ENSG00000183780	0.037	ENSP00000355577	SLC35F3
ENSG00000112337	0.037	ENSP00000367081	SLC17A2
	0.037	ENSP00000309741	SLCO4C1
ENSG00000176714	0.037	ENSP00000412150	CCDC121
ENSG00000188120	0.037	ENSP00000384573	DAZ1
ENSG00000138658	0.037	ENSP00000424737	ZGRF1
ENSG00000165495	0.037	ENSP00000298282	PKNOX2
ENSG00000205858	0.037	ENSP00000384971	LRRC72
	0.037	ENSP00000471516	ZNF726
ENSG00000123388	0.037	ENSP00000446680	HOXC11
	0.037	ENSP00000375904	LGALS16
ENSG00000167384	0.036	ENSP00000221327	ZNF180
ENSG00000106236	0.036	ENSP00000265634	NPTX2
	0.036	ENSP00000275016	CYP39A1
ENSG00000162999	0.036	ENSP00000346160	DUSP19
	0.036	ENSP00000396077	PRRT1-2
	0.036	ENSP00000351466	OR5AC2
ENSG00000100027	0.036	ENSP00000342832	YPEL1
ENSG00000180376	0.036	ENSP00000378167	CCDC66
ENSG00000169436	0.036	ENSP00000303153	COL22A1
	0.036	ENSP00000362748	TET1
	0.036	ENSP00000361266	PTCH2
ENSG00000197405	0.036	ENSP00000347197	C5AR1
ENSG00000150873	0.036	ENSP00000370997	C2orf50
	0.036	ENSP00000364650	LYZL1
	0.036	ENSP00000354006	TRPM6
ENSG00000141642	0.036	ENSP00000269466	ELAC1
	0.036	ENSP00000357807	THEM5
ENSG00000215421	0.036	ENSP00000299687	ZNF407
	0.036	ENSP00000224356	CYP26A1
	0.036	ENSP00000320209	CIDEA
	0.036	ENSP00000385939	ZNF12
ENSG00000156313	0.036	ENSP00000495537	RPGR
	0.036	ENSP00000380023	OR12D3
ENSG00000168904	0.036	ENSP00000304923	LRRC28
ENSG00000169989	0.036	ENSP00000355162	TIGD4
ENSG00000203757	0.036	ENSP00000357127	OR6K3
	0.036	ENSP00000389870	DLX3
ENSG00000204856	0.036	ENSP00000366901	FAM216A
ENSG00000188818	0.036	ENSP00000283441	ZDHHC11
ENSG00000162194	0.036	ENSP00000436848	LBHD1
ENSG00000198169	0.036	ENSP00000292562	ZNF251
ENSG00000150556	0.036	ENSP00000387077	LYPD6B
ENSG00000162068	0.036	ENSP00000293973	NTN3
ENSG00000143630	0.036	ENSP00000357342	HCN3
ENSG00000166153	0.036	ENSP00000396234	DEPDC4
ENSG00000123165	0.036	ENSP00000360165	ACTRT1
ENSG00000185101	0.036	ENSP00000332788	ANO9
	0.036	ENSP00000328423	REC114
	0.036	ENSP00000318486	CDK5R1
ENSG00000215568	0.036	ENSP00000383431	GAB4
ENSG00000204956	0.036	ENSP00000431083	PCDHGA1
ENSG00000171827	0.036	ENSP00000467218	ZNF570
ENSG00000101331	0.036	ENSP00000262659	CCM2L
ENSG00000165501	0.036	ENSP00000298288	LRR1
	0.036	ENSP00000320957	VGLL2
ENSG00000176871	0.036	ENSP00000409131	WSB2
	0.036	ENSP00000417214	PARP15
ENSG00000213088	0.036	ENSP00000357103	ACKR1
ENSG00000005189	0.036	ENSP00000261377	REXO5
ENSG00000148357	0.036	ENSP00000485357	HMCN2
ENSG00000183580	0.036	ENSP00000423630	FBXL7
ENSG00000155719	0.036	ENSP00000496564	OTOA
	0.036	ENSP00000477392	ZNF595
ENSG00000116151	0.036	ENSP00000367792	MORN1
	0.036	ENSP00000442439	MIXL1
ENSG00000176160	0.036	ENSP00000313243	HSF5
ENSG00000108018	0.036	ENSP00000263054	SORCS1
ENSG00000168685	0.036	ENSP00000306157	IL7R
ENSG00000182162	0.036	ENSP00000370697	P2RY8
ENSG00000269313	0.036	ENSP00000471299	MAGIX
ENSG00000146352	0.036	ENSP00000275162	CLVS2
	0.036	ENSP00000443432	IDO2
	0.036	ENSP00000264318	GABRA4
ENSG00000145934	0.036	ENSP00000427874	TENM2
	0.036	ENSP00000279178	SLC22A9
ENSG00000189350	0.036	ENSP00000368876	TOGARAM2
	0.036	ENSP00000340914	SYT3
ENSG00000102245	0.036	ENSP00000359663	CD40LG
ENSG00000177992	0.036	ENSP00000322640	SPATA31E1
ENSG00000197016	0.036	ENSP00000333223	ZNF470
	0.036	ENSP00000371643	DEFB135
ENSG00000113302	0.036	ENSP00000231228	IL12B
	0.036	ENSP00000420267	NR6A1
ENSG00000223443	0.035	ENSP00000333329	USP17L2
	0.035	ENSP00000497679	CDC14C
	0.035	ENSP00000337432	IL17F
ENSG00000105643	0.035	ENSP00000222250	ARRDC2
ENSG00000189325	0.035	ENSP00000418983	BNIP5
ENSG00000111704	0.035	ENSP00000229307	NANOG
	0.035	ENSP00000407761	ACOXL
ENSG00000175197	0.035	ENSP00000448665	DDIT3
	0.035	ENSP00000269503	CBLN2
ENSG00000162620	0.035	ENSP00000346414	LRRIQ3
	0.035	ENSP00000482410	JRK
ENSG00000196693	0.035	ENSP00000352444	ZNF33B
	0.035	ENSP00000359643	LPAR3
	0.035	ENSP00000302297	LGI3
ENSG00000186665	0.035	ENSP00000402020	C17orf58
ENSG00000155275	0.035	ENSP00000374387	TRMT44
ENSG00000111452	0.035	ENSP00000444425	ADGRD1
	0.035	ENSP00000363068	PCDH15
ENSG00000042813	0.035	ENSP00000046087	ZPBP
ENSG00000088451	0.035	ENSP00000261296	TGDS
	0.035	ENSP00000318999	C11orf16
ENSG00000170734	0.035	ENSP00000361310	POLH
	0.035	ENSP00000325978	LRRC31
ENSG00000100532	0.035	ENSP00000216420	CGRRF1
ENSG00000172288	0.035	ENSP00000302968	CDY1
ENSG00000172352	0.035	ENSP00000303178	CDY1B
	0.035	ENSP00000437554	IQSEC3
ENSG00000114547	0.035	ENSP00000426271	ROPN1B
	0.035	ENSP00000477314	PCDHB16
ENSG00000113262	0.035	ENSP00000497110	GRM6
	0.035	ENSP00000370607	TECRL
ENSG00000189167	0.035	ENSP00000437289	ZAR1L
	0.035	ENSP00000367911	SYCE1L
ENSG00000145491	0.035	ENSP00000421405	ROPN1L
ENSG00000127081	0.035	ENSP00000378881	ZNF484
	0.035	ENSP00000258168	BCO1
ENSG00000138759	0.035	ENSP00000422834	FRAS1
ENSG00000184545	0.035	ENSP00000380530	DUSP8
ENSG00000100065	0.035	ENSP00000384570	CARD10
ENSG00000067082	0.035	ENSP00000419923	KLF6
ENSG00000187726	0.035	ENSP00000344431	DNAJB13
ENSG00000102678	0.035	ENSP00000371790	FGF9
ENSG00000169860	0.035	ENSP00000304767	P2RY1
	0.035	ENSP00000378312	EFCAB5
ENSG00000166669	0.035	ENSP00000379808	ATF7IP2
	0.035	ENSP00000351395	SCGB1D4
	0.035	ENSP00000473842	EBLN1
ENSG00000122859	0.035	ENSP00000242462	NEUROG3
	0.035	ENSP00000473853	MMP28
	0.035	ENSP00000299178	AVPR1A
ENSG00000130856	0.035	ENSP00000322361	ZNF236
ENSG00000198133	0.035	ENSP00000350050	TMEM229B
ENSG00000170185	0.035	ENSP00000303434	USP38
ENSG00000171649	0.035	ENSP00000472867	ZIK1
	0.035	ENSP00000359222	TLCD4
	0.035	ENSP00000378650	TBX6
	0.035	ENSP00000490812	SLC35G4
ENSG00000171160	0.035	ENSP00000307636	MORN4
	0.035	ENSP00000450853	POTEG
ENSG00000173846	0.035	ENSP00000361275	PLK3
	0.035	ENSP00000421917	HMGXB3
ENSG00000109667	0.035	ENSP00000264784	SLC2A9
ENSG00000172426	0.035	ENSP00000361238	RSPH9
ENSG00000184313	0.035	ENSP00000396622	MROH7
ENSG00000065371	0.035	ENSP00000184183	ROPN1
ENSG00000183625	0.035	ENSP00000441600	CCR3
	0.035	ENSP00000268595	CMTM2
ENSG00000141655	0.035	ENSP00000465500	TNFRSF11A
ENSG00000213420	0.035	ENSP00000292377	GPC2
ENSG00000131059	0.035	ENSP00000364603	BPIFA3
ENSG00000263956	0.035	ENSP00000477509	NBPF11
ENSG00000198453	0.035	ENSP00000334685	ZNF568
	0.035	ENSP00000296529	TMEM144
ENSG00000101098	0.035	ENSP00000439287	RIMS4
ENSG00000158163	0.035	ENSP00000332148	DZIP1L
ENSG00000162723	0.035	ENSP00000357072	SLAMF9
	0.035	ENSP00000266505	PLCZ1
ENSG00000197050	0.035	ENSP00000338770	ZNF420
ENSG00000189420	0.034	ENSP00000462054	ZFP92
ENSG00000135960	0.034	ENSP00000258443	EDAR
	0.034	ENSP00000355419	PCDH11Y
ENSG00000125650	0.034	ENSP00000245810	PSPN
ENSG00000184908	0.034	ENSP00000364831	CLCNKB
	0.034	ENSP00000379784	COX7B2
ENSG00000188822	0.034	ENSP00000363596	CNR2
	0.034	ENSP00000366970	GPR20
ENSG00000256574	0.034	ENSP00000363522	OR13A1
	0.034	ENSP00000320077	OR4D11
ENSG00000101004	0.034	ENSP00000278886	NINL
ENSG00000198574	0.034	ENSP00000356906	SH2D1B
ENSG00000165309	0.034	ENSP00000298032	ARMC3
ENSG00000158715	0.034	ENSP00000356113	SLC45A3
	0.034	ENSP00000239223	DUSP1
	0.034	ENSP00000404220	CCDC155
ENSG00000040199	0.034	ENSP00000457991	PHLPP2
	0.034	ENSP00000285947	SETD9
ENSG00000162975	0.034	ENSP00000295082	KCNF1
ENSG00000079101	0.034	ENSP00000441726	CLUL1
ENSG00000172086	0.034	ENSP00000340083	KRCC1
ENSG00000140398	0.034	ENSP00000347170	NEIL1
ENSG00000277462	0.034	ENSP00000355459	ZNF670
ENSG00000111796	0.034	ENSP00000229402	KLRB1
ENSG00000108932	0.034	ENSP00000319991	SLC16A6
ENSG00000147885	0.034	ENSP00000369564	IFNA16
ENSG00000196408	0.034	ENSP00000380450	NOXO1
	0.034	ENSP00000484634	LRRC6
	0.034	ENSP00000376278	LENEP
	0.034	ENSP00000354830	DDIT4L
	0.034	ENSP00000400932	SLC35G1
ENSG00000187323	0.034	ENSP00000389140	DCC
	0.034	ENSP00000267291	RNF113B
ENSG00000066827	0.034	ENSP00000367069	ZFAT
	0.034	ENSP00000483154	FAM71D
ENSG00000134398	0.034	ENSP00000256797	ERN2
ENSG00000169330	0.034	ENSP00000307461	MINAR1
	0.034	ENSP00000478345	ZNF714
ENSG00000176024	0.034	ENSP00000293471	ZNF613
ENSG00000120215	0.034	ENSP00000370886	MLANA
ENSG00000206181	0.034	ENSP00000331302	ELOA2
ENSG00000151090	0.034	ENSP00000379904	THRB
ENSG00000167065	0.034	ENSP00000333917	DUSP18
ENSG00000267680	0.034	ENSP00000337368	ZNF224
ENSG00000121900	0.034	ENSP00000362562	TMEM54
ENSG00000175322	0.034	ENSP00000464872	ZNF519
	0.034	ENSP00000368014	PAX4
ENSG00000143867	0.034	ENSP00000272223	OSR1
ENSG00000184984	0.034	ENSP00000372750	CHRM5
ENSG00000117245	0.034	ENSP00000247986	KIF17
ENSG00000137218	0.034	ENSP00000362109	FRS3
	0.034	ENSP00000360046	C1orf141
ENSG00000145642	0.034	ENSP00000373726	SHISAL2B
ENSG00000189164	0.034	ENSP00000390179	ZNF527
ENSG00000198520	0.034	ENSP00000420716	ARMH1
ENSG00000177398	0.034	ENSP00000386126	UMODL1
ENSG00000111432	0.034	ENSP00000229030	FZD10
ENSG00000109956	0.034	ENSP00000433847	B3GAT1
ENSG00000185008	0.034	ENSP00000417335	ROBO2
ENSG00000182329	0.034	ENSP00000419834	KIAA2012
ENSG00000010219	0.034	ENSP00000441755	DYRK4
	0.034	ENSP00000306662	ADRA1B
ENSG00000169717	0.034	ENSP00000367658	ACTRT2
ENSG00000135824	0.034	ENSP00000258302	RGS8
ENSG00000197361	0.034	ENSP00000353794	FBXL22
ENSG00000173673	0.034	ENSP00000367130	HES3
ENSG00000214814	0.034	ENSP00000428280	FER1L6
ENSG00000042980	0.034	ENSP00000265769	ADAM28
ENSG00000197128	0.034	ENSP00000341165	ZNF772
ENSG00000173273	0.034	ENSP00000311579	TNKS
	0.034	ENSP00000296641	F2RL2
ENSG00000147869	0.034	ENSP00000370297	CER1
ENSG00000145908	0.034	ENSP00000397178	ZNF300
ENSG00000172167	0.034	ENSP00000303398	MTBP
	0.034	ENSP00000478910	MAFIP
	0.034	ENSP00000378635	DRP2
	0.034	ENSP00000257527	ADAM19
ENSG00000154252	0.034	ENSP00000192314	GAL3ST2
ENSG00000185291	0.034	ENSP00000327890	IL3RA
ENSG00000236398	0.033	ENSP00000405095	TAS2R39
ENSG00000170456	0.033	ENSP00000444889	DENND5B
	0.033	ENSP00000480818	LOC102724250
ENSG00000254440	0.033	ENSP00000432353	PBOV1
	0.033	ENSP00000445340	SLC5A8
ENSG00000140323	0.033	ENSP00000267889	DISP2
	0.033	ENSP00000196489	ZNF416
ENSG00000156265	0.033	ENSP00000382828	MAP3K7CL
	0.033	ENSP00000321360	C14orf177
	0.033	ENSP00000489630	C11orf53
ENSG00000198963	0.033	ENSP00000366093	RORB
ENSG00000184731	0.033	ENSP00000328347	FAM110C
ENSG00000139714	0.033	ENSP00000347486	MORN3
	0.033	ENSP00000360918	CH25H
ENSG00000165125	0.033	ENSP00000352358	TRPV6
ENSG00000185652	0.033	ENSP00000397297	NTF3
ENSG00000144815	0.033	ENSP00000273347	NXPE3
ENSG00000174004	0.033	ENSP00000328625	NRROS
ENSG00000168813	0.033	ENSP00000348162	ZNF507
ENSG00000138670	0.033	ENSP00000264400	RASGEF1B
ENSG00000137193	0.033	ENSP00000362608	PIM1
ENSG00000115607	0.033	ENSP00000264260	IL18RAP
ENSG00000161298	0.033	ENSP00000292928	ZNF382
ENSG00000164929	0.033	ENSP00000312457	BAALC
ENSG00000269743	0.033	ENSP00000468980	SLC25A53
	0.033	ENSP00000499803	YI018_HUMAN
ENSG00000169902	0.033	ENSP00000302413	TPST1
ENSG00000198889	0.033	ENSP00000360167	DCAF12L1
ENSG00000169991	0.033	ENSP00000387941	IFFO2
ENSG00000204969	0.033	ENSP00000431748	PCDHA2
ENSG00000136250	0.033	ENSP00000479664	AOAH
	0.033	ENSP00000437616	ZNF611
	0.033	ENSP00000402107	L3MBTL1
ENSG00000078399	0.033	ENSP00000343619	HOXA9
	0.033	ENSP00000331720	C16orf72
ENSG00000180347	0.033	ENSP00000395835	ITPRID1
ENSG00000174482	0.033	ENSP00000369328	LINGO2
	0.033	ENSP00000370270	ESRRB
	0.033	ENSP00000483946	PHF19
	0.033	ENSP00000470746	ZNF841
ENSG00000174015	0.033	ENSP00000309189	CBY2
	0.033	ENSP00000304502	SIX2
ENSG00000166329	0.033	ENSP00000299415	CCDC182
	0.033	ENSP00000427684	FAM153B
ENSG00000016402	0.033	ENSP00000314976	IL20RA
ENSG00000170074	0.033	ENSP00000411506	FAM153A
ENSG00000108387	0.033	ENSP00000354874	SEPTIN4
ENSG00000135749	0.033	ENSP00000258229	PCNX2
ENSG00000164362	0.033	ENSP00000309572	TERT
ENSG00000178852	0.033	ENSP00000332111	EFCAB13
	0.033	ENSP00000489658	CNTNAP3C
	0.033	ENSP00000284262	JPH3
ENSG00000072195	0.033	ENSP00000311684	SPEG
ENSG00000136161	0.033	ENSP00000389910	RCBTB2
	0.033	ENSP00000306974	OR1N1
ENSG00000186020	0.033	ENSP00000465578	ZNF529
ENSG00000147160	0.033	ENSP00000421172	AWAT2
ENSG00000204186	0.033	ENSP00000497308	ZDBF2
ENSG00000205363	0.033	ENSP00000457205	INSYN1
ENSG00000234284	0.033	ENSP00000414887	ZNF879
ENSG00000174963	0.033	ENSP00000435509	ZIC4
ENSG00000121406	0.033	ENSP00000365407	ZNF549
ENSG00000182264	0.033	ENSP00000327786	IZUMO1
ENSG00000133131	0.033	ENSP00000347821	MORC4
	0.033	ENSP00000454404	TMEM170A
	0.033	ENSP00000427428	FAM218A
	0.033	ENSP00000369643	GRPR
ENSG00000114796	0.033	ENSP00000395012	KLHL24
	0.033	ENSP00000489863	TEX52
ENSG00000178665	0.033	ENSP00000416662	ZNF713
	0.033	ENSP00000249363	LRRC4
ENSG00000214700	0.033	ENSP00000413728	C12orf71
ENSG00000144659	0.033	ENSP00000497532	SLC25A38
ENSG00000013306	0.033	ENSP00000366299	SLC25A39
	0.033	ENSP00000490576	ETDC
	0.033	ENSP00000484852	ZNF283
ENSG00000165076	0.033	ENSP00000297767	PRSS37
ENSG00000215186	0.033	ENSP00000408132	GOLGA6B
ENSG00000147596	0.033	ENSP00000276594	PRDM14
	0.033	ENSP00000497310	ALX3
	0.033	ENSP00000489273	CENPVL1
	0.033	ENSP00000489328	CENPVL2
ENSG00000182318	0.033	ENSP00000332433	ZSCAN22
ENSG00000180475	0.033	ENSP00000314324	OR10Q1
ENSG00000203995	0.033	ENSP00000360583	ZYG11A
	0.033	ENSP00000456894	GOLGA8H
ENSG00000181378	0.033	ENSP00000340776	CFAP65
	0.033	ENSP00000379365	EDA2R
ENSG00000228567	0.033	ENSP00000310856	VN1R4
ENSG00000174236	0.033	ENSP00000310335	REP15
ENSG00000113303	0.033	ENSP00000342197	BTNL8
ENSG00000119771	0.033	ENSP00000420659	KLHL29
	0.033	ENSP00000338127	TESK1
ENSG00000204967	0.033	ENSP00000435300	PCDHA4
ENSG00000115758	0.033	ENSP00000234111	ODC1
ENSG00000178645	0.033	ENSP00000363226	C10orf53
ENSG00000180592	0.032	ENSP00000410041	SKIDA1
ENSG00000183260	0.032	ENSP00000358932	ABHD16B
ENSG00000138459	0.032	ENSP00000417654	SLC35A5
ENSG00000124019	0.032	ENSP00000386895	FAM124B
ENSG00000167524	0.032	ENSP00000301037	RSKR
ENSG00000103264	0.032	ENSP00000310841	FBXO31
ENSG00000170954	0.032	ENSP00000439435	ZNF415
ENSG00000166415	0.032	ENSP00000379619	WDR72
	0.032	ENSP00000380109	NFKBID
ENSG00000189339	0.032	ENSP00000481694	SLC35E2B
ENSG00000157119	0.032	ENSP00000287777	KLHL40
	0.032	ENSP00000384524	ETV2
ENSG00000258890	0.032	ENSP00000450461	CEP95
ENSG00000180423	0.032	ENSP00000317743	HARBI1
ENSG00000188171	0.032	ENSP00000469958	ZNF626
	0.032	ENSP00000337224	LRAT
ENSG00000164287	0.032	ENSP00000370781	CDC20B
	0.032	ENSP00000350066	ECE2
ENSG00000004777	0.032	ENSP00000320038	ARHGAP33
	0.032	ENSP00000357591	TRAPPC3L
ENSG00000169777	0.032	ENSP00000371932	TAS2R1
ENSG00000143107	0.032	ENSP00000359034	FNDC7
	0.032	ENSP00000493120	OR8B3
ENSG00000153012	0.032	ENSP00000371548	LGI2
ENSG00000113520	0.032	ENSP00000231449	IL4
ENSG00000114473	0.032	ENSP00000265239	IQCG
ENSG00000082497	0.032	ENSP00000355979	SERTAD4
ENSG00000267534	0.032	ENSP00000496438	S1PR2
ENSG00000272636	0.032	ENSP00000482950	DOC2B
	0.032	ENSP00000406986	GPR6
ENSG00000178750	0.032	ENSP00000320679	STX19
ENSG00000235568	0.032	ENSP00000333680	NFAM1
ENSG00000189195	0.032	ENSP00000490913	BTBD8
ENSG00000114739	0.032	ENSP00000340361	ACVR2B
ENSG00000175262	0.032	ENSP00000366203	C1orf127
ENSG00000154478	0.032	ENSP00000284674	GPR26
ENSG00000172840	0.032	ENSP00000309548	PDP2
	0.032	ENSP00000429190	ENDOV
	0.032	ENSP00000485609	OR10X1
ENSG00000100276	0.032	ENSP00000216101	RASL10A
	0.032	ENSP00000426255	SNX25
ENSG00000183401	0.032	ENSP00000468232	CCDC159
	0.032	ENSP00000497915	IL21
ENSG00000013523	0.032	ENSP00000251089	ANGEL1
ENSG00000234444	0.032	ENSP00000400852	ZNF736
	0.032	ENSP00000264162	LCT
ENSG00000173214	0.032	ENSP00000500934	MFSD4B
ENSG00000171307	0.032	ENSP00000377357	ZDHHC16
ENSG00000056736	0.032	ENSP00000288167	IL17RB
	0.032	ENSP00000301917	GPR25
ENSG00000162989	0.032	ENSP00000295101	KCNJ3
ENSG00000162595	0.032	ENSP00000360020	DIRAS3
	0.032	ENSP00000420132	PLSCR2
ENSG00000164776	0.032	ENSP00000445440	PHKG1
ENSG00000169291	0.032	ENSP00000307369	SHE
ENSG00000112234	0.032	ENSP00000358247	FBXL4
ENSG00000140274	0.032	ENSP00000319705	DUOXA2
ENSG00000150628	0.032	ENSP00000280191	SPATA4
ENSG00000150510	0.032	ENSP00000280057	FAM124A
	0.032	ENSP00000493226	OR5H14
	0.032	ENSP00000493286	OR2T8
ENSG00000147113	0.032	ENSP00000381086	DIPK2B
ENSG00000091656	0.032	ENSP00000498627	ZFHX4
	0.032	ENSP00000271331	PROK1
ENSG00000134588	0.032	ENSP00000423390	USP26
ENSG00000140873	0.032	ENSP00000282849	ADAMTS18
ENSG00000197479	0.032	ENSP00000346802	PCDHB11
ENSG00000214510	0.032	ENSP00000421048	SPINK13
ENSG00000179598	0.032	ENSP00000317177	PLD6
	0.032	ENSP00000329846	GALNT9
ENSG00000140057	0.032	ENSP00000267584	AK7
	0.032	ENSP00000266579	SLC38A4
ENSG00000116668	0.032	ENSP00000356470	SWT1
ENSG00000214029	0.032	ENSP00000437590	ZNF891
ENSG00000186136	0.031	ENSP00000334050	TAS2R42
ENSG00000221843	0.031	ENSP00000386190	C2orf16
ENSG00000187123	0.031	ENSP00000334463	LYPD6
	0.031	ENSP00000426691	GOLGA8K
ENSG00000166527	0.031	ENSP00000299665	CLEC4D
	0.031	ENSP00000487073	NANOGP8
ENSG00000127423	0.031	ENSP00000443647	AUNIP
ENSG00000172578	0.031	ENSP00000341342	KLHL6
	0.031	ENSP00000394168	SLCO1B7
ENSG00000166860	0.031	ENSP00000300101	ZBTB39
	0.031	ENSP00000249044	APOL5
	0.031	ENSP00000345468	TMEM215
	0.031	ENSP00000391692	CCDC103
	0.031	ENSP00000375080	PPP2R3B
ENSG00000196110	0.031	ENSP00000467723	ZNF699
ENSG00000146700	0.031	ENSP00000275560	SSC4D
ENSG00000259305	0.031	ENSP00000349593	ZHX1-C8orf76
	0.031	ENSP00000268070	ADAMTS17
ENSG00000177181	0.031	ENSP00000414330	RIMKLA
	0.031	ENSP00000362183	GRIK3
	0.031	ENSP00000360689	TNKS2
ENSG00000134470	0.031	ENSP00000380421	IL15RA
ENSG00000196391	0.031	ENSP00000346348	ZNF774
ENSG00000154415	0.031	ENSP00000284601	PPP1R3A
	0.031	ENSP00000399013	CNTNAP5
ENSG00000135119	0.031	ENSP00000257575	RNFT2
ENSG00000152954	0.031	ENSP00000367739	NRSN1
	0.031	ENSP00000314992	RRH
ENSG00000183571	0.031	ENSP00000368199	PGPEP1L
	0.031	ENSP00000472681	ASCL5
ENSG00000173320	0.031	ENSP00000311257	STOX2
ENSG00000165724	0.031	ENSP00000298585	ZMYND19
	0.031	ENSP00000346916	TRIM6-TRIM34
ENSG00000160117	0.031	ENSP00000377971	ANKLE1
ENSG00000164509	0.031	ENSP00000498630	IL31RA
	0.031	ENSP00000390204	HEPACAM2
	0.031	ENSP00000355304	MOK
	0.031	ENSP00000367528	AARD
ENSG00000136110	0.031	ENSP00000367198	CNMD
	0.031	ENSP00000321506	OR4X1
ENSG00000065621	0.031	ENSP00000345023	GSTO2
ENSG00000152475	0.031	ENSP00000405699	ZNF837
ENSG00000159214	0.031	ENSP00000361392	CCDC24
	0.031	ENSP00000427603	GABRA2
	0.031	ENSP00000324944	MBOAT1
ENSG00000162344	0.031	ENSP00000294312	FGF19
ENSG00000173826	0.031	ENSP00000463533	KCNH6
	0.031	ENSP00000357581	NKX6-2
ENSG00000127995	0.031	ENSP00000297273	CASD1
ENSG00000118434	0.031	ENSP00000237201	SPACA1
ENSG00000138152	0.031	ENSP00000260723	BTBD16
ENSG00000152443	0.031	ENSP00000321812	ZNF776
ENSG00000239697	0.031	ENSP00000293825	TNFSF12
	0.031	ENSP00000327569	SLC22A10
ENSG00000186376	0.031	ENSP00000359802	ZNF75D
ENSG00000213462	0.031	ENSP00000391594	ERV3-1
ENSG00000197919	0.031	ENSP00000276927	IFNA1
ENSG00000164099	0.031	ENSP00000296498	PRSS12
	0.031	ENSP00000308082	OR10P1
	0.031	ENSP00000378072	PNPLA1
ENSG00000198932	0.031	ENSP00000498934	GPRASP1
ENSG00000184564	0.031	ENSP00000495507	SLITRK6
ENSG00000173237	0.031	ENSP00000311479	C11orf86
ENSG00000103449	0.031	ENSP00000251020	SALL1
ENSG00000184492	0.031	ENSP00000302756	FOXD4L1
	0.031	ENSP00000355157	FCRL2
ENSG00000178150	0.031	ENSP00000469998	ZNF114
	0.031	ENSP00000300619	ZNF91
ENSG00000188305	0.031	ENSP00000345102	PEAK3
	0.031	ENSP00000222823	NOD1
ENSG00000181392	0.031	ENSP00000316130	SYNE4
ENSG00000253304	0.031	ENSP00000428544	TMEM200B
	0.031	ENSP00000343521	OR1J4
	0.031	ENSP00000336769	KIR2DL1
ENSG00000149256	0.031	ENSP00000278550	TENM4
	0.031	ENSP00000375882	SERTAD3
ENSG00000204116	0.031	ENSP00000362601	CHIC1
ENSG00000103599	0.031	ENSP00000336861	IQCH
ENSG00000153822	0.031	ENSP00000465295	KCNJ16
ENSG00000156509	0.031	ENSP00000403293	FBXO43
	0.031	ENSP00000358831	ELOVL4
	0.031	ENSP00000330200	BTNL9
	0.03	ENSP00000382590	KRTAP5-4
	0.03	ENSP00000293190	GRIN2C
ENSG00000140749	0.03	ENSP00000268389	IGSF6
ENSG00000168748	0.03	ENSP00000345659	CA7
ENSG00000168159	0.03	ENSP00000306396	RNF187
ENSG00000086159	0.03	ENSP00000320247	AQP6
	0.03	ENSP00000391227	MGAT5B
ENSG00000108733	0.03	ENSP00000482609	PEX12
	0.03	ENSP00000375095	TAS2R13
ENSG00000142327	0.03	ENSP00000270357	RNPEPL1
ENSG00000198429	0.03	ENSP00000345333	ZNF69
ENSG00000171385	0.03	ENSP00000319591	KCND3
	0.03	ENSP00000267430	FANCM
	0.03	ENSP00000481824	MFRP
	0.03	ENSP00000384264	CNGA1
ENSG00000172554	0.03	ENSP00000311837	SNTG2
ENSG00000121281	0.03	ENSP00000501053	ADCY7
ENSG00000149403	0.03	ENSP00000435648	GRIK4
ENSG00000175105	0.03	ENSP00000490842	ZNF654
ENSG00000185105	0.03	ENSP00000386702	MYADML2
ENSG00000068137	0.03	ENSP00000468678	PLEKHH3
ENSG00000186951	0.03	ENSP00000385523	PPARA
ENSG00000108239	0.03	ENSP00000225235	TBC1D12
ENSG00000175857	0.03	ENSP00000379997	GAPT
ENSG00000115353	0.03	ENSP00000303522	TACR1
ENSG00000147027	0.03	ENSP00000275954	TMEM47
ENSG00000119973	0.03	ENSP00000239032	PRLHR
	0.03	ENSP00000264257	IL1RL2
ENSG00000176428	0.03	ENSP00000320416	VPS37D
ENSG00000156162	0.03	ENSP00000389630	DPY19L4
	0.03	ENSP00000228567	SYT10
	0.03	ENSP00000411198	KRTAP4-16
ENSG00000179071	0.03	ENSP00000320649	CCDC89
ENSG00000197168	0.03	ENSP00000347767	NEK5
ENSG00000142528	0.03	ENSP00000472808	ZNF473
	0.03	ENSP00000395733	ZNF737
ENSG00000136866	0.03	ENSP00000452552	ZFP37
	0.03	ENSP00000241051	DEPDC7
ENSG00000182150	0.03	ENSP00000499371	ERCC6L2
ENSG00000178015	0.03	ENSP00000369344	GPR150
	0.03	ENSP00000383474	C20orf202
ENSG00000184307	0.03	ENSP00000498556	ZDHHC23
	0.03	ENSP00000296862	ADGRF2
ENSG00000083782	0.03	ENSP00000261172	EPYC
	0.03	ENSP00000357511	C1orf189
	0.03	ENSP00000310490	SLC16A11
	0.03	ENSP00000316940	TMEM31
ENSG00000239779	0.03	ENSP00000233615	WBP1
	0.03	ENSP00000393222	CFAP221
	0.03	ENSP00000489748	MPC1L
ENSG00000019485	0.03	ENSP00000480626	PRDM11
	0.03	ENSP00000402797	KCNK4
ENSG00000164082	0.03	ENSP00000378492	GRM2
	0.03	ENSP00000371116	NUTM2D
ENSG00000183423	0.03	ENSP00000469759	LRIT3
	0.03	ENSP00000309270	CHST1
ENSG00000179528	0.03	ENSP00000366789	LBX2
ENSG00000196169	0.03	ENSP00000374566	KIF19
ENSG00000255398	0.03	ENSP00000436714	HCAR3
ENSG00000131398	0.03	ENSP00000434241	KCNC3
ENSG00000244405	0.03	ENSP00000306894	ETV5
ENSG00000134640	0.03	ENSP00000257068	MTNR1B
ENSG00000149599	0.03	ENSP00000278979	DUSP15
ENSG00000188089	0.03	ENSP00000382434	PLA2G4E
	0.03	ENSP00000297814	KIF27
ENSG00000096264	0.03	ENSP00000362181	NCR2
	0.03	ENSP00000309493	GPRC6A
ENSG00000213213	0.03	ENSP00000338013	CCDC183
ENSG00000204279	0.03	ENSP00000364089	PAGE3
ENSG00000186792	0.03	ENSP00000337425	HYAL3
ENSG00000198108	0.03	ENSP00000302629	CHSY3
ENSG00000115649	0.03	ENSP00000386277	CNPPD1
	0.03	ENSP00000267953	BCL2A1
ENSG00000050130	0.03	ENSP00000450749	JKAMP
ENSG00000185842	0.03	ENSP00000383737	DNAH14
	0.03	ENSP00000275200	TAAR8
ENSG00000160961	0.03	ENSP00000292530	ZNF333
ENSG00000130818	0.03	ENSP00000253115	ZNF426
	0.03	ENSP00000216264	CERK
ENSG00000184611	0.03	ENSP00000331727	KCNH7
ENSG00000174332	0.03	ENSP00000309653	GLIS1
ENSG00000061656	0.03	ENSP00000363391	SPAG4
	0.03	ENSP00000249501	HOXD10
	0.03	ENSP00000361871	WFDC12
ENSG00000174516	0.03	ENSP00000322532	PELI3
ENSG00000186051	0.03	ENSP00000334547	TAL2
ENSG00000203908	0.03	ENSP00000359392	KHDC3L
ENSG00000130544	0.03	ENSP00000252840	ZNF557
ENSG00000167995	0.03	ENSP00000399709	BEST1
	0.03	ENSP00000282701	BMP3
ENSG00000114812	0.029	ENSP00000327246	VIPR1
ENSG00000165917	0.029	ENSP00000298854	RAPSN
	0.029	ENSP00000419705	KNCN
ENSG00000196345	0.029	ENSP00000273320	ZKSCAN7
ENSG00000178597	0.029	ENSP00000317445	PSAPL1
ENSG00000160190	0.029	ENSP00000344648	SLC37A1
	0.029	ENSP00000295379	BMP10
ENSG00000205277	0.029	ENSP00000441929	MUC12
ENSG00000146039	0.029	ENSP00000367137	SLC17A4
	0.029	ENSP00000376110	ZNF493
	0.029	ENSP00000472415	M0R296_HUMAN
ENSG00000008323	0.029	ENSP00000380185	PLEKHG6
	0.029	ENSP00000351325	PATE2
	0.029	ENSP00000497020	FAM90A18P
	0.029	ENSP00000497429	ENSP00000497429
	0.029	ENSP00000250003	MYOD1
	0.029	ENSP00000495715	ENSP00000495715
ENSG00000006576	0.029	ENSP00000403042	PHTF2
ENSG00000168116	0.029	ENSP00000359768	KIAA1586
ENSG00000137571	0.029	ENSP00000260126	SLCO5A1
	0.029	ENSP00000485324	OR5R1
	0.029	ENSP00000379241	LRRC2
ENSG00000184148	0.029	ENSP00000332163	SPRR4
	0.029	ENSP00000390613	BTNL2
ENSG00000172818	0.029	ENSP00000337862	OVOL1
ENSG00000169208	0.029	ENSP00000492973	OR10G3
ENSG00000214941	0.029	ENSP00000382218	ZSWIM7
	0.029	ENSP00000365692	PIM2
ENSG00000196159	0.029	ENSP00000377862	FAT4
	0.029	ENSP00000478939	ZNF724-2
ENSG00000179057	0.029	ENSP00000421191	IGSF22
ENSG00000112494	0.029	ENSP00000230256	UNC93A
	0.029	ENSP00000379242	CDRT1
ENSG00000132801	0.029	ENSP00000255152	ZSWIM3
ENSG00000164500	0.029	ENSP00000297001	SPATA48
	0.029	ENSP00000485483	OR2F1
ENSG00000080854	0.029	ENSP00000436552	IGSF9B
	0.029	ENSP00000380517	CDH24
ENSG00000176920	0.029	ENSP00000387498	FUT2
ENSG00000137875	0.029	ENSP00000453562	BCL2L10
ENSG00000142330	0.029	ENSP00000375844	CAPN10
	0.029	ENSP00000302719	KCNAB3
ENSG00000186300	0.029	ENSP00000334853	ZNF555
	0.029	ENSP00000159060	NOX3
	0.029	ENSP00000351989	SFTA2
ENSG00000167105	0.029	ENSP00000300433	TMEM92
ENSG00000168269	0.029	ENSP00000304286	FOXI1
	0.029	ENSP00000324960	CABP4
ENSG00000140465	0.029	ENSP00000378488	CYP1A1
ENSG00000163673	0.029	ENSP00000394484	DCLK3
	0.029	ENSP00000455442	NUPR2
ENSG00000175874	0.029	ENSP00000315203	CREG2
	0.029	ENSP00000465712	C10orf82
ENSG00000117586	0.029	ENSP00000281834	TNFSF4
ENSG00000169962	0.029	ENSP00000344411	TAS1R3
	0.029	ENSP00000359699	DNASE2B
ENSG00000159885	0.029	ENSP00000375822	ZNF222
ENSG00000163449	0.029	ENSP00000412524	TMEM169
	0.029	ENSP00000353767	MMP17
ENSG00000138286	0.029	ENSP00000242505	FAM149B1
ENSG00000221900	0.029	ENSP00000386133	POM121L12
ENSG00000204524	0.029	ENSP00000412999	ZNF805
ENSG00000104755	0.029	ENSP00000265708	ADAM2
ENSG00000168792	0.029	ENSP00000302657	ABHD15
ENSG00000088179	0.029	ENSP00000263708	PTPN4
	0.029	ENSP00000467266	COX6B2
	0.029	ENSP00000336528	NR1I2
	0.029	ENSP00000233826	KCNJ13
ENSG00000206190	0.029	ENSP00000450480	ATP10A
ENSG00000137070	0.029	ENSP00000450565	IL11RA
ENSG00000197928	0.029	ENSP00000469391	ZNF677
ENSG00000236609	0.029	ENSP00000455585	ZNF853
	0.029	ENSP00000401089	ANKRD34C
ENSG00000181786	0.028	ENSP00000316674	ACTL9
ENSG00000133169	0.028	ENSP00000361813	BEX1
ENSG00000188051	0.028	ENSP00000342162	TMEM221
	0.028	ENSP00000369442	KL
ENSG00000166596	0.028	ENSP00000339449	CFAP52
ENSG00000145916	0.028	ENSP00000420875	RMND5B
ENSG00000265817	0.028	ENSP00000483397	FSBP
ENSG00000244234	0.028	ENSP00000497178	GMCL2
ENSG00000165288	0.028	ENSP00000362372	BRWD3
ENSG00000127666	0.028	ENSP00000248244	TICAM1
ENSG00000196653	0.028	ENSP00000296091	ZNF502
ENSG00000002746	0.028	ENSP00000379228	HECW1
	0.028	ENSP00000307701	TSPAN5
	0.028	ENSP00000324701	MAB21L2
	0.028	ENSP00000380250	SLC17A3
ENSG00000159714	0.028	ENSP00000340299	ZDHHC1
ENSG00000183876	0.028	ENSP00000333395	ARSI
ENSG00000254402	0.028	ENSP00000434849	LRRC24
ENSG00000236279	0.028	ENSP00000390661	CLEC2L
ENSG00000173838	0.028	ENSP00000463080	MARCHF10
	0.028	ENSP00000351732	TMC2
ENSG00000103310	0.028	ENSP00000460971	ZP2
	0.028	ENSP00000310244	RASGRP1
ENSG00000178974	0.028	ENSP00000313159	FBXO34
	0.028	ENSP00000384000	ZNF681
	0.028	ENSP00000374632	TMEM95
ENSG00000006116	0.028	ENSP00000005284	CACNG3
	0.028	ENSP00000308591	GAL3ST3
	0.028	ENSP00000353824	PIM3
ENSG00000183150	0.028	ENSP00000498976	GPR19
	0.028	ENSP00000339621	LCN6
ENSG00000172006	0.028	ENSP00000321132	ZNF554
ENSG00000137842	0.028	ENSP00000260403	TMEM62
ENSG00000168016	0.028	ENSP00000494480	TRANK1
ENSG00000187556	0.028	ENSP00000341992	NANOS3
ENSG00000169136	0.028	ENSP00000396954	ATF5
	0.028	ENSP00000351280	ZNF429
	0.028	ENSP00000272852	CPO
	0.028	ENSP00000363943	TP53INP2
ENSG00000168830	0.028	ENSP00000307766	HTR1E
ENSG00000162878	0.028	ENSP00000294964	PKDCC
ENSG00000185863	0.028	ENSP00000456333	TMEM210
ENSG00000187068	0.028	ENSP00000334974	C3orf70
ENSG00000118369	0.028	ENSP00000431876	USP35
ENSG00000169946	0.028	ENSP00000384179	ZFPM2
	0.028	ENSP00000352836	ZNF675
	0.028	ENSP00000326301	OR2G3
	0.028	ENSP00000322784	OR5AK2
ENSG00000152580	0.028	ENSP00000282466	IGSF10
ENSG00000115568	0.028	ENSP00000398798	ZNF142
ENSG00000186810	0.028	ENSP00000362795	CXCR3
ENSG00000175938	0.028	ENSP00000322249	ORAI3
ENSG00000196387	0.028	ENSP00000347755	ZNF140
ENSG00000136206	0.028	ENSP00000258704	SPDYE1
ENSG00000149571	0.028	ENSP00000435466	KIRREL3
ENSG00000223638	0.028	ENSP00000392936	RFPL4A
ENSG00000269713	0.028	ENSP00000477979	NBPF9
	0.028	ENSP00000438400	CLDN24
ENSG00000135917	0.028	ENSP00000495385	SLC19A3
ENSG00000133466	0.028	ENSP00000338812	C1QTNF6
	0.028	ENSP00000249887	ACKR4
ENSG00000181781	0.028	ENSP00000318029	ODF3L2
ENSG00000064201	0.028	ENSP00000182290	TSPAN32
ENSG00000196378	0.028	ENSP00000341528	ZNF34
ENSG00000162711	0.028	ENSP00000337383	NLRP3
	0.028	ENSP00000386219	C3orf36
ENSG00000169340	0.028	ENSP00000305465	PDILT
ENSG00000162621	0.028	ENSP00000294635	LRRC53
ENSG00000159388	0.028	ENSP00000290551	BTG2
	0.028	ENSP00000318113	CLDN22
	0.028	ENSP00000302867	OR7G3
ENSG00000270379	0.028	ENSP00000473941	HEATR9
ENSG00000258453	0.028	ENSP00000492923	OR11H2
	0.028	ENSP00000349494	ZNF254
	0.028	ENSP00000426978	NXF5
ENSG00000128482	0.028	ENSP00000454919	RNF112
ENSG00000154065	0.028	ENSP00000468354	ANKRD29
ENSG00000141485	0.028	ENSP00000406220	SLC13A5
ENSG00000106034	0.028	ENSP00000309772	CPED1
ENSG00000185250	0.028	ENSP00000392257	PPIL6
ENSG00000143333	0.028	ENSP00000356529	RGS16
ENSG00000122735	0.028	ENSP00000480538	DNAI1
	0.028	ENSP00000430271	ETV3L
ENSG00000105509	0.028	ENSP00000222115	HAS1
ENSG00000176928	0.028	ENSP00000317027	GCNT4
ENSG00000159915	0.028	ENSP00000375820	ZNF233
	0.028	ENSP00000488361	BECN2
ENSG00000106648	0.028	ENSP00000479207	GALNTL5
ENSG00000174586	0.028	ENSP00000311183	ZNF497
	0.028	ENSP00000382770	KCNU1
	0.028	ENSP00000350418	ZNF98
ENSG00000139597	0.028	ENSP00000369473	N4BP2L1
ENSG00000186767	0.027	ENSP00000364018	SPIN4
	0.027	ENSP00000354536	ASTN1
ENSG00000077238	0.027	ENSP00000379111	IL4R
ENSG00000197147	0.027	ENSP00000491377	LRRC8B
ENSG00000106302	0.027	ENSP00000223026	HYAL4
	0.027	ENSP00000323348	CBLL2
ENSG00000145476	0.027	ENSP00000368079	CYP4V2
	0.027	ENSP00000485428	OR5D13
ENSG00000135638	0.027	ENSP00000258106	EMX1
	0.027	ENSP00000389466	TGM7
ENSG00000215474	0.027	ENSP00000414750	SKOR2
	0.027	ENSP00000490726	FBF1
ENSG00000162753	0.027	ENSP00000356687	SLC9C2
	0.027	ENSP00000253807	PCDHAC1
	0.027	ENSP00000351727	CCER1
ENSG00000149289	0.027	ENSP00000278590	ZC3H12C
ENSG00000144962	0.027	ENSP00000341765	SPATA16
	0.027	ENSP00000437532	CCDC189
ENSG00000187730	0.027	ENSP00000367848	GABRD
ENSG00000120457	0.027	ENSP00000433295	KCNJ5
ENSG00000071575	0.027	ENSP00000155926	TRIB2
ENSG00000154655	0.027	ENSP00000382976	L3MBTL4
ENSG00000077585	0.027	ENSP00000355551	GPR137B
	0.027	ENSP00000357707	S100A5
	0.027	ENSP00000278949	MPZL3
ENSG00000165583	0.027	ENSP00000312415	SSX5
ENSG00000180537	0.027	ENSP00000420465	RNF182
ENSG00000179930	0.027	ENSP00000344129	ZNF648
ENSG00000075213	0.027	ENSP00000265362	SEMA3A
	0.027	ENSP00000338207	LMO1
ENSG00000132823	0.027	ENSP00000255174	OSER1
	0.027	ENSP00000371040	RLN2
	0.027	ENSP00000406022	UNC5C
ENSG00000164074	0.027	ENSP00000496010	ABHD18
ENSG00000158901	0.027	ENSP00000361735	WFDC8
	0.027	ENSP00000499459	IL19
ENSG00000006459	0.027	ENSP00000380692	KDM7A
ENSG00000117069	0.027	ENSP00000417583	ST6GALNAC5
ENSG00000179873	0.027	ENSP00000466285	NLRP11
	0.027	ENSP00000293851	PRSS33
ENSG00000154975	0.027	ENSP00000405388	CA10
ENSG00000239305	0.027	ENSP00000237455	RNF103
ENSG00000047936	0.027	ENSP00000357494	ROS1
	0.027	ENSP00000498569	NFE4
ENSG00000099958	0.027	ENSP00000384744	DERL3
	0.027	ENSP00000381636	PCDHA11
ENSG00000170100	0.027	ENSP00000405289	ZNF778
ENSG00000197863	0.027	ENSP00000349161	ZNF790
	0.027	ENSP00000332389	BRICD5
ENSG00000256683	0.027	ENSP00000243644	ZNF350
ENSG00000273274	0.027	ENSP00000476499	ZBTB8B
ENSG00000198948	0.027	ENSP00000354583	MFAP3L
	0.027	ENSP00000328232	ELOA3D
	0.027	ENSP00000479069	ELOA3B
	0.027	ENSP00000483981	ELOA3
ENSG00000184574	0.027	ENSP00000393098	LPAR5
ENSG00000145198	0.027	ENSP00000398688	VWA5B2
	0.027	ENSP00000490412	REELD1
	0.027	ENSP00000283905	C7orf31
ENSG00000145332	0.027	ENSP00000273963	KLHL8
	0.027	ENSP00000296839	FOXQ1
	0.027	ENSP00000280758	BTBD11
	0.027	ENSP00000325065	OR4A15
ENSG00000125903	0.027	ENSP00000246105	DEFB129
ENSG00000171481	0.027	ENSP00000302863	OR1L3
ENSG00000151704	0.027	ENSP00000376432	KCNJ1
	0.027	ENSP00000262839	TRPC5
ENSG00000197497	0.027	ENSP00000379702	ZNF665
ENSG00000101446	0.027	ENSP00000217428	SPINT3
	0.027	ENSP00000295131	ZSWIM2
ENSG00000169951	0.027	ENSP00000252797	ZNF764
	0.027	ENSP00000498087	H2AL1RP
ENSG00000164073	0.027	ENSP00000493218	MFSD8
ENSG00000154359	0.027	ENSP00000381298	LONRF1
ENSG00000120327	0.027	ENSP00000239449	PCDHB14
ENSG00000151151	0.027	ENSP00000363046	IPMK
ENSG00000130449	0.027	ENSP00000252744	ZSWIM6
ENSG00000107249	0.027	ENSP00000371398	GLIS3
ENSG00000164023	0.027	ENSP00000378176	SGMS2
	0.027	ENSP00000327025	RORC
ENSG00000266524	0.027	ENSP00000464145	GDF10
	0.027	ENSP00000396755	CNTD2
ENSG00000185220	0.027	ENSP00000331643	PGBD2
ENSG00000157884	0.027	ENSP00000288861	CIB4
ENSG00000274419	0.027	ENSP00000478426	TBC1D3D
ENSG00000274933	0.027	ENSP00000481258	TBC1D3I
ENSG00000260287	0.027	ENSP00000456861	TBC1D3G
ENSG00000274808	0.027	ENSP00000478473	TBC1D3B
ENSG00000274226	0.027	ENSP00000482630	TBC1D3H
ENSG00000174473	0.027	ENSP00000423313	GALNTL6
ENSG00000157335	0.027	ENSP00000477846	CLEC18C
ENSG00000157322	0.027	ENSP00000484176	CLEC18A
ENSG00000130958	0.027	ENSP00000253270	SLC35D2
ENSG00000152213	0.027	ENSP00000282026	ARL11
	0.027	ENSP00000433001	RGS5
	0.027	ENSP00000477679	TBC1D3F
ENSG00000198440	0.027	ENSP00000388502	ZNF583
ENSG00000196476	0.027	ENSP00000353470	C20orf96
ENSG00000143507	0.027	ENSP00000355866	DUSP10
ENSG00000142319	0.027	ENSP00000270349	SLC6A3
	0.027	ENSP00000359376	SLC17A9
ENSG00000061455	0.027	ENSP00000384725	PRDM6
	0.027	ENSP00000295150	FAM228A
	0.026	ENSP00000365895	HS6ST3
	0.026	ENSP00000497867	CCDC144NL
ENSG00000137266	0.026	ENSP00000385028	SLC22A23
ENSG00000253846	0.026	ENSP00000381611	PCDHGA10
ENSG00000162885	0.026	ENSP00000355559	B3GALNT2
ENSG00000126860	0.026	ENSP00000247270	EVI2A
ENSG00000186314	0.026	ENSP00000335675	PRELID2
	0.026	ENSP00000326407	CLEC1A
ENSG00000220008	0.026	ENSP00000467753	LINGO3
	0.026	ENSP00000331681	DGCR6
	0.026	ENSP00000482514	LOC102724770
ENSG00000022567	0.026	ENSP00000428137	SLC45A4
	0.026	ENSP00000290881	KIAA0895L
	0.026	ENSP00000389998	TMEM67
ENSG00000240891	0.026	ENSP00000420686	PLCXD2
ENSG00000173124	0.026	ENSP00000340296	ACSM6
ENSG00000116514	0.026	ENSP00000362555	RNF19B
ENSG00000167680	0.026	ENSP00000467290	SEMA6B
ENSG00000164751	0.026	ENSP00000349543	PEX2
ENSG00000006062	0.026	ENSP00000482657	MAP3K14
	0.026	ENSP00000356329	RAET1G
	0.026	ENSP00000470788	IL12RB1
ENSG00000069764	0.026	ENSP00000393847	PLA2G10
	0.026	ENSP00000493151	OR9A4
ENSG00000167858	0.026	ENSP00000341346	TEKT1
	0.026	ENSP00000435954	KCNV1
	0.026	ENSP00000347003	OR5K4
ENSG00000108375	0.026	ENSP00000463069	RNF43
ENSG00000163923	0.026	ENSP00000389356	RPL39L
ENSG00000106125	0.026	ENSP00000265299	MINDY4
ENSG00000103375	0.026	ENSP00000219660	AQP8
ENSG00000213762	0.026	ENSP00000379464	ZNF134
ENSG00000186567	0.026	ENSP00000384887	CEACAM19
	0.026	ENSP00000492446	ENSP00000492446
ENSG00000198354	0.026	ENSP00000353128	DCAF12L2
ENSG00000172031	0.026	ENSP00000359410	EPHX4
ENSG00000141977	0.026	ENSP00000269878	CIB3
	0.026	ENSP00000453153	BLID
	0.026	ENSP00000239587	TTLL2
ENSG00000180855	0.026	ENSP00000301547	ZNF443
	0.026	ENSP00000413411	ZNF724
ENSG00000176402	0.026	ENSP00000325775	GJC3
ENSG00000274611	0.026	ENSP00000478683	TBC1D3
ENSG00000278299	0.026	ENSP00000482345	TBC1D3C
ENSG00000273513	0.026	ENSP00000484181	TBC1D3K
ENSG00000189144	0.026	ENSP00000440464	ZNF573
	0.026	ENSP00000454153	C5orf63
ENSG00000165379	0.026	ENSP00000298119	LRFN5
ENSG00000278599	0.026	ENSP00000483965	TBC1D3E
ENSG00000169435	0.026	ENSP00000340578	RASSF6
ENSG00000213185	0.026	ENSP00000357894	FAM24B
ENSG00000079337	0.026	ENSP00000395708	RAPGEF3
ENSG00000187210	0.026	ENSP00000415454	GCNT1
ENSG00000143315	0.026	ENSP00000357069	PIGM
ENSG00000121210	0.026	ENSP00000386787	TMEM131L
ENSG00000153253	0.026	ENSP00000283254	SCN3A
ENSG00000137634	0.026	ENSP00000364627	NXPE4
ENSG00000188452	0.026	ENSP00000341159	CERKL
ENSG00000086570	0.026	ENSP00000261800	FAT2
ENSG00000253767	0.026	ENSP00000381605	PCDHGA8
ENSG00000146013	0.026	ENSP00000274721	GFRA3
ENSG00000189376	0.026	ENSP00000276704	C8orf76
	0.026	ENSP00000347433	APCDD1
	0.026	ENSP00000488973	DPEP2NB
	0.026	ENSP00000262366	GLIS2
ENSG00000197566	0.026	ENSP00000310472	ZNF624
	0.026	ENSP00000261058	CCDC54
ENSG00000106304	0.026	ENSP00000345849	SPAM1
ENSG00000144730	0.026	ENSP00000296318	IL17RD
	0.026	ENSP00000387435	ARTN
ENSG00000164331	0.026	ENSP00000296785	ANKRA2
ENSG00000168454	0.026	ENSP00000304908	TXNDC2
ENSG00000164485	0.026	ENSP00000296980	IL22RA2
ENSG00000164743	0.026	ENSP00000297324	C8orf48
ENSG00000181031	0.026	ENSP00000328977	RPH3AL
	0.026	ENSP00000498128	FAM90A8P
ENSG00000158062	0.026	ENSP00000363339	UBXN11
	0.026	ENSP00000387310	NOTUM
	0.026	ENSP00000355187	LRRTM3
ENSG00000179909	0.026	ENSP00000421258	ZNF154
	0.026	ENSP00000375093	TAS2R31
	0.026	ENSP00000353874	TLR9
ENSG00000272514	0.026	ENSP00000358575	CFAP206
ENSG00000174738	0.025	ENSP00000310006	NR1D2
	0.025	ENSP00000493334	OR4C6
ENSG00000162144	0.025	ENSP00000389745	CYB561A3
ENSG00000171405	0.025	ENSP00000342240	XAGE5
ENSG00000153993	0.025	ENSP00000284136	SEMA3D
ENSG00000132911	0.025	ENSP00000255262	NMUR2
	0.025	ENSP00000237837	FGF23
ENSG00000103005	0.025	ENSP00000219281	USB1
ENSG00000182600	0.025	ENSP00000386804	SNORC
ENSG00000141506	0.025	ENSP00000392812	PIK3R5
ENSG00000213927	0.025	ENSP00000259631	CCL27
ENSG00000163867	0.025	ENSP00000349708	ZMYM6
	0.025	ENSP00000353942	DRC7
ENSG00000039987	0.025	ENSP00000448310	BEST2
	0.025	ENSP00000491546	RAB42
	0.025	ENSP00000482358	PRSS57
	0.025	ENSP00000349669	TEX43
ENSG00000130720	0.025	ENSP00000361413	FIBCD1
	0.025	ENSP00000267102	LMBR1L
	0.025	ENSP00000331242	KREMEN1
	0.025	ENSP00000335575	OR1J2
	0.025	ENSP00000366690	SPATC1
ENSG00000145863	0.025	ENSP00000274545	GABRA6
	0.025	ENSP00000334940	GGN
ENSG00000138111	0.025	ENSP00000238936	MFSD13A
	0.025	ENSP00000359942	KLHL31
	0.025	ENSP00000395281	C9orf116
ENSG00000176406	0.025	ENSP00000427018	RIMS2
ENSG00000146411	0.025	ENSP00000275230	SLC2A12
ENSG00000114124	0.025	ENSP00000264952	GRK7
	0.025	ENSP00000485431	OR4X2
ENSG00000242689	0.025	ENSP00000355370	CNTF
ENSG00000173926	0.025	ENSP00000309141	MARCHF3
ENSG00000197937	0.025	ENSP00000405218	ZNF347
ENSG00000007516	0.025	ENSP00000324510	BAIAP3
ENSG00000140839	0.025	ENSP00000341051	CLEC18B
ENSG00000124215	0.025	ENSP00000339390	CDH26
	0.025	ENSP00000306497	KCNJ4
	0.025	ENSP00000418259	ZFP57
ENSG00000197808	0.025	ENSP00000467931	ZNF461
ENSG00000187823	0.025	ENSP00000340590	RTL4
ENSG00000132932	0.025	ENSP00000371070	ATP8A2
	0.025	ENSP00000457701	LOC730098
ENSG00000147124	0.025	ENSP00000366265	ZNF41
ENSG00000157093	0.025	ENSP00000287748	LYZL4
ENSG00000174460	0.025	ENSP00000308921	ZCCHC12
ENSG00000167377	0.025	ENSP00000377171	ZNF23
ENSG00000238083	0.025	ENSP00000459551	LRRC37A2
ENSG00000177994	0.025	ENSP00000381631	C2orf73
	0.025	ENSP00000493431	OR5AU1
ENSG00000157423	0.025	ENSP00000377197	HYDIN
ENSG00000158865	0.025	ENSP00000289932	SLC5A11
ENSG00000161860	0.025	ENSP00000293695	SYCE2
	0.025	ENSP00000352271	XRCC2
	0.025	ENSP00000413660	ZNF492
ENSG00000124196	0.025	ENSP00000362094	GTSF1L
	0.025	ENSP00000269127	C17orf64
ENSG00000159387	0.025	ENSP00000290552	IRX6
ENSG00000180871	0.025	ENSP00000319635	CXCR2
ENSG00000115459	0.025	ENSP00000386248	ELMOD3
ENSG00000078401	0.025	ENSP00000368683	EDN1
ENSG00000196557	0.025	ENSP00000334198	CACNA1H
ENSG00000172159	0.025	ENSP00000303508	FRMD3
ENSG00000162460	0.025	ENSP00000364938	TMEM82
ENSG00000197472	0.025	ENSP00000341236	ZNF695
ENSG00000162337	0.025	ENSP00000294304	LRP5
ENSG00000188816	0.025	ENSP00000341108	HMX2
	0.025	ENSP00000327968	SNAI3
	0.025	ENSP00000297581	DCSTAMP
ENSG00000152207	0.025	ENSP00000282018	CYSLTR2
ENSG00000101222	0.024	ENSP00000369080	SPEF1
ENSG00000166432	0.024	ENSP00000361868	ZMAT1
ENSG00000187510	0.024	ENSP00000492692	PLEKHG7
ENSG00000163376	0.024	ENSP00000401878	KBTBD8
ENSG00000184436	0.024	ENSP00000215742	THAP7
	0.024	ENSP00000363634	TXNDC8
ENSG00000198156	0.024	ENSP00000431871	NPIPB6
	0.024	ENSP00000483293	OR1N2
ENSG00000141431	0.024	ENSP00000269197	ASXL3
	0.024	ENSP00000497037	FAM90A16P
	0.024	ENSP00000497508	ENSP00000497508
ENSG00000221886	0.024	ENSP00000386184	ZBED8
ENSG00000183621	0.024	ENSP00000412363	ZNF438
ENSG00000153898	0.024	ENSP00000359640	MCOLN2
ENSG00000141956	0.024	ENSP00000269844	PRDM15
	0.024	ENSP00000334287	KRTAP21-2
ENSG00000167766	0.024	ENSP00000472619	ZNF83
	0.024	ENSP00000478941	ENSP00000478941
ENSG00000213171	0.024	ENSP00000357810	LINGO4
	0.024	ENSP00000272367	CLEC4F
	0.024	ENSP00000299191	C16orf78
ENSG00000112599	0.024	ENSP00000230361	GUCA1B
	0.024	ENSP00000300575	C16orf92
ENSG00000214652	0.024	ENSP00000485448	ZNF727
ENSG00000165182	0.024	ENSP00000368511	CXorf58
ENSG00000163464	0.024	ENSP00000295683	CXCR1
ENSG00000171631	0.024	ENSP00000480966	P2RY6
	0.024	ENSP00000485614	ZNF518A
ENSG00000163380	0.024	ENSP00000414670	LMOD3
ENSG00000019549	0.024	ENSP00000020945	SNAI2
ENSG00000184344	0.024	ENSP00000331745	GDF3
	0.024	ENSP00000366223	C9orf57
ENSG00000130066	0.024	ENSP00000368572	SAT1
ENSG00000053918	0.024	ENSP00000155840	KCNQ1
	0.024	ENSP00000341662	AGMO
ENSG00000178965	0.024	ENSP00000322609	ERICH3
ENSG00000183722	0.024	ENSP00000368908	LHFPL6
	0.024	ENSP00000343248	SBK1
ENSG00000122778	0.024	ENSP00000416040	KIAA1549
ENSG00000165370	0.024	ENSP00000498972	GPR101
	0.024	ENSP00000293889	CCDC78
	0.024	ENSP00000355121	ITPRIPL1
ENSG00000178342	0.024	ENSP00000315654	KCNG2
ENSG00000176771	0.024	ENSP00000387128	NCKAP5
ENSG00000203784	0.024	ENSP00000357736	LELP1
ENSG00000165731	0.024	ENSP00000347942	RET
	0.024	ENSP00000273352	ADGRG7
	0.024	ENSP00000424566	SLC35A4
ENSG00000113532	0.024	ENSP00000231461	ST8SIA4
	0.024	ENSP00000407353	LMNTD1
ENSG00000138653	0.024	ENSP00000264363	NDST4
	0.024	ENSP00000344820	KCNK7
	0.024	ENSP00000265138	ARRDC3
ENSG00000090238	0.024	ENSP00000381821	YPEL3
ENSG00000074855	0.024	ENSP00000159087	ANO8
ENSG00000167011	0.024	ENSP00000300303	NAT16
	0.024	ENSP00000482202	PIGW
ENSG00000178662	0.024	ENSP00000318258	CSRNP3
	0.024	ENSP00000383421	RBM11
ENSG00000139174	0.024	ENSP00000345064	PRICKLE1
ENSG00000183579	0.024	ENSP00000443824	ZNRF3
	0.024	ENSP00000291294	PTGIR
ENSG00000178125	0.024	ENSP00000315035	PPP1R42
ENSG00000119946	0.024	ENSP00000349147	CNNM1
ENSG00000186230	0.024	ENSP00000333980	ZNF749
	0.024	ENSP00000329825	SPATA31A6
	0.024	ENSP00000498042	DCLRE1B
	0.024	ENSP00000301532	OR5I1
ENSG00000198185	0.024	ENSP00000473194	ZNF334
ENSG00000187151	0.024	ENSP00000335255	ANGPTL5
ENSG00000172538	0.024	ENSP00000308292	FAM170B
ENSG00000105520	0.024	ENSP00000466898	PLPPR2
ENSG00000142185	0.024	ENSP00000381026	TRPM2
ENSG00000196605	0.024	ENSP00000380999	ZNF846
ENSG00000144445	0.024	ENSP00000281772	KANSL1L
	0.024	ENSP00000493263	OR5B12
ENSG00000205029	0.024	ENSP00000367649	OR5D16
	0.024	ENSP00000496355	TLR5
	0.024	ENSP00000441381	MSLNL
ENSG00000106714	0.024	ENSP00000297668	CNTNAP3
	0.024	ENSP00000385300	CLDN15
ENSG00000082641	0.024	ENSP00000354855	NFE2L1
	0.024	ENSP00000477587	SRD5A2
ENSG00000183134	0.024	ENSP00000332812	PTGDR2
ENSG00000126500	0.024	ENSP00000246841	FLRT1
	0.024	ENSP00000373572	FOXI2
	0.024	ENSP00000317482	OR4F4
ENSG00000160062	0.024	ENSP00000362609	ZBTB8A
ENSG00000175893	0.024	ENSP00000370303	ZDHHC21
	0.024	ENSP00000347730	ZNF536
ENSG00000183647	0.024	ENSP00000332861	ZNF530
ENSG00000274512	0.024	ENSP00000481508	TBC1D3L
ENSG00000176009	0.024	ENSP00000435770	ASCL3
ENSG00000165694	0.024	ENSP00000298542	FRMD7
	0.024	ENSP00000226317	CXCL6
ENSG00000114166	0.024	ENSP00000263754	KAT2B
ENSG00000178217	0.024	ENSP00000345295	SH2D4B
ENSG00000123307	0.024	ENSP00000242994	NEUROD4
ENSG00000141946	0.024	ENSP00000269834	ZIM3
	0.024	ENSP00000340887	C5orf47
	0.024	ENSP00000319341	LSM10
ENSG00000102452	0.024	ENSP00000251127	NALCN
	0.024	ENSP00000421021	HERC3-2
	0.023	ENSP00000391504	CCDC173
	0.023	ENSP00000369251	MAB21L1
ENSG00000162571	0.023	ENSP00000368592	TTLL10
	0.023	ENSP00000386222	OR2F2
	0.023	ENSP00000493362	OR2AG2
ENSG00000258484	0.023	ENSP00000312284	SPESP1
ENSG00000069943	0.023	ENSP00000164305	PIGB
ENSG00000112902	0.023	ENSP00000371936	SEMA5A
	0.023	ENSP00000387523	OR7E24
ENSG00000066230	0.023	ENSP00000264938	SLC9A3
	0.023	ENSP00000312663	CHRNA9
ENSG00000204687	0.023	ENSP00000366331	MAS1L
ENSG00000143590	0.023	ENSP00000357393	EFNA3
	0.023	ENSP00000356121	LEMD1
ENSG00000117411	0.023	ENSP00000310696	B4GALT2
	0.023	ENSP00000389600	TLR6
	0.023	ENSP00000492951	OR2T11
ENSG00000108813	0.023	ENSP00000240306	DLX4
ENSG00000120738	0.023	ENSP00000239938	EGR1
ENSG00000162543	0.023	ENSP00000364240	UBXN10
ENSG00000161692	0.023	ENSP00000323663	DBF4B
ENSG00000144010	0.023	ENSP00000492719	TRIM43B
ENSG00000169131	0.023	ENSP00000337122	ZNF354A
	0.023	ENSP00000301825	ENTPD3
ENSG00000121989	0.023	ENSP00000241416	ACVR2A
ENSG00000181458	0.023	ENSP00000385089	TMEM45A
	0.023	ENSP00000388823	NSG1
	0.023	ENSP00000497259	FAM90A9P
ENSG00000248712	0.023	ENSP00000423567	CCDC153
	0.023	ENSP00000312649	PPARGC1B
ENSG00000150361	0.023	ENSP00000367075	KLHL1
	0.023	ENSP00000420174	ERVFRD-1
ENSG00000006555	0.023	ENSP00000360323	TTC22
ENSG00000143473	0.023	ENSP00000271751	KCNH1
ENSG00000142149	0.023	ENSP00000270112	HUNK
ENSG00000144015	0.023	ENSP00000272395	TRIM43
	0.023	ENSP00000478834	TEX28
	0.023	ENSP00000254765	POPDC3
	0.023	ENSP00000469588	M0QY47_HUMAN
	0.023	ENSP00000312150	TRIB1
ENSG00000104808	0.023	ENSP00000221403	DHDH
ENSG00000174226	0.023	ENSP00000312368	SNX31
ENSG00000179097	0.023	ENSP00000322924	HTR1F
ENSG00000182010	0.023	ENSP00000362894	RTKN2
ENSG00000124003	0.023	ENSP00000406674	MOGAT1
ENSG00000175318	0.023	ENSP00000311657	GRAMD2A
	0.023	ENSP00000493434	OR2T27
ENSG00000168675	0.023	ENSP00000352420	LDLRAD4
ENSG00000151117	0.023	ENSP00000280734	TMEM86A
ENSG00000154864	0.023	ENSP00000421377	PIEZO2
ENSG00000144649	0.023	ENSP00000407301	GASK1A
ENSG00000171606	0.023	ENSP00000484810	ZNF274
ENSG00000140943	0.023	ENSP00000344223	MBTPS1
ENSG00000254122	0.023	ENSP00000381594	PCDHGB7
ENSG00000255181	0.023	ENSP00000437468	CCDC166
ENSG00000179284	0.023	ENSP00000323155	DAND5
ENSG00000180697	0.023	ENSP00000316644	C3orf22
ENSG00000172938	0.023	ENSP00000310631	MRGPRD
ENSG00000256394	0.023	ENSP00000442477	ASIC5
ENSG00000131591	0.023	ENSP00000368644	C1orf159
ENSG00000186281	0.023	ENSP00000389395	GPAT2
ENSG00000185436	0.023	ENSP00000327824	IFNLR1
ENSG00000138650	0.023	ENSP00000264360	PCDH10
ENSG00000197093	0.023	ENSP00000353142	GAL3ST4
ENSG00000006432	0.023	ENSP00000451263	MAP3K9
ENSG00000066735	0.023	ENSP00000388241	KIF26A
ENSG00000154319	0.023	ENSP00000284486	FAM167A
ENSG00000092140	0.023	ENSP00000206595	G2E3
ENSG00000132938	0.023	ENSP00000498251	MTUS2
ENSG00000196860	0.023	ENSP00000354204	TOMM20L
ENSG00000177595	0.023	ENSP00000337797	PIDD1
	0.023	ENSP00000464330	C18orf63
ENSG00000135355	0.023	ENSP00000358358	GJA10
ENSG00000124249	0.023	ENSP00000361952	KCNK15
ENSG00000088899	0.023	ENSP00000353496	LZTS3
ENSG00000165409	0.023	ENSP00000441235	TSHR
ENSG00000064270	0.023	ENSP00000397925	ATP2C2
ENSG00000269113	0.023	ENSP00000476820	TRABD2B
ENSG00000229549	0.023	ENSP00000372462	TSPY8
	0.023	ENSP00000368278	IL1RAPL1
	0.023	ENSP00000358786	KCNA10
	0.023	ENSP00000354871	PPEF1
ENSG00000176293	0.023	ENSP00000441410	ZNF135
	0.023	ENSP00000258042	NMBR
	0.023	ENSP00000355837	CAPN8
ENSG00000177854	0.022	ENSP00000358999	TMEM187
ENSG00000162494	0.022	ENSP00000365253	LRRC38
ENSG00000164107	0.022	ENSP00000352565	HAND2
ENSG00000186075	0.022	ENSP00000335384	ZPBP2
	0.022	ENSP00000461865	ENSP00000461865
ENSG00000130822	0.022	ENSP00000405950	PNCK
ENSG00000206579	0.022	ENSP00000328326	XKR4
ENSG00000005379	0.022	ENSP00000345824	TSPOAP1
	0.022	ENSP00000479362	GOLGA6L10
ENSG00000178826	0.022	ENSP00000352284	TMEM139
	0.022	ENSP00000371126	NUTM2A
ENSG00000163060	0.022	ENSP00000295201	TEKT4
	0.022	ENSP00000448580	SPIC
ENSG00000171051	0.022	ENSP00000471493	FPR1
	0.022	ENSP00000375756	KCNJ14
ENSG00000078295	0.022	ENSP00000342952	ADCY2
ENSG00000060140	0.022	ENSP00000075503	STYK1
	0.022	ENSP00000360973	AGTR2
ENSG00000159433	0.022	ENSP00000290607	STARD9
ENSG00000145428	0.022	ENSP00000340979	RNF175
ENSG00000137691	0.022	ENSP00000414390	CFAP300
	0.022	ENSP00000491758	TAF11L12
ENSG00000171757	0.022	ENSP00000414635	LRRC34
ENSG00000096092	0.022	ENSP00000211314	TMEM14A
	0.022	ENSP00000308535	GOLT1A
ENSG00000198488	0.022	ENSP00000484640	B3GNT6
ENSG00000138641	0.022	ENSP00000385684	HERC3
ENSG00000188636	0.022	ENSP00000340434	RTL6
ENSG00000120742	0.022	ENSP00000420076	SERP1
ENSG00000254206	0.022	ENSP00000430853	NPIPB11
	0.022	ENSP00000417914	ASB11
	0.022	ENSP00000497810	MAGEL2
ENSG00000137473	0.022	ENSP00000423505	TTC29
	0.022	ENSP00000493439	OR2J3
	0.022	ENSP00000262894	ZNF225
ENSG00000127472	0.022	ENSP00000364249	PLA2G5
ENSG00000114654	0.022	ENSP00000414597	EFCC1
ENSG00000188425	0.022	ENSP00000341021	NANOS2
ENSG00000109906	0.022	ENSP00000338157	ZBTB16
ENSG00000165046	0.022	ENSP00000369291	LETM2
ENSG00000163393	0.022	ENSP00000358515	SLC22A15
	0.022	ENSP00000344791	ZNF600
ENSG00000162604	0.022	ENSP00000475700	TM2D1
ENSG00000170175	0.022	ENSP00000304290	CHRNB1
	0.022	ENSP00000225276	ST6GALNAC2
	0.022	ENSP00000318429	CCDC114
ENSG00000179399	0.022	ENSP00000366267	GPC5
ENSG00000171049	0.022	ENSP00000468897	FPR2
ENSG00000101916	0.022	ENSP00000312082	TLR8
	0.022	ENSP00000334393	OR4F5
	0.022	ENSP00000467301	OR4F17
	0.022	ENSP00000282611	CATSPER3
ENSG00000160994	0.022	ENSP00000292574	CCDC105
ENSG00000173557	0.022	ENSP00000332875	FAM166C
	0.022	ENSP00000323096	AMIGO3
ENSG00000179639	0.022	ENSP00000357097	FCER1A
	0.022	ENSP00000448062	POTEM
	0.022	ENSP00000380315	ZNF208
	0.022	ENSP00000326652	FAM71F1
	0.022	ENSP00000430945	ADGRB1
ENSG00000105784	0.022	ENSP00000337732	RUNDC3B
ENSG00000196182	0.022	ENSP00000362222	STK40
ENSG00000165406	0.022	ENSP00000411848	MARCHF8
	0.022	ENSP00000257626	GSAP
	0.022	ENSP00000367913	FAM47C
ENSG00000178828	0.022	ENSP00000364263	RNF186
ENSG00000144031	0.022	ENSP00000353796	ANKRD53
ENSG00000176256	0.022	ENSP00000430919	HMGB4
	0.022	ENSP00000493312	OR2J1
ENSG00000247746	0.022	ENSP00000423333	USP51
ENSG00000173114	0.022	ENSP00000397312	LRRN3
	0.022	ENSP00000483312	WDR38
ENSG00000137817	0.022	ENSP00000456348	PARP6
	0.022	ENSP00000479373	ENSP00000479373
ENSG00000178226	0.022	ENSP00000268281	PRSS36
ENSG00000178021	0.022	ENSP00000417919	TSPYL6
	0.022	ENSP00000424363	E9PBE3_HUMAN
ENSG00000177483	0.022	ENSP00000321179	RBM44
ENSG00000167528	0.022	ENSP00000437832	ZNF641
	0.022	ENSP00000264596	NEIL3
ENSG00000166578	0.022	ENSP00000400669	IQCD
	0.022	ENSP00000489894	FAM236B
	0.022	ENSP00000490343	FAM236A
ENSG00000158008	0.022	ENSP00000363398	EXTL1
	0.022	ENSP00000394623	NUTM2B
	0.022	ENSP00000307801	ZPLD1
	0.022	ENSP00000406197	PAQR8
	0.022	ENSP00000273666	STXBP5L
ENSG00000197852	0.022	ENSP00000349805	INKA2
	0.022	ENSP00000240100	DUSP4
	0.022	ENSP00000492311	TLE7
ENSG00000047662	0.021	ENSP00000265018	FAM184B
ENSG00000136449	0.021	ENSP00000498665	MYCBPAP
ENSG00000112115	0.021	ENSP00000497968	IL17A
	0.021	ENSP00000350786	ASIC4
ENSG00000165323	0.021	ENSP00000432586	FAT3
ENSG00000186510	0.021	ENSP00000332771	CLCNKA
ENSG00000166676	0.021	ENSP00000299866	TVP23A
ENSG00000180777	0.021	ENSP00000499676	ANKRD30B
	0.021	ENSP00000304235	OR1L6
	0.021	ENSP00000276218	GPR119
	0.021	ENSP00000286424	TMBIM4
ENSG00000162594	0.021	ENSP00000321345	IL23R
ENSG00000204542	0.021	ENSP00000259870	C6orf15
ENSG00000102057	0.021	ENSP00000218176	KCND1
ENSG00000267041	0.021	ENSP00000464976	ZNF850
	0.021	ENSP00000498711	RDH8
	0.021	ENSP00000415139	TICAM2
ENSG00000078725	0.021	ENSP00000265922	BRINP1
	0.021	ENSP00000411032	ZNF284
	0.021	ENSP00000306991	HAS2
ENSG00000135363	0.021	ENSP00000257818	LMO2
ENSG00000082684	0.021	ENSP00000389588	SEMA5B
ENSG00000039139	0.021	ENSP00000265104	DNAH5
	0.021	ENSP00000312399	CCDC63
ENSG00000011114	0.021	ENSP00000335615	BTBD7
ENSG00000105278	0.021	ENSP00000262961	ZFR2
ENSG00000197213	0.021	ENSP00000466072	ZSCAN5B
ENSG00000221821	0.021	ENSP00000386146	C6orf226
	0.021	ENSP00000334072	TMEM212
ENSG00000197410	0.021	ENSP00000349768	DCHS2
	0.021	ENSP00000291416	TRIM62
ENSG00000165606	0.021	ENSP00000363254	DRGX
ENSG00000215217	0.021	ENSP00000382708	C5orf49
ENSG00000214087	0.021	ENSP00000380635	ARL16
ENSG00000099840	0.021	ENSP00000378712	IZUMO4
ENSG00000167113	0.021	ENSP00000300452	COQ4
ENSG00000198178	0.021	ENSP00000440428	CLEC4C
	0.021	ENSP00000344563	CLEC12B
ENSG00000128617	0.021	ENSP00000249389	OPN1SW
ENSG00000179715	0.021	ENSP00000446688	PCED1B
	0.021	ENSP00000274629	KCNMB1
	0.021	ENSP00000485112	OR12D2
ENSG00000171150	0.021	ENSP00000305133	SOCS5
ENSG00000141434	0.021	ENSP00000269202	MEP1B
	0.021	ENSP00000382323	OTOG
ENSG00000183631	0.021	ENSP00000360166	PRR32
	0.021	ENSP00000493401	OR2J2
ENSG00000105696	0.021	ENSP00000470879	TMEM59L
ENSG00000109991	0.021	ENSP00000263314	P2RX3
	0.021	ENSP00000428205	FBXO32
ENSG00000169246	0.021	ENSP00000444096	NPIPB3
	0.021	ENSP00000481142	ENSP00000481142
ENSG00000142405	0.021	ENSP00000375653	NLRP12
ENSG00000154309	0.021	ENSP00000284476	DISP1
ENSG00000162728	0.021	ENSP00000357067	KCNJ9
	0.021	ENSP00000396045	PLA2G4B
ENSG00000228083	0.021	ENSP00000369571	IFNA14
	0.021	ENSP00000223862	RLN1
ENSG00000206052	0.021	ENSP00000372160	DOK6
ENSG00000158428	0.021	ENSP00000289388	CATIP
ENSG00000179981	0.021	ENSP00000464391	TSHZ1
	0.021	ENSP00000480405	GPR1
	0.021	ENSP00000359978	HHLA3
	0.021	ENSP00000372910	LY6G6E
ENSG00000148814	0.021	ENSP00000357603	LRRC27
ENSG00000165807	0.021	ENSP00000298705	PPP1R36
	0.021	ENSP00000394178	TMEM182
	0.021	ENSP00000370088	AMELX
	0.021	ENSP00000324534	OR14C36
	0.021	ENSP00000493393	OR1I1
ENSG00000197782	0.021	ENSP00000400997	ZNF780A
ENSG00000101665	0.021	ENSP00000262158	SMAD7
	0.021	ENSP00000464258	VHLL
ENSG00000102543	0.021	ENSP00000251108	CDADC1
	0.021	ENSP00000497479	MYT1L
ENSG00000183615	0.021	ENSP00000362684	FAM167B
	0.021	ENSP00000380494	MYCL
ENSG00000041515	0.021	ENSP00000401633	MYO16
	0.021	ENSP00000355166	LRRC10
ENSG00000163053	0.021	ENSP00000295190	SLC16A14
ENSG00000112053	0.021	ENSP00000347778	SLC26A8
ENSG00000156427	0.021	ENSP00000274625	FGF18
ENSG00000179299	0.021	ENSP00000371201	NSUN7
ENSG00000145390	0.021	ENSP00000409906	USP53
ENSG00000167785	0.021	ENSP00000471277	ZNF558
ENSG00000163982	0.02	ENSP00000296358	OTOP1
ENSG00000130943	0.02	ENSP00000253255	PKDREJ
	0.02	ENSP00000359630	ADGRB3
ENSG00000162341	0.02	ENSP00000294309	TPCN2
ENSG00000179921	0.02	ENSP00000430886	GPBAR1
	0.02	ENSP00000389255	HCAR1
ENSG00000158828	0.02	ENSP00000364204	PINK1
ENSG00000153404	0.02	ENSP00000490806	PLEKHG4B
ENSG00000105954	0.02	ENSP00000222674	NPVF
ENSG00000121903	0.02	ENSP00000355053	ZSCAN20
ENSG00000164938	0.02	ENSP00000344215	TP53INP1
ENSG00000125247	0.02	ENSP00000343871	TMTC4
	0.02	ENSP00000481594	OR56A5
ENSG00000104290	0.02	ENSP00000240093	FZD3
ENSG00000169203	0.02	ENSP00000447597	NPIPB12
ENSG00000125967	0.02	ENSP00000246190	NECAB3
ENSG00000112033	0.02	ENSP00000310928	PPARD
ENSG00000111846	0.02	ENSP00000419411	GCNT2
ENSG00000170160	0.02	ENSP00000353717	CCDC144A
ENSG00000139915	0.02	ENSP00000405456	MDGA2
ENSG00000162944	0.02	ENSP00000295049	RFTN2
ENSG00000134874	0.02	ENSP00000257312	DZIP1
ENSG00000180113	0.02	ENSP00000346065	TDRD6
	0.02	ENSP00000356536	TEDDM1
ENSG00000137103	0.02	ENSP00000367230	TMEM8B
ENSG00000154640	0.02	ENSP00000344609	BTG3
ENSG00000169894	0.02	ENSP00000368771	MUC3A
ENSG00000116981	0.02	ENSP00000235628	NT5C1A
	0.02	ENSP00000493074	OR2AG1
ENSG00000094963	0.02	ENSP00000209929	FMO2
ENSG00000204965	0.02	ENSP00000436557	PCDHA5
	0.02	ENSP00000365243	COX4I2
ENSG00000134668	0.02	ENSP00000353670	SPOCD1
	0.02	ENSP00000352233	ZNF705A
	0.02	ENSP00000350576	ZNF441
	0.02	ENSP00000355736	TCTE3
	0.02	ENSP00000496151	CFAP97D2
	0.02	ENSP00000296145	TDGF1
	0.02	ENSP00000408058	METTL11B
ENSG00000275004	0.02	ENSP00000485750	ZNF280B
ENSG00000113211	0.02	ENSP00000231136	PCDHB6
ENSG00000176571	0.02	ENSP00000430073	CNBD1
	0.02	ENSP00000254661	RAMP1
	0.02	ENSP00000491720	CSAG2
ENSG00000183309	0.02	ENSP00000445979	ZNF623
ENSG00000165702	0.02	ENSP00000344782	GFI1B
	0.02	ENSP00000363680	EDA
ENSG00000124678	0.02	ENSP00000501201	TCP11
ENSG00000100565	0.02	ENSP00000377369	LRRC74A
ENSG00000136425	0.02	ENSP00000258930	CIB2
ENSG00000198774	0.02	ENSP00000354884	RASSF9
ENSG00000187944	0.02	ENSP00000500939	C2orf66
	0.02	ENSP00000459962	TRPV1
	0.02	ENSP00000385019	CACNA1I
	0.02	ENSP00000491256	B3GNT10
ENSG00000183304	0.02	ENSP00000440163	FAM9A
ENSG00000170965	0.02	ENSP00000352173	PLAC1
	0.02	ENSP00000330746	KRTAP20-2
	0.02	ENSP00000380594	BPIFC
ENSG00000146267	0.02	ENSP00000374328	FAXC
ENSG00000152217	0.02	ENSP00000497406	SETBP1
	0.02	ENSP00000406909	PHOSPHO1
	0.02	ENSP00000270800	IL22RA1
ENSG00000122386	0.02	ENSP00000480401	ZNF205
ENSG00000076344	0.02	ENSP00000380876	RGS11
	0.02	ENSP00000266503	ARNTL2
ENSG00000059915	0.02	ENSP00000384830	PSD
	0.02	ENSP00000420270	UHMK1
ENSG00000047365	0.02	ENSP00000302895	ARAP2
ENSG00000122012	0.02	ENSP00000423541	SV2C
ENSG00000069206	0.02	ENSP00000175238	ADAM7
	0.02	ENSP00000447879	ZBED6
ENSG00000008735	0.02	ENSP00000330572	MAPK8IP2
ENSG00000128886	0.02	ENSP00000320346	ELL3
ENSG00000168671	0.02	ENSP00000282507	UGT3A2
	0.02	ENSP00000386389	KLHL30
ENSG00000154736	0.02	ENSP00000284987	ADAMTS5
	0.02	ENSP00000493283	OR7A17
ENSG00000128000	0.02	ENSP00000391641	ZNF780B
	0.02	ENSP00000261731	LHX5
	0.02	ENSP00000307734	OR6Q1
ENSG00000163806	0.02	ENSP00000335628	SPDYA
	0.02	ENSP00000321370	ZBED2
	0.02	ENSP00000303696	ZNF57
	0.02	ENSP00000382953	GABRA5
ENSG00000268043	0.02	ENSP00000478609	NBPF12
ENSG00000186352	0.02	ENSP00000335147	ANKRD37
	0.02	ENSP00000411788	GPR35
ENSG00000142686	0.02	ENSP00000425166	C1orf216
ENSG00000166183	0.02	ENSP00000450040	ASPG
ENSG00000172548	0.02	ENSP00000311687	NIPAL4
ENSG00000159182	0.02	ENSP00000290294	PRAC1
ENSG00000229809	0.02	ENSP00000223459	ZNF688
	0.02	ENSP00000352097	SPTSSB
ENSG00000173928	0.02	ENSP00000310008	SWSAP1
ENSG00000009830	0.02	ENSP00000261534	POMT2
ENSG00000153975	0.02	ENSP00000357565	ZUP1
ENSG00000104219	0.02	ENSP00000262096	ZDHHC2
ENSG00000162062	0.02	ENSP00000355022	TEDC2
ENSG00000168826	0.019	ENSP00000338807	ZBTB49
	0.019	ENSP00000327732	C7orf61
ENSG00000114529	0.019	ENSP00000399392	C3orf52
	0.019	ENSP00000286719	PPEF2
ENSG00000172348	0.019	ENSP00000360425	RCAN2
ENSG00000125170	0.019	ENSP00000455566	DOK4
	0.019	ENSP00000245817	TNFSF9
	0.019	ENSP00000306627	SLC9C1
	0.019	ENSP00000258499	USP44
ENSG00000041880	0.019	ENSP00000381740	PARP3
ENSG00000128596	0.019	ENSP00000297788	CCDC136
ENSG00000157219	0.019	ENSP00000287907	HTR5A
ENSG00000140254	0.019	ENSP00000267803	DUOXA1
ENSG00000159588	0.019	ENSP00000432172	CCDC17
	0.019	ENSP00000256857	GRP
	0.019	ENSP00000340610	POTEH
ENSG00000130653	0.019	ENSP00000384610	PNPLA7
	0.019	ENSP00000296142	RTP3
	0.019	ENSP00000472160	M0R1X1_HUMAN
	0.019	ENSP00000493715	OR2I1P
	0.019	ENSP00000322170	PFN4
ENSG00000174255	0.019	ENSP00000417192	ZNF80
ENSG00000177752	0.019	ENSP00000332772	YIPF7
	0.019	ENSP00000289272	PCDHA13
ENSG00000124900	0.019	ENSP00000395086	TRIM51
ENSG00000185942	0.019	ENSP00000429073	NKAIN3
	0.019	ENSP00000381109	ZCWPW1
	0.019	ENSP00000359793	PTGFR
ENSG00000136514	0.019	ENSP00000259030	RTP4
ENSG00000105088	0.019	ENSP00000264833	OLFM2
	0.019	ENSP00000339764	PRDM8
ENSG00000180938	0.019	ENSP00000319305	ZNF572
	0.019	ENSP00000237275	ZC2HC1B
ENSG00000100060	0.019	ENSP00000349490	MFNG
ENSG00000124257	0.019	ENSP00000361596	NEURL2
	0.019	ENSP00000489547	CENPVL3
	0.019	ENSP00000263116	RAB36
	0.019	ENSP00000421586	GOLGA6L4
ENSG00000181135	0.019	ENSP00000436212	ZNF707
ENSG00000177202	0.019	ENSP00000312774	SPACA4
ENSG00000142794	0.019	ENSP00000316782	NBPF3
ENSG00000215912	0.019	ENSP00000490537	TTC34
ENSG00000158169	0.019	ENSP00000289081	FANCC
ENSG00000149609	0.019	ENSP00000364370	C20orf144
	0.019	ENSP00000303540	SCN1A
ENSG00000040731	0.019	ENSP00000264463	CDH10
ENSG00000166090	0.019	ENSP00000328111	IL25
	0.019	ENSP00000483537	C11orf65
ENSG00000085552	0.019	ENSP00000357073	IGSF9
	0.019	ENSP00000480443	HSD11B1L
	0.019	ENSP00000428679	ZNF829
ENSG00000119698	0.019	ENSP00000305924	PPP4R4
ENSG00000219481	0.019	ENSP00000474456	NBPF1
ENSG00000180251	0.019	ENSP00000295269	SLC9A4
ENSG00000162687	0.019	ENSP00000294725	KCNT2
	0.019	ENSP00000297819	SSMEM1
ENSG00000103023	0.019	ENSP00000219301	PRSS54
ENSG00000133101	0.019	ENSP00000255465	CCNA1
ENSG00000081853	0.019	ENSP00000378077	PCDHGA2
	0.019	ENSP00000469613	FLT3LG
ENSG00000183317	0.019	ENSP00000362139	EPHA10
ENSG00000134873	0.019	ENSP00000299339	CLDN10
	0.019	ENSP00000397415	RLN3
	0.019	ENSP00000360560	TCTE1
ENSG00000178175	0.019	ENSP00000313158	ZNF366
ENSG00000133019	0.019	ENSP00000255380	CHRM3
ENSG00000015520	0.019	ENSP00000289547	NPC1L1
ENSG00000157388	0.019	ENSP00000288139	CACNA1D
	0.019	ENSP00000280295	PPP1R1C
ENSG00000188706	0.019	ENSP00000349689	ZDHHC9
	0.019	ENSP00000369531	UBQLNL
	0.019	ENSP00000490424	ENSP00000490424
ENSG00000104043	0.019	ENSP00000284509	ATP8B4
	0.019	ENSP00000260228	MMP20
ENSG00000130590	0.019	ENSP00000358902	SAMD10
ENSG00000117010	0.019	ENSP00000497154	ZNF684
ENSG00000163328	0.019	ENSP00000376335	GPR155
ENSG00000242732	0.019	ENSP00000476792	RTL5
ENSG00000185823	0.019	ENSP00000333735	NPAP1
ENSG00000168631	0.019	ENSP00000417182	MUCL3
ENSG00000101276	0.019	ENSP00000494009	SLC52A3
	0.019	ENSP00000251287	HCN2
	0.019	ENSP00000307515	OR9G4
	0.019	ENSP00000307126	DEGS2
	0.019	ENSP00000278853	ZP1
ENSG00000102984	0.019	ENSP00000398089	ZNF821
ENSG00000123364	0.019	ENSP00000243056	HOXC13
	0.019	ENSP00000384370	STEAP1B
	0.019	ENSP00000411593	GLRA1
ENSG00000185480	0.019	ENSP00000440850	PARPBP
ENSG00000128602	0.018	ENSP00000249373	SMO
	0.018	ENSP00000495855	PJVK
ENSG00000164304	0.018	ENSP00000425493	CAGE1
ENSG00000197647	0.018	ENSP00000339767	ZNF433
	0.018	ENSP00000491259	PRAMEF13
	0.018	ENSP00000253801	G6PC
ENSG00000146618	0.018	ENSP00000275461	FERD3L
	0.018	ENSP00000356133	CLDN20
ENSG00000171056	0.018	ENSP00000301921	SOX7
ENSG00000171735	0.018	ENSP00000306522	CAMTA1
	0.018	ENSP00000243673	GPR83
	0.018	ENSP00000493242	OR10H5
ENSG00000174885	0.018	ENSP00000309767	NLRP6
ENSG00000130167	0.018	ENSP00000319486	TSPAN16
ENSG00000131386	0.018	ENSP00000344260	GALNT15
	0.018	ENSP00000420612	TIPARP
ENSG00000154642	0.018	ENSP00000284881	C21orf91
ENSG00000234719	0.018	ENSP00000382101	NPIPB2
ENSG00000090612	0.018	ENSP00000444412	ZNF268
	0.018	ENSP00000480492	TSPAN10
	0.018	ENSP00000493235	OR8B2
ENSG00000186130	0.018	ENSP00000362763	ZBTB6
	0.018	ENSP00000491327	PRR33
ENSG00000204595	0.018	ENSP00000365838	DPRX
ENSG00000167525	0.018	ENSP00000301039	PROCA1
	0.018	ENSP00000348449	OR8B4
	0.018	ENSP00000294829	FAM71A
	0.018	ENSP00000436042	PCDHA9
ENSG00000102001	0.018	ENSP00000365441	CACNA1F
ENSG00000161652	0.018	ENSP00000293405	IZUMO2
ENSG00000196458	0.018	ENSP00000376135	ZNF605
ENSG00000163762	0.018	ENSP00000296059	TM4SF18
	0.018	ENSP00000221797	LGALS13
ENSG00000157315	0.018	ENSP00000288025	TMED6
ENSG00000105467	0.018	ENSP00000344041	SYNGR4
ENSG00000124251	0.018	ENSP00000361811	TP53TG5
ENSG00000048342	0.018	ENSP00000403465	CC2D2A
ENSG00000187516	0.018	ENSP00000339511	H2AP
	0.018	ENSP00000407521	NUTM2E
ENSG00000128342	0.018	ENSP00000249075	LIF
ENSG00000178531	0.018	ENSP00000313226	CTXN1
ENSG00000168398	0.018	ENSP00000450482	BDKRB2
ENSG00000132671	0.018	ENSP00000255008	SSTR4
	0.018	ENSP00000361646	ZMYND12
ENSG00000124091	0.018	ENSP00000482600	GCNT7
ENSG00000173662	0.018	ENSP00000331867	TAS1R1
ENSG00000188991	0.018	ENSP00000340402	SLC15A5
ENSG00000237353	0.018	ENSP00000411439	PATE4
	0.018	ENSP00000493271	OR8K3
ENSG00000156218	0.018	ENSP00000286744	ADAMTSL3
ENSG00000177938	0.018	ENSP00000326238	CAPZA3
	0.018	ENSP00000480090	PKD1L3
ENSG00000186648	0.018	ENSP00000340467	CARMIL3
ENSG00000165186	0.018	ENSP00000368666	PTCHD1
ENSG00000013392	0.018	ENSP00000358739	RWDD2A
	0.018	ENSP00000405032	GSG1
ENSG00000196099	0.018	ENSP00000311038	OR6M1
ENSG00000107443	0.018	ENSP00000435373	CCNJ
	0.018	ENSP00000412673	GABRR1
	0.018	ENSP00000477802	C1orf158
	0.018	ENSP00000497650	FAM90A10P
ENSG00000214216	0.018	ENSP00000402153	IQCJ
ENSG00000185028	0.018	ENSP00000327675	LRRC14B
ENSG00000120328	0.018	ENSP00000239450	PCDHB12
	0.018	ENSP00000366645	SCP2D1
ENSG00000132872	0.018	ENSP00000255224	SYT4
ENSG00000174957	0.018	ENSP00000310788	OR5J2
ENSG00000198131	0.018	ENSP00000269829	ZNF544
ENSG00000205978	0.018	ENSP00000371994	NYNRIN
	0.018	ENSP00000324270	OXTR
ENSG00000221855	0.018	ENSP00000386201	TAS2R41
ENSG00000171466	0.018	ENSP00000410734	ZNF562
	0.018	ENSP00000472409	ARL14EPL
	0.018	ENSP00000247881	TAS2R4
	0.018	ENSP00000340683	ZNF823
ENSG00000187605	0.018	ENSP00000386869	TET3
ENSG00000169906	0.018	ENSP00000369547	S100G
ENSG00000184507	0.018	ENSP00000444896	NUTM1
	0.018	ENSP00000362353	GLP1R
	0.018	ENSP00000312021	FUT1
ENSG00000166073	0.018	ENSP00000453076	GPR176
	0.018	ENSP00000379087	ADM2
ENSG00000100583	0.018	ENSP00000216471	SAMD15
ENSG00000048140	0.018	ENSP00000309036	TSPAN17
ENSG00000109738	0.018	ENSP00000264428	GLRB
ENSG00000166793	0.018	ENSP00000432648	YPEL4
ENSG00000004809	0.018	ENSP00000357915	SLC22A16
ENSG00000197272	0.018	ENSP00000349365	IL27
	0.018	ENSP00000385695	SEC14L6
ENSG00000196932	0.018	ENSP00000382237	TMEM26
ENSG00000174527	0.018	ENSP00000444076	MYO1H
ENSG00000196993	0.018	ENSP00000446902	NPIPB9
ENSG00000132000	0.018	ENSP00000442553	PODNL1
ENSG00000104826	0.018	ENSP00000497294	LHB
ENSG00000163440	0.018	ENSP00000295645	PDCL2
ENSG00000131379	0.018	ENSP00000253697	C3orf20
ENSG00000186326	0.018	ENSP00000334134	RGS9BP
ENSG00000161996	0.018	ENSP00000293879	WDR90
ENSG00000198829	0.018	ENSP00000355156	SUCNR1
	0.018	ENSP00000351856	POTEC
ENSG00000120341	0.018	ENSP00000308339	SEC16B
ENSG00000144043	0.018	ENSP00000272438	TEX261
	0.017	ENSP00000482954	PRLR
ENSG00000164841	0.017	ENSP00000297459	TMEM74
	0.017	ENSP00000409937	C2CD6
ENSG00000169488	0.017	ENSP00000304077	OR4K15
ENSG00000137185	0.017	ENSP00000404074	ZSCAN9
ENSG00000127377	0.017	ENSP00000338613	CRYGN
ENSG00000165895	0.017	ENSP00000298815	ARHGAP42
ENSG00000149534	0.017	ENSP00000278888	MS4A2
ENSG00000183166	0.017	ENSP00000378690	CALN1
ENSG00000180089	0.017	ENSP00000321038	TMEM86B
ENSG00000233232	0.017	ENSP00000415207	NPIPB7
ENSG00000168612	0.017	ENSP00000361601	ZSWIM1
ENSG00000197653	0.017	ENSP00000489675	DNAH10
	0.017	ENSP00000369611	SPZ1
ENSG00000159733	0.017	ENSP00000290974	ZFYVE28
ENSG00000144362	0.017	ENSP00000481046	PHOSPHO2
	0.017	ENSP00000477445	OR10G6
ENSG00000064687	0.017	ENSP00000263094	ABCA7
ENSG00000178928	0.017	ENSP00000323455	TPRX1
	0.017	ENSP00000300061	SCNN1G
	0.017	ENSP00000304435	FAM189A2
ENSG00000008300	0.017	ENSP00000164024	CELSR3
	0.017	ENSP00000359221	RWDD3
ENSG00000171860	0.017	ENSP00000302079	C3AR1
	0.017	ENSP00000273390	MAATS1
	0.017	ENSP00000497876	ENSP00000497876
	0.017	ENSP00000498258	GPR55
ENSG00000185264	0.017	ENSP00000386118	TEX33
ENSG00000155085	0.017	ENSP00000410186	AK9
ENSG00000187801	0.017	ENSP00000354547	ZFP69B
	0.017	ENSP00000325917	PCSK7
ENSG00000167800	0.017	ENSP00000335191	TBX10
	0.017	ENSP00000343242	ZBED6CL
ENSG00000196209	0.017	ENSP00000352849	SIRPB2
ENSG00000172752	0.017	ENSP00000265379	COL6A5
ENSG00000130023	0.017	ENSP00000355735	ERMARD
ENSG00000162552	0.017	ENSP00000290167	WNT4
ENSG00000173013	0.017	ENSP00000309285	CCDC96
	0.017	ENSP00000260843	GPR87
	0.017	ENSP00000474090	UPP2
ENSG00000136383	0.017	ENSP00000258888	ALPK3
	0.017	ENSP00000348020	MLH3
ENSG00000162951	0.017	ENSP00000295057	LRRTM1
	0.017	ENSP00000455854	TEX38
	0.017	ENSP00000358512	MAB21L3
ENSG00000253537	0.017	ENSP00000430024	PCDHGA7
ENSG00000108309	0.017	ENSP00000410862	RUNDC3A
ENSG00000142621	0.017	ENSP00000351770	FHAD1
ENSG00000183396	0.017	ENSP00000329557	TMEM89
ENSG00000275111	0.017	ENSP00000482030	ZNF2
ENSG00000214595	0.017	ENSP00000348842	EML6
ENSG00000188393	0.017	ENSP00000396163	CLEC2A
ENSG00000182687	0.017	ENSP00000329684	GALR2
ENSG00000099330	0.017	ENSP00000215061	OCEL1
	0.017	ENSP00000430947	HSF4
ENSG00000186675	0.017	ENSP00000362457	MAGEE2
	0.017	ENSP00000256339	UNC79
ENSG00000125245	0.017	ENSP00000343428	GPR18
	0.017	ENSP00000329860	CCDC172
ENSG00000198879	0.017	ENSP00000380353	SFMBT2
	0.017	ENSP00000364430	SP5
	0.017	ENSP00000490941	LOC101059915
ENSG00000167077	0.017	ENSP00000384115	MEI1
	0.017	ENSP00000433773	ZNF585B
ENSG00000140009	0.017	ENSP00000343925	ESR2
	0.017	ENSP00000301218	GRIK5
	0.017	ENSP00000342148	TMEM167B
ENSG00000100578	0.017	ENSP00000346359	KIAA0586
	0.017	ENSP00000364493	MFSD14B
	0.017	ENSP00000297203	TEX47
	0.017	ENSP00000463981	J3QR06_HUMAN
ENSG00000183034	0.017	ENSP00000332528	OTOP2
ENSG00000174776	0.017	ENSP00000311343	WDR49
ENSG00000168060	0.017	ENSP00000351484	NAALADL1
ENSG00000263002	0.017	ENSP00000400878	ZNF234
	0.017	ENSP00000485108	UBTFL1
	0.017	ENSP00000477715	CPEB1
ENSG00000255524	0.017	ENSP00000434399	NPIPB8
	0.017	ENSP00000454014	SHISA9
ENSG00000164334	0.017	ENSP00000482552	FAM170A
	0.017	ENSP00000302924	IL17D
ENSG00000156486	0.017	ENSP00000287042	KCNS2
	0.017	ENSP00000383900	LIPK
	0.017	ENSP00000492971	OR4C11
	0.017	ENSP00000419101	CACNA2D3
	0.017	ENSP00000331691	C12orf60
ENSG00000182255	0.017	ENSP00000328511	KCNA4
	0.017	ENSP00000352672	PGLYRP4
ENSG00000173890	0.017	ENSP00000348161	GPR160
ENSG00000137860	0.017	ENSP00000315006	SLC28A2
ENSG00000165194	0.017	ENSP00000362125	PCDH19
ENSG00000188263	0.017	ENSP00000374633	IL17REL
	0.017	ENSP00000493436	OR10H1
ENSG00000158156	0.017	ENSP00000362991	XKR8
	0.017	ENSP00000343339	P2RX2
	0.017	ENSP00000355492	CATSPERE
ENSG00000204839	0.017	ENSP00000381857	MROH6
ENSG00000100399	0.017	ENSP00000216241	CHADL
ENSG00000100290	0.017	ENSP00000216115	BIK
	0.017	ENSP00000353058	ZNF517
ENSG00000152430	0.017	ENSP00000314792	BOLL
ENSG00000172771	0.017	ENSP00000420854	EFCAB12
	0.017	ENSP00000449544	H0YIJ7_HUMAN
ENSG00000135378	0.017	ENSP00000257836	PRRG4
ENSG00000204909	0.017	ENSP00000367139	SPINK9
ENSG00000161243	0.017	ENSP00000292853	FBXO27
	0.017	ENSP00000497775	C2orf15
ENSG00000139656	0.017	ENSP00000383270	SMIM2
ENSG00000255151	0.017	ENSP00000488958	GLYATL1B
	0.017	ENSP00000226284	IBSP
	0.017	ENSP00000497112	HOXA13
ENSG00000215910	0.017	ENSP00000414909	C1orf167
ENSG00000120519	0.017	ENSP00000421275	SLC10A7
	0.017	ENSP00000481078	GOLGA6L9
ENSG00000134256	0.017	ENSP00000358482	CD101
ENSG00000170265	0.017	ENSP00000477841	ZNF282
ENSG00000171295	0.017	ENSP00000305373	ZNF440
ENSG00000168026	0.017	ENSP00000398211	TTC21A
ENSG00000183690	0.017	ENSP00000404232	EFHC2
	0.017	ENSP00000332773	IGDCC3
	0.017	ENSP00000352268	AADACL3
	0.017	ENSP00000310722	MOS
ENSG00000126882	0.017	ENSP00000361345	FAM78A
	0.017	ENSP00000483018	ABO
ENSG00000044459	0.017	ENSP00000370021	CNTLN
ENSG00000169248	0.017	ENSP00000306884	CXCL11
	0.017	ENSP00000339973	TBC1D28
	0.017	ENSP00000473163	F231L_HUMAN
ENSG00000114026	0.017	ENSP00000306561	OGG1
	0.017	ENSP00000270722	PRDM16
	0.017	ENSP00000484621	TCP10
	0.017	ENSP00000482504	NR2E3
	0.017	ENSP00000288943	DUSP2
	0.017	ENSP00000345491	PCDHB13
ENSG00000244694	0.017	ENSP00000341914	PTCHD4
ENSG00000206199	0.017	ENSP00000417635	ANKUB1
ENSG00000161896	0.016	ENSP00000293756	IP6K3
ENSG00000167139	0.016	ENSP00000300504	TBC1D21
ENSG00000185915	0.016	ENSP00000368813	KLHL34
ENSG00000148948	0.016	ENSP00000278198	LRRC4C
ENSG00000162415	0.016	ENSP00000352614	ZSWIM5
ENSG00000182885	0.016	ENSP00000332900	ADGRG3
	0.016	ENSP00000248668	LRFN1
ENSG00000152208	0.016	ENSP00000282020	GRID2
ENSG00000186094	0.016	ENSP00000360905	AGBL4
	0.016	ENSP00000401335	C16orf90
ENSG00000177025	0.016	ENSP00000321519	C19orf18
	0.016	ENSP00000270631	PTH2
	0.016	ENSP00000373066	TXNRD3NB
	0.016	ENSP00000491332	TAF11L13
ENSG00000046889	0.016	ENSP00000288368	PREX2
ENSG00000167380	0.016	ENSP00000465121	ZNF226
	0.016	ENSP00000413064	NAT8L
	0.016	ENSP00000280350	PIH1D2
ENSG00000125378	0.016	ENSP00000245451	BMP4
	0.016	ENSP00000490059	ZNF883
ENSG00000104237	0.016	ENSP00000220676	RP1
ENSG00000242866	0.016	ENSP00000401513	STRC
ENSG00000070031	0.016	ENSP00000176195	SCT
ENSG00000150627	0.016	ENSP00000280190	WDR17
	0.016	ENSP00000284142	ASB17
ENSG00000168778	0.016	ENSP00000304941	TCTN2
	0.016	ENSP00000421489	TIGD5
	0.016	ENSP00000259466	OR1L4
ENSG00000140451	0.016	ENSP00000328174	PIF1
ENSG00000183196	0.016	ENSP00000328983	CHST6
	0.016	ENSP00000360025	GADD45A
	0.016	ENSP00000327440	BMP8A
ENSG00000164588	0.016	ENSP00000307342	HCN1
ENSG00000110422	0.016	ENSP00000304226	HIPK3
ENSG00000128881	0.016	ENSP00000267890	TTBK2
ENSG00000016082	0.016	ENSP00000230658	ISL1
ENSG00000072858	0.016	ENSP00000377416	SIDT1
	0.016	ENSP00000218008	ATP1B4
ENSG00000171189	0.016	ENSP00000327687	GRIK1
	0.016	ENSP00000312017	TLCD3A
ENSG00000174948	0.016	ENSP00000374390	GPR149
ENSG00000135945	0.016	ENSP00000258428	REV1
ENSG00000221909	0.016	ENSP00000411372	FAM200A
ENSG00000250741	0.016	ENSP00000433415	NT5C1B-RDH14
ENSG00000183439	0.016	ENSP00000332288	TRIM61
ENSG00000010539	0.016	ENSP00000395723	ZNF200
	0.016	ENSP00000437121	C4orf50
ENSG00000124203	0.016	ENSP00000490240	ZNF831
	0.016	ENSP00000324419	SYT9
ENSG00000181927	0.016	ENSP00000493384	OR4P4
	0.016	ENSP00000421981	PAQR3
ENSG00000169876	0.016	ENSP00000302716	MUC17
	0.016	ENSP00000442954	APC2
ENSG00000077800	0.016	ENSP00000252037	FKBP6
ENSG00000256061	0.016	ENSP00000323275	DNAAF4
	0.016	ENSP00000272937	HES6
ENSG00000172687	0.016	ENSP00000311957	ZNF738
	0.016	ENSP00000498410	ZNF844-2
ENSG00000175820	0.016	ENSP00000320232	CCDC168
	0.016	ENSP00000420849	NIM1K
ENSG00000176222	0.016	ENSP00000466051	ZNF404
ENSG00000184557	0.016	ENSP00000330341	SOCS3
	0.016	ENSP00000256969	SPX
ENSG00000184022	0.016	ENSP00000493236	OR2T10
	0.016	ENSP00000240615	TAS2R8
ENSG00000170382	0.016	ENSP00000356143	LRRN2
ENSG00000148408	0.016	ENSP00000360423	CACNA1B
ENSG00000157343	0.016	ENSP00000288065	ARMC12
	0.016	ENSP00000366378	OR2B3
	0.016	ENSP00000406718	C5orf67
ENSG00000141294	0.016	ENSP00000269025	LRRC46
	0.016	ENSP00000497748	BMPER
	0.016	ENSP00000253410	HIGD1B
	0.016	ENSP00000381795	CCDC33
ENSG00000149633	0.016	ENSP00000279024	KIAA1755
	0.016	ENSP00000386563	MORN2
ENSG00000159905	0.016	ENSP00000251269	ZNF221
ENSG00000136237	0.016	ENSP00000343656	RAPGEF5
ENSG00000048545	0.016	ENSP00000053469	GUCA1A
	0.016	ENSP00000362049	GUCA1A-2
ENSG00000198556	0.016	ENSP00000331927	ZNF789
ENSG00000277399	0.016	ENSP00000483469	GPR179
ENSG00000118564	0.016	ENSP00000344866	FBXL5
	0.016	ENSP00000254250	THAP1
ENSG00000197774	0.016	ENSP00000457353	EME2
ENSG00000163145	0.016	ENSP00000295297	C1QTNF7
ENSG00000196466	0.016	ENSP00000411084	ZNF799
	0.016	ENSP00000368245	CXorf21
	0.016	ENSP00000293404	NAGS
	0.016	ENSP00000379571	MRGPRX3
	0.016	ENSP00000443598	FAM214A
	0.016	ENSP00000424040	TAS2R50
ENSG00000171495	0.016	ENSP00000382476	MROH2B
ENSG00000127325	0.016	ENSP00000332413	BEST3
	0.016	ENSP00000450958	TMEM179
	0.016	ENSP00000257981	KCNH3
ENSG00000138472	0.016	ENSP00000261047	GUCA1C
ENSG00000203734	0.016	ENSP00000442307	ECT2L
ENSG00000233436	0.016	ENSP00000394472	BTBD18
ENSG00000234438	0.016	ENSP00000388723	KBTBD13
ENSG00000089775	0.016	ENSP00000476746	ZBTB25
ENSG00000140015	0.016	ENSP00000321427	KCNH5
	0.016	ENSP00000329991	IFNL1
	0.016	ENSP00000490456	RNF227
ENSG00000196436	0.016	ENSP00000411140	NPIPB15
ENSG00000185924	0.016	ENSP00000330631	RTN4RL1
ENSG00000179058	0.016	ENSP00000361556	C9orf50
ENSG00000168152	0.016	ENSP00000305533	THAP9
ENSG00000056487	0.016	ENSP00000324403	PHF21B
ENSG00000185013	0.016	ENSP00000352904	NT5C1B
ENSG00000198759	0.016	ENSP00000369976	EGFL6
ENSG00000151692	0.015	ENSP00000321330	RNF144A
	0.015	ENSP00000302455	ZNF17
ENSG00000204740	0.015	ENSP00000412763	MALRD1
	0.015	ENSP00000485118	SPATA31A3
ENSG00000181634	0.015	ENSP00000363157	TNFSF15
ENSG00000109851	0.015	ENSP00000436881	DBX1
	0.015	ENSP00000386170	TBX20
	0.015	ENSP00000493231	OR10D3
ENSG00000165521	0.015	ENSP00000451998	EML5
ENSG00000134490	0.015	ENSP00000372720	TMEM241
ENSG00000113212	0.015	ENSP00000231137	PCDHB7
ENSG00000119547	0.015	ENSP00000419185	ONECUT2
ENSG00000075290	0.015	ENSP00000340677	WNT8B
ENSG00000184599	0.015	ENSP00000358644	TAFA3
ENSG00000180071	0.015	ENSP00000382610	ANKRD18A
ENSG00000138380	0.015	ENSP00000414644	CARF
	0.015	ENSP00000489262	RYR3
ENSG00000173264	0.015	ENSP00000411827	GPR137
	0.015	ENSP00000389554	C2CD4D
	0.015	ENSP00000252677	BMP15
	0.015	ENSP00000390621	TDRD12
ENSG00000164066	0.015	ENSP00000334003	INTU
	0.015	ENSP00000426174	CCDC169
ENSG00000139985	0.015	ENSP00000474385	ADAM21
ENSG00000135953	0.015	ENSP00000258436	MFSD9
ENSG00000125841	0.015	ENSP00000371728	NRSN2
	0.015	ENSP00000387124	C2orf78
	0.015	ENSP00000399979	SLC52A1
ENSG00000165646	0.015	ENSP00000496339	SLC18A2
ENSG00000186998	0.015	ENSP00000335481	EMID1
ENSG00000176383	0.015	ENSP00000319636	B3GNT4
ENSG00000131951	0.015	ENSP00000493790	LRRC9
ENSG00000213022	0.015	ENSP00000469417	KLK9
ENSG00000187808	0.015	ENSP00000340975	SOWAHD
ENSG00000135436	0.015	ENSP00000257894	FAM186B
ENSG00000162032	0.015	ENSP00000457206	SPSB3
ENSG00000135702	0.015	ENSP00000338783	CHST5
ENSG00000104371	0.015	ENSP00000220812	DKK4
	0.015	ENSP00000273695	TM4SF19
	0.015	ENSP00000263800	LTK
ENSG00000123407	0.015	ENSP00000243103	HOXC12
ENSG00000125879	0.015	ENSP00000246081	OTOR
ENSG00000174944	0.015	ENSP00000308361	P2RY14
ENSG00000081985	0.015	ENSP00000262345	IL12RB2
	0.015	ENSP00000264563	IL11
ENSG00000223547	0.015	ENSP00000392024	ZNF844
	0.015	ENSP00000379025	FBXW10
ENSG00000139352	0.015	ENSP00000266744	ASCL1
	0.015	ENSP00000279791	OR5M9
ENSG00000059728	0.015	ENSP00000264444	MXD1
ENSG00000163710	0.015	ENSP00000295992	PCOLCE2
ENSG00000163357	0.015	ENSP00000295542	DCST1
ENSG00000088727	0.015	ENSP00000333942	KIF9
ENSG00000153930	0.015	ENSP00000321627	ANKFN1
ENSG00000091592	0.015	ENSP00000460475	NLRP1
ENSG00000186231	0.015	ENSP00000358265	KLHL32
	0.015	ENSP00000277216	OR13C4
ENSG00000181004	0.015	ENSP00000438273	BBS12
ENSG00000186479	0.015	ENSP00000334851	RGS7BP
ENSG00000167749	0.015	ENSP00000326159	KLK4
ENSG00000183862	0.015	ENSP00000328478	CNGA2
ENSG00000196440	0.015	ENSP00000404304	ARMCX4
	0.015	ENSP00000325078	OR2AJ1
ENSG00000168038	0.015	ENSP00000301831	ULK4
	0.015	ENSP00000228641	MYF6
ENSG00000179698	0.015	ENSP00000320648	WDR97
	0.015	ENSP00000281703	GLT1D1
ENSG00000100373	0.015	ENSP00000216211	UPK3A
	0.015	ENSP00000320180	GHRHR
ENSG00000103044	0.015	ENSP00000304440	HAS3
	0.015	ENSP00000328968	SCN5A
	0.015	ENSP00000227752	IL10RA
ENSG00000107593	0.015	ENSP00000325296	PKD2L1
ENSG00000138622	0.015	ENSP00000261917	HCN4
	0.015	ENSP00000229134	IL26
ENSG00000176907	0.015	ENSP00000319914	TCIM
ENSG00000118816	0.015	ENSP00000237654	CCNI
ENSG00000165300	0.015	ENSP00000366283	SLITRK5
ENSG00000100156	0.015	ENSP00000321735	SLC16A8
ENSG00000189042	0.015	ENSP00000441838	ZNF567
ENSG00000134779	0.015	ENSP00000464780	TPGS2
ENSG00000179300	0.015	ENSP00000316794	RTL3
	0.015	ENSP00000332809	PCARE
	0.015	ENSP00000382226	KCNE1
	0.015	ENSP00000477875	KCNE1B
	0.015	ENSP00000274520	IL9
ENSG00000157703	0.015	ENSP00000405482	SVOPL
ENSG00000169432	0.015	ENSP00000386306	SCN9A
ENSG00000249709	0.015	ENSP00000340004	ZNF564
	0.015	ENSP00000369840	TEX26
ENSG00000167037	0.015	ENSP00000383212	SGSM1
ENSG00000105464	0.015	ENSP00000263269	GRIN2D
ENSG00000144648	0.015	ENSP00000416996	ACKR2
	0.015	ENSP00000312129	KCNG4
ENSG00000089101	0.015	ENSP00000245957	CFAP61
ENSG00000136378	0.015	ENSP00000373472	ADAMTS7
ENSG00000102271	0.015	ENSP00000362206	KLHL4
ENSG00000175691	0.015	ENSP00000319053	ZNF77
	0.015	ENSP00000479378	LOC102723655
	0.015	ENSP00000296140	CCR1
	0.015	ENSP00000357811	TEX36
	0.015	ENSP00000493437	OR2T33
ENSG00000198768	0.014	ENSP00000360191	APCDD1L
ENSG00000127922	0.014	ENSP00000481021	SEM1
ENSG00000262209	0.014	ENSP00000461862	PCDHGB3
ENSG00000081818	0.014	ENSP00000194152	PCDHB4
ENSG00000203783	0.014	ENSP00000357733	PRR9
	0.014	ENSP00000252032	C20orf194
ENSG00000164900	0.014	ENSP00000297537	GBX1
	0.014	ENSP00000420610	C6orf201
ENSG00000170775	0.014	ENSP00000306449	GPR37
ENSG00000187513	0.014	ENSP00000343676	GJA4
ENSG00000213892	0.014	ENSP00000466561	CEACAM16
ENSG00000118997	0.014	ENSP00000311273	DNAH7
ENSG00000113205	0.014	ENSP00000231130	PCDHB3
	0.014	ENSP00000492974	OR2M2
ENSG00000139200	0.014	ENSP00000442157	PIANP
	0.014	ENSP00000370849	ITPRIPL2
	0.014	ENSP00000311712	RTP1
ENSG00000198270	0.014	ENSP00000447731	TMEM116
	0.014	ENSP00000444134	OR7G1
	0.014	ENSP00000373566	CCDC158
ENSG00000134343	0.014	ENSP00000256737	ANO3
	0.014	ENSP00000347428	OR2L5
ENSG00000070019	0.014	ENSP00000261170	GUCY2C
ENSG00000140835	0.014	ENSP00000341206	CHST4
	0.014	ENSP00000384881	ABCB5
ENSG00000091844	0.014	ENSP00000206262	RGS17
ENSG00000204913	0.014	ENSP00000367157	LRRC3C
	0.014	ENSP00000386902	PTGES3L
	0.014	ENSP00000356404	B3GALT2
ENSG00000172967	0.014	ENSP00000331704	XKR3
ENSG00000132950	0.014	ENSP00000372361	ZMYM5
	0.014	ENSP00000437629	OR6J1
ENSG00000167080	0.014	ENSP00000300404	B4GALNT2
	0.014	ENSP00000315081	LSMEM2
	0.014	ENSP00000481633	IFNL3
ENSG00000089692	0.014	ENSP00000203629	LAG3
ENSG00000179213	0.014	ENSP00000321249	SIGLECL1
	0.014	ENSP00000334068	OR13C8
ENSG00000236125	0.014	ENSP00000485243	USP17L4
	0.014	ENSP00000379401	ODAM
ENSG00000274349	0.014	ENSP00000482540	ZNF658
ENSG00000163273	0.014	ENSP00000387159	NPPC
ENSG00000165449	0.014	ENSP00000378757	SLC16A9
	0.014	ENSP00000366058	SYNDIG1
	0.014	ENSP00000316137	DRICH1
ENSG00000189266	0.014	ENSP00000497590	PNRC2
ENSG00000184602	0.014	ENSP00000329287	SNN
ENSG00000176040	0.014	ENSP00000478830	TMPRSS7
ENSG00000185052	0.014	ENSP00000333519	SLC24A3
	0.014	ENSP00000356908	TAAR2
ENSG00000149054	0.014	ENSP00000278319	ZNF215
	0.014	ENSP00000416673	PATL2
	0.014	ENSP00000492978	OR6C1
ENSG00000143067	0.014	ENSP00000396857	ZNF697
ENSG00000116031	0.014	ENSP00000386378	CD207
	0.014	ENSP00000379092	BTC
ENSG00000113248	0.014	ENSP00000231173	PCDHB15
ENSG00000143178	0.014	ENSP00000356795	TBX19
ENSG00000113196	0.014	ENSP00000231121	HAND1
	0.014	ENSP00000351767	COL20A1
	0.014	ENSP00000323688	OR5T2
ENSG00000078795	0.014	ENSP00000424725	PKD2L2
	0.014	ENSP00000415027	C16orf96
	0.014	ENSP00000403226	BHLHB9
	0.014	ENSP00000498643	ARMCX5-GPRASP2
ENSG00000115423	0.014	ENSP00000374045	DNAH6
	0.014	ENSP00000371327	KLRC2
ENSG00000164049	0.014	ENSP00000296438	FBXW12
	0.014	ENSP00000302938	WFDC13
ENSG00000089060	0.014	ENSP00000447091	SLC8B1
ENSG00000143502	0.014	ENSP00000344219	SUSD4
ENSG00000132514	0.014	ENSP00000254868	CLEC10A
	0.014	ENSP00000362255	TSPO2
	0.014	ENSP00000497164	NNAT
	0.014	ENSP00000480027	PRAMEF11
ENSG00000128655	0.014	ENSP00000286063	PDE11A
ENSG00000197584	0.014	ENSP00000407592	KCNMB2
	0.014	ENSP00000483415	ENSP00000483415
ENSG00000163959	0.014	ENSP00000296327	SLC51A
ENSG00000165548	0.014	ENSP00000298351	TMEM63C
ENSG00000204347	0.014	ENSP00000364515	BTBD17
ENSG00000198064	0.014	ENSP00000429734	NPIPB13
ENSG00000092200	0.014	ENSP00000382895	RPGRIP1
	0.014	ENSP00000362759	ADGRB2
ENSG00000130711	0.014	ENSP00000253008	PRDM12
ENSG00000109680	0.014	ENSP00000264866	TBC1D19
ENSG00000188372	0.014	ENSP00000378326	ZP3
ENSG00000170381	0.014	ENSP00000496491	SEMA3E
ENSG00000106018	0.014	ENSP00000262178	VIPR2
ENSG00000178222	0.014	ENSP00000389709	RNF212
ENSG00000189184	0.014	ENSP00000355082	PCDH18
	0.014	ENSP00000265441	WNT2
	0.014	ENSP00000263734	EPAS1
ENSG00000104228	0.014	ENSP00000301924	TRIM35
ENSG00000215009	0.014	ENSP00000382349	ACSM4
	0.014	ENSP00000481149	ANKRD36B
	0.014	ENSP00000373169	DRD3
	0.014	ENSP00000358525	NGF
	0.014	ENSP00000283547	TEX29
	0.014	ENSP00000363530	STPG1
	0.014	ENSP00000376419	KLHL23
ENSG00000109424	0.013	ENSP00000262999	UCP1
ENSG00000142235	0.013	ENSP00000270238	LMTK3
ENSG00000109255	0.013	ENSP00000264218	NMU
ENSG00000204920	0.013	ENSP00000385163	ZNF155
ENSG00000125863	0.013	ENSP00000246062	MKKS
ENSG00000204918	0.013	ENSP00000367163	PRR20B
ENSG00000204919	0.013	ENSP00000367164	PRR20A
ENSG00000227151	0.013	ENSP00000392407	PRR20D
ENSG00000234278	0.013	ENSP00000404281	PRR20E
ENSG00000229665	0.013	ENSP00000438757	PRR20C
	0.013	ENSP00000359524	SPANXN1
	0.013	ENSP00000493316	OR8H1
	0.013	ENSP00000263187	MSH4
	0.013	ENSP00000473474	SDR42E2
ENSG00000197054	0.013	ENSP00000369774	ZNF763
ENSG00000204165	0.013	ENSP00000363369	CXorf65
ENSG00000158806	0.013	ENSP00000381032	NPM2
ENSG00000143195	0.013	ENSP00000271417	ILDR2
ENSG00000166448	0.013	ENSP00000413163	TMEM130
ENSG00000167311	0.013	ENSP00000352992	ART5
ENSG00000197140	0.013	ENSP00000369238	ADAM32
	0.013	ENSP00000483330	CCL4L2
	0.013	ENSP00000482581	TWIST2
	0.013	ENSP00000428966	ZFP41-2
ENSG00000181638	0.013	ENSP00000498437	ZFP41
ENSG00000158748	0.013	ENSP00000289753	HTR6
	0.013	ENSP00000497829	CHRNE
	0.013	ENSP00000390410	GPR141
	0.013	ENSP00000438038	KLRC1
ENSG00000134627	0.013	ENSP00000299001	PIWIL4
ENSG00000176809	0.013	ENSP00000464535	LRRC37A3
ENSG00000147509	0.013	ENSP00000297313	RGS20
	0.013	ENSP00000366248	CORT
ENSG00000196437	0.013	ENSP00000325018	ZNF569
ENSG00000092067	0.013	ENSP00000206513	CEBPE
	0.013	ENSP00000370978	CRLF2
ENSG00000106328	0.013	ENSP00000265825	FSCN3
	0.013	ENSP00000357301	RXFP4
ENSG00000205810	0.013	ENSP00000371328	KLRC3
ENSG00000162891	0.013	ENSP00000356065	IL20
	0.013	ENSP00000274093	GLRA3
ENSG00000109163	0.013	ENSP00000226413	GNRHR
	0.013	ENSP00000331944	AEN
	0.013	ENSP00000488251	SPATA31D4
ENSG00000179583	0.013	ENSP00000485010	CIITA
ENSG00000164048	0.013	ENSP00000346729	ZNF589
ENSG00000153896	0.013	ENSP00000333802	ZNF599
ENSG00000105251	0.013	ENSP00000446058	SHD
ENSG00000142556	0.013	ENSP00000270649	ZNF614
ENSG00000100036	0.013	ENSP00000339626	SLC35E4
ENSG00000120324	0.013	ENSP00000239446	PCDHB10
ENSG00000182272	0.013	ENSP00000328277	B4GALNT4
	0.013	ENSP00000368758	CTXN3
	0.013	ENSP00000354312	TMEM239
ENSG00000165943	0.013	ENSP00000451594	MOAP1
ENSG00000188385	0.013	ENSP00000499375	JAKMIP3
ENSG00000171574	0.013	ENSP00000306756	ZNF584
ENSG00000151838	0.013	ENSP00000453940	CCDC175
ENSG00000132881	0.013	ENSP00000364749	CPLANE2
	0.013	ENSP00000334996	CCIN
	0.013	ENSP00000361397	NUTM2G
ENSG00000180626	0.013	ENSP00000461032	ZNF594
ENSG00000253873	0.013	ENSP00000381589	PCDHGA11
	0.013	ENSP00000491285	ENSP00000491285
	0.013	ENSP00000467286	ZNF69-2
	0.013	ENSP00000419199	ASB14
ENSG00000135973	0.013	ENSP00000258456	GPR45
ENSG00000178386	0.013	ENSP00000401947	ZNF223
	0.013	ENSP00000493020	OR2L3
ENSG00000176681	0.013	ENSP00000326324	LRRC37A
	0.013	ENSP00000488117	SPATA31D3
	0.013	ENSP00000246112	TLE6
ENSG00000169184	0.013	ENSP00000304956	MN1
	0.013	ENSP00000274181	ADAMTS16
ENSG00000146373	0.013	ENSP00000428698	RNF217
ENSG00000110042	0.013	ENSP00000227451	DTX4
ENSG00000178573	0.013	ENSP00000327048	MAF
ENSG00000204450	0.013	ENSP00000483764	TRIM64
ENSG00000112149	0.013	ENSP00000368450	CD83
ENSG00000100647	0.013	ENSP00000344424	SUSD6
ENSG00000157927	0.013	ENSP00000382492	RADIL
ENSG00000212916	0.013	ENSP00000403208	MAP10
ENSG00000198718	0.013	ENSP00000354917	TOGARAM1
ENSG00000179046	0.013	ENSP00000422581	TRIML2
ENSG00000188785	0.013	ENSP00000337555	ZNF548
ENSG00000182983	0.013	ENSP00000329264	ZNF662
	0.013	ENSP00000484807	SPATA31A7
ENSG00000206422	0.013	ENSP00000372959	LRRC30
	0.013	ENSP00000354109	RGS22
ENSG00000008710	0.013	ENSP00000262304	PKD1
ENSG00000170745	0.013	ENSP00000385968	KCNS3
ENSG00000185040	0.013	ENSP00000487772	SPDYE16
	0.013	ENSP00000297988	AQP7
	0.013	ENSP00000497439	FAM90A14P
	0.013	ENSP00000485628	SPATA31A5
	0.013	ENSP00000383923	LIPN
	0.013	ENSP00000218006	GUCY2F
	0.013	ENSP00000329499	FAM187A
ENSG00000197776	0.013	ENSP00000352282	KLHDC1
ENSG00000075407	0.013	ENSP00000354377	ZNF37A
ENSG00000161551	0.013	ENSP00000301399	ZNF577
	0.013	ENSP00000384551	NXPH1
	0.013	ENSP00000497716	TRIM51GP
ENSG00000134775	0.013	ENSP00000466937	FHOD3
	0.013	ENSP00000384597	GTF2A1L
ENSG00000107147	0.013	ENSP00000360822	KCNT1
ENSG00000154265	0.013	ENSP00000376443	ABCA5
ENSG00000135740	0.013	ENSP00000299798	SLC9A5
	0.013	ENSP00000362716	GHRH
	0.013	ENSP00000493234	OR4D1
ENSG00000278318	0.013	ENSP00000479884	ZNF229
ENSG00000173715	0.013	ENSP00000354227	C11orf80
	0.012	ENSP00000488912	CRHR1-2
ENSG00000284308	0.012	ENSP00000491941	C2orf81
ENSG00000131142	0.012	ENSP00000375086	CCL25
	0.012	ENSP00000480750	ZAN
	0.012	ENSP00000380903	ROBO3
ENSG00000162398	0.012	ENSP00000360320	LEXM
	0.012	ENSP00000384053	CSF2RB
	0.012	ENSP00000257776	MRAP2
	0.012	ENSP00000362869	MORN5
ENSG00000159527	0.012	ENSP00000290722	PGLYRP3
ENSG00000136367	0.012	ENSP00000413418	ZFHX2
	0.012	ENSP00000256343	CATSPERB
ENSG00000197826	0.012	ENSP00000425786	CFAP299
	0.012	ENSP00000470584	SPANXN2
ENSG00000083457	0.012	ENSP00000263087	ITGAE
ENSG00000118492	0.012	ENSP00000381036	ADGB
	0.012	ENSP00000321386	FBXO39
ENSG00000169403	0.012	ENSP00000442658	PTAFR
	0.012	ENSP00000405012	WDR87
ENSG00000186891	0.012	ENSP00000328207	TNFRSF18
ENSG00000139364	0.012	ENSP00000299308	TMEM132B
ENSG00000095110	0.012	ENSP00000251921	NXPE1
ENSG00000142178	0.012	ENSP00000270162	SIK1
	0.012	ENSP00000482829	SIK1B
	0.012	ENSP00000346275	PRAMEF20
	0.012	ENSP00000359534	SPANXN3
ENSG00000204149	0.012	ENSP00000500374	AGAP6
ENSG00000269437	0.012	ENSP00000472530	NXF2B
ENSG00000269405	0.012	ENSP00000485586	NXF2
ENSG00000100341	0.012	ENSP00000216177	PNPLA5
	0.012	ENSP00000297524	SLC7A13
	0.012	ENSP00000442701	OR5AP2
	0.012	ENSP00000264867	PPARGC1A
ENSG00000064835	0.012	ENSP00000342931	POU1F1
ENSG00000251258	0.012	ENSP00000423391	RFPL4B
	0.012	ENSP00000316628	RNF152
ENSG00000213533	0.012	ENSP00000347195	STIMATE
	0.012	ENSP00000465204	CNTD1
ENSG00000107821	0.012	ENSP00000359219	KAZALD1
	0.012	ENSP00000319126	DEFB112
	0.012	ENSP00000350976	RTP2
ENSG00000138400	0.012	ENSP00000363533	MDH1B
	0.012	ENSP00000366340	OR2H1
ENSG00000125831	0.012	ENSP00000366208	CST11
	0.012	ENSP00000263468	CEP126
ENSG00000177683	0.012	ENSP00000400500	THAP5
	0.012	ENSP00000498856	SPATA31A1
ENSG00000119535	0.012	ENSP00000362195	CSF3R
ENSG00000121653	0.012	ENSP00000241014	MAPK8IP1
ENSG00000112539	0.012	ENSP00000230301	C6orf118
ENSG00000176083	0.012	ENSP00000388792	ZNF683
ENSG00000187997	0.012	ENSP00000343493	C17orf99
ENSG00000122035	0.012	ENSP00000241463	RASL11A
	0.012	ENSP00000334934	OR9Q1
ENSG00000185958	0.012	ENSP00000329995	FAM186A
ENSG00000006071	0.012	ENSP00000494321	ABCC8
ENSG00000167207	0.012	ENSP00000300589	NOD2
ENSG00000179008	0.012	ENSP00000324920	C14orf39
ENSG00000135845	0.012	ENSP00000356702	PIGC
ENSG00000278195	0.012	ENSP00000480971	SSTR3
	0.012	ENSP00000262209	TRPA1
	0.012	ENSP00000493386	OR4E2
ENSG00000170522	0.012	ENSP00000378105	ELOVL6
	0.012	ENSP00000479679	KCP
	0.012	ENSP00000371825	DEFB127
	0.012	ENSP00000357461	CHRNB2
	0.012	ENSP00000483125	PADI6
ENSG00000265107	0.012	ENSP00000484552	GJA5
ENSG00000189253	0.012	ENSP00000332969	TRIM64B
	0.012	ENSP00000309052	CATSPER1
ENSG00000010626	0.012	ENSP00000390932	LRRC23
	0.012	ENSP00000276570	DNAJC5B
ENSG00000171509	0.012	ENSP00000405841	RXFP1
ENSG00000188784	0.012	ENSP00000364257	PLA2G2E
	0.012	ENSP00000468782	ZBTB7C
ENSG00000164603	0.012	ENSP00000297145	BMT2
ENSG00000126259	0.012	ENSP00000353331	KIRREL2
ENSG00000178338	0.012	ENSP00000327143	ZNF354B
	0.012	ENSP00000253262	NUTM2F
ENSG00000139899	0.012	ENSP00000267406	CBLN3
ENSG00000171855	0.012	ENSP00000369581	IFNB1
ENSG00000103494	0.012	ENSP00000493946	RPGRIP1L
	0.012	ENSP00000373964	SMTNL2
	0.012	ENSP00000321445	MSC
ENSG00000182050	0.012	ENSP00000481096	MGAT4C
	0.012	ENSP00000256951	EMP1
	0.012	ENSP00000368986	OR6C65
ENSG00000147724	0.012	ENSP00000378710	FAM135B
	0.012	ENSP00000385957	KBTBD12
	0.012	ENSP00000365266	PRAMEF17
	0.012	ENSP00000391800	APLN
ENSG00000163395	0.012	ENSP00000334714	IGFN1
ENSG00000123569	0.012	ENSP00000354723	H2BW1
	0.012	ENSP00000415056	EXD1
ENSG00000126003	0.012	ENSP00000246229	PLAGL2
ENSG00000163638	0.012	ENSP00000418735	ADAMTS9
	0.012	ENSP00000483103	POTEB3
	0.012	ENSP00000357126	OR6K6
	0.012	ENSP00000296525	ASB5
	0.012	ENSP00000362479	CSMD2
ENSG00000165490	0.012	ENSP00000435421	DDIAS
ENSG00000253485	0.012	ENSP00000429834	PCDHGA5
	0.012	ENSP00000260323	UNC13C
	0.012	ENSP00000484263	TMEM114
	0.012	ENSP00000295268	STPG2
	0.012	ENSP00000434729	ATP6V0B
	0.012	ENSP00000473370	MEI4
	0.012	ENSP00000468271	K7ERI5_HUMAN
	0.012	ENSP00000383901	LIPM
ENSG00000113946	0.012	ENSP00000264734	CLDN16
ENSG00000149050	0.012	ENSP00000278314	ZNF214
ENSG00000204659	0.012	ENSP00000366173	CBY3
	0.012	ENSP00000360379	FAM209A
ENSG00000186765	0.012	ENSP00000334665	FSCN2
ENSG00000197951	0.012	ENSP00000328245	ZNF71
ENSG00000183831	0.012	ENSP00000331268	ANKRD45
	0.011	ENSP00000437563	KLRC3-2
ENSG00000186103	0.011	ENSP00000335578	ARGFX
	0.011	ENSP00000383145	SFI1
ENSG00000160801	0.011	ENSP00000402723	PTH1R
	0.011	ENSP00000333724	OR6X1
ENSG00000179934	0.011	ENSP00000326432	CCR8
ENSG00000106384	0.011	ENSP00000223114	MOGAT3
ENSG00000140285	0.011	ENSP00000267843	FGF7
ENSG00000119703	0.011	ENSP00000435550	ZC2HC1C
ENSG00000166004	0.011	ENSP00000316681	CEP295
	0.011	ENSP00000385886	RASGRP3
ENSG00000203805	0.011	ENSP00000381302	PLPP4
ENSG00000253548	0.011	ENSP00000492367	PYDC2
ENSG00000115998	0.011	ENSP00000264434	C2orf42
ENSG00000135211	0.011	ENSP00000257663	TMEM60
ENSG00000230549	0.011	ENSP00000485364	USP17L1
ENSG00000164850	0.011	ENSP00000380281	GPER1
	0.011	ENSP00000493267	OR5K1
	0.011	ENSP00000283025	TEKT5
ENSG00000174521	0.011	ENSP00000311760	TTC9B
	0.011	ENSP00000479730	LRCOL1
ENSG00000073803	0.011	ENSP00000265026	MAP3K13
	0.011	ENSP00000311486	C12orf66
	0.011	ENSP00000469686	EGLN2
ENSG00000236446	0.011	ENSP00000360360	CT47B1
ENSG00000204161	0.011	ENSP00000363268	TMEM273
ENSG00000184471	0.011	ENSP00000330426	C1QTNF8
ENSG00000138738	0.011	ENSP00000264808	PRDM5
ENSG00000010361	0.011	ENSP00000313309	FUZ
	0.011	ENSP00000155858	TRPM5
	0.011	ENSP00000498408	ENSP00000498408
ENSG00000116726	0.011	ENSP00000350358	PRAMEF12
ENSG00000228075	0.011	ENSP00000467843	BOD1L2
ENSG00000111404	0.011	ENSP00000229002	RERGL
	0.011	ENSP00000262510	NLRC5
ENSG00000061492	0.011	ENSP00000426653	WNT8A
	0.011	ENSP00000215368	EFNA2
ENSG00000178804	0.011	ENSP00000319799	H1-8
ENSG00000187855	0.011	ENSP00000345420	ASCL4
	0.011	ENSP00000264316	TXK
	0.011	ENSP00000481321	GABRR3
ENSG00000204022	0.011	ENSP00000361007	LIPJ
	0.011	ENSP00000317404	CHST13
	0.011	ENSP00000369573	OR51B4
ENSG00000187961	0.011	ENSP00000343930	KLHL17
	0.011	ENSP00000498759	GDF5OS
ENSG00000172361	0.011	ENSP00000381553	CFAP53
ENSG00000171811	0.011	ENSP00000357575	CFAP46
ENSG00000146350	0.011	ENSP00000381270	TBC1D32
ENSG00000198796	0.011	ENSP00000354991	ALPK2
	0.011	ENSP00000292841	ZNF585A
ENSG00000204033	0.011	ENSP00000438264	LRIT2
ENSG00000158220	0.011	ENSP00000374218	ESYT3
ENSG00000130045	0.011	ENSP00000365014	NXNL2
	0.011	ENSP00000381476	TMPRSS12
	0.011	ENSP00000382957	ZNF705D
ENSG00000155761	0.011	ENSP00000337804	SPAG17
ENSG00000189298	0.011	ENSP00000366465	ZKSCAN3
ENSG00000185864	0.011	ENSP00000404439	NPIPB4
	0.011	ENSP00000325546	PLAG1
	0.011	ENSP00000238558	GSC
	0.011	ENSP00000417769	IQUB
ENSG00000169064	0.011	ENSP00000390232	ZBBX
	0.011	ENSP00000375647	CACNG7
	0.011	ENSP00000331376	SERHL2
	0.011	ENSP00000493031	OR8H2
	0.011	ENSP00000382987	ZNF705B
	0.011	ENSP00000479256	TRIL
	0.011	ENSP00000369849	MEDAG
ENSG00000135569	0.011	ENSP00000258034	TAAR5
	0.011	ENSP00000241651	MYOG
ENSG00000124237	0.011	ENSP00000360210	C20orf85
ENSG00000196990	0.011	ENSP00000501259	FAM163B
ENSG00000123572	0.011	ENSP00000434830	NRK
ENSG00000158077	0.011	ENSP00000299481	NLRP14
ENSG00000243716	0.011	ENSP00000440703	NPIPB5
ENSG00000158816	0.011	ENSP00000364220	VWA5B1
	0.011	ENSP00000368966	TRPC3
ENSG00000178404	0.011	ENSP00000312767	CEP295NL
ENSG00000145975	0.011	ENSP00000274673	FAM217A
	0.011	ENSP00000299847	CHRFAM7A
ENSG00000152315	0.011	ENSP00000282146	KCNK13
	0.011	ENSP00000344489	RNF133
ENSG00000164221	0.011	ENSP00000368931	CCDC112
	0.011	ENSP00000329106	BPY2
	0.011	ENSP00000371724	BPY2C
	0.011	ENSP00000371829	BPY2B
	0.011	ENSP00000385461	TFDP3
ENSG00000177692	0.011	ENSP00000479716	DNAJC28
	0.011	ENSP00000357219	TTC24
ENSG00000176396	0.011	ENSP00000375073	EID2
ENSG00000129167	0.011	ENSP00000250018	TPH1
ENSG00000169903	0.011	ENSP00000305852	TM4SF4
	0.011	ENSP00000383020	ZNF705G
ENSG00000131096	0.011	ENSP00000353198	PYY
	0.011	ENSP00000496925	FAM90A22P
ENSG00000277322	0.011	ENSP00000480376	GOLGA6L6
	0.011	ENSP00000371294	CTNS
	0.011	ENSP00000360855	SLC16A12
	0.011	ENSP00000409318	ZNF230
	0.011	ENSP00000367748	CLLU1OS
ENSG00000157502	0.011	ENSP00000338641	PWWP3B
ENSG00000144868	0.011	ENSP00000324651	TMEM108
ENSG00000185158	0.011	ENSP00000340519	LRRC37B
ENSG00000204946	0.011	ENSP00000410890	ZNF783
	0.011	ENSP00000310773	OR1L1
ENSG00000176979	0.011	ENSP00000497401	TRIM60
ENSG00000100433	0.011	ENSP00000312811	KCNK10
ENSG00000034533	0.011	ENSP00000426421	ASTE1
	0.011	ENSP00000474988	TPBGL
	0.011	ENSP00000477815	PTCRA
	0.011	ENSP00000419162	WDR86
ENSG00000186827	0.011	ENSP00000368538	TNFRSF4
ENSG00000164199	0.011	ENSP00000384582	ADGRV1
	0.011	ENSP00000355374	OSGIN1
ENSG00000158055	0.011	ENSP00000288955	GRHL3
ENSG00000144119	0.011	ENSP00000272520	C1QL2
ENSG00000176635	0.011	ENSP00000385055	HORMAD2
ENSG00000070269	0.011	ENSP00000261556	TMEM260
ENSG00000170464	0.011	ENSP00000302843	DNAJC18
ENSG00000237038	0.011	ENSP00000485306	USP17L8
ENSG00000144063	0.011	ENSP00000272462	MALL
ENSG00000266074	0.011	ENSP00000462154	BAHCC1
ENSG00000163093	0.011	ENSP00000295240	BBS5
ENSG00000131233	0.011	ENSP00000350415	GJA9
ENSG00000187581	0.011	ENSP00000340568	COX8C
ENSG00000153902	0.011	ENSP00000312273	LGI4
	0.01	ENSP00000497005	FAM90A23P
ENSG00000181072	0.01	ENSP00000399745	CHRM2
	0.01	ENSP00000434364	SLC6A5
ENSG00000273976	0.01	ENSP00000478478	GOLGA6L1
ENSG00000188487	0.01	ENSP00000368872	INSC
ENSG00000161395	0.01	ENSP00000300658	PGAP3
	0.01	ENSP00000479735	RAPGEFL1
ENSG00000151812	0.01	ENSP00000452086	SLC35F4
	0.01	ENSP00000403302	ANKRD36C
	0.01	ENSP00000218249	RAB40AL
	0.01	ENSP00000349785	MAP1LC3C
ENSG00000270885	0.01	ENSP00000474230	RASL10B
	0.01	ENSP00000303532	DEFB4A
	0.01	ENSP00000424598	DEFB4B
ENSG00000205301	0.01	ENSP00000421185	MGAT4D
ENSG00000218819	0.01	ENSP00000384376	TDRD15
ENSG00000160233	0.01	ENSP00000291592	LRRC3
ENSG00000108702	0.01	ENSP00000225842	CCL1
	0.01	ENSP00000491467	VSIG10L2
	0.01	ENSP00000498490	ZNF487
ENSG00000205108	0.01	ENSP00000417711	FAM205A
ENSG00000150201	0.01	ENSP00000473361	FXYD4
	0.01	ENSP00000495266	ENSP00000495266
ENSG00000180532	0.01	ENSP00000321963	ZSCAN4
ENSG00000101638	0.01	ENSP00000445492	ST8SIA5
ENSG00000178690	0.01	ENSP00000315265	DYNAP
ENSG00000215695	0.01	ENSP00000341963	RSC1A1
ENSG00000172782	0.01	ENSP00000481684	FADS6
	0.01	ENSP00000368102	CCDC3
ENSG00000150667	0.01	ENSP00000280236	FSIP1
ENSG00000007174	0.01	ENSP00000262442	DNAH9
ENSG00000119938	0.01	ENSP00000238994	PPP1R3C
ENSG00000121764	0.01	ENSP00000384387	HCRTR1
ENSG00000171587	0.01	ENSP00000383303	DSCAM
	0.01	ENSP00000478796	LOC102723502
	0.01	ENSP00000305941	USH2A
	0.01	ENSP00000366061	NMS
ENSG00000186577	0.01	ENSP00000489784	SMIM29
ENSG00000164920	0.01	ENSP00000414657	OSR2
	0.01	ENSP00000364265	FOXE1
ENSG00000144644	0.01	ENSP00000282538	GADL1
ENSG00000148985	0.01	ENSP00000278243	PGAP2
ENSG00000224982	0.01	ENSP00000403130	TMEM233
	0.01	ENSP00000338988	PRELID3A
	0.01	ENSP00000323816	AHRR
ENSG00000188730	0.01	ENSP00000341819	VWC2
ENSG00000168939	0.01	ENSP00000302978	SPRY3
	0.01	ENSP00000355432	OR2M5
ENSG00000135643	0.01	ENSP00000258111	KCNMB4
ENSG00000244165	0.01	ENSP00000323872	P2RY11
ENSG00000134200	0.01	ENSP00000256592	TSHB
ENSG00000257704	0.01	ENSP00000447679	INAFM1
ENSG00000142606	0.01	ENSP00000367668	MMEL1
	0.01	ENSP00000316775	TMEM270
	0.01	ENSP00000328133	IL20RB
	0.01	ENSP00000310565	DSEL
	0.01	ENSP00000426932	AHRR-2
	0.01	ENSP00000368104	BMP2
ENSG00000171823	0.01	ENSP00000344855	FBXL14
	0.01	ENSP00000407213	IQCA1
ENSG00000112981	0.01	ENSP00000265191	NME5
	0.01	ENSP00000361716	RAB40A
ENSG00000147697	0.01	ENSP00000276708	GSDMC
	0.01	ENSP00000294664	WDR63
ENSG00000204930	0.01	ENSP00000415299	FAM221B
ENSG00000100104	0.01	ENSP00000215917	SRRD
ENSG00000131068	0.01	ENSP00000253381	DEFB118
ENSG00000164989	0.01	ENSP00000370077	CCDC171
ENSG00000173578	0.01	ENSP00000310405	XCR1
	0.01	ENSP00000476519	KCNN1
ENSG00000205177	0.01	ENSP00000368296	C11orf91
	0.01	ENSP00000499350	ENSP00000499350
	0.01	ENSP00000478384	FOXI3
	0.01	ENSP00000302676	GPR22
ENSG00000142609	0.01	ENSP00000417061	CFAP74
ENSG00000120051	0.01	ENSP00000358718	CFAP58
ENSG00000234965	0.01	ENSP00000481203	SHISA8
ENSG00000105131	0.01	ENSP00000221730	EPHX3
	0.01	ENSP00000370293	HUS1B
ENSG00000167740	0.01	ENSP00000301391	CYB5D2
	0.01	ENSP00000436426	PCDHA7
	0.01	ENSP00000392368	CCDC198
	0.01	ENSP00000250615	AANAT
ENSG00000166143	0.01	ENSP00000398342	PPP1R14D
	0.01	ENSP00000360757	DIPK1B
	0.01	ENSP00000371180	CATSPER2
	0.01	ENSP00000304783	SLC26A5
	0.01	ENSP00000339136	ERAS
	0.01	ENSP00000330269	RESP18
ENSG00000085644	0.01	ENSP00000380087	ZNF213
ENSG00000110944	0.01	ENSP00000228534	IL23A
ENSG00000106686	0.01	ENSP00000417063	SPATA6L
	0.01	ENSP00000285279	VOPP1
ENSG00000149972	0.01	ENSP00000435637	CNTN5
ENSG00000130363	0.01	ENSP00000252655	RSPH3
	0.01	ENSP00000372547	SRY
ENSG00000187942	0.01	ENSP00000340988	LDLRAD2
	0.01	ENSP00000480615	ANTXRL
	0.01	ENSP00000310263	TNFRSF10D
ENSG00000270011	0.01	ENSP00000445323	ZNF559-ZNF177
ENSG00000121361	0.01	ENSP00000499300	KCNJ8
ENSG00000277865	0.01	ENSP00000483673	GOLGA6L22
ENSG00000112308	0.01	ENSP00000367359	C6orf62
	0.01	ENSP00000310216	KLRC4
ENSG00000214021	0.01	ENSP00000392549	TTLL3
ENSG00000143971	0.01	ENSP00000272342	ETAA1
ENSG00000215187	0.01	ENSP00000382646	FAM166B
ENSG00000185792	0.01	ENSP00000331857	NLRP9
ENSG00000253159	0.01	ENSP00000252085	PCDHGA12
ENSG00000062370	0.01	ENSP00000337081	ZNF112
	0.01	ENSP00000491320	TRIM75P
	0.01	ENSP00000492894	OR6Y1
ENSG00000182132	0.01	ENSP00000414886	KCNIP1
ENSG00000140527	0.009	ENSP00000268130	WDR93
ENSG00000188687	0.009	ENSP00000251768	SLC4A5
	0.009	ENSP00000498065	CA5A
ENSG00000165626	0.009	ENSP00000345773	BEND7
	0.009	ENSP00000365528	PTPRH
	0.009	ENSP00000288912	WDR66
ENSG00000084628	0.009	ENSP00000362841	NKAIN1
	0.009	ENSP00000494468	GJB6
ENSG00000169154	0.009	ENSP00000303077	GOT1L1
ENSG00000187054	0.009	ENSP00000334611	TMPRSS11A
ENSG00000153237	0.009	ENSP00000283233	CCDC148
ENSG00000171873	0.009	ENSP00000368766	ADRA1D
	0.009	ENSP00000272133	CNIH3
ENSG00000250067	0.009	ENSP00000426964	YJEFN3
ENSG00000270629	0.009	ENSP00000479693	NBPF14
ENSG00000125966	0.009	ENSP00000246186	MMP24
ENSG00000168356	0.009	ENSP00000499569	SCN11A
	0.009	ENSP00000180173	MTMR7
ENSG00000156687	0.009	ENSP00000385143	UNC5D
	0.009	ENSP00000388137	MPPED1
ENSG00000170091	0.009	ENSP00000307722	NSG2
	0.009	ENSP00000339405	TP53TG3B
	0.009	ENSP00000381672	TP53TG3
	0.009	ENSP00000455132	TP53TG3C
	0.009	ENSP00000455596	TP53TG3D
	0.009	ENSP00000482038	LOC102723713
	0.009	ENSP00000485467	TP53TG3E
	0.009	ENSP00000485635	TP53TG3F
ENSG00000151164	0.009	ENSP00000376440	RAD9B
ENSG00000103199	0.009	ENSP00000219478	ZNF500
ENSG00000182083	0.009	ENSP00000384563	OR6B2
	0.009	ENSP00000368207	FTHL17
	0.009	ENSP00000310594	FNDC9
	0.009	ENSP00000496943	ENSP00000496943
	0.009	ENSP00000372651	FOXL2NB
	0.009	ENSP00000490086	CCDC197
ENSG00000172244	0.009	ENSP00000303490	C5orf34
ENSG00000110011	0.009	ENSP00000320548	DNAJC4
ENSG00000237172	0.009	ENSP00000400157	B3GNT9
ENSG00000120262	0.009	ENSP00000239374	CCDC170
ENSG00000122543	0.009	ENSP00000242104	OCM
ENSG00000186440	0.009	ENSP00000492936	OR6P1
ENSG00000204928	0.009	ENSP00000367214	GRXCR2
	0.009	ENSP00000359655	EYS
ENSG00000174145	0.009	ENSP00000309501	NWD2
ENSG00000179240	0.009	ENSP00000323821	GVQW3
ENSG00000125878	0.009	ENSP00000246080	TCF15
ENSG00000144488	0.009	ENSP00000339115	ESPNL
ENSG00000089847	0.009	ENSP00000471252	ANKRD24
ENSG00000181562	0.009	ENSP00000315098	EDDM3A
ENSG00000172410	0.009	ENSP00000302724	INSL5
ENSG00000231213	0.009	ENSP00000390111	PLSCR5
ENSG00000069667	0.009	ENSP00000261523	RORA
ENSG00000271425	0.009	ENSP00000463957	NBPF10
ENSG00000147488	0.009	ENSP00000276480	ST18
ENSG00000177138	0.009	ENSP00000318716	FAM9B
	0.009	ENSP00000061240	TLL1
	0.009	ENSP00000482599	METTL23
ENSG00000154263	0.009	ENSP00000269081	ABCA10
	0.009	ENSP00000234389	GRIN3B
ENSG00000274211	0.009	ENSP00000499750	SOCS7
ENSG00000103260	0.009	ENSP00000455068	METRN
ENSG00000103145	0.009	ENSP00000248089	HCFC1R1
ENSG00000157578	0.009	ENSP00000351008	LCA5L
	0.009	ENSP00000247005	GDF1
ENSG00000223802	0.009	ENSP00000485582	CERS1
	0.009	ENSP00000429808	PCDHA3
	0.009	ENSP00000322251	TNNI3K
	0.009	ENSP00000499970	LINC01862
ENSG00000186854	0.009	ENSP00000387075	TRABD2A
ENSG00000254221	0.009	ENSP00000429273	PCDHGB1
ENSG00000151062	0.009	ENSP00000372169	CACNA2D4
ENSG00000127252	0.009	ENSP00000498228	PLAAT1
ENSG00000188624	0.009	ENSP00000344860	IGFL3
	0.009	ENSP00000304331	GSX1
ENSG00000100918	0.009	ENSP00000482546	REC8
	0.009	ENSP00000497076	FAM90A7P
ENSG00000260001	0.009	ENSP00000457962	TGFBR3L
	0.009	ENSP00000454386	H3BMH7_HUMAN
ENSG00000147912	0.009	ENSP00000403802	FBXO10
	0.009	ENSP00000222139	EPOR
	0.009	ENSP00000364512	G6PC2
ENSG00000128253	0.009	ENSP00000383096	RFPL2
	0.009	ENSP00000366380	OR2W1
	0.009	ENSP00000392553	PLPP5
	0.009	ENSP00000483624	CLECL1
	0.009	ENSP00000494485	OOSP1
ENSG00000198010	0.009	ENSP00000489774	DLGAP2
ENSG00000000005	0.009	ENSP00000362122	TNMD
	0.009	ENSP00000310003	CNIH2
ENSG00000186814	0.009	ENSP00000392371	ZSCAN30
	0.009	ENSP00000493325	OR5AS1
	0.009	ENSP00000466829	K7EN84_HUMAN
ENSG00000184005	0.009	ENSP00000329214	ST6GALNAC3
	0.009	ENSP00000488404	PNMA6E
	0.009	ENSP00000293549	WNT1
	0.009	ENSP00000454340	MPV17L-2
ENSG00000166436	0.009	ENSP00000495413	TRIM66
ENSG00000225327	0.009	ENSP00000485323	USP17L3
ENSG00000128203	0.009	ENSP00000215906	ASPHD2
ENSG00000075399	0.009	ENSP00000374037	VPS9D1
ENSG00000161594	0.009	ENSP00000293303	KLHL10
	0.009	ENSP00000221973	LIM2
ENSG00000187792	0.009	ENSP00000339314	ZNF70
	0.009	ENSP00000308461	RND1
ENSG00000198865	0.009	ENSP00000354888	CCDC152
ENSG00000147119	0.009	ENSP00000276055	CHST7
ENSG00000184898	0.009	ENSP00000331211	RBM43
ENSG00000150636	0.009	ENSP00000353377	CCDC102B
	0.009	ENSP00000492959	OR2H2
ENSG00000197696	0.009	ENSP00000378089	NMB
ENSG00000170605	0.009	ENSP00000307598	OR9K2
ENSG00000178586	0.009	ENSP00000493035	OR6B3
ENSG00000111817	0.009	ENSP00000494147	DSE
	0.009	ENSP00000501265	NWD1
ENSG00000125046	0.009	ENSP00000439378	SSUH2
	0.009	ENSP00000436450	TAS2R46
	0.009	ENSP00000363911	OR13C5
ENSG00000181894	0.009	ENSP00000470323	ZNF329
	0.009	ENSP00000261383	DNAH3
ENSG00000116329	0.008	ENSP00000234961	OPRD1
	0.008	ENSP00000493411	OR1L8
ENSG00000171487	0.008	ENSP00000375063	NLRP5
ENSG00000213231	0.008	ENSP00000343223	TCL1B
ENSG00000174576	0.008	ENSP00000311196	NPAS4
	0.008	ENSP00000375091	TAS2R19
	0.008	ENSP00000334410	PRAMEF14
ENSG00000144935	0.008	ENSP00000419313	TRPC1
	0.008	ENSP00000340609	DUPD1
ENSG00000269404	0.008	ENSP00000471921	SPIB
ENSG00000166069	0.008	ENSP00000327234	TMCO5A
ENSG00000101280	0.008	ENSP00000371347	ANGPT4
	0.008	ENSP00000490609	CCDC200
ENSG00000139874	0.008	ENSP00000267377	SSTR1
	0.008	ENSP00000348645	PXDNL
ENSG00000253305	0.008	ENSP00000428603	PCDHGB6
ENSG00000204947	0.008	ENSP00000367300	ZNF425
ENSG00000240720	0.008	ENSP00000405987	LRRD1
ENSG00000176542	0.008	ENSP00000320794	USF3
ENSG00000134962	0.008	ENSP00000257408	KLB
ENSG00000111981	0.008	ENSP00000229708	ULBP1
ENSG00000197241	0.008	ENSP00000383698	SLC2A7
	0.008	ENSP00000469332	GABRQ
ENSG00000128917	0.008	ENSP00000249749	DLL4
	0.008	ENSP00000456953	POTEB2
	0.008	ENSP00000457689	POTEB
	0.008	ENSP00000493157	OR2A12
ENSG00000167550	0.008	ENSP00000301068	RHEBL1
ENSG00000136160	0.008	ENSP00000366416	EDNRB
	0.008	ENSP00000351232	PDE11A-2
ENSG00000276547	0.008	ENSP00000478258	PCDHGB5
	0.008	ENSP00000269289	ZMYND15
ENSG00000177839	0.008	ENSP00000478606	PCDHB9
	0.008	ENSP00000311336	ATP8B3
ENSG00000189299	0.008	ENSP00000427329	FOXR2
ENSG00000185261	0.008	ENSP00000331385	KIAA0825
	0.008	ENSP00000347119	H2BW2
ENSG00000184408	0.008	ENSP00000333496	KCND2
ENSG00000162843	0.008	ENSP00000355510	WDR64
	0.008	ENSP00000333374	CCDC60
ENSG00000181350	0.008	ENSP00000419502	LRRC75A
ENSG00000165730	0.008	ENSP00000298596	STOX1
ENSG00000128536	0.008	ENSP00000325954	CDHR3
	0.008	ENSP00000358617	PHTF1
ENSG00000070193	0.008	ENSP00000264664	FGF10
ENSG00000179388	0.008	ENSP00000318057	EGR3
	0.008	ENSP00000494896	TECTB
ENSG00000176399	0.008	ENSP00000319651	DMRTA1
	0.008	ENSP00000319222	ZNF720
ENSG00000050030	0.008	ENSP00000055682	NEXMIF
	0.008	ENSP00000347418	OR5H2
ENSG00000110665	0.008	ENSP00000406541	C11orf21
	0.008	ENSP00000221954	CEACAM4
	0.008	ENSP00000467958	K7EQS6_HUMAN
ENSG00000105327	0.008	ENSP00000404503	BBC3
	0.008	ENSP00000492947	OR2T2
	0.008	ENSP00000275764	STRA8
ENSG00000186047	0.008	ENSP00000427177	DLEU7
ENSG00000140987	0.008	ENSP00000380061	ZSCAN32
	0.008	ENSP00000393719	CLEC17A
	0.008	ENSP00000363259	C10orf71
ENSG00000147082	0.008	ENSP00000365210	CCNB3
ENSG00000147117	0.008	ENSP00000366273	ZNF157
	0.008	ENSP00000465978	GSG1L2
ENSG00000166704	0.008	ENSP00000343617	ZNF606
ENSG00000187191	0.008	ENSP00000371802	DAZ3
ENSG00000205944	0.008	ENSP00000371870	DAZ2
ENSG00000205916	0.008	ENSP00000389300	DAZ4
ENSG00000251664	0.008	ENSP00000381628	PCDHA12
ENSG00000204612	0.008	ENSP00000365898	FOXB2
	0.008	ENSP00000498431	SPDYE21P
	0.008	ENSP00000334267	C5orf38
	0.008	ENSP00000489225	CSMD1
ENSG00000196456	0.008	ENSP00000330838	ZNF775
ENSG00000253953	0.008	ENSP00000428288	PCDHGB4
ENSG00000111879	0.008	ENSP00000342604	FAM184A
	0.008	ENSP00000294454	SLC25A34
ENSG00000165509	0.008	ENSP00000298296	MAGEC3
	0.008	ENSP00000302599	FUT9
	0.008	ENSP00000401597	DTHD1
ENSG00000118322	0.008	ENSP00000313600	ATP10B
ENSG00000135912	0.008	ENSP00000375951	TTLL4
	0.008	ENSP00000456500	ZNF469
ENSG00000196782	0.008	ENSP00000421180	MAML3
ENSG00000163285	0.008	ENSP00000295452	GABRG1
ENSG00000130758	0.008	ENSP00000253055	MAP3K10
ENSG00000141519	0.008	ENSP00000380679	CCDC40
	0.008	ENSP00000382030	RAD51AP2
ENSG00000145246	0.008	ENSP00000273859	ATP10D
ENSG00000132952	0.008	ENSP00000255304	USPL1
ENSG00000132874	0.008	ENSP00000255226	SLC14A2
ENSG00000140287	0.008	ENSP00000267845	HDC
	0.008	ENSP00000247883	TAS2R5
ENSG00000126091	0.008	ENSP00000493823	ST3GAL3
	0.008	ENSP00000492995	OR2T35
	0.008	ENSP00000421131	FAM90A26
ENSG00000125888	0.008	ENSP00000439128	BANF2
	0.008	ENSP00000471613	ENSP00000471613
	0.008	ENSP00000475641	U3KQ87_HUMAN
ENSG00000198018	0.008	ENSP00000359520	ENTPD7
ENSG00000169575	0.008	ENSP00000385361	VPREB1
ENSG00000136169	0.008	ENSP00000346175	SETDB2
ENSG00000151778	0.008	ENSP00000368477	SERP2
ENSG00000234224	0.008	ENSP00000395244	TMEM229A
ENSG00000183914	0.008	ENSP00000458355	DNAH2
ENSG00000275793	0.008	ENSP00000483386	RIMBP3
	0.008	ENSP00000363260	PIGV
	0.008	ENSP00000334430	FAM9C
ENSG00000100739	0.008	ENSP00000216629	BDKRB1
	0.008	ENSP00000357238	TSACC
	0.008	ENSP00000481457	TRIM49B
ENSG00000172671	0.008	ENSP00000339484	ZFAND4
	0.007	ENSP00000493052	ENSP00000493052
ENSG00000185933	0.007	ENSP00000329926	CALHM1
ENSG00000224940	0.007	ENSP00000415026	PRRT4
ENSG00000185306	0.007	ENSP00000446101	C12orf56
	0.007	ENSP00000431914	OR10S1
	0.007	ENSP00000276943	IFNK
ENSG00000183246	0.007	ENSP00000390630	RIMBP3C
ENSG00000274600	0.007	ENSP00000479326	RIMBP3B
ENSG00000109670	0.007	ENSP00000474725	FBXW7
ENSG00000186451	0.007	ENSP00000335392	SPATA12
	0.007	ENSP00000304234	PCDHA10
ENSG00000182327	0.007	ENSP00000328070	GLTPD2
ENSG00000164309	0.007	ENSP00000394770	CMYA5
ENSG00000147655	0.007	ENSP00000276659	RSPO2
ENSG00000212807	0.007	ENSP00000493333	OR2A42
ENSG00000221970	0.007	ENSP00000493454	OR2A1
ENSG00000121236	0.007	ENSP00000369440	TRIM6
	0.007	ENSP00000270593	ACP4
ENSG00000126251	0.007	ENSP00000473212	GPR42
ENSG00000141258	0.007	ENSP00000268989	SGSM2
ENSG00000253910	0.007	ENSP00000429018	PCDHGB2
ENSG00000174137	0.007	ENSP00000310057	FAM53A
ENSG00000165837	0.007	ENSP00000298738	ERICH6B
ENSG00000187821	0.007	ENSP00000426033	HELT
	0.007	ENSP00000479757	GCSAML-AS1
	0.007	ENSP00000493385	OR2C3
ENSG00000130377	0.007	ENSP00000465589	ACSBG2
ENSG00000204671	0.007	ENSP00000366234	IL31
ENSG00000120088	0.007	ENSP00000381333	CRHR1
ENSG00000176597	0.007	ENSP00000316173	B3GNT5
	0.007	ENSP00000445381	PIK3C2G
ENSG00000114455	0.007	ENSP00000350402	HHLA2
ENSG00000241128	0.007	ENSP00000355441	OR14A2
	0.007	ENSP00000310431	LMAN1L
	0.007	ENSP00000330601	HHIPL1
	0.007	ENSP00000322339	VN1R1
ENSG00000165623	0.007	ENSP00000367952	UCMA
ENSG00000204978	0.007	ENSP00000367429	ERICH4
	0.007	ENSP00000485532	SERPINB11
	0.007	ENSP00000429608	FANCD2OS
	0.007	ENSP00000380112	RBAK-RBAKDN
	0.007	ENSP00000493353	OR2A14
	0.007	ENSP00000326846	C14orf28
ENSG00000170396	0.007	ENSP00000303252	ZNF804A
	0.007	ENSP00000372274	FBXO25
ENSG00000073331	0.007	ENSP00000498374	ALPK1
	0.007	ENSP00000310622	APOBEC4
	0.007	ENSP00000478993	GPHB5
ENSG00000188629	0.007	ENSP00000415070	ZNF177
ENSG00000114841	0.007	ENSP00000401514	DNAH1
ENSG00000213822	0.007	ENSP00000379738	CEACAM18
	0.007	ENSP00000426067	TMEM267
	0.007	ENSP00000381272	CD200R1L
ENSG00000179104	0.007	ENSP00000322300	TMTC2
ENSG00000180044	0.007	ENSP00000313324	C3orf80
ENSG00000137225	0.007	ENSP00000381758	CAPN11
ENSG00000069431	0.007	ENSP00000261200	ABCC9
	0.007	ENSP00000451605	MC1R
	0.007	ENSP00000493370	OR9I1
ENSG00000175344	0.007	ENSP00000407546	CHRNA7
ENSG00000184271	0.007	ENSP00000330190	POU6F1
	0.007	ENSP00000323853	OR8K5
	0.007	ENSP00000384667	C22orf23
ENSG00000257008	0.007	ENSP00000335158	GPR142
ENSG00000144395	0.007	ENSP00000373827	CCDC150
ENSG00000169313	0.007	ENSP00000307259	P2RY12
	0.007	ENSP00000393154	FBXO15
ENSG00000177981	0.007	ENSP00000445622	ASB8
ENSG00000117598	0.007	ENSP00000263177	PLPPR5
ENSG00000197603	0.007	ENSP00000389014	CPLANE1
ENSG00000204970	0.007	ENSP00000420840	PCDHA1
ENSG00000081386	0.007	ENSP00000364379	ZNF510
ENSG00000160055	0.007	ENSP00000309792	TMEM234
	0.007	ENSP00000441949	TAS2R14
ENSG00000080293	0.007	ENSP00000019103	SCTR
ENSG00000157211	0.007	ENSP00000489959	CDCP2
ENSG00000187905	0.007	ENSP00000394078	LRRC74B
ENSG00000104904	0.007	ENSP00000473381	OAZ1
ENSG00000232040	0.007	ENSP00000395259	ZBED9
	0.007	ENSP00000395704	CXCR6
ENSG00000146250	0.007	ENSP00000358714	PRSS35
	0.007	ENSP00000337133	SERPINA9
	0.007	ENSP00000246553	FFAR1
ENSG00000169676	0.007	ENSP00000306129	DRD5
	0.007	ENSP00000326671	SLC47A2
ENSG00000153283	0.007	ENSP00000283285	CD96
	0.007	ENSP00000273286	LRTM1
	0.007	ENSP00000339918	XRRA1
	0.007	ENSP00000493161	TMEM271
ENSG00000165899	0.007	ENSP00000447211	OTOGL
	0.007	ENSP00000427690	GYPB
ENSG00000155897	0.007	ENSP00000286355	ADCY8
	0.007	ENSP00000371785	OLIG1
	0.007	ENSP00000303599	HSFY1
	0.007	ENSP00000306549	HSFY2
	0.007	ENSP00000359401	C1orf146
ENSG00000163888	0.007	ENSP00000296238	CAMK2N2
	0.007	ENSP00000382713	UBE2QL1
ENSG00000227124	0.007	ENSP00000419377	ZNF717
	0.007	ENSP00000364166	TMEM225
	0.007	ENSP00000493024	OR14A16
ENSG00000131188	0.007	ENSP00000327168	PRR7
ENSG00000132975	0.007	ENSP00000384932	GPR12
ENSG00000168754	0.007	ENSP00000429896	FAM178B
ENSG00000133863	0.007	ENSP00000493555	TEX15
ENSG00000204962	0.007	ENSP00000434655	PCDHA8
ENSG00000214967	0.007	ENSP00000431814	NPIPA7
ENSG00000214940	0.007	ENSP00000435325	NPIPA8
	0.007	ENSP00000345797	KRBOX4
ENSG00000139438	0.007	ENSP00000443292	FAM222A
ENSG00000131650	0.007	ENSP00000304422	KREMEN2
ENSG00000153233	0.007	ENSP00000283228	PTPRR
ENSG00000183090	0.007	ENSP00000332886	FREM3
ENSG00000182346	0.007	ENSP00000483757	DAOA
ENSG00000175267	0.007	ENSP00000374049	VWA3A
ENSG00000149305	0.007	ENSP00000260191	HTR3B
ENSG00000180616	0.007	ENSP00000350198	SSTR2
	0.007	ENSP00000420723	KRTAP5-8
ENSG00000003137	0.007	ENSP00000001146	CYP26B1
ENSG00000135547	0.007	ENSP00000357348	HEY2
	0.007	ENSP00000368109	ACCSL
ENSG00000188306	0.007	ENSP00000342188	LRRIQ4
ENSG00000166979	0.007	ENSP00000300255	EVA1C
	0.007	ENSP00000341032	WNT7B
	0.007	ENSP00000473444	MFSD14C
ENSG00000145723	0.007	ENSP00000381970	GIN1
ENSG00000182747	0.007	ENSP00000333591	SLC35D3
ENSG00000108830	0.007	ENSP00000466680	RND2
ENSG00000135127	0.006	ENSP00000380690	BICDL1
ENSG00000106025	0.006	ENSP00000222747	TSPAN12
ENSG00000196550	0.006	ENSP00000356096	FAM72A
ENSG00000188610	0.006	ENSP00000358397	FAM72B
ENSG00000225899	0.006	ENSP00000401310	FRG2B
ENSG00000160051	0.006	ENSP00000442291	IQCC
ENSG00000203837	0.006	ENSP00000358232	PNLIPRP3
ENSG00000197779	0.006	ENSP00000366153	ZNF81
ENSG00000182261	0.006	ENSP00000327763	NLRP10
	0.006	ENSP00000354932	TLR1
ENSG00000260903	0.006	ENSP00000477059	XKR7
	0.006	ENSP00000308925	TLR10
	0.006	ENSP00000305096	C22orf15
ENSG00000130037	0.006	ENSP00000252321	KCNA5
ENSG00000221947	0.006	ENSP00000386141	XKR9
ENSG00000113100	0.006	ENSP00000231021	CDH9
ENSG00000206077	0.006	ENSP00000442373	ZDHHC11B
	0.006	ENSP00000445280	ZDHHC11B-2
	0.006	ENSP00000180166	FGF20
ENSG00000177464	0.006	ENSP00000319744	GPR4
ENSG00000183463	0.006	ENSP00000333490	URAD
ENSG00000186645	0.006	ENSP00000501047	SPDYE17
	0.006	ENSP00000498611	ANKRD36
	0.006	ENSP00000490466	FAM237B
	0.006	ENSP00000345464	NHLRC1
ENSG00000018280	0.006	ENSP00000233202	SLC11A1
ENSG00000205097	0.006	ENSP00000424015	FRG2
ENSG00000156968	0.006	ENSP00000379669	MPV17L
	0.006	ENSP00000280245	CCDC83
ENSG00000169026	0.006	ENSP00000384616	SLC49A3
ENSG00000182348	0.006	ENSP00000329638	ZNF804B
	0.006	ENSP00000355649	SPHAR
	0.006	ENSP00000454407	GOLGA6L2
ENSG00000188324	0.006	ENSP00000351211	OR6C6
ENSG00000204950	0.006	ENSP00000367315	LRRC10B
	0.006	ENSP00000490829	SPACA6
	0.006	ENSP00000471646	SCGB1C2
ENSG00000197520	0.006	ENSP00000414451	FAM177B
	0.006	ENSP00000419085	TIGIT
	0.006	ENSP00000472277	M0R233_HUMAN
ENSG00000121417	0.006	ENSP00000299871	ZNF211
ENSG00000075035	0.006	ENSP00000448047	WSCD2
ENSG00000126856	0.006	ENSP00000496449	PRDM7
ENSG00000138587	0.006	ENSP00000260453	MNS1
ENSG00000181240	0.006	ENSP00000322649	SLC25A41
	0.006	ENSP00000411253	TBCCD1
	0.006	ENSP00000348911	AADACL2
	0.006	ENSP00000349298	MYLIP
ENSG00000262576	0.006	ENSP00000458570	PCDHGA4
ENSG00000173769	0.006	ENSP00000310303	TOPAZ1
	0.006	ENSP00000369568	OR51B6
ENSG00000205359	0.006	ENSP00000421339	SLCO6A1
ENSG00000214300	0.006	ENSP00000329565	SPDYE3
	0.006	ENSP00000320757	TMEM150B
	0.006	ENSP00000379369	FOXB1
	0.006	ENSP00000413001	AGBL1
ENSG00000144227	0.006	ENSP00000272641	NXPH2
ENSG00000101134	0.006	ENSP00000262593	DOK5
	0.006	ENSP00000252338	FAM155B
ENSG00000145626	0.006	ENSP00000274278	UGT3A1
	0.006	ENSP00000261835	CYP46A1
ENSG00000101574	0.006	ENSP00000458290	METTL4
ENSG00000136305	0.006	ENSP00000337731	CIDEB
ENSG00000111863	0.006	ENSP00000229583	ADTRP
ENSG00000111671	0.006	ENSP00000428338	SPSB2
ENSG00000162670	0.006	ENSP00000356432	BRINP3
ENSG00000179796	0.006	ENSP00000379880	LRRC3B
	0.006	ENSP00000327611	KCNK12
	0.006	ENSP00000492303	ENSP00000492303
	0.006	ENSP00000385026	CHRNA2
ENSG00000166159	0.006	ENSP00000446278	LRTM2
ENSG00000205030	0.006	ENSP00000367650	OR5L2
ENSG00000184650	0.006	ENSP00000331086	ODF4
	0.006	ENSP00000480122	PRAMEF5
ENSG00000242419	0.006	ENSP00000306918	PCDHGC4
ENSG00000095777	0.006	ENSP00000495965	MYO3A
	0.006	ENSP00000084798	CA11
ENSG00000101342	0.006	ENSP00000217320	TLDC2
ENSG00000124391	0.006	ENSP00000244241	IL17C
ENSG00000172324	0.006	ENSP00000492975	OR5A2
ENSG00000261115	0.006	ENSP00000456594	TMEM178B
	0.006	ENSP00000410111	TBC1D26
ENSG00000146243	0.006	ENSP00000358956	IRAK1BP1
	0.006	ENSP00000389111	FNDC10
ENSG00000149295	0.006	ENSP00000354859	DRD2
	0.006	ENSP00000365322	PRAMEF15
ENSG00000185880	0.006	ENSP00000453177	TRIM69
	0.006	ENSP00000370908	NPIPA9-2
ENSG00000183889	0.006	ENSP00000389275	NPIPA9
	0.006	ENSP00000427951	CCDC160
	0.006	ENSP00000482378	LRP5L
ENSG00000144406	0.006	ENSP00000391088	UNC80
ENSG00000183813	0.006	ENSP00000332659	CCR4
ENSG00000185294	0.006	ENSP00000332488	SPPL2C
	0.006	ENSP00000365360	PRAMEF6
	0.006	ENSP00000393136	PRAMEF27
	0.006	ENSP00000485258	PRAMEF9
ENSG00000099860	0.006	ENSP00000215631	GADD45B
ENSG00000204923	0.006	ENSP00000367193	FBXO48
	0.006	ENSP00000489869	LMLN2
ENSG00000214414	0.006	ENSP00000474003	TRIM77
	0.006	ENSP00000364246	PLA2G2D
ENSG00000164256	0.006	ENSP00000296682	PRDM9
	0.006	ENSP00000304071	C7orf33
	0.006	ENSP00000481683	PRAMEF25
	0.006	ENSP00000485656	PRAMEF26
ENSG00000175538	0.006	ENSP00000310557	KCNE3
	0.006	ENSP00000318222	ZDHHC22
ENSG00000139537	0.006	ENSP00000312706	CCDC65
ENSG00000179133	0.006	ENSP00000501139	C10orf67
	0.006	ENSP00000365080	FAM155A
ENSG00000049192	0.006	ENSP00000370443	ADAMTS6
	0.006	ENSP00000459028	OR1D5
	0.006	ENSP00000266643	MARCHF9
ENSG00000182613	0.006	ENSP00000493207	OR2V2
	0.006	ENSP00000258385	CHRND
ENSG00000163701	0.006	ENSP00000373325	IL17RE
ENSG00000101695	0.006	ENSP00000217740	RNF125
	0.006	ENSP00000479243	ECSCR
ENSG00000185372	0.006	ENSP00000492958	OR2V1
	0.006	ENSP00000361788	EXO5
	0.006	ENSP00000264661	KCNH4
	0.006	ENSP00000376397	CD300LB
	0.006	ENSP00000400041	KRTAP5-2
	0.006	ENSP00000329158	CLRN1
ENSG00000197362	0.006	ENSP00000417470	ZNF786
ENSG00000152990	0.005	ENSP00000334952	ADGRA3
	0.005	ENSP00000484596	LOC389831
ENSG00000145040	0.005	ENSP00000273610	UCN2
	0.005	ENSP00000489770	PPP4R3C
ENSG00000146090	0.005	ENSP00000377037	RASGEF1C
ENSG00000205238	0.005	ENSP00000421686	SPDYE2
ENSG00000183426	0.005	ENSP00000331843	NPIPA1
	0.005	ENSP00000332134	PRAMEF1
ENSG00000100731	0.005	ENSP00000304192	PCNX1
ENSG00000007129	0.005	ENSP00000385739	CEACAM21
	0.005	ENSP00000314480	UNCX
ENSG00000219626	0.005	ENSP00000482482	FAM228B
	0.005	ENSP00000327975	DHRS7C
ENSG00000185917	0.005	ENSP00000382163	SETD4
ENSG00000183114	0.005	ENSP00000331397	FAM43B
ENSG00000155875	0.005	ENSP00000369907	SAXO1
ENSG00000253731	0.005	ENSP00000429601	PCDHGA6
	0.005	ENSP00000484497	OVCH2
	0.005	ENSP00000332963	IZUMO1R
ENSG00000103522	0.005	ENSP00000338010	IL21R
	0.005	ENSP00000361700	GLRA4
	0.005	ENSP00000370522	ARSH
ENSG00000177875	0.005	ENSP00000320849	CCDC184
ENSG00000178381	0.005	ENSP00000314619	ZFAND2A
	0.005	ENSP00000401306	FSIP2
	0.005	ENSP00000355797	TCP10L2
ENSG00000187987	0.005	ENSP00000289788	ZSCAN23
ENSG00000137720	0.005	ENSP00000260276	C11orf1
	0.005	ENSP00000495949	SLC35E2A
	0.005	ENSP00000399547	ANKRD63
ENSG00000162086	0.005	ENSP00000459566	ZNF75A
	0.005	ENSP00000493137	OR4D2
ENSG00000065325	0.005	ENSP00000262441	GLP2R
ENSG00000164363	0.005	ENSP00000323549	SLC6A18
ENSG00000155249	0.005	ENSP00000493205	OR4K1
ENSG00000133597	0.005	ENSP00000072869	ADCK2
	0.005	ENSP00000489149	TMEM275
ENSG00000240764	0.005	ENSP00000252087	PCDHGC5
ENSG00000230430	0.005	ENSP00000422097	USP17L25
ENSG00000228856	0.005	ENSP00000422887	USP17L30
ENSG00000231637	0.005	ENSP00000422969	USP17L29
ENSG00000235780	0.005	ENSP00000423211	USP17L27
ENSG00000231051	0.005	ENSP00000423777	USP17L28
ENSG00000232264	0.005	ENSP00000425375	USP17L24
ENSG00000227140	0.005	ENSP00000425955	USP17L5
ENSG00000229579	0.005	ENSP00000427366	USP17L26
ENSG00000187105	0.005	ENSP00000450444	HEATR4
ENSG00000150433	0.005	ENSP00000436596	TMEM218
	0.005	ENSP00000386653	PCDH20-2
	0.005	ENSP00000387250	PCDH20
ENSG00000254852	0.005	ENSP00000446882	NPIPA2
ENSG00000224712	0.005	ENSP00000448841	NPIPA3
	0.005	ENSP00000378803	PAQR5
	0.005	ENSP00000344545	SCGB1C1
	0.005	ENSP00000307041	BNC1
ENSG00000204532	0.005	ENSP00000435234	ZSCAN5C
	0.005	ENSP00000339182	ATP13A4
	0.005	ENSP00000412940	FREM1
	0.005	ENSP00000436376	OMP
ENSG00000204624	0.005	ENSP00000294484	DISP3
	0.005	ENSP00000492924	OR9Q2
	0.005	ENSP00000378365	CCL26
	0.005	ENSP00000493085	OR52E4
ENSG00000170092	0.005	ENSP00000485398	SPDYE5
ENSG00000176540	0.005	ENSP00000321338	OR4C5
	0.005	ENSP00000477437	KCNJ6
ENSG00000167098	0.005	ENSP00000348496	SUN5
	0.005	ENSP00000406546	SLC23A3
	0.005	ENSP00000334813	RAX
	0.005	ENSP00000329295	NXPH3
	0.005	ENSP00000303686	NTSR2
ENSG00000168907	0.005	ENSP00000380442	PLA2G4F
ENSG00000163206	0.005	ENSP00000357754	SMCP
ENSG00000250844	0.005	ENSP00000423503	USP17L18
	0.005	ENSP00000332690	KRTAP6-1
	0.005	ENSP00000420658	TMEM14B
ENSG00000233136	0.005	ENSP00000400880	USP17L11
ENSG00000249811	0.005	ENSP00000422216	USP17L21
ENSG00000249104	0.005	ENSP00000422621	USP17L17
ENSG00000250745	0.005	ENSP00000427264	USP17L20
ENSG00000177947	0.005	ENSP00000325868	ODF3
	0.005	ENSP00000241356	ADORA3
ENSG00000102445	0.005	ENSP00000396935	RUBCNL
ENSG00000196666	0.005	ENSP00000443133	FAM180B
ENSG00000229544	0.005	ENSP00000451945	NKX1-2
	0.005	ENSP00000356658	GPR52
ENSG00000251380	0.005	ENSP00000421871	DCANP1
	0.005	ENSP00000369963	C20orf141
	0.005	ENSP00000267273	METTL21C
	0.005	ENSP00000493075	OR2L13
	0.005	ENSP00000386499	PRR35
ENSG00000205089	0.005	ENSP00000478257	CCNI2
	0.005	ENSP00000328335	SMIM10
	0.005	ENSP00000275767	TMEM140
ENSG00000182170	0.005	ENSP00000330612	MRGPRG
ENSG00000116176	0.005	ENSP00000234798	TPSG1
	0.005	ENSP00000396320	SCN4A
ENSG00000154764	0.005	ENSP00000285018	WNT7A
ENSG00000165171	0.005	ENSP00000297873	METTL27
ENSG00000215277	0.005	ENSP00000382794	RNF212B
	0.005	ENSP00000219162	MT4
	0.005	ENSP00000305766	MRGPRX1
	0.005	ENSP00000235349	PRAMEF4
	0.005	ENSP00000226247	FOXN1
ENSG00000104941	0.005	ENSP00000221538	RSPH6A
	0.005	ENSP00000330221	SPSB1
	0.005	ENSP00000474246	IZUMO3
ENSG00000151789	0.005	ENSP00000281523	ZNF385D
ENSG00000173040	0.005	ENSP00000342144	EVC2
	0.005	ENSP00000373518	NOX5
	0.005	ENSP00000481773	SAP25
ENSG00000149507	0.005	ENSP00000278855	OOSP2
	0.005	ENSP00000478589	TTC25
ENSG00000214279	0.005	ENSP00000491516	SCART1
	0.005	ENSP00000485287	OR2L8
	0.005	ENSP00000335538	DEFB131A
	0.005	ENSP00000421868	CCDC169-SOHLH2
ENSG00000158106	0.005	ENSP00000289013	RHPN1
	0.005	ENSP00000386022	MS4A15
	0.005	ENSP00000497102	CTLA4
ENSG00000253148	0.005	ENSP00000428343	RGS21
ENSG00000134569	0.005	ENSP00000367888	LRP4
ENSG00000205693	0.005	ENSP00000370673	MANSC4
	0.005	ENSP00000300105	CACNG2
ENSG00000162063	0.005	ENSP00000380256	CCNF
	0.005	ENSP00000274711	LRRTM2
ENSG00000226430	0.005	ENSP00000485337	USP17L7
ENSG00000185038	0.005	ENSP00000477597	MROH2A
ENSG00000157613	0.005	ENSP00000481956	CREB3L1
ENSG00000255833	0.005	ENSP00000440509	TIFAB
ENSG00000164871	0.005	ENSP00000381480	SPAG11B
ENSG00000185156	0.005	ENSP00000330051	MFSD6L
	0.005	ENSP00000359454	HFM1
	0.005	ENSP00000361875	WFDC5
	0.005	ENSP00000324763	WFIKKN1
	0.005	ENSP00000327604	TRIM49
	0.005	ENSP00000388299	TRIM49C
ENSG00000261934	0.005	ENSP00000460274	PCDHGA9
ENSG00000198393	0.005	ENSP00000333725	ZNF26
ENSG00000188011	0.005	ENSP00000345374	RTP5
ENSG00000227551	0.005	ENSP00000389443	USP17L12
ENSG00000248933	0.005	ENSP00000423115	USP17L22
ENSG00000248920	0.005	ENSP00000425582	USP17L19
ENSG00000172073	0.005	ENSP00000307142	TEX37
ENSG00000167840	0.005	ENSP00000250076	ZNF232
ENSG00000158815	0.005	ENSP00000352414	FGF17
	0.004	ENSP00000385592	IGSF23
	0.004	ENSP00000393333	TBXA2R
	0.004	ENSP00000369967	Q6ZPB1_HUMAN
ENSG00000171595	0.004	ENSP00000400252	DNAI2
	0.004	ENSP00000391381	ATP6AP1L
	0.004	ENSP00000498936	ENSP00000498936
	0.004	ENSP00000435634	C1orf94
ENSG00000197658	0.004	ENSP00000480336	SLC22A24
	0.004	ENSP00000308279	C9orf131
ENSG00000255561	0.004	ENSP00000260257	FDXACB1
	0.004	ENSP00000385470	TNFSF18
	0.004	ENSP00000409950	ANHX
ENSG00000101958	0.004	ENSP00000218075	GLRA2
ENSG00000215203	0.004	ENSP00000382670	GRXCR1
ENSG00000180332	0.004	ENSP00000368402	KCTD4
ENSG00000126773	0.004	ENSP00000384801	PCNX4
	0.004	ENSP00000264233	POLQ
ENSG00000143184	0.004	ENSP00000356792	XCL1
ENSG00000160284	0.004	ENSP00000291672	SPATC1L
ENSG00000231396	0.004	ENSP00000403760	USP17L10
ENSG00000118017	0.004	ENSP00000236709	A4GNT
ENSG00000139304	0.004	ENSP00000495607	PTPRQ
	0.004	ENSP00000365395	AADACL4
	0.004	ENSP00000228837	FGF6
ENSG00000172350	0.004	ENSP00000481728	ABCG4
ENSG00000163785	0.004	ENSP00000478721	RYK
ENSG00000145808	0.004	ENSP00000274487	ADAMTS19
	0.004	ENSP00000244527	SLC17A1
	0.004	ENSP00000485156	OR1S1
	0.004	ENSP00000443411	FAM92B
ENSG00000188293	0.004	ENSP00000415823	IGFL1
ENSG00000104140	0.004	ENSP00000220507	RHOV
	0.004	ENSP00000404438	SOHLH1
	0.004	ENSP00000343490	LCTL
	0.004	ENSP00000494667	ENSP00000494667
ENSG00000181291	0.004	ENSP00000487800	TMEM132E
	0.004	ENSP00000299432	MSS51
ENSG00000164972	0.004	ENSP00000297623	C9orf24
ENSG00000119608	0.004	ENSP00000451223	PROX2
ENSG00000175564	0.004	ENSP00000323740	UCP3
	0.004	ENSP00000282908	STK32B
ENSG00000119227	0.004	ENSP00000413405	PIGZ
	0.004	ENSP00000491174	TAF11L8
	0.004	ENSP00000491351	TAF11L7
	0.004	ENSP00000491385	TAF11L6
	0.004	ENSP00000491873	TAF11L10
	0.004	ENSP00000492463	TAF11L9
	0.004	ENSP00000492874	TAF11L5
ENSG00000260097	0.004	ENSP00000485230	SPDYE6
ENSG00000137338	0.004	ENSP00000259883	PGBD1
ENSG00000164746	0.004	ENSP00000335500	C7orf57
ENSG00000173678	0.004	ENSP00000424058	SPDYE2B
	0.004	ENSP00000389760	CASTOR3
ENSG00000134160	0.004	ENSP00000437849	TRPM1
	0.004	ENSP00000442424	IL22
ENSG00000109927	0.004	ENSP00000376543	TECTA
ENSG00000166736	0.004	ENSP00000347754	HTR3A
ENSG00000170469	0.004	ENSP00000414920	SPATA24
ENSG00000167360	0.004	ENSP00000300778	OR51Q1
ENSG00000181939	0.004	ENSP00000324958	OR4C15
	0.004	ENSP00000384604	ALKAL2
	0.004	ENSP00000371200	ARRDC5
ENSG00000089091	0.004	ENSP00000262547	DZANK1
ENSG00000178394	0.004	ENSP00000316244	HTR1A
ENSG00000166510	0.004	ENSP00000466690	CCDC68
	0.004	ENSP00000478752	NBPF19-2
ENSG00000271383	0.004	ENSP00000498781	NBPF19
	0.004	ENSP00000315554	SPEM1
	0.004	ENSP00000264454	SEC22C
ENSG00000159618	0.004	ENSP00000342981	ADGRG5
ENSG00000166268	0.004	ENSP00000448753	MYRFL
ENSG00000165071	0.004	ENSP00000349296	TMEM71
ENSG00000183695	0.004	ENSP00000333800	MRGPRX2
ENSG00000164756	0.004	ENSP00000415011	SLC30A8
ENSG00000109684	0.004	ENSP00000226951	CLNK
ENSG00000183354	0.004	ENSP00000382815	KIAA2026
ENSG00000187783	0.004	ENSP00000374234	TMEM72
ENSG00000147454	0.004	ENSP00000429200	SLC25A37
ENSG00000223569	0.004	ENSP00000483519	USP17L15
ENSG00000172640	0.004	ENSP00000308689	OR10AD1
	0.004	ENSP00000444586	LOXHD1
ENSG00000139767	0.004	ENSP00000267260	SRRM4
ENSG00000261587	0.004	ENSP00000454468	TMEM249
ENSG00000177103	0.004	ENSP00000315465	DSCAML1
	0.004	ENSP00000358488	MTCP1
	0.004	ENSP00000294818	LRRC52
	0.004	ENSP00000497509	ENSP00000497509
ENSG00000010310	0.004	ENSP00000467494	GIPR
	0.004	ENSP00000474621	SLC22A31
	0.004	ENSP00000383558	GCGR
	0.004	ENSP00000261751	CHRNB4
ENSG00000054392	0.004	ENSP00000438468	HHAT
	0.004	ENSP00000340088	THEG
	0.004	ENSP00000493110	OR13G1
ENSG00000186104	0.004	ENSP00000334592	CYP2R1
ENSG00000140993	0.004	ENSP00000380071	TIGD7
	0.004	ENSP00000344430	IFITM10
	0.004	ENSP00000259357	OR1J1
ENSG00000111319	0.004	ENSP00000353292	SCNN1A
ENSG00000106336	0.004	ENSP00000416558	FBXO24
	0.004	ENSP00000489685	IQANK1
ENSG00000128268	0.004	ENSP00000345270	MGAT3
ENSG00000183709	0.004	ENSP00000333639	IFNL2
ENSG00000284922	0.004	ENSP00000305742	LRTOMT
ENSG00000140543	0.004	ENSP00000456340	DET1
ENSG00000052795	0.004	ENSP00000264433	FNIP2
	0.004	ENSP00000489619	MBD3L2B
ENSG00000174599	0.004	ENSP00000309402	TRAM1L1
ENSG00000166507	0.004	ENSP00000310657	NDST2
ENSG00000115616	0.004	ENSP00000233969	SLC9A2
ENSG00000275489	0.004	ENSP00000479396	C17orf98
ENSG00000222046	0.004	ENSP00000386870	DCDC2B
ENSG00000147138	0.004	ENSP00000494310	GPR174
ENSG00000182330	0.004	ENSP00000349931	PRAMEF8
ENSG00000204510	0.004	ENSP00000484237	PRAMEF7
	0.004	ENSP00000291231	OR3A3
	0.004	ENSP00000402297	LACTBL1
	0.004	ENSP00000424077	USP17L23
ENSG00000234602	0.004	ENSP00000426359	MCIDAS
	0.004	ENSP00000333183	MBD3L3
	0.004	ENSP00000370800	MBD3L2
	0.004	ENSP00000370801	MBD3L4
ENSG00000162426	0.004	ENSP00000418096	SLC45A1
	0.004	ENSP00000270560	TM4SF5
ENSG00000232399	0.004	ENSP00000414392	USP17L13
	0.004	ENSP00000449137	C19orf67
	0.004	ENSP00000383784	OAZ3
	0.004	ENSP00000386180	OR3A2
	0.004	ENSP00000324191	KCNRG
ENSG00000214102	0.004	ENSP00000380675	WEE2
ENSG00000249242	0.004	ENSP00000420919	TMEM150C
ENSG00000178026	0.004	ENSP00000320520	LRRC75B
ENSG00000100218	0.004	ENSP00000216036	RSPH14
	0.004	ENSP00000462046	PIRT
	0.004	ENSP00000252505	ALLC
	0.003	ENSP00000363317	FRMPD2
ENSG00000186280	0.003	ENSP00000334181	KDM4D
ENSG00000186710	0.003	ENSP00000333915	CFAP73
ENSG00000101251	0.003	ENSP00000367312	SEL1L2
	0.003	ENSP00000342448	OR5W2
ENSG00000102053	0.003	ENSP00000340839	ZC3H12B
ENSG00000153347	0.003	ENSP00000283357	FAM81B
	0.003	ENSP00000345405	SPRED3
	0.003	ENSP00000331435	MBD3L5
	0.003	ENSP00000343244	DUSP21
ENSG00000183662	0.003	ENSP00000418575	TAFA1
ENSG00000214694	0.003	ENSP00000387020	ARHGEF33
	0.003	ENSP00000491279	KDM4F
ENSG00000172927	0.003	ENSP00000412482	MYEOV
ENSG00000069018	0.003	ENSP00000426070	TRPC7
	0.003	ENSP00000491494	TAF11L4
	0.003	ENSP00000374125	SIGLEC15
	0.003	ENSP00000431840	SLC24A4
	0.003	ENSP00000239316	INSL4
	0.003	ENSP00000491574	ERFL
ENSG00000158286	0.003	ENSP00000367173	RNF207
	0.003	ENSP00000333003	PRSS55
ENSG00000268629	0.003	ENSP00000471604	TEX13A
	0.003	ENSP00000328215	OR56A4
ENSG00000179314	0.003	ENSP00000460825	WSCD1
	0.003	ENSP00000366942	SLC36A3
	0.003	ENSP00000455811	LY6L
	0.003	ENSP00000489806	CXorf51A
	0.003	ENSP00000490294	CXorf51B
ENSG00000101440	0.003	ENSP00000454804	ASIP
ENSG00000100314	0.003	ENSP00000216144	CABP7
ENSG00000145545	0.003	ENSP00000274192	SRD5A1
	0.003	ENSP00000294600	CCDC27
	0.003	ENSP00000489706	TMEM191C
	0.003	ENSP00000334696	KRTAP19-7
ENSG00000087338	0.003	ENSP00000282570	GMCL1
ENSG00000166856	0.003	ENSP00000300098	GPR182
	0.003	ENSP00000385247	CAPN14
ENSG00000159596	0.003	ENSP00000361095	TMEM69
ENSG00000159648	0.003	ENSP00000290871	TEPP
ENSG00000242220	0.003	ENSP00000300258	TCP10L
	0.003	ENSP00000347088	LARGE1
ENSG00000002587	0.003	ENSP00000002596	HS3ST1
	0.003	ENSP00000309836	CCDC13
ENSG00000154162	0.003	ENSP00000371689	CDH12
	0.003	ENSP00000496982	ENSP00000496982
	0.003	ENSP00000483467	SBK3
	0.003	ENSP00000366542	ZNF165
	0.003	ENSP00000299443	POTED
	0.003	ENSP00000322754	OR51S1
ENSG00000235942	0.003	ENSP00000411070	LCE6A
	0.003	ENSP00000481358	TMEM191B
ENSG00000129467	0.003	ENSP00000312126	ADCY4
ENSG00000221813	0.003	ENSP00000492907	OR6B1
ENSG00000205129	0.003	ENSP00000368127	C4orf47
	0.003	ENSP00000265224	ANKRD7
ENSG00000152093	0.003	ENSP00000281882	CFC1B
ENSG00000241852	0.003	ENSP00000289989	C8orf58
ENSG00000126106	0.003	ENSP00000361311	TMEM53
	0.003	ENSP00000479139	LOC100288966
ENSG00000183908	0.003	ENSP00000498533	LRRC55
ENSG00000179532	0.003	ENSP00000254579	DNHD1
ENSG00000286137	0.003	ENSP00000498497	SPDYE14
ENSG00000275976	0.003	ENSP00000498510	SPDYE11
	0.003	ENSP00000498801	ENSP00000498801
	0.003	ENSP00000498819	SPDYE8P
	0.003	ENSP00000498945	SPDYE9P
	0.003	ENSP00000499200	ENSP00000499200
ENSG00000214866	0.003	ENSP00000382097	DCDC2C
ENSG00000100336	0.003	ENSP00000338260	APOL4
	0.003	ENSP00000228606	CYP27B1
ENSG00000183287	0.003	ENSP00000497183	CCBE1
ENSG00000176787	0.003	ENSP00000322088	OR52E2
	0.003	ENSP00000338164	TMEM217
	0.003	ENSP00000306095	OR10H2
ENSG00000181409	0.003	ENSP00000324196	AATK
ENSG00000156959	0.003	ENSP00000287585	LHFPL4
ENSG00000099337	0.003	ENSP00000263372	KCNK6
ENSG00000188596	0.003	ENSP00000431759	CFAP54
ENSG00000165164	0.003	ENSP00000367922	CFAP47
	0.003	ENSP00000380081	SLC29A4
	0.003	ENSP00000492787	TAF11L3
	0.003	ENSP00000475626	DUSP13
ENSG00000047617	0.003	ENSP00000348453	ANO2
	0.003	ENSP00000301896	MAJIN
	0.003	ENSP00000493355	OR2G6
ENSG00000206026	0.003	ENSP00000462106	SMIM21
ENSG00000124818	0.003	ENSP00000360255	OPN5
	0.003	ENSP00000355430	OR2T1
	0.003	ENSP00000378642	ZNF785
ENSG00000235098	0.003	ENSP00000445688	ANKRD65
	0.003	ENSP00000491301	DUXB
	0.003	ENSP00000266086	SLC5A4
ENSG00000173805	0.003	ENSP00000334002	HAP1
ENSG00000072840	0.003	ENSP00000264956	EVC
ENSG00000143994	0.003	ENSP00000326491	ABHD1
ENSG00000099957	0.003	ENSP00000416193	P2RX6
	0.003	ENSP00000361852	TMCO2
ENSG00000275722	0.003	ENSP00000483897	LYZL6
ENSG00000178163	0.003	ENSP00000317614	ZNF518B
ENSG00000156574	0.003	ENSP00000287139	NODAL
ENSG00000136698	0.003	ENSP00000259216	CFC1
ENSG00000135914	0.003	ENSP00000258400	HTR2B
ENSG00000138892	0.003	ENSP00000392252	TTLL8
	0.003	ENSP00000261275	FAM189A1
	0.003	ENSP00000319796	SERINC4
	0.003	ENSP00000498424	CYP26C1
ENSG00000184350	0.003	ENSP00000374482	MRGPRE
	0.003	ENSP00000311492	ISX
ENSG00000205111	0.003	ENSP00000378476	CDKL4
ENSG00000215784	0.003	ENSP00000383682	FAM72D
ENSG00000263513	0.003	ENSP00000463032	FAM72C
ENSG00000162241	0.003	ENSP00000381782	SLC25A45
	0.003	ENSP00000319197	OR4K17
ENSG00000113249	0.003	ENSP00000487363	HAVCR1
	0.003	ENSP00000377561	LRRC29
	0.003	ENSP00000386532	ASB18
	0.003	ENSP00000411672	ATP6V0E2
ENSG00000036565	0.003	ENSP00000387549	SLC18A1
ENSG00000179029	0.003	ENSP00000314116	TMEM107
	0.003	ENSP00000488558	LINC00514
ENSG00000162825	0.003	ENSP00000479291	NBPF20
	0.003	ENSP00000493200	OR7D2
	0.003	ENSP00000480059	P3R3URF
ENSG00000183307	0.003	ENSP00000329318	TMEM121B
ENSG00000127399	0.003	ENSP00000352642	LRRC61
ENSG00000183793	0.003	ENSP00000433597	NPIPA5
ENSG00000188848	0.003	ENSP00000421169	BEND4
	0.003	ENSP00000363394	SLC30A2
	0.003	ENSP00000456868	LOC100509620
	0.003	ENSP00000492895	OR2T29
	0.003	ENSP00000493066	OR2T5
	0.003	ENSP00000490782	SMIM39
	0.003	ENSP00000483713	KLRF1
	0.003	ENSP00000292779	CCDC116
	0.003	ENSP00000455444	TCF24
	0.003	ENSP00000386029	GABRR2
	0.003	ENSP00000490263	TEX48
	0.003	ENSP00000371377	OR1A2
ENSG00000205669	0.003	ENSP00000370531	ACOT6
	0.003	ENSP00000314042	MRGPRX4
ENSG00000206559	0.003	ENSP00000373278	ZCWPW2
	0.003	ENSP00000222033	ZNRF4
	0.003	ENSP00000304643	CALML6
ENSG00000089163	0.003	ENSP00000202967	SIRT4
ENSG00000175782	0.003	ENSP00000381089	SLC35E3
ENSG00000167850	0.003	ENSP00000329507	CD300C
ENSG00000172748	0.003	ENSP00000381613	ZNF596
	0.002	ENSP00000487094	ENSP00000487094
ENSG00000188649	0.002	ENSP00000386988	CC2D2B
	0.002	ENSP00000304915	IL13
ENSG00000126264	0.002	ENSP00000246551	HCST
	0.002	ENSP00000361569	IER5L
	0.002	ENSP00000408697	NUGGC
	0.002	ENSP00000323926	TRPM8
ENSG00000127530	0.002	ENSP00000493026	OR7C1
	0.002	ENSP00000493190	OR52N5
ENSG00000185274	0.002	ENSP00000329654	GALNT17
ENSG00000238243	0.002	ENSP00000353516	OR2W3
	0.002	ENSP00000381535	STK32A
ENSG00000159128	0.002	ENSP00000371425	IFNGR2
ENSG00000187609	0.002	ENSP00000340474	EXD3
	0.002	ENSP00000356733	MROH9
ENSG00000213996	0.002	ENSP00000374014	TM6SF2
ENSG00000166111	0.002	ENSP00000479104	SVOP
ENSG00000198088	0.002	ENSP00000361544	NUP62CL
	0.002	ENSP00000372505	AMELY
	0.002	ENSP00000222718	HOXA2
ENSG00000186409	0.002	ENSP00000339280	CCDC30
ENSG00000174945	0.002	ENSP00000308149	AMZ1
ENSG00000167104	0.002	ENSP00000344929	BPIFB6
	0.002	ENSP00000410533	RNF223
	0.002	ENSP00000240189	PRAMEF2
ENSG00000167612	0.002	ENSP00000301190	ANKRD33
	0.002	ENSP00000261234	RXYLT1
ENSG00000156206	0.002	ENSP00000286732	CFAP161
	0.002	ENSP00000452277	OR4C13
	0.002	ENSP00000491450	GIMD1
	0.002	ENSP00000341550	SLC24A5
	0.002	ENSP00000377353	DRD1
	0.002	ENSP00000419266	EVX1
	0.002	ENSP00000475146	C17orf50
	0.002	ENSP00000333181	MARCHF11
ENSG00000177511	0.002	ENSP00000320431	ST8SIA3
	0.002	ENSP00000446830	DNAJC22
ENSG00000183638	0.002	ENSP00000371923	RP1L1
ENSG00000174611	0.002	ENSP00000397598	KY
ENSG00000188778	0.002	ENSP00000343782	ADRB3
	0.002	ENSP00000342136	CREB3
	0.002	ENSP00000303777	TEX13B
ENSG00000164855	0.002	ENSP00000297477	TMEM184A
	0.002	ENSP00000490899	CLEC20A
ENSG00000180878	0.002	ENSP00000321021	C11orf42
	0.002	ENSP00000493082	OR5H15
	0.002	ENSP00000366354	OR11A1
	0.002	ENSP00000353048	CCT8L2
ENSG00000132677	0.002	ENSP00000441197	RHBG
ENSG00000133874	0.002	ENSP00000256257	RNF122
	0.002	ENSP00000273173	SLC22A14
	0.002	ENSP00000385936	DCDC1
	0.002	ENSP00000491923	MINDY4B
	0.002	ENSP00000493327	OR4N2
	0.002	ENSP00000429275	TMEM125
ENSG00000260428	0.002	ENSP00000476384	SCX
	0.002	ENSP00000451575	ASB2
	0.002	ENSP00000459439	GFY
	0.002	ENSP00000381541	KRTAP5-11
	0.002	ENSP00000265068	KIAA1257
ENSG00000167103	0.002	ENSP00000373399	PIP5KL1
	0.002	ENSP00000493354	OR10G4
ENSG00000197980	0.002	ENSP00000474182	LEKR1
	0.002	ENSP00000364164	OR10G9
ENSG00000159496	0.002	ENSP00000290691	RGL4
ENSG00000131969	0.002	ENSP00000336693	ABHD12B
	0.002	ENSP00000388094	KRBOX1
	0.002	ENSP00000474850	TRIM49D1
	0.002	ENSP00000485097	TRIM49D2
	0.002	ENSP00000485141	DEFB131B
ENSG00000205929	0.002	ENSP00000418653	C21orf62
ENSG00000164136	0.002	ENSP00000296545	IL15
	0.002	ENSP00000488984	ENSP00000488984
	0.002	ENSP00000349930	OR11G2
	0.002	ENSP00000229335	AICDA
	0.002	ENSP00000455906	MUC22
	0.002	ENSP00000386376	KRTAP19-3
ENSG00000238227	0.002	ENSP00000453019	TMEM250
ENSG00000174007	0.002	ENSP00000387209	CEP19
	0.002	ENSP00000477043	V9GYS6_HUMAN
ENSG00000133640	0.002	ENSP00000376910	LRRIQ1
	0.002	ENSP00000497483	DHH
	0.002	ENSP00000497740	ENSP00000497740
	0.002	ENSP00000215781	OSM
	0.002	ENSP00000380153	OR51E2
	0.002	ENSP00000343331	LIPI
ENSG00000134489	0.002	ENSP00000256906	HRH4
ENSG00000134897	0.002	ENSP00000257336	BIVM
ENSG00000257115	0.002	ENSP00000449002	OR11H12
ENSG00000101353	0.002	ENSP00000339971	MROH8
	0.002	ENSP00000429553	NKX6-3
ENSG00000170703	0.002	ENSP00000377043	TTLL6
ENSG00000279804	0.002	ENSP00000485473	PRAMEF18
	0.002	ENSP00000477515	DGKK
ENSG00000143512	0.002	ENSP00000342118	HHIPL2
	0.002	ENSP00000361663	IL1RAPL2
	0.002	ENSP00000176183	DRD4
ENSG00000188227	0.002	ENSP00000487183	ZNF793
	0.002	ENSP00000254227	NR0B2
	0.002	ENSP00000372410	RNASE13
ENSG00000170289	0.002	ENSP00000316605	CNGB3
	0.002	ENSP00000353537	OR5B21
	0.002	ENSP00000219409	ARHGDIG
	0.002	ENSP00000298386	RXFP2
ENSG00000145632	0.002	ENSP00000274289	PLK2
ENSG00000174453	0.002	ENSP00000308976	VWC2L
ENSG00000204361	0.002	ENSP00000374237	NXPE2
ENSG00000205857	0.002	ENSP00000371553	NANOGNB
	0.002	ENSP00000489898	CCDC196
	0.002	ENSP00000345785	FZD9
ENSG00000131044	0.002	ENSP00000442515	TTLL9
	0.002	ENSP00000454012	UBAP1L
	0.002	ENSP00000296589	SLC45A2
ENSG00000158683	0.002	ENSP00000289672	PKD1L1
ENSG00000186038	0.002	ENSP00000406050	HTR3E
ENSG00000168229	0.002	ENSP00000303424	PTGDR
ENSG00000168890	0.002	ENSP00000387292	TMEM150A
ENSG00000188886	0.002	ENSP00000343674	ASTL
ENSG00000251692	0.002	ENSP00000445277	PTX4
ENSG00000187616	0.002	ENSP00000419712	MYMK
ENSG00000127529	0.002	ENSP00000248072	OR7C2
ENSG00000123427	0.002	ENSP00000300209	EEF1AKMT3
ENSG00000168447	0.002	ENSP00000345751	SCNN1B
ENSG00000222009	0.002	ENSP00000395461	BTBD19
	0.002	ENSP00000490444	ENSP00000490444
	0.002	ENSP00000497613	PRSS51
ENSG00000163424	0.002	ENSP00000295622	TEX55
ENSG00000203942	0.002	ENSP00000359674	C10orf62
	0.002	ENSP00000369578	IFNW1
	0.002	ENSP00000361199	C10orf99
ENSG00000185522	0.002	ENSP00000331167	LMNTD2
ENSG00000176896	0.002	ENSP00000440038	TCEANC
	0.002	ENSP00000296326	ZDHHC19
	0.002	ENSP00000463752	GJD3
	0.002	ENSP00000301645	CYP7A1
ENSG00000164117	0.002	ENSP00000377280	FBXO8
ENSG00000169495	0.002	ENSP00000305919	HTRA4
ENSG00000219438	0.002	ENSP00000383933	TAFA5
ENSG00000203727	0.002	ENSP00000356444	SAMD5
ENSG00000169247	0.002	ENSP00000423660	SH3TC2
	0.002	ENSP00000393854	CENPBD1
ENSG00000125895	0.002	ENSP00000371318	TMEM74B
ENSG00000176723	0.002	ENSP00000322899	ZNF843
ENSG00000166265	0.002	ENSP00000299340	CYYR1
	0.002	ENSP00000498198	KCNK9
ENSG00000260458	0.002	ENSP00000457807	KCNJ18
ENSG00000163623	0.002	ENSP00000295886	NKX6-1
	0.002	ENSP00000235347	PRAMEF10
ENSG00000184185	0.002	ENSP00000463778	KCNJ12
	0.002	ENSP00000307726	OR2C1
	0.002	ENSP00000352299	SLFNL1
ENSG00000159197	0.002	ENSP00000290310	KCNE2
ENSG00000277494	0.002	ENSP00000480053	GPIHBP1
ENSG00000163666	0.001	ENSP00000498190	HESX1
ENSG00000206260	0.001	ENSP00000372649	PRR23A
	0.001	ENSP00000492439	PRAMEF33
ENSG00000188817	0.001	ENSP00000341442	SNTN
ENSG00000184454	0.001	ENSP00000363513	NCMAP
ENSG00000154274	0.001	ENSP00000371408	C4orf19
ENSG00000214413	0.001	ENSP00000433157	BBIP1
ENSG00000139908	0.001	ENSP00000339179	TSSK4
	0.001	ENSP00000339830	TMEM220
ENSG00000021488	0.001	ENSP00000023064	SLC7A9
	0.001	ENSP00000309504	SLC26A7
	0.001	ENSP00000491663	SSU72P4
	0.001	ENSP00000491669	SSU72P2
	0.001	ENSP00000491768	SSU72P3
	0.001	ENSP00000491894	SSU72P7
	0.001	ENSP00000491949	SSU72P5
	0.001	ENSP00000494384	ANKRD40CL
ENSG00000139973	0.001	ENSP00000478637	SYT16
ENSG00000183960	0.001	ENSP00000328813	KCNH8
	0.001	ENSP00000375053	TMEM203
ENSG00000146530	0.001	ENSP00000275358	VWDE
ENSG00000235268	0.001	ENSP00000397239	KDM4E
	0.001	ENSP00000335612	SPATA21
ENSG00000188803	0.001	ENSP00000390084	SHISA6
ENSG00000147234	0.001	ENSP00000276185	FRMPD3
ENSG00000164796	0.001	ENSP00000297405	CSMD3
	0.001	ENSP00000382544	TSSK2
ENSG00000262179	0.001	ENSP00000490143	MYMX
ENSG00000204869	0.001	ENSP00000366926	IGFL4
ENSG00000151917	0.001	ENSP00000359782	BEND6
	0.001	ENSP00000491257	FIGNL2
ENSG00000180998	0.001	ENSP00000315106	GPR137C
ENSG00000256162	0.001	ENSP00000456026	SMLR1
ENSG00000103852	0.001	ENSP00000377690	TTC23
ENSG00000140067	0.001	ENSP00000267594	FAM181A
ENSG00000141433	0.001	ENSP00000462647	ADCYAP1
ENSG00000154646	0.001	ENSP00000284885	TMPRSS15
ENSG00000183733	0.001	ENSP00000333097	FIGLA
	0.001	ENSP00000218721	MLNR
	0.001	ENSP00000299440	RAG1
ENSG00000164188	0.001	ENSP00000421853	RANBP3L
	0.001	ENSP00000453012	UBE2Q2L
ENSG00000177721	0.001	ENSP00000315915	ANXA2R
	0.001	ENSP00000490292	MARCOL
	0.001	ENSP00000326708	OVCH1
	0.001	ENSP00000470478	LOC400499
	0.001	ENSP00000493308	OR52H1
	0.001	ENSP00000490666	SMIM35
ENSG00000168955	0.001	ENSP00000303028	TM4SF20
ENSG00000133878	0.001	ENSP00000256261	DUSP26
ENSG00000118276	0.001	ENSP00000306459	B4GALT6
ENSG00000100078	0.001	ENSP00000215885	PLA2G3
	0.001	ENSP00000360824	C1orf185
	0.001	ENSP00000291582	AIRE
ENSG00000183706	0.001	ENSP00000332500	OR4N4
	0.001	ENSP00000485668	LINC02203-2
	0.001	ENSP00000493899	ENSP00000493899
ENSG00000280709	0.001	ENSP00000495705	LINC02203
	0.001	ENSP00000480318	LOC102723532
	0.001	ENSP00000490245	C17orf113
	0.001	ENSP00000366534	FOXH1
	0.001	ENSP00000311010	ELF5
ENSG00000130035	0.001	ENSP00000252318	GALNT8
	0.001	ENSP00000460371	OCLM
ENSG00000213906	0.001	ENSP00000445772	LTB4R2
	0.001	ENSP00000498626	ENSP00000498626
	0.001	ENSP00000490504	CCDC194
ENSG00000260456	0.001	ENSP00000455079	C16orf95
ENSG00000268182	0.001	ENSP00000471126	SMIM17
	0.001	ENSP00000490280	ATP6V1FNB
	0.001	ENSP00000358965	C1orf194
	0.001	ENSP00000320604	FAXDC2
ENSG00000181631	0.001	ENSP00000320376	P2RY13
ENSG00000186952	0.001	ENSP00000401477	TMEM232
	0.001	ENSP00000343171	C2orf80
	0.001	ENSP00000366178	CST9L
	0.001	ENSP00000445595	KCNS1
	0.001	ENSP00000488568	MEIKIN
ENSG00000145700	0.001	ENSP00000274361	ANKRD31
ENSG00000258873	0.001	ENSP00000452398	DUXA
ENSG00000145526	0.001	ENSP00000371710	CDH18
	0.001	ENSP00000493663	SMIM41
	0.001	ENSP00000360190	DEFB110
	0.001	ENSP00000265707	ADAM18
ENSG00000173253	0.001	ENSP00000371686	DMRT2
	0.001	ENSP00000375107	KRTAP19-6
	0.001	ENSP00000469142	NPAS1
ENSG00000235608	0.001	ENSP00000407978	NKX1-1
ENSG00000149043	0.001	ENSP00000371394	SYT8
	0.001	ENSP00000498770	ENSP00000498770
ENSG00000166930	0.001	ENSP00000300190	MS4A5
	0.001	ENSP00000330606	HS3ST4
ENSG00000166948	0.001	ENSP00000202625	TGM6
	0.001	ENSP00000489652	TEX49
ENSG00000205090	0.001	ENSP00000368007	TMEM240
ENSG00000204345	0.001	ENSP00000364501	CD300LD
	0.001	ENSP00000375108	KRTAP19-1
ENSG00000054690	0.001	ENSP00000330278	PLEKHH1
ENSG00000151006	0.001	ENSP00000280606	PRSS53
	0.001	ENSP00000489684	C10orf95
	0.001	ENSP00000488302	PNMA6F
ENSG00000149635	0.001	ENSP00000279028	OCSTAMP
ENSG00000166928	0.001	ENSP00000433761	MS4A14
ENSG00000182405	0.001	ENSP00000380872	PGBD4
	0.001	ENSP00000492273	GSTT4
ENSG00000181626	0.001	ENSP00000467740	ANKRD62
	0.001	ENSP00000493015	OR51L1
ENSG00000184465	0.001	ENSP00000416289	WDR27
	0.001	ENSP00000399356	CT62
ENSG00000144229	0.001	ENSP00000387145	THSD7B
ENSG00000158292	0.001	ENSP00000367125	GPR153
ENSG00000155530	0.001	ENSP00000285928	LRGUK
	0.001	ENSP00000299882	TMPRSS5
	0.001	ENSP00000492512	SSU72P8
	0.001	ENSP00000490187	SPAAR
ENSG00000185231	0.001	ENSP00000333821	MC2R
	0.001	ENSP00000371595	KRTAP5-6
	0.001	ENSP00000300182	MS4A6E
ENSG00000198855	0.001	ENSP00000446479	FICD
	0.0009	ENSP00000418018	IFNE
	0.0009	ENSP00000346283	HRCT1
	0.0009	ENSP00000427555	C4orf54
	0.0009	ENSP00000445383	OR10G2
	0.0009	ENSP00000394653	IQCF5
ENSG00000184986	0.0009	ENSP00000376304	TMEM121
ENSG00000164197	0.0009	ENSP00000373752	RNF180
	0.0009	ENSP00000322617	HTR3C
	0.0009	ENSP00000359415	KHDC1L
ENSG00000130307	0.0009	ENSP00000252597	USHBP1
ENSG00000141622	0.0009	ENSP00000269439	RNF165
	0.0009	ENSP00000435534	CCKBR
ENSG00000170178	0.0009	ENSP00000385586	HOXD12
ENSG00000183888	0.0009	ENSP00000332162	SRARP
	0.0009	ENSP00000396593	DYTN
ENSG00000154080	0.0009	ENSP00000480991	CHST9
ENSG00000124143	0.0009	ENSP00000362442	ARHGAP40
	0.0009	ENSP00000335651	FSD2
ENSG00000121743	0.0009	ENSP00000241125	GJA3
ENSG00000179431	0.0009	ENSP00000400223	FJX1
ENSG00000156050	0.0009	ENSP00000499021	FAM161B
	0.0008	ENSP00000490925	C14orf132
ENSG00000139044	0.0008	ENSP00000266383	B4GALNT3
	0.0008	ENSP00000328878	OR52E6
	0.0008	ENSP00000240691	TAS2R9
	0.0008	ENSP00000490135	TRPC5OS
ENSG00000189099	0.0008	ENSP00000401328	PRSS48
	0.0008	ENSP00000401932	PRSS45P
	0.0008	ENSP00000494382	OOSP4B
ENSG00000164512	0.0008	ENSP00000342295	ANKRD55
ENSG00000204548	0.0008	ENSP00000417128	DEFB121
	0.0008	ENSP00000335156	ADGRD2
ENSG00000249693	0.0008	ENSP00000456850	THEGL
ENSG00000147432	0.0008	ENSP00000289957	CHRNB3
	0.0008	ENSP00000295589	CCKAR
ENSG00000182652	0.0008	ENSP00000330049	OR4Q3
	0.0007	ENSP00000493323	OR51G2
	0.0007	ENSP00000401498	C11orf94
	0.0007	ENSP00000402674	BHMG1
	0.0007	ENSP00000397039	SMIM34A
	0.0007	ENSP00000490209	SMIM34B
	0.0007	ENSP00000349568	CFAP43
	0.0007	ENSP00000484252	TSGA10IP
ENSG00000175325	0.0007	ENSP00000311290	PROP1
ENSG00000145832	0.0007	ENSP00000493514	SLC25A48
ENSG00000204480	0.0007	ENSP00000365269	PRAMEF19
ENSG00000205593	0.0007	ENSP00000391524	DENND6B
ENSG00000157111	0.0007	ENSP00000415030	TMEM171
	0.0007	ENSP00000399324	FGF16
	0.0007	ENSP00000480583	OR52E5
ENSG00000183476	0.0007	ENSP00000327846	SH2D7
	0.0007	ENSP00000396936	PRR29
ENSG00000165794	0.0007	ENSP00000298681	SLC39A2
	0.0007	ENSP00000358783	NPBWR2
ENSG00000168676	0.0007	ENSP00000305702	KCTD19
ENSG00000206107	0.0006	ENSP00000372286	KRTAP27-1
	0.0006	ENSP00000490956	PVALEF
	0.0006	ENSP00000320532	WFDC9
	0.0006	ENSP00000444054	OR52E8
ENSG00000284862	0.0006	ENSP00000417960	CCDC39
ENSG00000100302	0.0006	ENSP00000216127	RASD2
	0.0006	ENSP00000409373	IQCF3
	0.0006	ENSP00000415609	ENSP00000415609
	0.0006	ENSP00000493289	OR8G1
ENSG00000203870	0.0006	ENSP00000358542	SMIM9
ENSG00000188909	0.0006	ENSP00000344285	BSX
ENSG00000187288	0.0006	ENSP00000373328	CIDEC
	0.0006	ENSP00000493003	OR10Z1
	0.0006	ENSP00000321729	OR51V1
	0.0006	ENSP00000341677	TPD52L3
	0.0006	ENSP00000325508	C11orf71
ENSG00000179813	0.0006	ENSP00000445786	FAM216B
	0.0006	ENSP00000393631	ADM5
ENSG00000134830	0.0006	ENSP00000472620	C5AR2
	0.0006	ENSP00000484075	ENSP00000484075
	0.0005	ENSP00000353343	OR52M1
	0.0005	ENSP00000329467	ENSP00000329467
	0.0005	ENSP00000364243	PLA2G2F
	0.0005	ENSP00000369744	OR51F1
ENSG00000185610	0.0005	ENSP00000331470	DBX2
	0.0005	ENSP00000362054	LOC114841037
	0.0005	ENSP00000301057	TP53I13
	0.0005	ENSP00000493050	OR51F2
	0.0005	ENSP00000477014	OR8G5
	0.0005	ENSP00000298440	OXGR1
	0.0005	ENSP00000480851	SRRM3
	0.0005	ENSP00000369559	OR51I1
ENSG00000186838	0.0005	ENSP00000333956	SELENOV
	0.0005	ENSP00000492612	GNG14
ENSG00000125787	0.0005	ENSP00000245983	GNRH2
	0.0005	ENSP00000473153	ERVV-1
ENSG00000204767	0.0005	ENSP00000366582	INSYN2B
	0.0005	ENSP00000230582	PRSS16
ENSG00000100249	0.0005	ENSP00000216071	C22orf31
ENSG00000139679	0.0005	ENSP00000367691	LPAR6
	0.0005	ENSP00000348145	C14orf178
	0.0005	ENSP00000487146	ENSP00000487146
ENSG00000113073	0.0005	ENSP00000427661	SLC4A9
ENSG00000189280	0.0005	ENSP00000340811	GJB5
ENSG00000101292	0.0004	ENSP00000217270	PROKR2
	0.0004	ENSP00000370057	FRMPD4
	0.0004	ENSP00000326309	DEFB124
ENSG00000112038	0.0004	ENSP00000394624	OPRM1
	0.0004	ENSP00000472919	ERVV-2
	0.0004	ENSP00000497409	PRR20G
ENSG00000146856	0.0004	ENSP00000388275	AGBL3
ENSG00000147481	0.0004	ENSP00000493900	SNTG1
	0.0004	ENSP00000498941	FAM27E3
ENSG00000171060	0.0004	ENSP00000307129	C8orf74
ENSG00000262484	0.0004	ENSP00000460665	CCER2
ENSG00000176299	0.0004	ENSP00000492985	OR4M1
ENSG00000235034	0.0004	ENSP00000417035	C19orf81
	0.0004	ENSP00000309673	OR52W1
ENSG00000188938	0.0004	ENSP00000364561	FAM120AOS
	0.0004	ENSP00000488907	SMIM10L1
	0.0004	ENSP00000435355	GJB7
	0.0004	ENSP00000313809	AMBN
	0.0004	ENSP00000254627	OC90
	0.0004	ENSP00000490032	C13orf46
ENSG00000148734	0.0004	ENSP00000277942	NPFFR1
	0.0004	ENSP00000456543	CCDC187
ENSG00000166839	0.0004	ENSP00000325895	ANKDD1A
	0.0004	ENSP00000454913	ARMH2
	0.0004	ENSP00000490638	MDFIC2
	0.0004	ENSP00000489710	LOC100505841
ENSG00000166603	0.0004	ENSP00000299766	MC4R
ENSG00000215529	0.0004	ENSP00000383366	EFCAB8
	0.0004	ENSP00000363571	MUSK
ENSG00000197428	0.0004	ENSP00000492986	OR51D1
ENSG00000205923	0.0004	ENSP00000457380	CEMP1
	0.0004	ENSP00000401536	RFX8
	0.0003	ENSP00000441685	PDZD9
	0.0003	ENSP00000344040	OR2S2
	0.0003	ENSP00000490626	FAM240C
	0.0003	ENSP00000470441	RNF225
	0.0003	ENSP00000305403	OR5T3
ENSG00000176900	0.0003	ENSP00000369738	OR51T1
ENSG00000174950	0.0003	ENSP00000363142	CD164L2
	0.0003	ENSP00000330284	NPBWR1
ENSG00000175894	0.0003	ENSP00000321987	TSPEAR
ENSG00000249581	0.0003	ENSP00000424711	CLRN2
	0.0003	ENSP00000390353	SPEGNB-2
ENSG00000171643	0.0003	ENSP00000320430	S100Z
ENSG00000172824	0.0003	ENSP00000444052	CES4A
	0.0003	ENSP00000489429	ENSP00000489429
ENSG00000188269	0.0003	ENSP00000316955	OR7A5
ENSG00000203907	0.0003	ENSP00000359384	OOEP
ENSG00000250510	0.0003	ENSP00000311528	GPR162
ENSG00000099999	0.0003	ENSP00000371800	RNF215
ENSG00000262874	0.0003	ENSP00000458772	C19orf84
	0.0003	ENSP00000299727	GALR1
	0.0003	ENSP00000493011	OR52K1
	0.0003	ENSP00000369725	OR52A1
ENSG00000176782	0.0003	ENSP00000320813	DEFB104A
ENSG00000177023	0.0003	ENSP00000322191	DEFB104B
ENSG00000172421	0.0003	ENSP00000403932	EFCAB3
	0.0003	ENSP00000487603	OVOL3
ENSG00000196748	0.0003	ENSP00000353639	CLPSL2
	0.0003	ENSP00000490747	MIEF1-2
	0.0003	ENSP00000373194	OR5K3
ENSG00000279395	0.0003	ENSP00000485319	OR5L1
	0.0003	ENSP00000489747	C20orf204
	0.0003	ENSP00000262283	I6L893_HUMAN
	0.0003	ENSP00000262103	EFCAB1
	0.0003	ENSP00000369728	OR52J3
ENSG00000203733	0.0003	ENSP00000455469	GJE1
	0.0003	ENSP00000381760	IQCF6
	0.0003	ENSP00000498291	ENSP00000498291
	0.0003	ENSP00000498767	ENSP00000498767
ENSG00000274529	0.0003	ENSP00000444503	SEBOX
	0.0003	ENSP00000496487	ENSP00000496487
ENSG00000180304	0.0003	ENSP00000463013	OAZ2
ENSG00000188771	0.0003	ENSP00000341412	PLET1
	0.0003	ENSP00000372059	IFITM5
	0.0003	ENSP00000346659	OCA2
	0.0003	ENSP00000386791	FAM243A
	0.0003	ENSP00000491937	FAM243B
	0.0003	ENSP00000339726	OR14I1
ENSG00000184571	0.0003	ENSP00000330031	PIWIL3
	0.0003	ENSP00000400325	SLC2A11-2
	0.0002	ENSP00000301365	TRPV3
	0.0002	ENSP00000406925	ODAPH
	0.0002	ENSP00000490917	SERTM2
ENSG00000214891	0.0002	ENSP00000481815	TRIM64C
ENSG00000182631	0.0002	ENSP00000328708	RXFP3
	0.0002	ENSP00000480601	CFAP99
ENSG00000171714	0.0002	ENSP00000315371	ANO5
	0.0002	ENSP00000490318	GOLGA6L7
	0.0002	ENSP00000468007	LUZP6
ENSG00000180720	0.0002	ENSP00000409378	CHRM4
	0.0002	ENSP00000485407	OR51B2
ENSG00000186105	0.0002	ENSP00000399441	LRRC70
	0.0002	ENSP00000491599	CPHXL
	0.0002	ENSP00000344233	LRRC43
	0.0002	ENSP00000454926	MOSMO
	0.0002	ENSP00000312702	DEFB114
ENSG00000178358	0.0002	ENSP00000320560	OR2D3
	0.0002	ENSP00000386209	OR2A2
	0.0002	ENSP00000490375	CLEC19A
	0.0002	ENSP00000490718	TMEM272
	0.0002	ENSP00000409225	C10orf55
	0.0002	ENSP00000489712	CCDC201
ENSG00000171116	0.0002	ENSP00000359444	HSFX1
ENSG00000268738	0.0002	ENSP00000469223	HSFX2
	0.0002	ENSP00000490735	ENSP00000490735
	0.0002	ENSP00000412209	IL5RA
	0.0002	ENSP00000440832	CACFD1
	0.0002	ENSP00000411584	MSANTD1
ENSG00000214756	0.0002	ENSP00000431287	CSKMT
	0.0002	ENSP00000497547	LOC102724657
	0.0002	ENSP00000359411	KHDC1
ENSG00000168658	0.0002	ENSP00000417955	VWA3B
	0.0002	ENSP00000493254	OR6N1
	0.0002	ENSP00000481937	CEACAM20
ENSG00000174898	0.0002	ENSP00000371037	CATSPERD
	0.0002	ENSP00000329056	OR4C46
	0.0002	ENSP00000341821	FPR3
ENSG00000122390	0.0002	ENSP00000401237	NAA60
	0.0002	ENSP00000491197	ENSP00000491197
ENSG00000161328	0.0002	ENSP00000270115	LRRC56
ENSG00000189045	0.0002	ENSP00000471417	ANKDD1B
ENSG00000053328	0.0002	ENSP00000344071	METTL24
	0.0002	ENSP00000311398	RNASE8
	0.0002	ENSP00000493405	OR4K13
ENSG00000213859	0.0002	ENSP00000495203	KCTD11
	0.0002	ENSP00000490644	SMIM36
	0.0002	ENSP00000314196	MBOAT4
	0.0002	ENSP00000340212	TMEM202
ENSG00000184560	0.0002	ENSP00000328061	SPEM2
	0.0002	ENSP00000493342	OR6F1
ENSG00000140104	0.0002	ENSP00000450114	CLBA1
	0.0002	ENSP00000490796	SMIM33
	0.0002	ENSP00000489320	C1orf232
ENSG00000198965	0.0002	ENSP00000357134	OR10R2
	0.0002	ENSP00000493298	OR52A5
	0.0002	ENSP00000382856	MTRNR2L4
ENSG00000231738	0.0001	ENSP00000433816	TSPAN19
ENSG00000162490	0.0001	ENSP00000294485	DRAXIN
	0.0001	ENSP00000369753	MMP26
	0.0001	ENSP00000321447	OR4S1
	0.0001	ENSP00000490220	C19orf85
ENSG00000221933	0.0001	ENSP00000493343	OR2A25
ENSG00000171657	0.0001	ENSP00000303549	GPR82
	0.0001	ENSP00000490577	C11orf97
ENSG00000181023	0.0001	ENSP00000322939	OR56B1
	0.0001	ENSP00000346342	RFPL1
	0.0001	ENSP00000477654	C18orf54
ENSG00000188315	0.0001	ENSP00000341139	C3orf62
ENSG00000214787	0.0001	ENSP00000499123	MS4A4E
	0.0001	ENSP00000313110	OR6S1
	0.0001	ENSP00000463762	TERB1
	0.0001	ENSP00000333184	OR4F15
	0.0001	ENSP00000494103	OOSP4A
	0.0001	ENSP00000244623	OR2B6
ENSG00000178796	0.0001	ENSP00000419249	RIIAD1
ENSG00000186572	0.0001	ENSP00000334681	DEFB107A
ENSG00000198129	0.0001	ENSP00000347810	DEFB107B
	0.0001	ENSP00000497858	EDDM13
	0.0001	ENSP00000490097	FAM240B
ENSG00000227729	0.0001	ENSP00000455434	RD3L
	0.0001	ENSP00000490418	CTXND2
	0.0001	ENSP00000491046	ENSP00000491046
	0.0001	ENSP00000492957	OR5AN1
	0.0001	ENSP00000493820	OR5D3P
ENSG00000248385	0.0001	ENSP00000484383	TARM1
ENSG00000185860	0.0001	ENSP00000356886	CCDC190
ENSG00000272414	0.0001	ENSP00000422067	FAM47E-STBD1
	0.0001	ENSP00000302855	ZNF280A
	0.0001	ENSP00000436004	OR5M10
	0.0001	ENSP00000270590	GPR32
	0.0001	ENSP00000493124	OR5M1
ENSG00000197921	0.0001	ENSP00000367714	HES5
	0.0001	ENSP00000462349	STARD6
	0.0001	ENSP00000250699	CHRNA10
ENSG00000205710	0.0001	ENSP00000370770	C17orf107
ENSG00000189157	0.0001	ENSP00000409423	FAM47E
	0.0001	ENSP00000489585	FAM205C
ENSG00000188282	0.0001	ENSP00000363270	RUFY4
ENSG00000173452	9e-05	ENSP00000385087	TMEM196
	9e-05	ENSP00000369210	SOHLH2
	9e-05	ENSP00000304419	OR2B2
	9e-05	ENSP00000480106	ENSP00000480106
ENSG00000164325	9e-05	ENSP00000296776	TMEM174
ENSG00000248483	9e-05	ENSP00000489796	POU5F2
	9e-05	ENSP00000478886	C17orf78
	8e-05	ENSP00000475261	A3GALT2
	8e-05	ENSP00000454903	C3orf84
	8e-05	ENSP00000411948	SAPCD1
ENSG00000180801	8e-05	ENSP00000320219	ARSJ
	8e-05	ENSP00000430818	SMIM23
	8e-05	ENSP00000334115	OR10T2
ENSG00000188782	8e-05	ENSP00000390423	CATSPER4
	8e-05	ENSP00000357125	TMEM244
	8e-05	ENSP00000493179	OR1A1
	8e-05	ENSP00000409542	CCDC188
	8e-05	ENSP00000489739	FAM236D
	8e-05	ENSP00000490543	FAM236C
ENSG00000168062	8e-05	ENSP00000301887	BATF2
	7e-05	ENSP00000369268	CNGA4
	7e-05	ENSP00000434508	TRC2L_HUMAN
ENSG00000172969	7e-05	ENSP00000312299	FRG2C
ENSG00000181585	7e-05	ENSP00000494576	TMIE
	7e-05	ENSP00000412215	C4orf45
	7e-05	ENSP00000364661	SPANXN5
	7e-05	ENSP00000490274	SPEM3
ENSG00000152292	6e-05	ENSP00000498488	SH2D6
	6e-05	ENSP00000406665	RNF224
ENSG00000186367	6e-05	ENSP00000454268	MINAR2
ENSG00000179709	6e-05	ENSP00000291971	NLRP8
	6e-05	ENSP00000493131	OR10A2
	6e-05	ENSP00000500443	HHLA1
	6e-05	ENSP00000386450	LLCFC1
	6e-05	ENSP00000493046	GVQW2
ENSG00000203666	6e-05	ENSP00000355480	EFCAB2
	5e-05	ENSP00000489890	TEX50
	5e-05	ENSP00000247879	TAS2R3
	5e-05	ENSP00000397172	BLCAP
ENSG00000232263	5e-05	ENSP00000398619	KRTAP25-1
	5e-05	ENSP00000492919	OR10A6
	5e-05	ENSP00000340328	NYX
ENSG00000165202	5e-05	ENSP00000297913	OR1Q1
	5e-05	ENSP00000299454	OR10A5
ENSG00000165188	5e-05	ENSP00000419454	RNF183
	4e-05	ENSP00000381247	EFCAB9
ENSG00000173988	4e-05	ENSP00000469337	LRRC63
	4e-05	ENSP00000493276	C3orf56
	4e-05	ENSP00000485524	C8orf89
ENSG00000243896	4e-05	ENSP00000493320	OR2A7
	4e-05	ENSP00000313384	OR1E1
ENSG00000180658	4e-05	ENSP00000319546	OR2A4
	4e-05	ENSP00000258534	DRAM1
	4e-05	ENSP00000454770	ANKRD66
ENSG00000253251	4e-05	ENSP00000424007	SHLD3
	4e-05	ENSP00000340644	TERB2
	4e-05	ENSP00000488022	TEX13C
	4e-05	ENSP00000498998	PRR26
	4e-05	ENSP00000303864	OR8I2
ENSG00000182256	4e-05	ENSP00000479113	GABRG3
ENSG00000204278	4e-05	ENSP00000402790	TMEM235
ENSG00000213921	3e-05	ENSP00000380053	LEUTX
ENSG00000179673	3e-05	ENSP00000318032	RPRML
	3e-05	ENSP00000493195	OR5A1
ENSG00000168621	3e-05	ENSP00000409007	GDNF
	3e-05	ENSP00000248384	OR1E2
	3e-05	ENSP00000492634	INAFM2
	3e-05	ENSP00000478591	NEURL3
	3e-05	ENSP00000493299	OR2AT4
ENSG00000165275	3e-05	ENSP00000297994	TRMT10B
	3e-05	ENSP00000283141	SYCP2L
	3e-05	ENSP00000316518	OR9A2
ENSG00000151773	3e-05	ENSP00000407763	CCDC122
	3e-05	ENSP00000490857	PRRT1B
ENSG00000120210	3e-05	ENSP00000371054	INSL6
ENSG00000144583	3e-05	ENSP00000273067	MARCHF4
ENSG00000102796	3e-05	ENSP00000411565	DHRS12
	3e-05	ENSP00000493548	ENSP00000493548
	3e-05	ENSP00000485664	ENSP00000485664
	3e-05	ENSP00000391498	KCNK16
	3e-05	ENSP00000492766	FOXL3
	3e-05	ENSP00000490264	LOC102723971
	3e-05	ENSP00000328036	DGAT2L6
	3e-05	ENSP00000317289	FAM220A
	3e-05	ENSP00000483140	ENSP00000483140
	2e-05	ENSP00000442159	MTRNR2L10
	2e-05	ENSP00000494254	OR5BS1P
	2e-05	ENSP00000490699	SMIM31
ENSG00000171815	2e-05	ENSP00000307234	PCDHB1
	2e-05	ENSP00000302319	PRY
	2e-05	ENSP00000303300	PRY2
	2e-05	ENSP00000499795	PRYP3
	2e-05	ENSP00000361597	SPATA25
ENSG00000168913	2e-05	ENSP00000382675	ENHO
ENSG00000226174	2e-05	ENSP00000397002	TEX22
	2e-05	ENSP00000416707	XKR6
	2e-05	ENSP00000376456	B3GALT1
	2e-05	ENSP00000419944	PXT1
ENSG00000221932	2e-05	ENSP00000386143	HEPN1
	2e-05	ENSP00000360696	LCN12
	2e-05	ENSP00000490233	C10orf143
	2e-05	ENSP00000495263	OOSP3
	2e-05	ENSP00000273598	NICN1
	2e-05	ENSP00000283946	FBXO36
	2e-05	ENSP00000493167	TMDD1
	2e-05	ENSP00000363748	HTR1D
	2e-05	ENSP00000241256	GHSR
	1e-05	ENSP00000498916	FAM27D1
	1e-05	ENSP00000489814	HSFX4
	1e-05	ENSP00000490928	HSFX3
	1e-05	ENSP00000388207	RNF148
	1e-05	ENSP00000482786	FTCDNL1
	1e-05	ENSP00000410858	NHLRC4
	1e-05	ENSP00000491750	KCNH1-2
	1e-05	ENSP00000305469	OR1S2
	1e-05	ENSP00000249284	TAS2R16
	1e-05	ENSP00000321196	OR56B4
	1e-05	ENSP00000387298	ERICH2
ENSG00000169218	1e-05	ENSP00000348944	RSPO1
	1e-05	ENSP00000490587	C2orf92
ENSG00000142182	1e-05	ENSP00000270172	DNMT3L
ENSG00000182334	1e-05	ENSP00000492944	OR5P3
	1e-05	ENSP00000439985	MTRNR2L7
	1e-05	ENSP00000311122	TMEM52
	1e-05	ENSP00000496397	SMIM40
	1e-05	ENSP00000262065	MMD
	1e-05	ENSP00000496197	ENSP00000496197
ENSG00000111224	1e-05	ENSP00000228820	PARP11
ENSG00000228607	1e-05	ENSP00000396304	CLDN25
	1e-05	ENSP00000249007	RFPL3
	1e-05	ENSP00000499042	LOC728392
	1e-05	ENSP00000488024	SLC22A18AS
	1e-05	ENSP00000474279	S4R3F8_HUMAN
	1e-05	ENSP00000456566	RNF151
ENSG00000125255	1e-05	ENSP00000245312	SLC10A2
	1e-05	ENSP00000493043	OR2AP1
ENSG00000225526	9e-06	ENSP00000455385	MKRN2OS
	9e-06	ENSP00000485530	OR52B4
	9e-06	ENSP00000312672	TLCD5
	8e-06	ENSP00000484135	COLCA2
	8e-06	ENSP00000315137	SGPP2
	8e-06	ENSP00000413228	SLC66A1L
ENSG00000125900	7e-06	ENSP00000371036	SIRPD
ENSG00000237765	7e-06	ENSP00000483930	FAM200B
	7e-06	ENSP00000472152	M0R1W7_HUMAN
ENSG00000137393	7e-06	ENSP00000259939	RNF144B
	7e-06	ENSP00000490802	FAM237A
	7e-06	ENSP00000301452	ACER1
	6e-06	ENSP00000489776	TEX51
ENSG00000196503	6e-06	ENSP00000492671	ARL9
	6e-06	ENSP00000492416	TMEM225B
ENSG00000166546	6e-06	ENSP00000442793	BEAN1
ENSG00000135625	6e-06	ENSP00000445626	EGR4
ENSG00000214782	6e-06	ENSP00000431607	MS4A18
	6e-06	ENSP00000492990	OR6A2
	6e-06	ENSP00000344907	CSTL1
ENSG00000172289	6e-06	ENSP00000302199	OR10V1
	6e-06	ENSP00000252835	OR11H1
ENSG00000171872	5e-06	ENSP00000361373	KLF17
ENSG00000187492	5e-06	ENSP00000391409	CDHR4
	5e-06	ENSP00000386162	LCNL1
ENSG00000204710	5e-06	ENSP00000366390	SPDYC
	5e-06	ENSP00000493389	OR4S2
	5e-06	ENSP00000370058	C9orf92
	5e-06	ENSP00000491472	TAF11L14
	5e-06	ENSP00000501013	ENSP00000501013
	5e-06	ENSP00000428331	SFTA3
	5e-06	ENSP00000489733	TSTD3
ENSG00000258436	5e-06	ENSP00000450580	RNASE12
	4e-06	ENSP00000249041	GALR3
ENSG00000203909	4e-06	ENSP00000359396	DPPA5
	4e-06	ENSP00000493103	OR1D2
	4e-06	ENSP00000498687	SPEGNB
	4e-06	ENSP00000499668	ENSP00000499668
	4e-06	ENSP00000329153	OR6C70
	4e-06	ENSP00000382951	DEFB130A
	4e-06	ENSP00000392568	DEFB130B
	4e-06	ENSP00000479444	C10orf142
	4e-06	ENSP00000490139	PNMA8C
	4e-06	ENSP00000421557	GPR33
	4e-06	ENSP00000490760	EXOC1L
	4e-06	ENSP00000479598	RHNO1
	4e-06	ENSP00000366402	C9orf135
	4e-06	ENSP00000318834	OR10H4
	4e-06	ENSP00000489704	CSNKA2IP
	3e-06	ENSP00000493287	OR10H3
	3e-06	ENSP00000384690	MMD2
	3e-06	ENSP00000493016	OR51I2
ENSG00000204140	3e-06	ENSP00000362968	CLPSL1
ENSG00000203795	3e-06	ENSP00000357889	FAM24A
	3e-06	ENSP00000489807	SPRR5
	3e-06	ENSP00000322801	OR52N2
	3e-06	ENSP00000380283	GPR146
	2e-06	ENSP00000436453	OR52I1
ENSG00000180269	2e-06	ENSP00000458791	GPR139
ENSG00000171984	2e-06	ENSP00000305875	SHLD1
ENSG00000153230	2e-06	ENSP00000283225	OR14K1
ENSG00000180785	2e-06	ENSP00000380155	OR51E1
	2e-06	ENSP00000470969	M0R036_HUMAN
	2e-06	ENSP00000495398	MUC19
	2e-06	ENSP00000493007	OR4K2
ENSG00000204979	2e-06	ENSP00000367428	MS4A13
ENSG00000177535	2e-06	ENSP00000492892	OR2B11
ENSG00000184860	2e-06	ENSP00000332407	SDR42E1
	2e-06	ENSP00000319511	OR4K5
	2e-06	ENSP00000333845	C11orf88
	2e-06	ENSP00000490013	C5orf58
	2e-06	ENSP00000319217	OR4L1
	2e-06	ENSP00000432011	OR52B2
	2e-06	ENSP00000304188	OR8U1
	2e-06	ENSP00000411898	EPGN
ENSG00000214376	2e-06	ENSP00000386607	VSTM5
	2e-06	ENSP00000402414	TRIM48
	2e-06	ENSP00000497979	ENSP00000497979
	1e-06	ENSP00000485612	OR51G1
	1e-06	ENSP00000493070	OR5M3
	1e-06	ENSP00000391404	C4orf51
	1e-06	ENSP00000359685	ENSP00000359685
	1e-06	ENSP00000375476	KRTAP12-4
	1e-06	ENSP00000497734	OR51C1P
	1e-06	ENSP00000492889	ENSP00000492889
	1e-06	ENSP00000308764	OR52I2
	1e-06	ENSP00000490584	TINCR
	1e-06	ENSP00000487061	CCDC163
	1e-06	ENSP00000492963	OR51A4
	1e-06	ENSP00000369729	OR51A2
	1e-06	ENSP00000481185	GRIFIN
	9e-07	ENSP00000403566	C20orf173
ENSG00000101282	9e-07	ENSP00000217260	RSPO4
ENSG00000214954	9e-07	ENSP00000343221	LRRC69
	8e-07	ENSP00000371505	CLEC6A
	8e-07	ENSP00000349945	OR5B17
ENSG00000167355	8e-07	ENSP00000300773	OR51B5
	6e-07	ENSP00000498451	ENSP00000498451
	6e-07	ENSP00000481372	ZNF365-2
ENSG00000196388	6e-07	ENSP00000458316	INCA1
	5e-07	ENSP00000493111	OR4E1
	5e-07	ENSP00000481644	CH507-154B10.1
	5e-07	ENSP00000482855	ENSP00000482855
	5e-07	ENSP00000488696	TEX13D
	5e-07	ENSP00000498797	LOC112577516
	5e-07	ENSP00000493307	OR4N5
	4e-07	ENSP00000489727	hCG_1796489
	4e-07	ENSP00000323354	OR5M8
	3e-07	ENSP00000367353	C12orf42
ENSG00000129744	3e-07	ENSP00000250693	ART1
