symbol	ensg	mapped	log_ppm
TMSB4X	ENSG00000205542	True	4.91888968282227
APOA2	ENSG00000158874	True	4.496389902467685
RBP4	ENSG00000138207	True	4.388154507768882
ORM1	ENSG00000229314	True	4.3586010159430195
APOA1	ENSG00000118137	True	4.316452626996655
ALB	ENSG00000163631	True	4.299485507161212
TTR	ENSG00000118271	True	4.280942405998698
APOC2	ENSG00000234906	True	4.24462342843235
APOC1	ENSG00000130208	True	4.223988882570092
HPX	ENSG00000110169	True	4.1906397978446845
APOC3	ENSG00000110245	True	4.053001570400308
AHSG	ENSG00000145192	True	4.048441803550404
GAPDH	ENSG00000111640	True	3.9990434996031627
ORM2	ENSG00000228278	True	3.9905164440282292
SERPINA1	ENSG00000197249	True	3.889189612047073
HP	ENSG00000257017	True	3.8706964579892498
GC	ENSG00000145321	True	3.855458580386036
ACTB	ENSG00000075624	True	3.8384082784941866
ACTG1	ENSG00000184009	True	3.8356905714924254
SERPINC1	ENSG00000117601	True	3.834929096460576
HBB	ENSG00000244734	True	3.8125122842899826
APOH	ENSG00000091583	True	3.7868933252613157
C3	ENSG00000125730	True	3.764250875438773
FGB	ENSG00000171564	True	3.733277533932582
PPBP	ENSG00000163736	True	3.7145812088395314
CFH	ENSG00000000971	True	3.7024305364455254
APOD	ENSG00000189058	True	3.699837725867246
HBA2	ENSG00000188536	True	3.6971421262754594
HBA1	ENSG00000206172	True	3.6971421262754594
PFN1	ENSG00000108518	True	3.694605198933569
TF	ENSG00000091513	True	3.680516809381255
VIM	ENSG00000026025	True	3.6572471298837166
SERPINA3	ENSG00000196136	True	3.6309361190641916
A1BG	ENSG00000121410	True	3.623559390005437
KNG1	ENSG00000113889	True	3.6219029608912305
F2	ENSG00000180210	True	3.6039018317316716
ENO1	ENSG00000074800	True	3.5899496013257077
KRT1	ENSG00000167768	True	3.5591881890047756
PPIA	ENSG00000196262	True	3.5477747053878224
A2M	ENSG00000175899	True	3.546542663478131
PLG	ENSG00000122194	True	3.5460488664017342
C4BPA	ENSG00000123838	True	3.5376931943673906
EEF1A1	ENSG00000156508	True	3.5240064455573727
GSN	ENSG00000148180	True	3.5118833609788744
PKM	ENSG00000067225	True	3.498586208817518
FGG	ENSG00000171557	True	3.492061604512599
FGA	ENSG00000171560	True	3.4868553552769432
CP	ENSG00000047457	True	3.4867137759824853
IGLL5		False	3.472171146692363
HRG	ENSG00000113905	True	3.467608105583633
VTN	ENSG00000109072	True	3.4352071032407476
AMBP	ENSG00000106927	True	3.4291060083326967
APOA4	ENSG00000110244	True	3.4222614508136027
KRT9	ENSG00000171403	True	3.4214393902200495
ITIH4	ENSG00000055955	True	3.4192947217534604
CLU	ENSG00000120885	True	3.3898745583909853
PF4	ENSG00000163737	True	3.3760291817281805
CFHR1	ENSG00000244414	True	3.3527611917238307
CFL1	ENSG00000172757	True	3.350829273582968
HSPD1	ENSG00000144381	True	3.3406423775607053
AZGP1	ENSG00000160862	True	3.3378584290410944
HBD	ENSG00000223609	True	3.3370597263205246
CLEC3B	ENSG00000163815	True	3.3316297176299323
IGF1	ENSG00000017427	True	3.3230457354817013
S100A9	ENSG00000163220	True	3.3203540328176717
HSPA8	ENSG00000109971	True	3.31722734917642
TUBB	ENSG00000196230	True	3.3144992279731516
TPM4	ENSG00000167460	True	3.307496037913213
YWHAZ	ENSG00000164924	True	3.3047058982127653
YWHAE	ENSG00000108953	True	3.302114376956201
CFHR2	ENSG00000080910	True	3.298197867109815
TAGLN2	ENSG00000158710	True	3.2830749747354715
MYH9	ENSG00000100345	True	3.2405492482826
KRT10	ENSG00000186395	True	3.239549720840473
NPM1	ENSG00000181163	True	3.232487866352986
SAA1		False	3.2237554536572413
SH3BGRL3	ENSG00000142669	True	3.203304916138483
HPR	ENSG00000261701	True	3.189770956346874
TLN1	ENSG00000137076	True	3.1792644643390253
MYL6	ENSG00000092841	True	3.1763806922432702
FLNA	ENSG00000196924	True	3.17376882313665
CFB	ENSG00000243649	True	3.17260293120986
PTGDS	ENSG00000107317	True	3.1711411510283822
APOE	ENSG00000130203	True	3.1687920203141817
LDHA	ENSG00000134333	True	3.1598678470925665
UBA52	ENSG00000221983	True	3.158060793936605
HSP90AB1	ENSG00000096384	True	3.150756439860309
PGK1	ENSG00000102144	True	3.1439511164239633
B2M	ENSG00000166710	True	3.1436392352745433
SERPING1	ENSG00000149131	True	3.1405080430381798
CALR	ENSG00000179218	True	3.133858125203335
ANXA2	ENSG00000182718	True	3.125806458139527
ATP5F1B	ENSG00000110955	True	3.1166077439882485
ATP5F1A	ENSG00000152234	True	3.095518042323151
TUBB1	ENSG00000101162	True	3.0884904701823963
GSTP1	ENSG00000084207	True	3.0874264570362855
TPM1	ENSG00000140416	True	3.0867156639448825
TUBB4B	ENSG00000188229	True	3.0802656273398448
C4B	ENSG00000224389	True	3.0791812460476247
SERPINF2	ENSG00000167711	True	3.0784568180532927
C4A	ENSG00000244731	True	3.0780941504064105
VCL	ENSG00000035403	True	3.074084689028244
C1QB	ENSG00000173369	True	3.072249897613515
APCS	ENSG00000132703	True	3.0678145111618402
TPI1	ENSG00000111669	True	3.0546130545568877
PRDX1	ENSG00000117450	True	3.048053173115609
THBS1	ENSG00000137801	True	3.0453229787866576
H0YJW9_HUMAN		False	3.0429690733931802
S100A8	ENSG00000143546	True	3.0382226383687185
RPS7	ENSG00000171863	True	3.0342272607705505
APOC4	ENSG00000267467	True	3.024074987307426
MDH2	ENSG00000146701	True	3.015778756389041
TUBA1B	ENSG00000123416	True	3.00987563371216
FN1	ENSG00000115414	True	3.0043213737826426
SAA2		False	3.0025979807199086
FERMT3		False	2.998695158311656
HSP90AA1	ENSG00000080824	True	2.9947569445876283
RPS27A	ENSG00000143947	True	2.9947569445876283
POTEE	ENSG00000188219	True	2.993876914941211
H2BC12	ENSG00000197903	True	2.989894563718773
H2BC4	ENSG00000180596	True	2.989894563718773
H2BC7	ENSG00000277224	True	2.989894563718773
H2BC10	ENSG00000278588	True	2.989894563718773
H2BC8	ENSG00000273802	True	2.989894563718773
H2BC6	ENSG00000274290	True	2.989894563718773
H2BC9	ENSG00000275713	True	2.989894563718773
H2BC5	ENSG00000158373	True	2.9894498176666917
H2BC15	ENSG00000233822	True	2.9894498176666917
H2BS1		False	2.9894498176666917
LOC102724334		False	2.9894498176666917
H2BC14	ENSG00000273703	True	2.989004615698537
H2BC13	ENSG00000185130	True	2.989004615698537
LUM	ENSG00000139329	True	2.9885589568786157
H2BC11	ENSG00000124635	True	2.9876662649262746
H2BC21	ENSG00000184678	True	2.9872192299080047
H2BC17	ENSG00000274641	True	2.9872192299080047
H2BC3	ENSG00000276410	True	2.9867717342662448
TUBB2B	ENSG00000137285	True	2.9854264740830017
H2BU1		False	2.9845273133437926
B4E1Z4_HUMAN		False	2.9836262871245345
RAP1B		False	2.983175072037813
SOD1	ENSG00000142168	True	2.9804578922761
TUBB2A	ENSG00000137267	True	2.979092900638326
HSPA5	ENSG00000044574	True	2.977266212427293
H2BC18	ENSG00000203814	True	2.976808337338066
ITGA2B	ENSG00000005961	True	2.971739590887778
TUBA4A	ENSG00000127824	True	2.971275848738105
TPM3	ENSG00000143549	True	2.9708116108725178
ANXA1	ENSG00000135046	True	2.9698816437465
AFM	ENSG00000079557	True	2.965201701025912
RPLP1		False	2.965201701025912
TUBB4A	ENSG00000104833	True	2.965201701025912
PGLYRP2	ENSG00000161031	True	2.965201701025912
MYL12B	ENSG00000118680	True	2.960470777534299
HMGB1	ENSG00000189403	True	2.959994838328416
F12	ENSG00000131187	True	2.9595183769729982
JCHAIN	ENSG00000132465	True	2.9595183769729982
CORO1A	ENSG00000102879	True	2.9585638832219674
ALDOA	ENSG00000149925	True	2.9566485792052033
CAP1	ENSG00000131236	True	2.9552065375419416
C1R	ENSG00000159403	True	2.9552065375419416
H2AC21	ENSG00000184270	True	2.951337518795918
SAA4	ENSG00000148965	True	2.951337518795918
TUBA1A	ENSG00000167552	True	2.949390006644913
HNRNPA2B1	ENSG00000122566	True	2.9449759084120477
PF4V1	ENSG00000109272	True	2.9439888750737717
PRDX2	ENSG00000167815	True	2.9425041061680806
MYL12A	ENSG00000101608	True	2.942008053022313
GPX3	ENSG00000211445	True	2.9334872878487053
LYZ	ENSG00000090382	True	2.932980821923198
PON1	ENSG00000005421	True	2.930949031167523
H2AX	ENSG00000188486	True	2.929418925714293
H2AC1	ENSG00000164508	True	2.9258275746247424
NME2	ENSG00000243678	True	2.9258275746247424
AGT	ENSG00000135744	True	2.921686475483602
H4C6	ENSG00000274618	True	2.9190780923760737
H4C11	ENSG00000197238	True	2.9190780923760737
H4C2	ENSG00000278705	True	2.9190780923760737
H4C3	ENSG00000197061	True	2.9190780923760737
H4-16		False	2.9190780923760737
H4C15	ENSG00000270276	True	2.9190780923760737
H4C14	ENSG00000270882	True	2.9190780923760737
H4C1	ENSG00000278637	True	2.9190780923760737
H4C4	ENSG00000277157	True	2.9190780923760737
H4C12	ENSG00000273542	True	2.9190780923760737
H4C13	ENSG00000275126	True	2.9190780923760737
H4C9	ENSG00000276180	True	2.9190780923760737
H4C5	ENSG00000276966	True	2.9190780923760737
H4C8	ENSG00000158406	True	2.9190780923760737
ACTN1	ENSG00000072110	True	2.912753303671323
SERPINF1	ENSG00000132386	True	2.905256048748451
C1QBP	ENSG00000108561	True	2.905256048748451
PLEK	ENSG00000115956	True	2.8998205024270964
CST3	ENSG00000101439	True	2.8976270912904414
IGFBP3		False	2.8959747323590648
ACTC1	ENSG00000159251	True	2.895422546039408
S100A11	ENSG00000163191	True	2.88930170250631
ACTG2	ENSG00000163017	True	2.885361220031512
ACTA2	ENSG00000107796	True	2.8825245379548803
ARHGDIB	ENSG00000111348	True	2.8819549713396007
TUBA1C	ENSG00000167553	True	2.8808135922807914
EEF2	ENSG00000167658	True	2.88024177589548
RPLP2	ENSG00000177600	True	2.8796692056320534
MSN	ENSG00000147065	True	2.8767949762007006
RANBP1	ENSG00000099901	True	2.8767949762007006
H3-3B	ENSG00000132475	True	2.876217840591642
H3-3A	ENSG00000163041	True	2.876217840591642
C1S	ENSG00000182326	True	2.8721562727482928
HNRNPK	ENSG00000165119	True	2.8715729355458786
ILK	ENSG00000166333	True	2.870403905279027
BANF1	ENSG00000175334	True	2.863322860120456
PRDX6	ENSG00000117592	True	2.863322860120456
APOM	ENSG00000204444	True	2.8627275283179747
CAVIN2	ENSG00000168497	True	2.859138297294531
SNRPD1	ENSG00000167088	True	2.8573324964312685
SAA2-SAA4	ENSG00000255071	True	2.8536982117761744
CD5L	ENSG00000073754	True	2.8506462351830666
ANXA5	ENSG00000164111	True	2.846337112129805
CLTA	ENSG00000122705	True	2.845098040014257
IGF2	ENSG00000167244	True	2.843855422623161
ACTA1	ENSG00000143632	True	2.8432327780980096
C9	ENSG00000113600	True	2.8419848045901137
ITIH2	ENSG00000151655	True	2.8394780473741985
F13A1	ENSG00000124491	True	2.838849090737255
PDIA3	ENSG00000167004	True	2.838849090737255
PDLIM1	ENSG00000107438	True	2.833784374656479
ENSP00000493607		False	2.832508912706236
HBG2	ENSG00000196565	True	2.8318697742805017
SNRPD3	ENSG00000100028	True	2.82865989653532
COTL1	ENSG00000103187	True	2.8273692730538253
CFI	ENSG00000205403	True	2.8260748027008264
KRT2	ENSG00000172867	True	2.824776462475546
HSPB1	ENSG00000106211	True	2.8175653695597807
CKB	ENSG00000166165	True	2.8169038393756605
PARK7	ENSG00000116288	True	2.816241299991783
LOC112694756		False	2.812244696800369
ANXA6	ENSG00000197043	True	2.8109042806687006
EEF1A2	ENSG00000101210	True	2.8095597146352675
CLIC1	ENSG00000213719	True	2.808885867359812
RPSA	ENSG00000168028	True	2.8027737252919755
RNASE1	ENSG00000129538	True	2.7993405494535817
ITIH1	ENSG00000055957	True	2.7972675408307164
STOM	ENSG00000148175	True	2.7965743332104296
CORO1C	ENSG00000110880	True	2.7965743332104296
PPIB	ENSG00000166794	True	2.7958800173440754
RAP1A		False	2.79309160017658
HSPE1	ENSG00000115541	True	2.792391689498254
HSP90B1	ENSG00000166598	True	2.7895807121644256
CRYAB	ENSG00000109846	True	2.787460474518415
C6	ENSG00000039537	True	2.787460474518415
RPL23	ENSG00000125691	True	2.787460474518415
PYGM	ENSG00000068976	True	2.7867514221455614
RACK1	ENSG00000204628	True	2.786041210242554
LRG1	ENSG00000171236	True	2.785329835010767
HSPA1B	ENSG00000204388	True	2.785329835010767
HSPA1A	ENSG00000204389	True	2.785329835010767
HBG1	ENSG00000213934	True	2.781755374652469
FABP4	ENSG00000170323	True	2.7795964912578244
RPL10	ENSG00000147403	True	2.7774268223893115
FCN3	ENSG00000142748	True	2.776701183988411
PGAM1	ENSG00000171314	True	2.7737864449811935
WDR1	ENSG00000071127	True	2.7730546933642626
GPI	ENSG00000105220	True	2.7715874808812555
ACTR2	ENSG00000138071	True	2.7715874808812555
RPS3	ENSG00000149273	True	2.7715874808812555
RPLP0	ENSG00000089157	True	2.7708520116421442
H2AC18	ENSG00000288825	True	2.7708520116421442
H2AC19	ENSG00000288859	True	2.7708520116421442
H2AC20	ENSG00000184260	True	2.7701152947871015
RSU1	ENSG00000148484	True	2.767897616018091
RPL22		False	2.7671558660821804
CRISP3	ENSG00000096006	True	2.765668554759014
CCT2	ENSG00000166226	True	2.7634279935629373
RPL4	ENSG00000174444	True	2.762678563727436
P4HB	ENSG00000185624	True	2.761927838420529
H3C13	ENSG00000183598	True	2.7596678446896306
H3C14	ENSG00000203811	True	2.7596678446896306
H3C15	ENSG00000203852	True	2.7596678446896306
KLKB1		False	2.75815462196739
RPS18	ENSG00000231500	True	2.7573960287930244
C1QA	ENSG00000173372	True	2.7558748556724915
ARPC2	ENSG00000163466	True	2.7551122663950713
EIF5A	ENSG00000132507	True	2.747411807886423
SET	ENSG00000119335	True	2.74350976472843
RPS3A	ENSG00000145425	True	2.741939077729199
NCL	ENSG00000115053	True	2.741151598851785
H1-2	ENSG00000187837	True	2.741151598851785
SERPIND1	ENSG00000099937	True	2.737987326333431
TPM2	ENSG00000198467	True	2.7371926427047373
HNRNPC	ENSG00000092199	True	2.7371926427047373
VCP	ENSG00000165280	True	2.7323937598229686
TUBA3D	ENSG00000075886	True	2.7323937598229686
TUBA3C	ENSG00000198033	True	2.7323937598229686
UBB	ENSG00000170315	True	2.72916478969277
RPL12	ENSG00000197958	True	2.7283537820212285
YWHAB	ENSG00000166913	True	2.7283537820212285
EZR	ENSG00000092820	True	2.727541257028556
RPL6	ENSG00000089009	True	2.725094521081469
ENO3	ENSG00000108515	True	2.718501688867274
RPS17	ENSG00000182774	True	2.717670503002262
ARPC3	ENSG00000111229	True	2.7134905430939424
H1-4	ENSG00000168298	True	2.711807229041191
PEBP1	ENSG00000089220	True	2.710963118995276
NME1-NME2	ENSG00000011052	True	2.7101173651118162
YWHAG	ENSG00000170027	True	2.7101173651118162
ACTR3	ENSG00000115091	True	2.708420900134713
ARL6IP5	ENSG00000144746	True	2.708420900134713
C4BPB	ENSG00000123843	True	2.7075701760979363
H1-3	ENSG00000124575	True	2.7032913781186614
H2AC6	ENSG00000180573	True	2.6989700043360187
H2AW		False	2.6989700043360187
H2AC8	ENSG00000277075	True	2.6989700043360187
H2AC4	ENSG00000278463	True	2.6989700043360187
ARHGDIA	ENSG00000141522	True	2.6989700043360187
TUBA3E	ENSG00000152086	True	2.6954816764901977
H1-5	ENSG00000184357	True	2.6954816764901977
RPS14	ENSG00000164587	True	2.694605198933569
HNRNPD	ENSG00000138668	True	2.69196510276736
IDH2	ENSG00000182054	True	2.69196510276736
APOF		False	2.683947130751512
RPL10A	ENSG00000198755	True	2.6830470382388496
ZYX	ENSG00000159840	True	2.682145076373832
TXN	ENSG00000136810	True	2.6794278966121188
HNRNPA1	ENSG00000135486	True	2.678518379040114
RPL30	ENSG00000156482	True	2.6766936096248664
YWHAQ	ENSG00000134308	True	2.6757783416740852
CCT6A	ENSG00000146731	True	2.6720978579357175
PNP	ENSG00000198805	True	2.670245853074124
ENSP00000496470		False	2.66838591669
TUBA8	ENSG00000183785	True	2.6665179805548807
SERPINB1	ENSG00000021355	True	2.6655809910179533
CDC42	ENSG00000070831	True	2.6646419755561257
TKT	ENSG00000163931	True	2.663700925389648
RPL24	ENSG00000114391	True	2.663700925389648
CFHR3		False	2.662757831681574
LGALS1	ENSG00000100097	True	2.6599162000698504
TUBB3	ENSG00000258947	True	2.6580113966571126
RAN		False	2.6580113966571126
ENO2	ENSG00000111674	True	2.6570558528571038
H2AC13	ENSG00000196747	True	2.6570558528571038
H2AC11	ENSG00000196787	True	2.6570558528571038
H2AC17	ENSG00000278677	True	2.6570558528571038
H2AC15	ENSG00000275221	True	2.6570558528571038
H2AC16	ENSG00000276903	True	2.6570558528571038
H2AC12	ENSG00000274997	True	2.6570558528571038
H2AC14	ENSG00000276368	True	2.6570558528571038
H2AC7	ENSG00000196866	True	2.6570558528571038
H2AJ	ENSG00000246705	True	2.656098202012832
CFP		False	2.6541765418779604
HINT1	ENSG00000169567	True	2.6541765418779604
RPL21	ENSG00000122026	True	2.6522463410033232
CAPZB	ENSG00000077549	True	2.6522463410033232
PLIN1	ENSG00000166819	True	2.651278013998144
RPL15		False	2.6503075231319366
MIF	ENSG00000240972	True	2.6503075231319366
F13B	ENSG00000143278	True	2.6483600109809315
XRCC6	ENSG00000196419	True	2.6464037262230695
VASP	ENSG00000125753	True	2.640481436970422
MYL9	ENSG00000101335	True	2.6384892569546374
ENSP00000493701		False	2.6384892569546374
RPL23A	ENSG00000198242	True	2.637489729512511
KRT8	ENSG00000170421	True	2.6364878963533656
PRDX3	ENSG00000165672	True	2.629409599102719
PTBP1	ENSG00000011304	True	2.6283889300503116
KRT18	ENSG00000111057	True	2.625312450961674
ACTN4	ENSG00000130402	True	2.6242820958356683
CCT4	ENSG00000115484	True	2.6232492903979003
RAB7A	ENSG00000075785	True	2.621176281775035
CCL5	ENSG00000271503	True	2.621176281775035
GSTO1	ENSG00000148834	True	2.6201360549737576
RPL38	ENSG00000172809	True	2.617000341120899
HNRNPU	ENSG00000153187	True	2.615950051656401
FETUB	ENSG00000090512	True	2.615950051656401
RPL3	ENSG00000100316	True	2.6148972160331345
CA1	ENSG00000133742	True	2.6148972160331345
PHB2	ENSG00000215021	True	2.6138418218760693
CANX	ENSG00000127022	True	2.6127838567197355
RPL7A		False	2.611723308007342
CALM3	ENSG00000160014	True	2.611723308007342
CALM2	ENSG00000143933	True	2.611723308007342
RPL35	ENSG00000136942	True	2.60959440922522
hCG_2039566		False	2.60959440922522
VDAC1	ENSG00000213585	True	2.6074550232146687
RPS6	ENSG00000137154	True	2.60422605308447
DBI	ENSG00000155368	True	2.603144372620182
C7	ENSG00000112936	True	2.6020599913279625
RPL7	ENSG00000147604	True	2.6020599913279625
CCT8	ENSG00000156261	True	2.6020599913279625
CAVIN1	ENSG00000177469	True	2.6020599913279625
RPL5	ENSG00000122406	True	2.598790506763115
RPL13	ENSG00000167526	True	2.59659709562646
RPS15	ENSG00000115268	True	2.595496221825574
RPL27	ENSG00000131469	True	2.593286067020457
DES	ENSG00000175084	True	2.5921767573958667
GP1BB		False	2.591064607026499
XRCC5	ENSG00000079246	True	2.5888317255942073
CALM1	ENSG00000198668	True	2.5888317255942073
CFD		False	2.586587304671755
RPL14	ENSG00000188846	True	2.5854607295085006
SERPINA7	ENSG00000123561	True	2.5854607295085006
HNRNPL	ENSG00000104824	True	2.5854607295085006
RPS5	ENSG00000083845	True	2.583198773968623
GDI2	ENSG00000057608	True	2.582063362911709
CSTB	ENSG00000160213	True	2.582063362911709
RPS21	ENSG00000171858	True	2.582063362911709
C8B	ENSG00000021852	True	2.5809249756756194
EEF1B2	ENSG00000114942	True	2.5809249756756194
PDIA6	ENSG00000143870	True	2.57978359661681
MTPN	ENSG00000105887	True	2.576341350205793
CAPNS1	ENSG00000126247	True	2.576341350205793
CCT5	ENSG00000150753	True	2.575187844927661
NAP1L1	ENSG00000187109	True	2.5728716022004803
LCP1	ENSG00000136167	True	2.56702636615906
ACTBL2	ENSG00000169067	True	2.5658478186735176
BTF3	ENSG00000145741	True	2.5646660642520893
NONO	ENSG00000147140	True	2.5634810853944106
UCHL1	ENSG00000154277	True	2.561101383649056
CCT3	ENSG00000163468	True	2.561101383649056
ANP32A	ENSG00000140350	True	2.5563025007672873
RPS8		False	2.5550944485783194
LMNA	ENSG00000160789	True	2.5538830266438746
HMGB2	ENSG00000164104	True	2.5514499979728753
DDX39B	ENSG00000198563	True	2.550228353055094
HSPA9	ENSG00000113013	True	2.550228353055094
YWHAH	ENSG00000128245	True	2.5428254269591797
RAB1B	ENSG00000174903	True	2.5403294747908736
SRSF3	ENSG00000112081	True	2.5403294747908736
CFL2	ENSG00000165410	True	2.5390760987927767
FABP5	ENSG00000164687	True	2.537819095073274
SLC25A5	ENSG00000005022	True	2.53655844257153
CACYBP	ENSG00000116161	True	2.534026106056135
FKBP1A	ENSG00000088832	True	2.534026106056135
GP9	ENSG00000169704	True	2.534026106056135
HSPA1L	ENSG00000204390	True	2.5327543789924976
SNRPD2	ENSG00000125743	True	2.530199698203082
RPS4X	ENSG00000198034	True	2.5289167002776547
RPS26	ENSG00000197728	True	2.5276299008713385
RPL32	ENSG00000144713	True	2.5276299008713385
GNB1	ENSG00000078369	True	2.5276299008713385
TMSB10		False	2.526339277389844
PRAP1	ENSG00000165828	True	2.525044807036845
RAB14	ENSG00000119396	True	2.5211380837040362
HNRNPA1P48		False	2.5211380837040362
PSMB1	ENSG00000008018	True	2.5211380837040362
AK2	ENSG00000004455	True	2.519827993775719
CYCS	ENSG00000172115	True	2.519827993775719
TALDO1		False	2.515873843711679
PHB		False	2.515873843711679
SELL	ENSG00000188404	True	2.513217600067939
HADHA	ENSG00000084754	True	2.513217600067939
C8A		False	2.509202522331103
SPARC	ENSG00000113140	True	2.507855871695831
RPS9	ENSG00000170889	True	2.503790683057181
CYB5R3	ENSG00000100243	True	2.5024271199844326
PSMA2	ENSG00000106588	True	2.5010592622177517
CLTC	ENSG00000141367	True	2.499687082618404
RPS11	ENSG00000142534	True	2.4983105537896004
RPL29	ENSG00000162244	True	2.496929648073215
UBA1	ENSG00000130985	True	2.496929648073215
PSMA1	ENSG00000129084	True	2.4955443375464483
SERBP1	ENSG00000142864	True	2.4955443375464483
CCT7	ENSG00000135624	True	2.494154594018443
RPL19	ENSG00000108298	True	2.494154594018443
RPS24	ENSG00000138326	True	2.494154594018443
RHOA	ENSG00000067560	True	2.4913616938342726
NME1	ENSG00000239672	True	2.4913616938342726
ENSP00000451560		False	2.4913616938342726
HNRNPM	ENSG00000099783	True	2.4899584794248346
ALDOC	ENSG00000109107	True	2.4885507165004443
PTGES3	ENSG00000110958	True	2.484299839346786
PSMA5	ENSG00000143106	True	2.482873583608754
IGKV1-33	ENSG00000242076	True	2.482873583608754
IGKV1D-33	ENSG00000239975	True	2.482873583608754
TPT1	ENSG00000133112	True	2.481442628502305
HNRNPH1	ENSG00000169045	True	2.4800069429571505
SOD2-2		False	2.4785664955938436
CA2	ENSG00000104267	True	2.4756711883244296
VDAC2	ENSG00000165637	True	2.4756711883244296
C8G	ENSG00000176919	True	2.4742162640762553
ECM1	ENSG00000143369	True	2.4742162640762553
ATP5PO	ENSG00000241837	True	2.469822015978163
RPS28	ENSG00000233927	True	2.469822015978163
SNRPE		False	2.469822015978163
IGHV3-72		False	2.4683473304121573
RPS20	ENSG00000008988	True	2.4683473304121573
RPL18A	ENSG00000105640	True	2.4683473304121573
KRT16	ENSG00000186832	True	2.4668676203541096
COX6B1	ENSG00000126267	True	2.4668676203541096
TCP1	ENSG00000120438	True	2.4638929889859074
RPL18	ENSG00000063177	True	2.462397997898956
UBE2N	ENSG00000177889	True	2.4608978427565478
PGD	ENSG00000142657	True	2.459392487759231
CAPZA1	ENSG00000116489	True	2.459392487759231
SELENOP	ENSG00000250722	True	2.459392487759231
CSRP1	ENSG00000159176	True	2.456366033129043
PSME1	ENSG00000092010	True	2.456366033129043
ANP32B	ENSG00000136938	True	2.45484486000851
PSMB3	ENSG00000277791	True	2.45484486000851
RPL9	ENSG00000163682	True	2.45484486000851
CBX3	ENSG00000122565	True	2.4533183400470375
RPS12	ENSG00000112306	True	2.45178643552429
KRT14	ENSG00000186847	True	2.4471580313422194
SUB1	ENSG00000113387	True	2.4471580313422194
RAB11B		False	2.4471580313422194
SLC25A4	ENSG00000151729	True	2.4471580313422194
ATP5F1C	ENSG00000165629	True	2.444044795918076
SRSF7	ENSG00000115875	True	2.444044795918076
CD14	ENSG00000170458	True	2.4424797690644486
PARVB	ENSG00000188677	True	2.4409090820652177
ARPC5	ENSG00000162704	True	2.439332693830263
APOB	ENSG00000084674	True	2.437750562820388
EIF4A1	ENSG00000161960	True	2.437750562820388
RPL39	ENSG00000198918	True	2.436162647040756
LTF	ENSG00000012223	True	2.432969290874406
RAB1A	ENSG00000138069	True	2.432969290874406
SHBG		False	2.4313637641589874
CST1	ENSG00000170373	True	2.428134794028789
PA2G4	ENSG00000170515	True	2.428134794028789
ALYREF	ENSG00000183684	True	2.4265112613645754
ITGB3	ENSG00000259207	True	2.423245873936808
PCNA	ENSG00000132646	True	2.4216039268698313
HADH	ENSG00000138796	True	2.4216039268698313
APOL1	ENSG00000100342	True	2.4183012913197452
RPL31	ENSG00000071082	True	2.4183012913197452
RPS2	ENSG00000140988	True	2.416640507338281
RAB11A	ENSG00000103769	True	2.4149733479708178
PSMB4	ENSG00000159377	True	2.4149733479708178
BASP1	ENSG00000176788	True	2.4149733479708178
PGK2	ENSG00000170950	True	2.4149733479708178
IGHV3-16		False	2.4149733479708178
IGHV3OR16-9		False	2.413299764081252
TUBA4B		False	2.413299764081252
PROS1	ENSG00000184500	True	2.406540180433955
GNAI2	ENSG00000114353	True	2.403120521175818
PTMA	ENSG00000187514	True	2.403120521175818
SOD2	ENSG00000291237	True	2.401400540781544
ABRACL	ENSG00000146386	True	2.401400540781544
TUBB6	ENSG00000176014	True	2.399673721481038
SNCA	ENSG00000145335	True	2.3979400086720375
STIP1	ENSG00000168439	True	2.3961993470957363
HSD17B10	ENSG00000072506	True	2.3944516808262164
PSMA6	ENSG00000100902	True	2.392696953259666
CYB5B	ENSG00000103018	True	2.392696953259666
RPL36	ENSG00000130255	True	2.3891660843645326
ATP5PD	ENSG00000167863	True	2.3891660843645326
ANXA11	ENSG00000122359	True	2.3891660843645326
HNRNPA1L2		False	2.387389826338729
GANAB	ENSG00000089597	True	2.385606273598312
KRT5	ENSG00000186081	True	2.383815365980431
S100A4	ENSG00000196154	True	2.3820170425748683
PLGLB1		False	2.3820170425748683
PLGLB2		False	2.3820170425748683
PSMA4	ENSG00000041357	True	2.3820170425748683
RPL13A	ENSG00000142541	True	2.3820170425748683
IGFBP4	ENSG00000141753	True	2.3783979009481375
PCBP1	ENSG00000169564	True	2.376576957056512
EEF1G	ENSG00000254772	True	2.376576957056512
RPS15A	ENSG00000134419	True	2.374748346010104
HNRNPAB	ENSG00000197451	True	2.374748346010104
C1QC	ENSG00000159189	True	2.3729120029701067
YBX1	ENSG00000065978	True	2.3729120029701067
RPL11	ENSG00000142676	True	2.3729120029701067
C2	ENSG00000166278	True	2.3710678622717363
COX6C	ENSG00000164919	True	2.3710678622717363
RPL8	ENSG00000161016	True	2.367355921026019
DEFA1B	ENSG00000240247	True	2.367355921026019
DEFA1	ENSG00000206047	True	2.367355921026019
DEFA3	ENSG00000239839	True	2.367355921026019
SERPINA6	ENSG00000170099	True	2.367355921026019
PRDX5	ENSG00000126432	True	2.367355921026019
ECHS1	ENSG00000127884	True	2.367355921026019
AHCY	ENSG00000101444	True	2.3654879848909
IDH3A	ENSG00000166411	True	2.3636119798921444
SLC25A6	ENSG00000169100	True	2.361727836017593
RAD23B	ENSG00000119318	True	2.361727836017593
ETFA	ENSG00000140374	True	2.361727836017593
CD59	ENSG00000085063	True	2.359835482339888
RHOC	ENSG00000155366	True	2.359835482339888
COX4I1	ENSG00000131143	True	2.359835482339888
CSH1	ENSG00000136488	True	2.357934847000454
CSH2	ENSG00000213218	True	2.357934847000454
MYL6B	ENSG00000196465	True	2.357934847000454
COL6A3	ENSG00000163359	True	2.357934847000454
CAPN1	ENSG00000014216	True	2.3560258571931225
STMN1	ENSG00000117632	True	2.3541084391474008
CAV1	ENSG00000105974	True	2.3541084391474008
MACROH2A2	ENSG00000099284	True	2.3521825181113627
EEF1D	ENSG00000104529	True	2.3521825181113627
HNRNPF	ENSG00000169813	True	2.3521825181113627
CYB5A	ENSG00000166347	True	2.3502480183341627
C5	ENSG00000106804	True	2.3502480183341627
MYH7	ENSG00000092054	True	2.3502480183341627
MAPRE2	ENSG00000166974	True	2.3502480183341627
HBE1	ENSG00000213931	True	2.3502480183341627
PARP1	ENSG00000143799	True	2.3483048630481607
BLVRB	ENSG00000090013	True	2.3483048630481607
RPS13	ENSG00000110700	True	2.3483048630481607
RAB8A		False	2.346352974450639
RAB27B	ENSG00000041353	True	2.3443922736851106
GNG11	ENSG00000127920	True	2.3443922736851106
KRT6B	ENSG00000185479	True	2.342422680822206
RPL27A	ENSG00000166441	True	2.342422680822206
ERP29	ENSG00000089248	True	2.342422680822206
HMGA1	ENSG00000137309	True	2.3384564936046046
HPRT1	ENSG00000165704	True	2.3384564936046046
KPNB1	ENSG00000108424	True	2.3364597338485296
MARCKSL1	ENSG00000175130	True	2.3364597338485296
PZP	ENSG00000126838	True	2.3364597338485296
SH3BGRL	ENSG00000131171	True	2.3364597338485296
DLD	ENSG00000091140	True	2.3344537511509307
SRSF1	ENSG00000136450	True	2.3344537511509307
GDI1	ENSG00000203879	True	2.3324384599156054
NRGN	ENSG00000154146	True	2.3324384599156054
ARF1	ENSG00000143761	True	2.3324384599156054
HADHB	ENSG00000138029	True	2.330413773349191
EIF5AL1		False	2.330413773349191
LMNB1	ENSG00000113368	True	2.3283796034387376
DNM1L	ENSG00000087470	True	2.3283796034387376
SRP9		False	2.3283796034387376
CNN2	ENSG00000064666	True	2.3283796034387376
CAT	ENSG00000121691	True	2.326335860928751
CPN2	ENSG00000178772	True	2.3242824552976926
TUBB8	ENSG00000261456	True	2.3242824552976926
SNRPF		False	2.3242824552976926
RPS19		False	2.322219294733919
MARCKS	ENSG00000277443	True	2.3201462861110542
CAPZA2	ENSG00000198898	True	2.3201462861110542
PPP2R1A		False	2.3201462861110542
ILF3	ENSG00000129351	True	2.3201462861110542
SSB	ENSG00000138385	True	2.3180633349627615
RPS25	ENSG00000118181	True	2.3180633349627615
SSBP1	ENSG00000106028	True	2.3180633349627615
PSME2	ENSG00000100911	True	2.315970345456918
H3C12	ENSG00000197153	True	2.315970345456918
H3C10	ENSG00000278828	True	2.315970345456918
H3C4	ENSG00000197409	True	2.315970345456918
H3C1	ENSG00000275714	True	2.315970345456918
H3C11	ENSG00000275379	True	2.315970345456918
H3C7	ENSG00000277775	True	2.315970345456918
H3C8	ENSG00000273983	True	2.315970345456918
H3C3	ENSG00000287080	True	2.315970345456918
H3C2	ENSG00000286522	True	2.315970345456918
H3C6	ENSG00000274750	True	2.315970345456918
ARF3		False	2.315970345456918
UGP2	ENSG00000169764	True	2.3138672203691533
TRIM28	ENSG00000130726	True	2.3138672203691533
PYGB	ENSG00000100994	True	2.311753861055754
HMGN2	ENSG00000198830	True	2.311753861055754
RDX	ENSG00000137710	True	2.3096301674258988
IGFBP2		False	2.3096301674258988
PPIF		False	2.3096301674258988
LCN2	ENSG00000148346	True	2.307496037913213
PSMA3	ENSG00000100567	True	2.307496037913213
CS	ENSG00000062485	True	2.305351369446624
MPO	ENSG00000005381	True	2.305351369446624
SFPQ	ENSG00000116560	True	2.305351369446624
MMRN1	ENSG00000138722	True	2.305351369446624
ATRN	ENSG00000088812	True	2.303196057420489
RPL17	ENSG00000265681	True	2.303196057420489
SMR3B		False	2.303196057420489
UQCRH	ENSG00000173660	True	2.303196057420489
VDAC3	ENSG00000078668	True	2.3010299956639813
GNB2	ENSG00000172354	True	2.3010299956639813
PFKP	ENSG00000067057	True	2.3010299956639813
ST13	ENSG00000100380	True	2.3010299956639813
HK1	ENSG00000156515	True	2.298853076409707
HNRNPA3	ENSG00000170144	True	2.298853076409707
ADIPOQ	ENSG00000181092	True	2.298853076409707
TAGLN	ENSG00000149591	True	2.298853076409707
SERPINH1	ENSG00000149257	True	2.298853076409707
LIMS1	ENSG00000169756	True	2.294466226161593
RAC2	ENSG00000128340	True	2.294466226161593
LGALS3	ENSG00000131981	True	2.294466226161593
ACO2	ENSG00000100412	True	2.290034611362518
CALD1	ENSG00000122786	True	2.290034611362518
DSTN	ENSG00000125868	True	2.287801729930226
SEPTIN2	ENSG00000168385	True	2.287801729930226
CTSG	ENSG00000100448	True	2.285557309007774
FCER1G	ENSG00000158869	True	2.285557309007774
IGFBP5		False	2.285557309007774
SAR1A	ENSG00000079332	True	2.285557309007774
IGFALS	ENSG00000099769	True	2.2833012287035497
RPS10	ENSG00000124614	True	2.2810333672477277
PRMT1	ENSG00000126457	True	2.2810333672477277
TUBB8B	ENSG00000173213	True	2.2764618041732443
SRP14		False	2.2764618041732443
PRDX4	ENSG00000123131	True	2.2764618041732443
SH3BGRL2	ENSG00000198478	True	2.2764618041732443
ANXA7	ENSG00000138279	True	2.2764618041732443
PRG4	ENSG00000116690	True	2.2764618041732443
SERPINA4	ENSG00000100665	True	2.2764618041732443
PPA1	ENSG00000180817	True	2.2764618041732443
PSAP	ENSG00000197746	True	2.2764618041732443
ANXA4	ENSG00000196975	True	2.2764618041732443
TUFM	ENSG00000178952	True	2.2764618041732443
PRKCSH	ENSG00000130175	True	2.27415784926368
SLC25A3		False	2.27415784926368
PSMB2	ENSG00000126067	True	2.27415784926368
DCD	ENSG00000161634	True	2.271841606536499
PSMA7	ENSG00000101182	True	2.271841606536499
ACTN2	ENSG00000077522	True	2.2695129442179165
HSPA2	ENSG00000126803	True	2.2695129442179165
CNP	ENSG00000173786	True	2.2695129442179165
FASN	ENSG00000169710	True	2.2671717284030137
ATP5F1E		False	2.2671717284030137
FBLN1	ENSG00000077942	True	2.2648178230095364
FKBP4	ENSG00000004478	True	2.2624510897304293
RPL26	ENSG00000161970	True	2.2624510897304293
EHD1	ENSG00000110047	True	2.2600713879850747
CCDC25	ENSG00000147419	True	2.2600713879850747
UQCRC1	ENSG00000010256	True	2.2600713879850747
LASP1	ENSG00000002834	True	2.2600713879850747
RPS23	ENSG00000186468	True	2.2600713879850747
SRC	ENSG00000197122	True	2.2576785748691846
MAPRE1	ENSG00000101367	True	2.2576785748691846
PSMD11	ENSG00000108671	True	2.2576785748691846
H2AZ2	ENSG00000105968	True	2.2528530309798933
H2AZ1	ENSG00000164032	True	2.2528530309798933
PGRMC2	ENSG00000164040	True	2.2528530309798933
KRT6A	ENSG00000205420	True	2.250420002308894
ECH1	ENSG00000104823	True	2.250420002308894
FKBP3	ENSG00000100442	True	2.250420002308894
UBC	ENSG00000150991	True	2.247973266361807
KHDRBS1	ENSG00000121774	True	2.247973266361807
ARPC1B	ENSG00000130429	True	2.24551266781415
SPTAN1	ENSG00000197694	True	2.24551266781415
MT-CO2	ENSG00000198712	True	2.24551266781415
SRGN	ENSG00000122862	True	2.2430380486862944
CST4	ENSG00000101441	True	2.2430380486862944
SEPTIN6	ENSG00000125354	True	2.2430380486862944
SRSF2	ENSG00000161547	True	2.2405492482826
ACADVL	ENSG00000072778	True	2.2405492482826
G6PD	ENSG00000160211	True	2.2405492482826
RPN1	ENSG00000163902	True	2.2405492482826
ATP5F1D	ENSG00000099624	True	2.2405492482826
ATIC	ENSG00000138363	True	2.2380461031287955
CBR1	ENSG00000159228	True	2.2355284469075487
PCBP2	ENSG00000197111	True	2.2355284469075487
STATH	ENSG00000126549	True	2.2329961103921536
PDIA4	ENSG00000155660	True	2.2329961103921536
SND1	ENSG00000197157	True	2.2329961103921536
HLA-A		False	2.230448921378274
AZU1	ENSG00000172232	True	2.230448921378274
MACROH2A1	ENSG00000113648	True	2.230448921378274
SRI	ENSG00000075142	True	2.225309281725863
EDF1	ENSG00000107223	True	2.225309281725863
ATP5PF	ENSG00000154723	True	2.225309281725863
SHMT2	ENSG00000182199	True	2.225309281725863
FHL1	ENSG00000022267	True	2.2227164711475833
DARS1	ENSG00000115866	True	2.2227164711475833
WARS1	ENSG00000140105	True	2.2227164711475833
UQCRC2	ENSG00000140740	True	2.220108088040055
SFN	ENSG00000175793	True	2.220108088040055
EHD2	ENSG00000024422	True	2.220108088040055
SPTBN1	ENSG00000115306	True	2.220108088040055
C1RL	ENSG00000139178	True	2.220108088040055
TGM2	ENSG00000198959	True	2.2174839442139063
KRT19	ENSG00000171345	True	2.2174839442139063
CD36	ENSG00000135218	True	2.2174839442139063
ANP32E	ENSG00000143401	True	2.214843848047698
EIF2S1	ENSG00000134001	True	2.2121876044039577
KRT6C	ENSG00000170465	True	2.2121876044039577
F10		False	2.2121876044039577
LAP3	ENSG00000002549	True	2.2095150145426308
CPN1		False	2.2095150145426308
OGN	ENSG00000106809	True	2.2095150145426308
IGHV3-11		False	2.2095150145426308
PPP1CA	ENSG00000172531	True	2.2095150145426308
OLA1	ENSG00000138430	True	2.2068258760318495
ACLY	ENSG00000131473	True	2.2068258760318495
NAPA	ENSG00000105402	True	2.2068258760318495
COL6A1	ENSG00000142156	True	2.2041199826559246
RAB6B	ENSG00000154917	True	2.2041199826559246
ELAVL1	ENSG00000066044	True	2.2041199826559246
RNH1	ENSG00000023191	True	2.2013971243204513
CORO1B	ENSG00000172725	True	2.2013971243204513
DBNL	ENSG00000136279	True	2.2013971243204513
DDX39A	ENSG00000123136	True	2.2013971243204513
PRSS1	ENSG00000204983	True	2.1986570869544226
PRKAR1A	ENSG00000108946	True	2.1986570869544226
TREML1	ENSG00000161911	True	2.1986570869544226
PLIN4	ENSG00000167676	True	2.1931245983544616
PAICS	ENSG00000128050	True	2.1903316981702914
SETSIP	ENSG00000230667	True	2.187520720836463
VAPA	ENSG00000101558	True	2.187520720836463
IGKV2D-28		False	2.187520720836463
GOT2	ENSG00000125166	True	2.187520720836463
KRT82	ENSG00000161850	True	2.187520720836463
PPP1CB	ENSG00000213639	True	2.187520720836463
RNASE2	ENSG00000169385	True	2.187520720836463
PRSS2	ENSG00000275896	True	2.184691430817599
TOMM40	ENSG00000130204	True	2.184691430817599
EIF3F	ENSG00000175390	True	2.184691430817599
RPL35A		False	2.184691430817599
AOC3	ENSG00000131471	True	2.1818435879447726
DYNLL1		False	2.1818435879447726
RPN2	ENSG00000118705	True	2.1789769472931693
STXBP2	ENSG00000076944	True	2.1789769472931693
DDX3X	ENSG00000215301	True	2.1760912590556813
DCN	ENSG00000011465	True	2.1760912590556813
MYH10	ENSG00000133026	True	2.1760912590556813
DUSP3		False	2.173186268412274
ACAT2	ENSG00000120437	True	2.173186268412274
YARS1	ENSG00000134684	True	2.1702617153949575
BAX	ENSG00000087088	True	2.1702617153949575
IDH1	ENSG00000138413	True	2.1702617153949575
CFHR5	ENSG00000134389	True	2.1702617153949575
GLO1	ENSG00000124767	True	2.1702617153949575
ARF5		False	2.1702617153949575
DIAPH1	ENSG00000131504	True	2.167317334748176
ILF2	ENSG00000143621	True	2.167317334748176
POTEF	ENSG00000196604	True	2.167317334748176
RPS16	ENSG00000105193	True	2.164352855784437
HSPA4	ENSG00000170606	True	2.164352855784437
COX5A	ENSG00000178741	True	2.161368002234975
KRT17	ENSG00000128422	True	2.161368002234975
S100A6	ENSG00000197956	True	2.161368002234975
CRYBB2	ENSG00000244752	True	2.161368002234975
PCMT1	ENSG00000120265	True	2.161368002234975
RAC1	ENSG00000136238	True	2.161368002234975
G3BP1	ENSG00000145907	True	2.161368002234975
AKR1B1	ENSG00000085662	True	2.161368002234975
TBCA	ENSG00000171530	True	2.1583624920952498
EHD3	ENSG00000013016	True	2.1583624920952498
MGST3	ENSG00000143198	True	2.1583624920952498
ITIH3	ENSG00000162267	True	2.1583624920952498
HYOU1	ENSG00000149428	True	2.1583624920952498
NUDC	ENSG00000090273	True	2.1583624920952498
MB	ENSG00000198125	True	2.1583624920952498
DHX9	ENSG00000135829	True	2.1583624920952498
EIF5A2	ENSG00000163577	True	2.1522883443830563
PYGL	ENSG00000100504	True	2.1522883443830563
APRT	ENSG00000198931	True	2.1522883443830563
PMP2		False	2.1492191126553797
U2AF2	ENSG00000063244	True	2.1492191126553797
SUMO2	ENSG00000188612	True	2.1492191126553797
ATP5ME	ENSG00000169020	True	2.1492191126553797
PSMB6	ENSG00000142507	True	2.146128035678238
FABP1	ENSG00000163586	True	2.146128035678238
SNAP23	ENSG00000092531	True	2.146128035678238
RARRES2		False	2.146128035678238
DECR1	ENSG00000104325	True	2.143014800254095
EIF4H	ENSG00000106682	True	2.143014800254095
PPP1CC	ENSG00000186298	True	2.143014800254095
SEC22B		False	2.143014800254095
ARF4		False	2.143014800254095
PRELP		False	2.143014800254095
ADH1B	ENSG00000196616	True	2.143014800254095
ERP44	ENSG00000023318	True	2.1398790864012365
MYO1G	ENSG00000136286	True	2.1398790864012365
HDGF	ENSG00000143321	True	2.1367205671564067
PGM1	ENSG00000079739	True	2.1367205671564067
CAPRIN1	ENSG00000135387	True	2.1367205671564067
NAP1L4	ENSG00000205531	True	2.1367205671564067
CNDP2	ENSG00000133313	True	2.1367205671564067
RAB10	ENSG00000084733	True	2.1335389083702174
PROC	ENSG00000115718	True	2.1335389083702174
HNRNPA0	ENSG00000177733	True	2.1335389083702174
HNRNPH3		False	2.1335389083702174
PTPN6	ENSG00000111679	True	2.1335389083702174
TOMM22	ENSG00000100216	True	2.130333768495006
ZNF511-PRAP1	ENSG00000283496	True	2.130333768495006
CLIC4	ENSG00000169504	True	2.130333768495006
FUS	ENSG00000089280	True	2.130333768495006
GP5		False	2.130333768495006
PRPH	ENSG00000135406	True	2.1271047983648077
GRB2	ENSG00000177885	True	2.1271047983648077
ELANE	ENSG00000197561	True	2.1271047983648077
CDC37	ENSG00000105401	True	2.1271047983648077
SEPTIN7	ENSG00000122545	True	2.123851640967086
RPL34	ENSG00000109475	True	2.123851640967086
CRKL	ENSG00000099942	True	2.123851640967086
M0QYT0_HUMAN		False	2.123851640967086
HGFAC	ENSG00000109758	True	2.123851640967086
PSME3	ENSG00000131467	True	2.123851640967086
ETFB	ENSG00000105379	True	2.123851640967086
MANF	ENSG00000145050	True	2.12057393120585
RTRAF	ENSG00000087302	True	2.12057393120585
HLA-DRA	ENSG00000204287	True	2.12057393120585
DNPH1	ENSG00000112667	True	2.1172712956557644
BIN2	ENSG00000110934	True	2.1172712956557644
PGRMC1	ENSG00000101856	True	2.113943352306837
SELP	ENSG00000174175	True	2.113943352306837
COL6A2	ENSG00000142173	True	2.113943352306837
FH	ENSG00000091483	True	2.110589710299249
STX11	ENSG00000135604	True	2.110589710299249
PSMB7	ENSG00000136930	True	2.110589710299249
UBE2L3	ENSG00000185651	True	2.110589710299249
PHGDH	ENSG00000092621	True	2.1072099696478683
TYMP	ENSG00000025708	True	2.1072099696478683
UBA2	ENSG00000126261	True	2.1072099696478683
TIMP1	ENSG00000102265	True	2.103803720955957
ZC3H8	ENSG00000144161	True	2.103803720955957
H1-1	ENSG00000124610	True	2.103803720955957
MGLL	ENSG00000074416	True	2.103803720955957
ACTR1A	ENSG00000138107	True	2.103803720955957
NDUFA5	ENSG00000128609	True	2.100370545117563
STOML2	ENSG00000165283	True	2.100370545117563
ACAT1	ENSG00000075239	True	2.100370545117563
S100P	ENSG00000163993	True	2.100370545117563
RAB5C	ENSG00000108774	True	2.0969100130080562
SYNCRIP	ENSG00000135316	True	2.0969100130080562
TMOD3	ENSG00000138594	True	2.0969100130080562
CRYAA	ENSG00000160202	True	2.0969100130080562
CRYAA2		False	2.0969100130080562
HABP2	ENSG00000148702	True	2.093421685162235
ERH	ENSG00000100632	True	2.093421685162235
IGHD	ENSG00000211898	True	2.089905111439398
RUVBL1	ENSG00000175792	True	2.089905111439398
DLST	ENSG00000119689	True	2.089905111439398
ADA	ENSG00000196839	True	2.0863598306747484
LMAN1	ENSG00000074695	True	2.0863598306747484
CSTA	ENSG00000121552	True	2.0863598306747484
DDX5	ENSG00000108654	True	2.0863598306747484
BCHE	ENSG00000114200	True	2.0827853703164503
PSMB5	ENSG00000100804	True	2.0827853703164503
PLS3	ENSG00000102024	True	2.0827853703164503
KPNA2	ENSG00000182481	True	2.0827853703164503
GLIPR2	ENSG00000122694	True	2.0791812460476247
APEX1	ENSG00000100823	True	2.0791812460476247
SNU13	ENSG00000100138	True	2.0791812460476247
GLUD1	ENSG00000148672	True	2.0791812460476247
H1-6	ENSG00000187475	True	2.0791812460476247
NASP	ENSG00000132780	True	2.0755469613925306
EIF3I	ENSG00000084623	True	2.0755469613925306
AP2B1	ENSG00000006125	True	2.0755469613925306
CUTA	ENSG00000112514	True	2.0755469613925306
BCAP31	ENSG00000185825	True	2.0755469613925306
CARHSP1	ENSG00000153048	True	2.0718820073061255
BTF3L4	ENSG00000134717	True	2.0718820073061255
HSD11B2	ENSG00000176387	True	2.0718820073061255
ESD	ENSG00000139684	True	2.0718820073061255
ACADM	ENSG00000117054	True	2.0718820073061255
UBE2I	ENSG00000103275	True	2.0718820073061255
HNRNPH2	ENSG00000126945	True	2.0718820073061255
TP73	ENSG00000078900	True	2.0718820073061255
FDX1	ENSG00000137714	True	2.0681858617461617
H0YIN7_HUMAN		False	2.0681858617461617
EIF6	ENSG00000242372	True	2.0681858617461617
VAT1	ENSG00000108828	True	2.0681858617461617
GLRX	ENSG00000173221	True	2.0681858617461617
SARS1	ENSG00000031698	True	2.0681858617461617
NACA		False	2.0644579892269186
RBBP7	ENSG00000102054	True	2.0644579892269186
CALU	ENSG00000128595	True	2.0644579892269186
TMED10	ENSG00000170348	True	2.0644579892269186
KRT85	ENSG00000135443	True	2.060697840353612
ATP5MG	ENSG00000167283	True	2.060697840353612
CPB2	ENSG00000080618	True	2.060697840353612
KRT32		False	2.060697840353612
DCTN2	ENSG00000175203	True	2.060697840353612
IMMT	ENSG00000132305	True	2.060697840353612
PDCD10	ENSG00000114209	True	2.060697840353612
NUDT21	ENSG00000167005	True	2.060697840353612
UMOD	ENSG00000169344	True	2.060697840353612
STX7	ENSG00000079950	True	2.060697840353612
PRTN3	ENSG00000196415	True	2.060697840353612
PGLS	ENSG00000130313	True	2.0569048513364727
KRT86	ENSG00000170442	True	2.0569048513364727
F9		False	2.0569048513364727
RPL26L1	ENSG00000037241	True	2.0569048513364727
CSE1L	ENSG00000124207	True	2.0569048513364727
DDX1	ENSG00000079785	True	2.0569048513364727
PLIN3	ENSG00000105355	True	2.0569048513364727
IGFBP6	ENSG00000167779	True	2.0569048513364727
RPS27		False	2.0569048513364727
RPL37A	ENSG00000197756	True	2.0569048513364727
SERPINB9	ENSG00000170542	True	2.0569048513364727
HSPB6	ENSG00000004776	True	2.0530784434834195
RPL17-C18orf32	ENSG00000215472	True	2.0530784434834195
STAT1	ENSG00000115415	True	2.0530784434834195
KRT34	ENSG00000131737	True	2.0530784434834195
ARHGAP1	ENSG00000175220	True	2.0530784434834195
FTL	ENSG00000087086	True	2.0492180226701815
HNRNPDL	ENSG00000152795	True	2.0492180226701815
LRPPRC	ENSG00000138095	True	2.0492180226701815
RPA3	ENSG00000106399	True	2.0492180226701815
ATP5PB	ENSG00000116459	True	2.0453229787866576
LRRC59	ENSG00000108829	True	2.0453229787866576
ITGB1	ENSG00000150093	True	2.0453229787866576
ANG		False	2.0453229787866576
PSMC3	ENSG00000165916	True	2.0453229787866576
LPA	ENSG00000198670	True	2.0453229787866576
IQGAP1	ENSG00000140575	True	2.0453229787866576
STRAP	ENSG00000023734	True	2.041392685158225
NPC2	ENSG00000119655	True	2.041392685158225
KRT13	ENSG00000171401	True	2.041392685158225
PDCD6IP	ENSG00000170248	True	2.041392685158225
GARS1	ENSG00000106105	True	2.041392685158225
IMPDH2	ENSG00000178035	True	2.041392685158225
PDHB	ENSG00000168291	True	2.041392685158225
PRSS3	ENSG00000010438	True	2.041392685158225
CBX1	ENSG00000108468	True	2.037426497940624
ALDH2	ENSG00000111275	True	2.037426497940624
NUDT5	ENSG00000165609	True	2.037426497940624
MTHFD1	ENSG00000100714	True	2.037426497940624
SLC4A1	ENSG00000004939	True	2.03342375548695
SERPINA5	ENSG00000188488	True	2.03342375548695
RBBP4	ENSG00000162521	True	2.03342375548695
CTSD	ENSG00000117984	True	2.03342375548695
USP14	ENSG00000101557	True	2.03342375548695
GLOD4	ENSG00000167699	True	2.03342375548695
EIF3A	ENSG00000107581	True	2.03342375548695
LGALSL	ENSG00000119862	True	2.03342375548695
DUT	ENSG00000128951	True	2.03342375548695
CRP	ENSG00000132693	True	2.0293837776852097
HLA-B	ENSG00000234745	True	2.0293837776852097
ANXA3	ENSG00000138772	True	2.0293837776852097
ARPC4		False	2.0293837776852097
AK3	ENSG00000147853	True	2.0253058652647704
PI16	ENSG00000164530	True	2.0253058652647704
SSR4	ENSG00000180879	True	2.0253058652647704
CHCHD3	ENSG00000106554	True	2.0253058652647704
EIF4A2	ENSG00000156976	True	2.0253058652647704
PABPC1	ENSG00000070756	True	2.0211892990699383
HNRNPR	ENSG00000125944	True	2.0211892990699383
PSMC6	ENSG00000100519	True	2.0211892990699383
ADH5	ENSG00000197894	True	2.0211892990699383
F5H423_HUMAN		False	2.0170333392987803
AIFM1	ENSG00000156709	True	2.0170333392987803
MASP2	ENSG00000009724	True	2.0170333392987803
AKR7A2	ENSG00000053371	True	2.0170333392987803
GRHPR	ENSG00000137106	True	2.0170333392987803
MYH11	ENSG00000133392	True	2.0170333392987803
S100A3	ENSG00000188015	True	2.0170333392987803
DPYSL2	ENSG00000092964	True	2.0170333392987803
JPT1	ENSG00000189159	True	2.0170333392987803
PRPF19	ENSG00000110107	True	2.0170333392987803
ALDOB	ENSG00000136872	True	2.0170333392987803
PSMC5	ENSG00000087191	True	2.012837224705172
AP1B1	ENSG00000100280	True	2.012837224705172
DDOST	ENSG00000244038	True	2.012837224705172
ABHD14B	ENSG00000114779	True	2.012837224705172
BSG	ENSG00000172270	True	2.012837224705172
GNAQ	ENSG00000156052	True	2.012837224705172
COPE	ENSG00000105669	True	2.012837224705172
INPP5D	ENSG00000168918	True	2.0086001717619175
SLIRP	ENSG00000119705	True	2.0086001717619175
VWF	ENSG00000110799	True	2.0086001717619175
SOD3	ENSG00000109610	True	2.0086001717619175
OXCT1	ENSG00000083720	True	2.0086001717619175
KHSRP	ENSG00000088247	True	2.0043213737826426
FBL	ENSG00000105202	True	2.0043213737826426
GP1BA	ENSG00000185245	True	2.0043213737826426
BUB3	ENSG00000154473	True	2.0043213737826426
PPT1	ENSG00000131238	True	2.0043213737826426
H1-0	ENSG00000189060	True	2.0043213737826426
NDUFS1	ENSG00000023228	True	2.0043213737826426
CRYBB1	ENSG00000100122	True	2.0043213737826426
H2BC1	ENSG00000146047	True	2.0043213737826426
S100A10	ENSG00000197747	True	2.0
MAOA	ENSG00000189221	True	2.0
TARS1	ENSG00000113407	True	2.0
PSMC4	ENSG00000013275	True	2.0
TXNDC5	ENSG00000239264	True	1.9982593384236986
FDPS	ENSG00000160752	True	1.9978230807457256
INF2	ENSG00000203485	True	1.9978230807457256
RAB2A	ENSG00000104388	True	1.9969492484953812
AK1	ENSG00000106992	True	1.9969492484953812
SKP1	ENSG00000113558	True	1.9969492484953812
GSR	ENSG00000104687	True	1.9969492484953812
NPEPPS	ENSG00000141279	True	1.9960736544852753
NARS1	ENSG00000134440	True	1.9951962915971795
HSD17B4	ENSG00000133835	True	1.994756944587628
COMT	ENSG00000093010	True	1.9929950984313416
NUTF2	ENSG00000102898	True	1.9929950984313416
H3BNC9_HUMAN		False	1.9929950984313416
IGFBP7	ENSG00000163453	True	1.9929950984313416
ELOC		False	1.9929950984313416
GMFG	ENSG00000130755	True	1.990782691803138
RPL36AL		False	1.9903388547876015
HCLS1	ENSG00000180353	True	1.9890046156985368
TFRC	ENSG00000072274	True	1.9890046156985368
RTN4	ENSG00000115310	True	1.9885589568786155
FLOT1	ENSG00000137312	True	1.9881128402683519
ICAM2	ENSG00000108622	True	1.9876662649262746
BID	ENSG00000015475	True	1.9876662649262746
CPNE1	ENSG00000214078	True	1.987219229908005
SDHA	ENSG00000073578	True	1.9845273133437926
XPO1	ENSG00000082898	True	1.9827233876685453
DBN1	ENSG00000113758	True	1.9827233876685453
POTEI	ENSG00000196834	True	1.9822712330395684
CRYGS	ENSG00000213139	True	1.9822712330395684
MATR3-2		False	1.9818186071706636
LGALS3BP	ENSG00000108679	True	1.9809119377768436
RUVBL2	ENSG00000183207	True	1.9809119377768436
PFDN6	ENSG00000204220	True	1.9800033715837464
PSMD7	ENSG00000103035	True	1.9795483747040952
CTSB	ENSG00000164733	True	1.9795483747040952
LSM2	ENSG00000204392	True	1.9795483747040952
DDT	ENSG00000099977	True	1.9790929006383264
MAPK1	ENSG00000100030	True	1.9786369483844743
CST2	ENSG00000170369	True	1.9786369483844743
CCL14	ENSG00000276409	True	1.9781805169374138
GGH	ENSG00000137563	True	1.9781805169374138
KARS1	ENSG00000065427	True	1.9777236052888478
PTPA	ENSG00000119383	True	1.975431808509263
RBM3	ENSG00000102317	True	1.9740509027928774
REEP5	ENSG00000129625	True	1.9712758487381052
MLEC		False	1.9703468762300933
SERPINB6	ENSG00000124570	True	1.9698816437464999
MCAM	ENSG00000076706	True	1.9694159123539814
HLA-C		False	1.9694159123539814
TPD52L2	ENSG00000101150	True	1.968482948553935
MYO1C	ENSG00000197879	True	1.967079734144497
AKR1A1	ENSG00000117448	True	1.967079734144497
SNRNP70	ENSG00000104852	True	1.9666109866819343
MBL2	ENSG00000165471	True	1.9666109866819343
SLC25A11	ENSG00000108528	True	1.9661417327390327
ACAA2	ENSG00000167315	True	1.9661417327390327
TAPBP	ENSG00000231925	True	1.965201701025912
CD74	ENSG00000019582	True	1.965201701025912
NAMPT	ENSG00000105835	True	1.9647309210536295
MAT2A	ENSG00000168906	True	1.964259630196849
PLEC	ENSG00000178209	True	1.9637878273455553
GUCA2A	ENSG00000197273	True	1.9623693356700211
F11		False	1.9623693356700211
RALY	ENSG00000125970	True	1.9614210940664483
RTCB	ENSG00000100220	True	1.9614210940664483
H7C0C1_HUMAN		False	1.9590413923210936
PSMC2	ENSG00000161057	True	1.9585638832219674
ATOX1		False	1.958085848521085
NEDD8	ENSG00000129559	True	1.9576072870600953
DDAH1	ENSG00000153904	True	1.9576072870600953
ATP5MF	ENSG00000241468	True	1.9566485792052033
H1-10	ENSG00000184897	True	1.9552065375419418
SUCLG1	ENSG00000163541	True	1.954724790979063
RHEB	ENSG00000106615	True	1.954724790979063
AHSP	ENSG00000169877	True	1.9537596917332287
FUBP1	ENSG00000162613	True	1.9527924430440922
PIN1	ENSG00000127445	True	1.9527924430440922
ESYT1	ENSG00000139641	True	1.9523080096621253
IGKV2D-40		False	1.9513375187959177
IGKV2-40		False	1.9513375187959177
HMGB3	ENSG00000029993	True	1.9513375187959177
GNAI3	ENSG00000065135	True	1.9498777040368747
CAMP	ENSG00000164047	True	1.9498777040368747
GOT1	ENSG00000120053	True	1.9493900066449128
ATP6V1A	ENSG00000114573	True	1.9493900066449128
CDK1	ENSG00000170312	True	1.9489017609702137
PDCD5	ENSG00000105185	True	1.948412965778601
CAND1	ENSG00000111530	True	1.9479236198317265
CAST	ENSG00000153113	True	1.9474337218870508
EPRS1	ENSG00000136628	True	1.9464522650130731
RBM8A	ENSG00000265241	True	1.9459607035775686
CDV3	ENSG00000091527	True	1.943988875073772
SNRPA	ENSG00000077312	True	1.9425041061680808
FLNB	ENSG00000136068	True	1.9420080530223132
RPS27L		False	1.9420080530223132
MST1	ENSG00000173531	True	1.9420080530223132
CYC1	ENSG00000179091	True	1.9410142437055697
FSCN1	ENSG00000075618	True	1.9400181550076632
PSMD13	ENSG00000185627	True	1.9400181550076632
PSMD14	ENSG00000115233	True	1.9385197251764918
IPO5	ENSG00000065150	True	1.9370161074648142
GPD2	ENSG00000115159	True	1.9355072658247128
ITGA6	ENSG00000091409	True	1.9355072658247128
EIF2S3	ENSG00000130741	True	1.9344984512435677
CTTN	ENSG00000085733	True	1.9339931638312424
NNMT	ENSG00000166741	True	1.932980821923198
SLC3A2	ENSG00000168003	True	1.932980821923198
ENSA	ENSG00000143420	True	1.9319661147281726
SEPTIN9	ENSG00000184640	True	1.9319661147281726
PRH2		False	1.931457870689005
SEPTIN11	ENSG00000138758	True	1.930949031167523
DDT-2		False	1.9304395947667001
CHMP2A	ENSG00000130724	True	1.9289076902439528
LMNB2	ENSG00000176619	True	1.9283958522567137
K7ESF4_HUMAN		False	1.9263424466256551
PIP4K2A	ENSG00000150867	True	1.9253120914996495
F5		False	1.9242792860618816
CRYZ	ENSG00000116791	True	1.9242792860618816
CMPK1	ENSG00000162368	True	1.9232440186302764
CRIP1	ENSG00000213145	True	1.9232440186302764
BRK1		False	1.9232440186302764
FAM49B		False	1.92272545799326
ALOX12	ENSG00000108839	True	1.9222062774390163
GNG5	ENSG00000174021	True	1.9206450014067875
EIF4G1	ENSG00000114867	True	1.9206450014067875
UNC13D	ENSG00000092929	True	1.9206450014067875
TWF2	ENSG00000247596	True	1.919078092376074
FARSA	ENSG00000179115	True	1.9185545305502736
SERPINA10		False	1.9175055095525466
CST5	ENSG00000170367	True	1.9159272116971158
ENSP00000489910		False	1.9159272116971158
HSPA6	ENSG00000173110	True	1.9153998352122699
CPSF6	ENSG00000111605	True	1.9148718175400503
ATP2A2	ENSG00000174437	True	1.9138138523837167
CISD1	ENSG00000122873	True	1.9132839017604184
MYH6	ENSG00000197616	True	1.9132839017604184
PRKAR2B	ENSG00000005249	True	1.912753303671323
BTD	ENSG00000169814	True	1.9111576087399766
EIF3B	ENSG00000106263	True	1.909020854211156
PIP	ENSG00000159763	True	1.909020854211156
TSN	ENSG00000211460	True	1.9079485216122722
DEK	ENSG00000124795	True	1.9057958803678685
SNX3		False	1.9052560487484513
UBE2K	ENSG00000078140	True	1.9030899869919435
RGS10	ENSG00000148908	True	1.9020028913507294
TMPO	ENSG00000120802	True	1.900913067737669
VBP1	ENSG00000155959	True	1.8992731873176039
KRT77	ENSG00000189182	True	1.8992731873176039
EWSR1	ENSG00000182944	True	1.8992731873176039
TNNT2	ENSG00000118194	True	1.8981764834976764
IDH3B	ENSG00000101365	True	1.8981764834976764
CHORDC1	ENSG00000110172	True	1.8976270912904414
GSTK1	ENSG00000197448	True	1.8970770032094204
MCM5	ENSG00000100297	True	1.8970770032094204
DNAJA1	ENSG00000086061	True	1.8965262174895554
ME2	ENSG00000082212	True	1.8965262174895554
MATR3	ENSG00000015479	True	1.8959747323590646
NUCKS1	ENSG00000069275	True	1.8954225460394079
PGAM2	ENSG00000164708	True	1.8954225460394079
TRAP1	ENSG00000126602	True	1.8948696567452525
APMAP	ENSG00000101474	True	1.8948696567452525
HP1BP3	ENSG00000127483	True	1.8948696567452525
COPZ1		False	1.8943160626844384
IQGAP2	ENSG00000145703	True	1.893206753059848
LYPLA1	ENSG00000120992	True	1.893206753059848
CRYGC	ENSG00000163254	True	1.8926510338773004
PSMD3	ENSG00000108344	True	1.8920946026904804
HSD3B1	ENSG00000203857	True	1.8898617212581883
UQCRFS1	ENSG00000169021	True	1.8898617212581883
LSP1	ENSG00000130592	True	1.8898617212581883
RBMX	ENSG00000147274	True	1.8893017025063104
HMGN1	ENSG00000205581	True	1.8893017025063104
CNBP		False	1.8876173003357362
LCAT		False	1.887054378050957
PUF60	ENSG00000179950	True	1.887054378050957
UBE2L5	ENSG00000236444	True	1.887054378050957
DDX17	ENSG00000100201	True	1.8864907251724818
GART	ENSG00000159131	True	1.885926339801431
TXNL1	ENSG00000091164	True	1.885926339801431
PPA2	ENSG00000138777	True	1.885361220031512
POTEJ	ENSG00000222038	True	1.885361220031512
AARS1	ENSG00000090861	True	1.884795363948981
FHOD1	ENSG00000135723	True	1.8842287696326039
LMAN2	ENSG00000169223	True	1.8836614351536176
AIMP1	ENSG00000164022	True	1.8836614351536176
MTCH2	ENSG00000109919	True	1.88309335857569
IGKV2D-29		False	1.8819549713396004
SELENBP1	ENSG00000143416	True	1.8802417758954804
PFDN5	ENSG00000123349	True	1.8796692056320534
RDH11	ENSG00000072042	True	1.8785217955012066
COPA	ENSG00000122218	True	1.8779469516291882
PPP1R7	ENSG00000115685	True	1.8779469516291882
PLP1	ENSG00000123560	True	1.8779469516291882
RARS1	ENSG00000113643	True	1.877371345869774
AHSA1	ENSG00000100591	True	1.8762178405916423
CSK	ENSG00000103653	True	1.8756399370041683
GNB4	ENSG00000114450	True	1.8750612633917
COPG1	ENSG00000181789	True	1.8750612633917
SNRPA1	ENSG00000131876	True	1.8744818176994664
SPINK1	ENSG00000164266	True	1.8733206018153987
ALAD	ENSG00000148218	True	1.8733206018153987
NDUFB10	ENSG00000140990	True	1.8721562727482928
CRYBA4	ENSG00000196431	True	1.8715729355458788
TRIM4	ENSG00000146833	True	1.8709888137605752
ASPH	ENSG00000198363	True	1.8709888137605752
RCC1	ENSG00000180198	True	1.8709888137605752
PFDN2	ENSG00000143256	True	1.8704039052790271
MX1	ENSG00000157601	True	1.8698182079793282
PSMD6	ENSG00000163636	True	1.8698182079793282
FAM3C	ENSG00000196937	True	1.8680563618230415
PFKL	ENSG00000141959	True	1.8674674878590516
PI3	ENSG00000124102	True	1.8668778143374989
BLVRA	ENSG00000106605	True	1.8668778143374989
RAB21	ENSG00000080371	True	1.866287339084195
PSMD2	ENSG00000175166	True	1.8656960599160706
ARL8B	ENSG00000134108	True	1.8645110810583918
ADH1A	ENSG00000187758	True	1.863322860120456
COX5B	ENSG00000135940	True	1.863322860120456
ACP1	ENSG00000143727	True	1.863322860120456
SKAP2	ENSG00000005020	True	1.8627275283179747
H3-4	ENSG00000168148	True	1.8621313793130372
ATP6V1E1	ENSG00000131100	True	1.8609366207000937
SURF4	ENSG00000148248	True	1.8603380065709938
PSIP1	ENSG00000164985	True	1.8597385661971468
ATP1A1	ENSG00000163399	True	1.8591382972945307
ARCN1	ENSG00000095139	True	1.857935264719429
LOC102723407		False	1.8573324964312685
SLC9A3R1	ENSG00000109062	True	1.8555191556678001
PRB1		False	1.8549130223078556
EIF3L	ENSG00000100129	True	1.8549130223078556
SGTA	ENSG00000104969	True	1.8536982117761744
CD81	ENSG00000110651	True	1.8536982117761744
DNAJC8	ENSG00000126698	True	1.8530895298518655
EIF4B	ENSG00000063046	True	1.8524799936368563
LZIC	ENSG00000162441	True	1.8518696007297664
TBXAS1	ENSG00000059377	True	1.8512583487190752
RBM39	ENSG00000131051	True	1.8512583487190752
ALDH1A1	ENSG00000165092	True	1.8506462351830666
LDB3	ENSG00000122367	True	1.8506462351830666
COPB1	ENSG00000129083	True	1.8506462351830666
GNG12	ENSG00000172380	True	1.8494194137968993
SPP2		False	1.8494194137968993
ABI1	ENSG00000136754	True	1.8488047010518038
NNT	ENSG00000112992	True	1.8488047010518038
HSPH1	ENSG00000120694	True	1.8488047010518038
VPS35	ENSG00000069329	True	1.8481891169913987
MPP1	ENSG00000130830	True	1.8469553250198238
IST1	ENSG00000182149	True	1.8469553250198238
EIF1		False	1.8469553250198238
PGAM4	ENSG00000226784	True	1.8457180179666586
OAF	ENSG00000184232	True	1.8457180179666586
NDUFS3	ENSG00000213619	True	1.8457180179666586
DDAH2	ENSG00000213722	True	1.8457180179666586
F11R	ENSG00000158769	True	1.845098040014257
SFXN1	ENSG00000164466	True	1.845098040014257
PPIAL4C	ENSG00000288867	True	1.845098040014257
SF1	ENSG00000168066	True	1.8444771757456815
CST6	ENSG00000175315	True	1.8432327780980093
RAB6A	ENSG00000175582	True	1.8432327780980093
KRT7	ENSG00000135480	True	1.8432327780980093
POR	ENSG00000127948	True	1.841984804590114
TNNI3	ENSG00000129991	True	1.841984804590114
DHX15	ENSG00000109606	True	1.841984804590114
ACOT7	ENSG00000097021	True	1.841359470454855
OTUB1	ENSG00000167770	True	1.8407332346118068
HSD17B1	ENSG00000108786	True	1.8407332346118068
PDAP1	ENSG00000106244	True	1.8401060944567578
OCIAD1	ENSG00000109180	True	1.8394780473741983
PRH1		False	1.8388490907372552
RNASE3	ENSG00000169397	True	1.8369567370595505
PSMC1	ENSG00000100764	True	1.8363241157067516
ISOC1		False	1.8363241157067516
SF3B6	ENSG00000115128	True	1.8350561017201164
EIF3E	ENSG00000104408	True	1.8344207036815325
HNRNPUL2	ENSG00000214753	True	1.8344207036815325
BAG6	ENSG00000204463	True	1.8331471119127851
CD9	ENSG00000010278	True	1.8325089127062364
ICAM1	ENSG00000090339	True	1.8325089127062364
CAVIN3	ENSG00000170955	True	1.8325089127062364
TAGLN3	ENSG00000144834	True	1.8325089127062364
RHOG	ENSG00000177105	True	1.8318697742805017
MCM2	ENSG00000073111	True	1.8312296938670634
PDHA1	ENSG00000131828	True	1.8312296938670634
LCK	ENSG00000182866	True	1.8305886686851442
PAFAH1B2	ENSG00000168092	True	1.829946695941636
CSNK2B	ENSG00000204435	True	1.8293037728310249
ILVBL	ENSG00000105135	True	1.8280150642239767
EIF2S2	ENSG00000125977	True	1.8260748027008264
NANS	ENSG00000095380	True	1.8260748027008264
VAMP8	ENSG00000118640	True	1.825426117767823
FCGR3B		False	1.8247764624755456
CKM	ENSG00000104879	True	1.8247764624755456
RPL10L	ENSG00000165496	True	1.824125833916549
H3BN98_HUMAN		False	1.823474229170301
NDUFA4	ENSG00000189043	True	1.823474229170301
EIF3G	ENSG00000130811	True	1.823474229170301
YBX3	ENSG00000060138	True	1.823474229170301
JUP	ENSG00000173801	True	1.8221680793680175
DCXR	ENSG00000169738	True	1.8215135284047732
LAMTOR2	ENSG00000116586	True	1.8208579894397
EMD	ENSG00000102119	True	1.8208579894397
EHD4	ENSG00000103966	True	1.8208579894397
PSMA8		False	1.8195439355418688
SNRPG	ENSG00000143977	True	1.8188854145940099
SRSF5	ENSG00000100650	True	1.8188854145940099
EFHD2	ENSG00000142634	True	1.8182258936139555
EFTUD2	ENSG00000108883	True	1.8175653695597809
ETF1	ENSG00000120705	True	1.8175653695597809
RSL1D1	ENSG00000171490	True	1.8175653695597809
MPST	ENSG00000128309	True	1.8175653695597809
PPIAL4D	ENSG00000289549	True	1.8155777483242672
PPIAL4E	ENSG00000271567	True	1.8155777483242672
PPIAL4F	ENSG00000279782	True	1.8155777483242672
SRSF10	ENSG00000188529	True	1.8155777483242672
SAE1	ENSG00000142230	True	1.8142475957319202
RGCC	ENSG00000102760	True	1.8129133566428555
PEBP4	ENSG00000134020	True	1.8122446968003694
MYL3	ENSG00000160808	True	1.8122446968003694
BGN	ENSG00000182492	True	1.8115750058705933
TXNDC17	ENSG00000129235	True	1.8109042806687004
MCM7	ENSG00000166508	True	1.8109042806687004
VAMP3		False	1.810232517995084
NENF	ENSG00000117691	True	1.810232517995084
DDB1	ENSG00000167986	True	1.8095597146352678
CASP3	ENSG00000164305	True	1.808885867359812
PDCD6		False	1.808210972924222
KRT75	ENSG00000170454	True	1.8075350280688534
KRT4	ENSG00000170477	True	1.8075350280688534
LYVE1	ENSG00000133800	True	1.8068580295188175
PEA15	ENSG00000162734	True	1.8068580295188175
ATP6V1B2	ENSG00000147416	True	1.806179973983887
C11orf58	ENSG00000110696	True	1.8055008581584002
HIBADH	ENSG00000106049	True	1.8055008581584002
FLNC	ENSG00000128591	True	1.8048206787211623
NDUFAB1	ENSG00000004779	True	1.8048206787211623
MAP4	ENSG00000047849	True	1.8041394323353503
GSTM3	ENSG00000134202	True	1.8034571156484138
APOL2	ENSG00000128335	True	1.801403710017355
RAD23A	ENSG00000179262	True	1.801403710017355
NOP58	ENSG00000055044	True	1.8007170782823851
ALDH18A1	ENSG00000059573	True	1.8007170782823851
CKAP4	ENSG00000136026	True	1.8000293592441343
CPNE3	ENSG00000085719	True	1.8000293592441343
ARF6	ENSG00000165527	True	1.7986506454452689
ACSL1	ENSG00000151726	True	1.7986506454452689
TARDBP	ENSG00000120948	True	1.7986506454452689
BZW1	ENSG00000082153	True	1.7986506454452689
PQBP1	ENSG00000102103	True	1.797959643737196
MS4A1	ENSG00000156738	True	1.7972675408307164
GRPEL1	ENSG00000109519	True	1.7972675408307164
HARS1	ENSG00000170445	True	1.7965743332104296
VSIG8	ENSG00000243284	True	1.7965743332104296
CLPP	ENSG00000125656	True	1.7965743332104296
GSS	ENSG00000100983	True	1.795184589682424
U3KQV3_HUMAN		False	1.7937903846908188
DSP	ENSG00000096696	True	1.7937903846908188
SNCG	ENSG00000173267	True	1.7930916001765802
CYP11A1	ENSG00000140459	True	1.792391689498254
CYP19A1	ENSG00000137869	True	1.792391689498254
TGFB1	ENSG00000105329	True	1.792391689498254
COX7A2		False	1.792391689498254
PPM1G	ENSG00000115241	True	1.7916906490201179
KRTDAP	ENSG00000188508	True	1.7909884750888159
PSMD12	ENSG00000197170	True	1.7909884750888159
GMPR	ENSG00000137198	True	1.7909884750888159
KRT81	ENSG00000205426	True	1.7902851640332418
MCTS1		False	1.7902851640332418
ASAH1	ENSG00000104763	True	1.7895807121644254
LTA4H	ENSG00000111144	True	1.7888751157754168
SUMO3	ENSG00000184900	True	1.787460474518415
HSD17B12	ENSG00000149084	True	1.7867514221455612
HSD3B2	ENSG00000203859	True	1.7860412102425542
DCTN1	ENSG00000204843	True	1.7853298350107671
PSMD1	ENSG00000173692	True	1.7853298350107671
SEPTIN5	ENSG00000184702	True	1.7846172926328754
UBASH3B	ENSG00000154127	True	1.783903579272735
UQCRB	ENSG00000156467	True	1.7831886910752577
TIMM13	ENSG00000099800	True	1.7824726241662863
FN3K	ENSG00000167363	True	1.7824726241662863
KRTAP11-1	ENSG00000182591	True	1.7824726241662863
EIF5	ENSG00000100664	True	1.7817553746524688
DPP3	ENSG00000254986	True	1.7817553746524688
LAMB2	ENSG00000172037	True	1.7817553746524688
TMED2	ENSG00000086598	True	1.7817553746524688
HINT2	ENSG00000137133	True	1.7803173121401512
MZB1	ENSG00000170476	True	1.7803173121401512
PRXL2A	ENSG00000122378	True	1.7803173121401512
ATP1B3	ENSG00000069849	True	1.7788744720027396
AP1M1	ENSG00000072958	True	1.7774268223893113
TRA2B	ENSG00000136527	True	1.7774268223893113
RAP2B		False	1.7767011839884108
ERO1A	ENSG00000197930	True	1.7767011839884108
UCHL3	ENSG00000118939	True	1.7767011839884108
NID1	ENSG00000116962	True	1.7759743311293692
NIPSNAP1	ENSG00000184117	True	1.7745169657285496
PRKDC	ENSG00000253729	True	1.7745169657285496
LTBP1	ENSG00000049323	True	1.7737864449811935
RPA2	ENSG00000117748	True	1.7737864449811935
RCN2	ENSG00000117906	True	1.7737864449811935
PSMB10	ENSG00000205220	True	1.7730546933642626
EIF1B		False	1.7730546933642626
MPIG6B		False	1.7715874808812553
CAPN6		False	1.7715874808812553
MVP	ENSG00000013364	True	1.7715874808812553
UBE2M	ENSG00000130725	True	1.7708520116421442
LYPLA2		False	1.7708520116421442
PDE5A	ENSG00000138735	True	1.7708520116421442
CAB39	ENSG00000135932	True	1.7708520116421442
ABCF1	ENSG00000204574	True	1.7686381012476144
TFF3	ENSG00000160180	True	1.7678976160180906
U2AF1	ENSG00000160201	True	1.7678976160180906
ABCE1	ENSG00000164163	True	1.7664128471123994
CALML5	ENSG00000178372	True	1.7664128471123994
TPD52	ENSG00000076554	True	1.765668554759014
NOP56	ENSG00000101361	True	1.765668554759014
CYB5R1	ENSG00000159348	True	1.765668554759014
CRYBA1	ENSG00000108255	True	1.7649229846498886
ALDH7A1	ENSG00000164904	True	1.7649229846498886
TXNDC12		False	1.7641761323903307
PPIAL4A	ENSG00000263353	True	1.761927838420529
VPS29	ENSG00000111237	True	1.761927838420529
IARS1	ENSG00000196305	True	1.761927838420529
NDUFA2	ENSG00000131495	True	1.7611758131557314
TMED9	ENSG00000184840	True	1.7611758131557314
THY1	ENSG00000154096	True	1.7611758131557314
PPIAL4H	ENSG00000270339	True	1.760422483423212
VASN	ENSG00000168140	True	1.75815462196739
XPNPEP1	ENSG00000108039	True	1.75815462196739
EIF3M	ENSG00000149100	True	1.7566361082458481
PSMB9	ENSG00000240065	True	1.7558748556724915
IGLL1	ENSG00000128322	True	1.7551122663950711
SF3B1	ENSG00000115524	True	1.7551122663950711
DYNLL2		False	1.7551122663950711
TNFAIP8	ENSG00000145779	True	1.7543483357110188
EIF3D	ENSG00000100353	True	1.7543483357110188
COPB2	ENSG00000184432	True	1.7543483357110188
GTF2I	ENSG00000263001	True	1.7543483357110188
CTNND1	ENSG00000198561	True	1.7528164311882715
EIF3K	ENSG00000178982	True	1.7528164311882715
NDUFS5	ENSG00000168653	True	1.7520484478194385
LYN	ENSG00000254087	True	1.7512791039833422
GPD1	ENSG00000167588	True	1.749736315569061
ALDH9A1	ENSG00000143149	True	1.749736315569061
ADIRF	ENSG00000148671	True	1.7489628612561614
EFEMP1	ENSG00000115380	True	1.7466341989375787
SF3B2	ENSG00000087365	True	1.7466341989375787
PSMB8	ENSG00000204264	True	1.745855195173729
LAMTOR1	ENSG00000149357	True	1.7450747915820575
RNASE4		False	1.7450747915820575
CNPY2	ENSG00000257727	True	1.7450747915820575
DDX6	ENSG00000110367	True	1.7442929831226763
RRBP1	ENSG00000125844	True	1.7442929831226763
SPP1	ENSG00000118785	True	1.7435097647284297
DDX21	ENSG00000165732	True	1.7435097647284297
HSPG2	ENSG00000142798	True	1.7427251313046983
HBZ	ENSG00000130656	True	1.7403626894942439
MCM4	ENSG00000104738	True	1.7403626894942439
MFAP4	ENSG00000166482	True	1.7403626894942439
RBM14	ENSG00000239306	True	1.7403626894942439
PFDN4	ENSG00000101132	True	1.7403626894942439
SLC2A1	ENSG00000117394	True	1.739572344450092
PABPC4	ENSG00000090621	True	1.739572344450092
ATP2A3	ENSG00000074370	True	1.7387805584843692
CISD2	ENSG00000145354	True	1.7387805584843692
MCM3	ENSG00000112118	True	1.737987326333431
UROD	ENSG00000126088	True	1.737987326333431
LSM3	ENSG00000170860	True	1.737987326333431
CIRBP		False	1.737987326333431
NDUFV1	ENSG00000167792	True	1.737987326333431
NIT2	ENSG00000114021	True	1.737987326333431
PTPRC	ENSG00000081237	True	1.737987326333431
PITPNB	ENSG00000180957	True	1.7363965022766426
PEPD	ENSG00000124299	True	1.7363965022766426
SRSF9	ENSG00000111786	True	1.7363965022766426
NFKBIE	ENSG00000146232	True	1.7363965022766426
PTPN1	ENSG00000196396	True	1.73559889969818
DMTN	ENSG00000158856	True	1.73559889969818
SF3B5	ENSG00000169976	True	1.73559889969818
PCYOX1	ENSG00000116005	True	1.734799829588847
CCS	ENSG00000173992	True	1.7339992865383869
CAPG	ENSG00000042493	True	1.7339992865383869
NDUFA10	ENSG00000130414	True	1.7331972651065695
DLAT	ENSG00000150768	True	1.7331972651065695
UFD1	ENSG00000070010	True	1.7323937598229686
FABP3	ENSG00000121769	True	1.7315887651867388
TGFBI	ENSG00000120708	True	1.7315887651867388
MAOB	ENSG00000069535	True	1.730782275666389
LIMS2	ENSG00000072163	True	1.730782275666389
SNRNP40	ENSG00000060688	True	1.730782275666389
ECI1	ENSG00000167969	True	1.7299742856995557
GNAI1	ENSG00000127955	True	1.72916478969277
ARHGAP45	ENSG00000180448	True	1.72916478969277
FIS1	ENSG00000214253	True	1.72916478969277
NDUFA8	ENSG00000119421	True	1.7283537820212285
PFKM	ENSG00000152556	True	1.7283537820212285
PCNP	ENSG00000081154	True	1.7267272090265722
GSTM2	ENSG00000213366	True	1.7267272090265722
ENSP00000491073		False	1.7267272090265722
RRAS2	ENSG00000133818	True	1.7259116322950483
SORD	ENSG00000140263	True	1.7259116322950483
PSMD4	ENSG00000159352	True	1.7259116322950483
UBE2D3	ENSG00000109332	True	1.7259116322950483
MAP2K1	ENSG00000169032	True	1.725094521081469
EIF5B	ENSG00000158417	True	1.725094521081469
GLRX5	ENSG00000182512	True	1.725094521081469
VAPB	ENSG00000124164	True	1.724275869600789
VTA1	ENSG00000009844	True	1.7234556720351857
PABPN1	ENSG00000100836	True	1.7226339225338123
EIF4A3	ENSG00000141543	True	1.7226339225338123
PCBP3	ENSG00000183570	True	1.7218106152125465
SF3A3	ENSG00000183431	True	1.7218106152125465
POSTN	ENSG00000133110	True	1.720985744153739
RCC2	ENSG00000179051	True	1.720985744153739
NDUFA9	ENSG00000139180	True	1.7201593034059568
VARS1	ENSG00000204394	True	1.7193312869837267
NAGK	ENSG00000124357	True	1.7185016888672742
FEN1	ENSG00000168496	True	1.7185016888672742
CCDC124	ENSG00000007080	True	1.7168377232995244
SRM	ENSG00000116649	True	1.7160033436347992
PVR	ENSG00000073008	True	1.7151673578484579
MARS1	ENSG00000166986	True	1.714329759745233
MCFD2	ENSG00000180398	True	1.714329759745233
NAPRT	ENSG00000147813	True	1.7134905430939424
CD44	ENSG00000026508	True	1.7134905430939424
FARSB	ENSG00000116120	True	1.7134905430939424
DAZAP1	ENSG00000071626	True	1.7126497016272113
TBCB	ENSG00000105254	True	1.711807229041191
CNDP1	ENSG00000150656	True	1.7109631189952756
LCN1		False	1.7109631189952756
PSAT1	ENSG00000135069	True	1.7101173651118162
M6PR	ENSG00000003056	True	1.7101173651118162
S100A12	ENSG00000163221	True	1.7101173651118162
FAH	ENSG00000103876	True	1.7101173651118162
RAB32	ENSG00000118508	True	1.7101173651118162
LONP1	ENSG00000196365	True	1.7101173651118162
SRP19	ENSG00000153037	True	1.7092699609758308
WASF2	ENSG00000158195	True	1.7084209001347128
CALML3	ENSG00000178363	True	1.7075701760979363
DNAJA2	ENSG00000069345	True	1.7075701760979363
SF3A1	ENSG00000099995	True	1.7075701760979363
CD99	ENSG00000002586	True	1.7067177823367587
FTH1	ENSG00000167996	True	1.7067177823367587
ATL3		False	1.7067177823367587
PMVK	ENSG00000163344	True	1.7058637122839193
NAXE	ENSG00000163382	True	1.705007959333336
TCEA1	ENSG00000187735	True	1.705007959333336
UBE2D2	ENSG00000131508	True	1.705007959333336
ALDH16A1	ENSG00000161618	True	1.7041505168397992
LIPE	ENSG00000079435	True	1.7032913781186614
UQCR10		False	1.7024305364455252
SNRPB2	ENSG00000125870	True	1.7007037171450194
PRRC1	ENSG00000164244	True	1.6998377258672457
TIMM50	ENSG00000105197	True	1.6989700043360187
MESD	ENSG00000117899	True	1.69810054562339
SF3B3	ENSG00000189091	True	1.69810054562339
CNN3	ENSG00000117519	True	1.6972293427597176
PDLIM5	ENSG00000163110	True	1.6963563887333322
COLEC11	ENSG00000118004	True	1.6954816764901974
RPS29	ENSG00000213741	True	1.6946051989335686
F8W031_HUMAN		False	1.6946051989335686
NSFL1C	ENSG00000088833	True	1.6946051989335686
PAK2	ENSG00000180370	True	1.69284691927723
EXTL3	ENSG00000012232	True	1.69284691927723
OSTF1	ENSG00000134996	True	1.6919651027673603
PGM2	ENSG00000169299	True	1.6919651027673603
NDUFS6	ENSG00000145494	True	1.6919651027673603
SAR1B	ENSG00000152700	True	1.6910814921229684
PDLIM7	ENSG00000196923	True	1.6910814921229684
RPL28	ENSG00000108107	True	1.6901960800285136
BCLAF1	ENSG00000029363	True	1.6884198220027107
CTPS1	ENSG00000171793	True	1.6866362692622934
MCCC2	ENSG00000131844	True	1.6848453616444126
CCL16		False	1.6848453616444126
PACSIN2	ENSG00000100266	True	1.6848453616444126
STAT3	ENSG00000168610	True	1.6839471307515121
SCAMP3		False	1.6839471307515121
TMX1	ENSG00000139921	True	1.6830470382388496
HNRNPUL1	ENSG00000105323	True	1.6830470382388496
PCOLCE	ENSG00000106333	True	1.6821450763738317
TNPO1	ENSG00000083312	True	1.6821450763738317
ACOX1	ENSG00000161533	True	1.678518379040114
MYH14	ENSG00000105357	True	1.677606952720493
TIMP2	ENSG00000035862	True	1.6766936096248666
TLN2	ENSG00000171914	True	1.6766936096248666
TPP1	ENSG00000166340	True	1.675778341674085
ACO1	ENSG00000122729	True	1.6748611407378116
GM2A	ENSG00000196743	True	1.6748611407378116
METTL7A		False	1.6739419986340878
COPS4	ENSG00000138663	True	1.6739419986340878
EIF3J	ENSG00000104131	True	1.6730209071288962
SAMM50	ENSG00000100347	True	1.6730209071288962
SCGB1A1	ENSG00000149021	True	1.6730209071288962
EPHX1	ENSG00000143819	True	1.6730209071288962
RANGAP1	ENSG00000100401	True	1.6720978579357175
SPARCL1	ENSG00000152583	True	1.6711728427150832
JPT2	ENSG00000206053	True	1.6711728427150832
PRKACB	ENSG00000142875	True	1.670245853074124
AMY1B	ENSG00000174876	True	1.6693168805661123
AMY1C	ENSG00000187733	True	1.6693168805661123
AMY1A	ENSG00000237763	True	1.6693168805661123
ROCK2	ENSG00000134318	True	1.6683859166900001
NDUFS8	ENSG00000110717	True	1.6683859166900001
PRPSAP2	ENSG00000141127	True	1.667452952889954
NSF	ENSG00000073969	True	1.667452952889954
UBXN1	ENSG00000162191	True	1.667452952889954
COL1A1	ENSG00000108821	True	1.667452952889954
STK24	ENSG00000102572	True	1.6665179805548809
AIMP2	ENSG00000106305	True	1.6665179805548809
MCM6	ENSG00000076003	True	1.6665179805548809
TOP1	ENSG00000198900	True	1.665580991017953
CCAR2	ENSG00000158941	True	1.665580991017953
SAFB	ENSG00000160633	True	1.6646419755561255
PURA		False	1.6646419755561255
SRSF11	ENSG00000116754	True	1.6646419755561255
TAF15	ENSG00000270647	True	1.662757831681574
RRAS	ENSG00000126458	True	1.6618126855372612
EIF3H	ENSG00000147677	True	1.6618126855372612
GATD3A		False	1.6618126855372612
DPY30	ENSG00000162961	True	1.6618126855372612
CBR3	ENSG00000159231	True	1.6608654780038692
NBL1	ENSG00000158747	True	1.6608654780038692
LAMC1	ENSG00000135862	True	1.6608654780038692
TOMM70	ENSG00000154174	True	1.6608654780038692
MYDGF	ENSG00000074842	True	1.6608654780038692
HSPE1-MOB4	ENSG00000270757	True	1.6608654780038692
GLRX3	ENSG00000108010	True	1.6608654780038692
ATP6V1G1	ENSG00000136888	True	1.6599162000698502
ARPC5L	ENSG00000136950	True	1.6599162000698502
USP5	ENSG00000111667	True	1.658964842664435
LSM8	ENSG00000128534	True	1.658964842664435
IGHV3-43D		False	1.6580113966571124
PIGR	ENSG00000162896	True	1.6580113966571124
HDLBP	ENSG00000115677	True	1.657055852857104
RPL36A-HNRNPH2		False	1.657055852857104
ACTN3	ENSG00000248746	True	1.657055852857104
PPP2CA	ENSG00000113575	True	1.6560982020128319
DDTL	ENSG00000099974	True	1.6541765418779606
ITPA	ENSG00000125877	True	1.6541765418779606
AP2A1	ENSG00000196961	True	1.6541765418779606
QARS1	ENSG00000172053	True	1.6541765418779606
BLMH	ENSG00000108578	True	1.6541765418779606
PAFAH1B1	ENSG00000007168	True	1.6541765418779606
CRABP2	ENSG00000143320	True	1.6532125137753437
UGGT1	ENSG00000136731	True	1.6522463410033232
PARVA	ENSG00000197702	True	1.6522463410033232
RAC3	ENSG00000169750	True	1.651278013998144
CHGA	ENSG00000100604	True	1.651278013998144
CYFIP1	ENSG00000273749	True	1.651278013998144
PPP2CB	ENSG00000104695	True	1.6503075231319364
E5RI56_HUMAN		False	1.6503075231319364
PTGS1	ENSG00000095303	True	1.6503075231319364
AK4	ENSG00000162433	True	1.6503075231319364
HMGCL	ENSG00000117305	True	1.6483600109809315
EEF1E1	ENSG00000124802	True	1.6483600109809315
SQOR	ENSG00000137767	True	1.6483600109809315
NEXN	ENSG00000162614	True	1.6483600109809315
CES1	ENSG00000198848	True	1.6473829701146199
WDR61		False	1.6473829701146199
C2orf88	ENSG00000187699	True	1.6464037262230695
CRK	ENSG00000167193	True	1.6464037262230695
SF3A2	ENSG00000104897	True	1.6464037262230695
USO1	ENSG00000138768	True	1.6454222693490919
CLNS1A	ENSG00000074201	True	1.6454222693490919
LAMP1	ENSG00000185896	True	1.6454222693490919
CAMK2D	ENSG00000145349	True	1.6444385894678386
KLK3	ENSG00000142515	True	1.6444385894678386
KIF5B	ENSG00000170759	True	1.6434526764861874
RAB8B		False	1.6434526764861874
UBE2V2		False	1.6424645202421213
LEP	ENSG00000174697	True	1.6424645202421213
IMPA1	ENSG00000133731	True	1.6424645202421213
YES1	ENSG00000176105	True	1.6414741105040995
GFAP	ENSG00000131095	True	1.6414741105040995
GAR1	ENSG00000109534	True	1.640481436970422
ESAM	ENSG00000149564	True	1.640481436970422
DNM2	ENSG00000079805	True	1.639486489268586
ALDH6A1	ENSG00000119711	True	1.639486489268586
ADRM1	ENSG00000130706	True	1.6384892569546374
RPS10-NUDT3	ENSG00000270800	True	1.6384892569546374
ACTR1B		False	1.6384892569546374
RAB35	ENSG00000111737	True	1.6384892569546374
MBP	ENSG00000197971	True	1.6374897295125106
IFI30	ENSG00000216490	True	1.6374897295125106
DKC1	ENSG00000130826	True	1.6374897295125106
SNRPC	ENSG00000124562	True	1.6364878963533653
RALA	ENSG00000006451	True	1.6364878963533653
CLTB	ENSG00000175416	True	1.6364878963533653
SNX6	ENSG00000129515	True	1.6364878963533653
S100A7	ENSG00000143556	True	1.6354837468149122
RAB18	ENSG00000099246	True	1.6354837468149122
HIBCH	ENSG00000198130	True	1.6354837468149122
CTNNA1	ENSG00000044115	True	1.6354837468149122
PSMD10	ENSG00000101843	True	1.6344772701607315
CBX5	ENSG00000094916	True	1.6344772701607315
HTN1	ENSG00000126550	True	1.6344772701607315
SDHB	ENSG00000117118	True	1.6334684555795864
RHOB		False	1.6324572921847242
FHL2	ENSG00000115641	True	1.6324572921847242
RASA3	ENSG00000185989	True	1.6324572921847242
TIMM9	ENSG00000100575	True	1.6324572921847242
SLC25A31	ENSG00000151475	True	1.631443769013172
G3BP2	ENSG00000138757	True	1.631443769013172
KRT33B	ENSG00000131738	True	1.6304278750250238
HLA-DRB1	ENSG00000196126	True	1.6294095991027189
MGST1	ENSG00000008394	True	1.6294095991027189
NPLOC4	ENSG00000182446	True	1.6294095991027189
UBA7	ENSG00000182179	True	1.6294095991027189
DRG1	ENSG00000185721	True	1.6273658565927327
QDPR	ENSG00000151552	True	1.6273658565927327
IPO7	ENSG00000205339	True	1.6253124509616739
MT-ND1	ENSG00000198888	True	1.6242820958356683
RPS4Y1	ENSG00000129824	True	1.6232492903979006
IER3IP1	ENSG00000134049	True	1.6232492903979006
SNRNP200	ENSG00000144028	True	1.6222140229662954
TIPRL	ENSG00000143155	True	1.6222140229662954
NT5C	ENSG00000125458	True	1.6211762817750353
PRKACA	ENSG00000072062	True	1.6201360549737576
SH3GL1	ENSG00000141985	True	1.6201360549737576
COL1A2	ENSG00000164692	True	1.6190933306267428
THRAP3	ENSG00000054118	True	1.6180480967120927
PYM1	ENSG00000170473	True	1.6180480967120927
AKR1C1	ENSG00000187134	True	1.6180480967120927
SCFD1	ENSG00000092108	True	1.6170003411208989
AP1G1	ENSG00000166747	True	1.6170003411208989
TGFB1I1	ENSG00000140682	True	1.6170003411208989
OGDH	ENSG00000105953	True	1.6170003411208989
TMEM109	ENSG00000110108	True	1.615950051656401
U2AF1L5		False	1.615950051656401
SUMO1	ENSG00000116030	True	1.615950051656401
COMP		False	1.6148972160331345
NHP2	ENSG00000145912	True	1.6148972160331345
DYNC1I2	ENSG00000077380	True	1.6138418218760693
F8VP50_HUMAN		False	1.6138418218760693
CHMP5	ENSG00000086065	True	1.6138418218760693
TFAM	ENSG00000108064	True	1.6138418218760693
MTAP	ENSG00000099810	True	1.6138418218760693
EIF4EBP1	ENSG00000187840	True	1.6127838567197355
LARS1	ENSG00000133706	True	1.6117233080073419
LRRC47	ENSG00000130764	True	1.6117233080073419
NSUN2	ENSG00000037474	True	1.6117233080073419
PSPC1	ENSG00000121390	True	1.6117233080073419
PPP2R1B	ENSG00000137713	True	1.6117233080073419
BUD31	ENSG00000106245	True	1.6117233080073419
KRT83	ENSG00000170523	True	1.6117233080073419
RAB5B	ENSG00000111540	True	1.61066016308988
WDR77	ENSG00000116455	True	1.61066016308988
UPF1	ENSG00000005007	True	1.6095944092252201
SLURP1	ENSG00000126233	True	1.6095944092252201
ADD1	ENSG00000087274	True	1.6095944092252201
RECQL	ENSG00000004700	True	1.608526033577194
NUP62	ENSG00000213024	True	1.608526033577194
KRT15	ENSG00000171346	True	1.608526033577194
LY6G6F	ENSG00000204424	True	1.608526033577194
ACOT13	ENSG00000112304	True	1.608526033577194
GNAZ	ENSG00000128266	True	1.6074550232146685
SRRT	ENSG00000087087	True	1.6074550232146685
RIDA	ENSG00000132541	True	1.6074550232146685
HDHD2	ENSG00000167220	True	1.6074550232146685
CNN1	ENSG00000130176	True	1.6074550232146685
APP	ENSG00000142192	True	1.606381365110605
PPIH	ENSG00000171960	True	1.6053050461411094
SPCS2	ENSG00000118363	True	1.6053050461411094
QSOX1		False	1.6053050461411094
RBMXL1	ENSG00000213516	True	1.6053050461411094
ADSL	ENSG00000239900	True	1.6053050461411094
PHPT1	ENSG00000054148	True	1.6053050461411094
PHF5A	ENSG00000100410	True	1.60422605308447
CPS1	ENSG00000021826	True	1.6031443726201824
TXNRD1	ENSG00000198431	True	1.6031443726201824
ADK	ENSG00000156110	True	1.6031443726201824
CTBS	ENSG00000117151	True	1.6031443726201824
LRRFIP2	ENSG00000093167	True	1.6020599913279623
DYNC1H1	ENSG00000197102	True	1.6009728956867482
RAP1GDS1	ENSG00000138698	True	1.6009728956867482
RALB	ENSG00000144118	True	1.5998830720736879
DENR	ENSG00000139726	True	1.5998830720736879
ASS1	ENSG00000130707	True	1.5998830720736879
BPIFA2	ENSG00000131050	True	1.5998830720736879
CCL15		False	1.5998830720736879
SPCS3	ENSG00000129128	True	1.5987905067631152
KRAS	ENSG00000133703	True	1.5987905067631152
OAT	ENSG00000065154	True	1.5987905067631152
ABHD10	ENSG00000144827	True	1.5976951859255124
MRPS23	ENSG00000181610	True	1.5976951859255124
FAM162A	ENSG00000114023	True	1.5965970956264601
FAM136A	ENSG00000035141	True	1.5965970956264601
CKMT1B	ENSG00000237289	True	1.5965970956264601
CKMT1A	ENSG00000223572	True	1.5965970956264601
UNC45A	ENSG00000140553	True	1.5954962218255742
PRKCB	ENSG00000166501	True	1.5954962218255742
CTSH	ENSG00000103811	True	1.5954962218255742
SEC31A	ENSG00000138674	True	1.5943925503754266
CA13	ENSG00000185015	True	1.5943925503754266
ISOC2	ENSG00000063241	True	1.5943925503754266
IFI16	ENSG00000163565	True	1.5932860670204574
DPT		False	1.5921767573958667
TKFC	ENSG00000149476	True	1.5921767573958667
RFTN1	ENSG00000131378	True	1.5921767573958667
ATP5MD		False	1.591064607026499
IVD	ENSG00000128928	True	1.591064607026499
ARL8A	ENSG00000143862	True	1.5899496013257077
ATXN10	ENSG00000130638	True	1.5899496013257077
FKBP5	ENSG00000096060	True	1.5888317255942073
CHMP4B	ENSG00000101421	True	1.5888317255942073
ATP1A3	ENSG00000105409	True	1.5888317255942073
ACAA1	ENSG00000060971	True	1.5888317255942073
BPNT1	ENSG00000162813	True	1.5877109650189114
EMILIN1	ENSG00000138080	True	1.5877109650189114
CD4	ENSG00000010610	True	1.5877109650189114
GMFB	ENSG00000197045	True	1.5877109650189114
AP2M1	ENSG00000161203	True	1.586587304671755
LGALS7B	ENSG00000178934	True	1.5854607295085006
LGALS7	ENSG00000205076	True	1.5854607295085006
ABHD11	ENSG00000106077	True	1.5854607295085006
TPP2	ENSG00000134900	True	1.5843312243675307
PMPCA	ENSG00000165688	True	1.5843312243675307
SSRP1	ENSG00000149136	True	1.5843312243675307
SUCLG2	ENSG00000172340	True	1.5843312243675307
PPCS	ENSG00000127125	True	1.5831987739686226
BZW2	ENSG00000136261	True	1.5831987739686226
FLII	ENSG00000177731	True	1.5831987739686226
LANCL1	ENSG00000115365	True	1.5820633629117087
KRT27	ENSG00000171446	True	1.5820633629117087
EIF2B1	ENSG00000111361	True	1.5809249756756194
NDUFV2	ENSG00000178127	True	1.5809249756756194
PABPC3	ENSG00000151846	True	1.5809249756756194
MAVS	ENSG00000088888	True	1.5797835966168101
PRPF8	ENSG00000174231	True	1.5797835966168101
SUPT16H	ENSG00000092201	True	1.5786392099680724
SUGT1	ENSG00000165416	True	1.5774917998372253
KTN1	ENSG00000126777	True	1.5774917998372253
LAMTOR3	ENSG00000109270	True	1.5763413502057928
FCGR3A	ENSG00000203747	True	1.5763413502057928
GMPS		False	1.5763413502057928
RAB37		False	1.575187844927661
SRSF6	ENSG00000124193	True	1.575187844927661
PLP2	ENSG00000102007	True	1.575187844927661
PDCD4	ENSG00000150593	True	1.575187844927661
EPB41L2	ENSG00000079819	True	1.5740312677277188
DHRS7	ENSG00000100612	True	1.5740312677277188
NIPSNAP2	ENSG00000146729	True	1.5740312677277188
RPA1	ENSG00000132383	True	1.5740312677277188
ALDH3A2	ENSG00000072210	True	1.5740312677277188
RCN1	ENSG00000049449	True	1.57287160220048
PRPS2	ENSG00000101911	True	1.57287160220048
GATM	ENSG00000171766	True	1.57287160220048
CLINT1	ENSG00000113282	True	1.57287160220048
DTYMK	ENSG00000168393	True	1.5717088318086876
C7orf50	ENSG00000146540	True	1.5705429398818975
MT-ATP6		False	1.5705429398818975
GPS1		False	1.5693739096150459
SRRM1	ENSG00000133226	True	1.5693739096150459
CTSL	ENSG00000135047	True	1.5693739096150459
PRMT5	ENSG00000100462	True	1.5693739096150459
FYB1	ENSG00000082074	True	1.5693739096150459
PRKAR2A	ENSG00000114302	True	1.568201724066995
PYCR1	ENSG00000183010	True	1.568201724066995
CDH5	ENSG00000179776	True	1.568201724066995
KRT35	ENSG00000197079	True	1.568201724066995
LBP	ENSG00000129988	True	1.5670263661590604
PLPBP	ENSG00000147471	True	1.5658478186735176
AHNAK	ENSG00000124942	True	1.5658478186735176
NTPCR	ENSG00000135778	True	1.5646660642520893
MOGS	ENSG00000115275	True	1.5646660642520893
SARNP	ENSG00000205323	True	1.5646660642520893
CBFB	ENSG00000067955	True	1.5634810853944108
KRT31	ENSG00000094796	True	1.5634810853944108
GH1	ENSG00000259384	True	1.5634810853944108
RDH13	ENSG00000160439	True	1.5622928644564746
MMP9	ENSG00000100985	True	1.5622928644564746
MAP2K2	ENSG00000126934	True	1.561101383649056
ALCAM	ENSG00000170017	True	1.561101383649056
SUCLA2	ENSG00000136143	True	1.5599066250361124
SRPRB	ENSG00000144867	True	1.5587085705331658
HPCAL1	ENSG00000115756	True	1.5587085705331658
GET3	ENSG00000198356	True	1.557507201905658
PEF1		False	1.557507201905658
GRN	ENSG00000030582	True	1.557507201905658
AIP	ENSG00000110711	True	1.5563025007672873
LEAP2		False	1.5563025007672873
GFPT1		False	1.5563025007672873
CKAP5	ENSG00000175216	True	1.5563025007672873
SNCB	ENSG00000074317	True	1.5550944485783191
SUMO4	ENSG00000177688	True	1.5550944485783191
PFN2	ENSG00000070087	True	1.5538830266438743
TMEM256		False	1.5538830266438743
SLC25A12	ENSG00000115840	True	1.5526682161121932
PTRH2	ENSG00000141378	True	1.5526682161121932
PRPF31	ENSG00000105618	True	1.5526682161121932
RFC4	ENSG00000163918	True	1.5526682161121932
AGR2	ENSG00000106541	True	1.551449997972875
GLUD2	ENSG00000182890	True	1.551449997972875
APEH	ENSG00000164062	True	1.551449997972875
CCDC126	ENSG00000169193	True	1.550228353055094
CDK5RAP3	ENSG00000108465	True	1.550228353055094
UGDH	ENSG00000109814	True	1.5490032620257879
COPS7A	ENSG00000111652	True	1.5490032620257879
PBDC1	ENSG00000102390	True	1.5490032620257879
GNA13	ENSG00000120063	True	1.5477747053878226
CEACAM6	ENSG00000086548	True	1.5477747053878226
LUC7L2	ENSG00000146963	True	1.5477747053878226
CKMT2	ENSG00000131730	True	1.5477747053878226
MRPL11	ENSG00000174547	True	1.5477747053878226
LETM1	ENSG00000168924	True	1.546542663478131
PSMD9	ENSG00000110801	True	1.546542663478131
OCIAD2	ENSG00000145247	True	1.546542663478131
SNX2	ENSG00000205302	True	1.545307116465824
TUBAL3	ENSG00000178462	True	1.545307116465824
PIN4	ENSG00000102309	True	1.545307116465824
NUMA1	ENSG00000137497	True	1.5440680443502757
ACTL6A	ENSG00000136518	True	1.54282542695918
PRB2		False	1.54282542695918
TECR	ENSG00000099797	True	1.54282542695918
ADH4	ENSG00000198099	True	1.54282542695918
EIF4G2	ENSG00000110321	True	1.54282542695918
PICALM	ENSG00000073921	True	1.541579243946581
DDX3Y	ENSG00000067048	True	1.541579243946581
HDAC1	ENSG00000116478	True	1.541579243946581
MYBPC3	ENSG00000134571	True	1.541579243946581
CTNNB1	ENSG00000168036	True	1.541579243946581
DCTPP1	ENSG00000179958	True	1.541579243946581
CPT2	ENSG00000157184	True	1.5403294747908738
TMCO1	ENSG00000143183	True	1.5403294747908738
SDF4	ENSG00000078808	True	1.5403294747908738
UBAP2L	ENSG00000143569	True	1.5403294747908738
ADSS2	ENSG00000035687	True	1.5403294747908738
COPS2	ENSG00000166200	True	1.5403294747908738
TST	ENSG00000128311	True	1.5390760987927767
LYAR	ENSG00000145220	True	1.5390760987927767
DCTN3	ENSG00000137100	True	1.5390760987927767
TSNAX	ENSG00000116918	True	1.5390760987927767
SLC16A1	ENSG00000155380	True	1.5378190950732742
PFDN1	ENSG00000113068	True	1.5378190950732742
FDXR	ENSG00000161513	True	1.5378190950732742
MFAP5	ENSG00000197614	True	1.5378190950732742
ATP6V1F	ENSG00000128524	True	1.5365584425715302
ZC3H15	ENSG00000065548	True	1.5365584425715302
METAP1	ENSG00000164024	True	1.5365584425715302
CRLF3	ENSG00000176390	True	1.5365584425715302
TFPI	ENSG00000003436	True	1.5352941200427705
MYL2	ENSG00000111245	True	1.5352941200427705
MAGED2	ENSG00000102316	True	1.534026106056135
PSMD5	ENSG00000095261	True	1.534026106056135
ARL3	ENSG00000138175	True	1.534026106056135
MRPL12	ENSG00000262814	True	1.5327543789924978
PPP1R11	ENSG00000204619	True	1.5327543789924978
BCAT2	ENSG00000105552	True	1.5327543789924978
SPCS1	ENSG00000114902	True	1.5327543789924978
POLR2E	ENSG00000099817	True	1.5314789170422551
SBDS	ENSG00000126524	True	1.5314789170422551
ERAP1	ENSG00000164307	True	1.5314789170422551
MCU	ENSG00000156026	True	1.530199698203082
FLOT2	ENSG00000132589	True	1.530199698203082
UFM1	ENSG00000120686	True	1.5289167002776547
MTHFD2	ENSG00000065911	True	1.5289167002776547
CPOX		False	1.5276299008713388
SPTB	ENSG00000070182	True	1.5276299008713388
PNO1		False	1.5276299008713388
HMGN4		False	1.5276299008713388
MYOZ2	ENSG00000172399	True	1.526339277389844
SRL	ENSG00000185739	True	1.526339277389844
SRP72	ENSG00000174780	True	1.526339277389844
PRPS1	ENSG00000147224	True	1.526339277389844
DDRGK1	ENSG00000198171	True	1.526339277389844
GYPC	ENSG00000136732	True	1.526339277389844
EIF2AK2	ENSG00000055332	True	1.5250448070368452
API5	ENSG00000166181	True	1.5250448070368452
HDAC2	ENSG00000196591	True	1.5250448070368452
MYADM		False	1.5250448070368452
AMY2A	ENSG00000243480	True	1.5237464668115646
AMY2B	ENSG00000240038	True	1.5224442335063197
CCDC86	ENSG00000110104	True	1.5211380837040362
TYMS	ENSG00000176890	True	1.5211380837040362
DYNC1LI1	ENSG00000144635	True	1.5211380837040362
S100B	ENSG00000160307	True	1.5211380837040362
RASGRP2	ENSG00000068831	True	1.5198279937757189
H3-2		False	1.5198279937757189
EPB41	ENSG00000159023	True	1.5198279937757189
TPR	ENSG00000047410	True	1.5198279937757189
CDA	ENSG00000158825	True	1.5185139398778875
CLTCL1	ENSG00000070371	True	1.5185139398778875
MASP1	ENSG00000127241	True	1.5185139398778875
ALDH4A1	ENSG00000159423	True	1.5171958979499742
PPP1R14A	ENSG00000167641	True	1.5171958979499742
ARL6IP1	ENSG00000170540	True	1.515873843711679
PFAS	ENSG00000178921	True	1.5145477526602862
JAM3	ENSG00000166086	True	1.5145477526602862
SEC23A	ENSG00000100934	True	1.5145477526602862
NDRG1	ENSG00000104419	True	1.513217600067939
IGF2BP3	ENSG00000136231	True	1.513217600067939
NDUFB11	ENSG00000147123	True	1.513217600067939
TTLL12	ENSG00000100304	True	1.513217600067939
PRKCA	ENSG00000154229	True	1.513217600067939
UBE2V1		False	1.513217600067939
RAVER1	ENSG00000161847	True	1.5118833609788744
SRP68	ENSG00000167881	True	1.5118833609788744
TFG	ENSG00000114354	True	1.5118833609788744
ARL1	ENSG00000120805	True	1.5118833609788744
CSNK2A1	ENSG00000101266	True	1.510545010206612
HAT1	ENSG00000128708	True	1.510545010206612
KRT79	ENSG00000185640	True	1.510545010206612
GMPPB	ENSG00000173540	True	1.510545010206612
GLUL	ENSG00000135821	True	1.510545010206612
PCK2	ENSG00000100889	True	1.5092025223311027
TMEM205	ENSG00000105518	True	1.5092025223311027
LSM7	ENSG00000130332	True	1.5092025223311027
NAA10	ENSG00000102030	True	1.5092025223311027
SEC13	ENSG00000157020	True	1.5092025223311027
NAA50	ENSG00000121579	True	1.5092025223311027
RAD50	ENSG00000113522	True	1.507855871695831
L7N2F9_HUMAN		False	1.506505032404872
DBH	ENSG00000123454	True	1.506505032404872
GSPT1	ENSG00000103342	True	1.506505032404872
COPS8	ENSG00000198612	True	1.505149978319906
BTK	ENSG00000010671	True	1.505149978319906
MAT2B	ENSG00000038274	True	1.505149978319906
PPM1F	ENSG00000100034	True	1.505149978319906
FNBP1	ENSG00000187239	True	1.505149978319906
STIM1	ENSG00000167323	True	1.503790683057181
ASNS	ENSG00000070669	True	1.5024271199844328
MYCT1		False	1.5024271199844328
CTSA	ENSG00000064601	True	1.5024271199844328
SSR1	ENSG00000124783	True	1.5024271199844328
MRPS31	ENSG00000102738	True	1.5024271199844328
TMEM33	ENSG00000109133	True	1.5024271199844328
UFC1	ENSG00000143222	True	1.5024271199844328
SCP2	ENSG00000116171	True	1.5024271199844328
TOLLIP	ENSG00000078902	True	1.5010592622177514
PSMD8	ENSG00000099341	True	1.5010592622177514
NCAM1	ENSG00000149294	True	1.5010592622177514
TMEM43	ENSG00000170876	True	1.5010592622177514
PROCR	ENSG00000101000	True	1.5010592622177514
GOLPH3	ENSG00000113384	True	1.5010592622177514
UQCRQ	ENSG00000164405	True	1.5010592622177514
CSNK2A2		False	1.4996870826184039
CAPN2	ENSG00000162909	True	1.4983105537896004
NQO1	ENSG00000181019	True	1.4983105537896004
CCDC47	ENSG00000108588	True	1.4983105537896004
ENOPH1	ENSG00000145293	True	1.4983105537896004
SPC24	ENSG00000161888	True	1.4969296480732148
HRNR	ENSG00000197915	True	1.4969296480732148
BDH1	ENSG00000161267	True	1.4955443375464486
CHCHD2	ENSG00000106153	True	1.4955443375464486
GPLD1	ENSG00000112293	True	1.4955443375464486
ENDOD1	ENSG00000149218	True	1.4955443375464486
FUBP3	ENSG00000107164	True	1.4955443375464486
STXBP1	ENSG00000136854	True	1.4955443375464486
ENY2	ENSG00000120533	True	1.4941545940184429
EPX	ENSG00000121053	True	1.4941545940184429
NDUFS2	ENSG00000158864	True	1.4927603890268375
NUCB2	ENSG00000070081	True	1.4913616938342726
UMPS	ENSG00000114491	True	1.4913616938342726
EVL	ENSG00000196405	True	1.4913616938342726
BAG2	ENSG00000112208	True	1.4913616938342726
ISYNA1	ENSG00000105655	True	1.4913616938342726
NID2	ENSG00000087303	True	1.4913616938342726
K7ERQ8_HUMAN		False	1.4899584794248346
RBM25	ENSG00000119707	True	1.4899584794248346
HSD17B2	ENSG00000086696	True	1.4899584794248346
SNX12	ENSG00000147164	True	1.4899584794248346
TTN	ENSG00000155657	True	1.4899584794248346
HRAS	ENSG00000174775	True	1.4885507165004443
AKR1C2	ENSG00000151632	True	1.4871383754771865
GNG7	ENSG00000176533	True	1.4871383754771865
DAD1	ENSG00000129562	True	1.4871383754771865
MAPK14	ENSG00000112062	True	1.4871383754771865
COX17	ENSG00000138495	True	1.4871383754771865
GCLM	ENSG00000023909	True	1.4857214264815801
DPM1	ENSG00000000419	True	1.4857214264815801
CTSS	ENSG00000163131	True	1.4857214264815801
TMED4	ENSG00000158604	True	1.4857214264815801
VAMP2		False	1.4842998393467859
ATXN2L	ENSG00000168488	True	1.4842998393467859
H3-5	ENSG00000188375	True	1.4828735836087537
RAB5A	ENSG00000144566	True	1.4828735836087537
MAGOH	ENSG00000162385	True	1.4828735836087537
MRTO4	ENSG00000053372	True	1.4828735836087537
GORASP2	ENSG00000115806	True	1.4828735836087537
SLC25A1		False	1.4828735836087537
WBP2	ENSG00000132471	True	1.481442628502305
PTGES2	ENSG00000148334	True	1.481442628502305
PPM1A	ENSG00000100614	True	1.4800069429571505
SLPI	ENSG00000124107	True	1.4800069429571505
CHTOP	ENSG00000160679	True	1.4800069429571505
ECI2	ENSG00000198721	True	1.4800069429571505
HACD3	ENSG00000074696	True	1.4785664955938433
NDUFB9	ENSG00000147684	True	1.4785664955938433
ACAD9	ENSG00000177646	True	1.4785664955938433
PDE12	ENSG00000174840	True	1.4785664955938433
SCRN1	ENSG00000136193	True	1.4785664955938433
PITPNA	ENSG00000174238	True	1.4785664955938433
RNPEP	ENSG00000176393	True	1.4771212547196624
HPSE		False	1.4771212547196624
NDRG2	ENSG00000165795	True	1.4771212547196624
ETFDH	ENSG00000171503	True	1.4771212547196624
AASDHPPT	ENSG00000149313	True	1.4771212547196624
STX12	ENSG00000117758	True	1.4756711883244296
TRAPPC3	ENSG00000054116	True	1.4756711883244296
MSMB	ENSG00000263639	True	1.4756711883244296
SEC61A1		False	1.4742162640762553
SMC4	ENSG00000113810	True	1.4742162640762553
RFC5	ENSG00000111445	True	1.4742162640762553
NUCB1	ENSG00000104805	True	1.4727564493172123
ACADSB	ENSG00000196177	True	1.4712917110589385
GNAS	ENSG00000087460	True	1.4712917110589385
COPS3	ENSG00000141030	True	1.4712917110589385
PPP1R12A	ENSG00000058272	True	1.469822015978163
KRT33A	ENSG00000006059	True	1.469822015978163
RNPS1	ENSG00000205937	True	1.469822015978163
VPS4B	ENSG00000119541	True	1.469822015978163
ATP6V0D1	ENSG00000159720	True	1.4683473304121573
CD3E	ENSG00000198851	True	1.4683473304121573
HMOX2	ENSG00000103415	True	1.4683473304121573
ETHE1	ENSG00000105755	True	1.4683473304121573
PECAM1	ENSG00000261371	True	1.4683473304121573
FNTA	ENSG00000168522	True	1.4668676203541096
SLC1A5	ENSG00000105281	True	1.4668676203541096
TES	ENSG00000135269	True	1.4668676203541096
SEC11A		False	1.4653828514484182
MRPL53	ENSG00000204822	True	1.4653828514484182
GSTM1	ENSG00000134184	True	1.4653828514484182
EIF1AX	ENSG00000173674	True	1.4638929889859074
DPP7	ENSG00000176978	True	1.4638929889859074
IGF2BP1	ENSG00000159217	True	1.4638929889859074
PRG2	ENSG00000186652	True	1.4638929889859074
LDHAL6A		False	1.4638929889859074
GBE1	ENSG00000114480	True	1.462397997898956
COPS5	ENSG00000121022	True	1.462397997898956
UBE2O	ENSG00000175931	True	1.462397997898956
CZIB	ENSG00000162384	True	1.462397997898956
NRAS	ENSG00000213281	True	1.462397997898956
TRMT112	ENSG00000173113	True	1.462397997898956
MAGOHB	ENSG00000111196	True	1.4608978427565478
HNRNPCL1		False	1.4608978427565478
LY6G6F-LY6G6D	ENSG00000250641	True	1.4608978427565478
NDUFA7	ENSG00000267855	True	1.4608978427565478
SEC24C	ENSG00000176986	True	1.4608978427565478
SHMT1	ENSG00000176974	True	1.4608978427565478
ENSP00000436422		False	1.4593924877592308
SDF2L1	ENSG00000128228	True	1.4578818967339924
PGAM5	ENSG00000247077	True	1.4578818967339924
YTHDF2	ENSG00000198492	True	1.4578818967339924
CPSF7	ENSG00000149532	True	1.4578818967339924
SAFB2	ENSG00000130254	True	1.4578818967339924
SLURP2		False	1.4563660331290431
SCCPDH	ENSG00000143653	True	1.4563660331290431
DIABLO-2		False	1.4563660331290431
UQCRHL	ENSG00000233954	True	1.4563660331290431
CSRP3	ENSG00000129170	True	1.4548448600085102
PAIP1	ENSG00000172239	True	1.4548448600085102
IARS2	ENSG00000067704	True	1.4548448600085102
ME1	ENSG00000065833	True	1.4548448600085102
PAFAH1B3	ENSG00000079462	True	1.4548448600085102
ADH1C	ENSG00000248144	True	1.4533183400470377
GNG2	ENSG00000186469	True	1.4533183400470377
PMPCB	ENSG00000105819	True	1.4533183400470377
KRT28	ENSG00000173908	True	1.4533183400470377
CAMK1	ENSG00000134072	True	1.4533183400470377
CTSC	ENSG00000109861	True	1.4517864355242902
NDUFS7		False	1.4502491083193612
UBL4A	ENSG00000102178	True	1.4502491083193612
HEBP1	ENSG00000013583	True	1.4502491083193612
SEC61B	ENSG00000106803	True	1.4487063199050798
VPS26A	ENSG00000122958	True	1.4487063199050798
GALK1	ENSG00000108479	True	1.4487063199050798
PRKG1	ENSG00000185532	True	1.4471580313422192
USP7	ENSG00000187555	True	1.4471580313422192
GCN1	ENSG00000089154	True	1.4471580313422192
RAB2B	ENSG00000129472	True	1.4471580313422192
AKR1C3	ENSG00000196139	True	1.4471580313422192
FAU	ENSG00000149806	True	1.4471580313422192
MRPL48	ENSG00000175581	True	1.4456042032735976
ATP1B1	ENSG00000143153	True	1.4456042032735976
HMGCS1	ENSG00000112972	True	1.4456042032735976
PCYOX1L	ENSG00000145882	True	1.4456042032735976
BOLA2B	ENSG00000169627	True	1.4456042032735976
BOLA2	ENSG00000183336	True	1.4456042032735976
NDUFB7	ENSG00000099795	True	1.4440447959180762
BRIX1		False	1.4424797690644486
CSDE1	ENSG00000009307	True	1.4424797690644486
PGLYRP1	ENSG00000008438	True	1.4424797690644486
EBNA1BP2	ENSG00000117395	True	1.4424797690644486
DDX46	ENSG00000145833	True	1.4409090820652177
RMDN3	ENSG00000137824	True	1.4409090820652177
ENSP00000497443		False	1.4409090820652177
KPNA4	ENSG00000186432	True	1.4409090820652177
GEMIN7		False	1.4393326938302626
GGCT	ENSG00000006625	True	1.4393326938302626
FCN2		False	1.4393326938302626
STK4	ENSG00000101109	True	1.437750562820388
PTP4A2	ENSG00000184007	True	1.437750562820388
HNRNPCL3		False	1.437750562820388
HNRNPCL4		False	1.437750562820388
SAMHD1	ENSG00000101347	True	1.437750562820388
HNRNPCL2		False	1.437750562820388
ADAR	ENSG00000160710	True	1.437750562820388
VCAM1	ENSG00000162692	True	1.437750562820388
ATP5IF1	ENSG00000130770	True	1.437750562820388
GLS	ENSG00000115419	True	1.436162647040756
CD2AP	ENSG00000198087	True	1.436162647040756
PRB4		False	1.436162647040756
EDC4	ENSG00000038358	True	1.436162647040756
EIF1AY	ENSG00000198692	True	1.4345689040341987
MTDH	ENSG00000147649	True	1.4345689040341987
LIMA1	ENSG00000050405	True	1.4345689040341987
SFXN3	ENSG00000107819	True	1.4345689040341987
MRPS26	ENSG00000125901	True	1.4345689040341987
CSNK2A3	ENSG00000254598	True	1.4329692908744058
LRRFIP1	ENSG00000124831	True	1.4329692908744058
FKBP8	ENSG00000105701	True	1.4329692908744058
TIMM8A	ENSG00000126953	True	1.4329692908744058
PDXK	ENSG00000160209	True	1.4329692908744058
MSH6	ENSG00000116062	True	1.4313637641589874
CCDC58		False	1.4313637641589874
MYCBP	ENSG00000214114	True	1.4313637641589874
NUDT2	ENSG00000164978	True	1.4313637641589874
PPID	ENSG00000171497	True	1.4313637641589874
GAA	ENSG00000171298	True	1.4313637641589874
PNPO	ENSG00000108439	True	1.429752280002408
CTSZ	ENSG00000101160	True	1.429752280002408
GCSH	ENSG00000140905	True	1.429752280002408
LARP1	ENSG00000155506	True	1.429752280002408
CELF2	ENSG00000048740	True	1.429752280002408
MRPS36	ENSG00000134056	True	1.429752280002408
SH3GLB1	ENSG00000097033	True	1.429752280002408
PPIL1		False	1.429752280002408
IDH3G	ENSG00000067829	True	1.429752280002408
ATAD1	ENSG00000138138	True	1.4281347940287887
NCKIPSD		False	1.4281347940287887
MYLK	ENSG00000065534	True	1.4281347940287887
SLC25A13	ENSG00000004864	True	1.4281347940287887
TSFM		False	1.4281347940287887
THOP1	ENSG00000172009	True	1.4265112613645752
S100A1	ENSG00000160678	True	1.4265112613645752
DNAJC9	ENSG00000213551	True	1.4265112613645752
MOB3A		False	1.4265112613645752
TRIP10	ENSG00000125733	True	1.4265112613645752
WDR44	ENSG00000131725	True	1.4265112613645752
GNPDA1	ENSG00000113552	True	1.424881636631067
LSM4	ENSG00000130520	True	1.424881636631067
HSDL2	ENSG00000119471	True	1.424881636631067
DNAJB11	ENSG00000090520	True	1.423245873936808
COL15A1	ENSG00000204291	True	1.423245873936808
EIF4E	ENSG00000151247	True	1.423245873936808
MTX2	ENSG00000128654	True	1.423245873936808
UCHL5	ENSG00000116750	True	1.421603926869831
PURB		False	1.421603926869831
LDHC	ENSG00000166796	True	1.421603926869831
TOP2A	ENSG00000131747	True	1.421603926869831
FASTKD5	ENSG00000215251	True	1.421603926869831
PUDP	ENSG00000130021	True	1.4199557484897578
TTC1	ENSG00000113312	True	1.4199557484897578
PKLR	ENSG00000143627	True	1.4199557484897578
SMNDC1		False	1.4199557484897578
SYTL4	ENSG00000102362	True	1.4199557484897578
NIP7	ENSG00000132603	True	1.4183012913197455
GTPBP2	ENSG00000172432	True	1.4183012913197455
EIF2S3B		False	1.4183012913197455
AP3D1		False	1.4183012913197455
NDUFA6		False	1.4183012913197455
GATD3B		False	1.4183012913197455
DAP3	ENSG00000132676	True	1.416640507338281
FAM98B	ENSG00000171262	True	1.416640507338281
ARHGAP17	ENSG00000140750	True	1.416640507338281
NMT1	ENSG00000136448	True	1.416640507338281
UBE2D4	ENSG00000078967	True	1.416640507338281
GOLM1	ENSG00000135052	True	1.416640507338281
OPA1	ENSG00000198836	True	1.416640507338281
SQSTM1	ENSG00000161011	True	1.414973347970818
HYPK	ENSG00000242028	True	1.414973347970818
SMC3	ENSG00000108055	True	1.414973347970818
PPP1R14B	ENSG00000173457	True	1.413299764081252
SPR	ENSG00000116096	True	1.4116197059632303
NIT1	ENSG00000158793	True	1.4099331233312946
BYSL	ENSG00000112578	True	1.4099331233312946
TIMM10	ENSG00000134809	True	1.4099331233312946
DBT	ENSG00000137992	True	1.4082399653118496
LAGE3	ENSG00000196976	True	1.4082399653118496
SLMAP	ENSG00000163681	True	1.4065401804339552
MNDA	ENSG00000163563	True	1.4065401804339552
LUC7L3	ENSG00000108848	True	1.4065401804339552
PTPN12	ENSG00000127947	True	1.4065401804339552
IAH1	ENSG00000134330	True	1.404833716619938
ENSP00000479064		False	1.404833716619938
TOMM20	ENSG00000173726	True	1.404833716619938
SART3	ENSG00000075856	True	1.403120521175818
GYPA	ENSG00000170180	True	1.4014005407815442
KCTD12		False	1.4014005407815442
RBM14-RBM4	ENSG00000248643	True	1.4014005407815442
SEC23B	ENSG00000101310	True	1.4014005407815442
MTREX	ENSG00000039123	True	1.3996737214810382
P4HA1	ENSG00000122884	True	1.3996737214810382
SCAMP2	ENSG00000140497	True	1.3996737214810382
SMC2	ENSG00000136824	True	1.3996737214810382
LAT	ENSG00000213658	True	1.3996737214810382
C1orf56	ENSG00000143443	True	1.3996737214810382
UBE2D1	ENSG00000072401	True	1.3996737214810382
PYCR2	ENSG00000143811	True	1.3979400086720377
PDCL3	ENSG00000115539	True	1.3979400086720377
SERPINE1	ENSG00000106366	True	1.3979400086720377
COX6A1	ENSG00000111775	True	1.3979400086720377
ISG20		False	1.3961993470957363
UBTF	ENSG00000108312	True	1.3961993470957363
NUDCD2	ENSG00000170584	True	1.3961993470957363
CAD	ENSG00000084774	True	1.3944516808262162
TSTA3		False	1.3944516808262162
NAA15	ENSG00000164134	True	1.3944516808262162
SNRPB	ENSG00000125835	True	1.3944516808262162
ATP2A1	ENSG00000196296	True	1.3944516808262162
MYL4	ENSG00000198336	True	1.3926969532596658
ENSP00000485630		False	1.3926969532596658
SMC1A	ENSG00000072501	True	1.3926969532596658
H0YAE9_HUMAN		False	1.3926969532596658
ACIN1	ENSG00000100813	True	1.390935107103379
ACSL3	ENSG00000123983	True	1.390935107103379
SULT1A1	ENSG00000196502	True	1.390935107103379
PSTPIP2	ENSG00000152229	True	1.390935107103379
NOP10	ENSG00000182117	True	1.390935107103379
MEST		False	1.390935107103379
ALDH1A2	ENSG00000128918	True	1.390935107103379
PTGR1	ENSG00000106853	True	1.3891660843645324
M0QYM2_HUMAN		False	1.3891660843645324
ATP6V1C1	ENSG00000155097	True	1.3891660843645324
TIMM44	ENSG00000104980	True	1.3891660843645324
TRIM25	ENSG00000121060	True	1.3873898263387294
CELF1	ENSG00000149187	True	1.3873898263387294
PPME1	ENSG00000214517	True	1.3873898263387294
DAAM1	ENSG00000100592	True	1.3856062735983121
STK26	ENSG00000134602	True	1.3856062735983121
RER1	ENSG00000157916	True	1.3856062735983121
GALE		False	1.3856062735983121
DCTD	ENSG00000129187	True	1.3838153659804313
DCUN1D1	ENSG00000043093	True	1.3838153659804313
GABARAPL2	ENSG00000034713	True	1.3838153659804313
NUDT1	ENSG00000106268	True	1.3838153659804313
HEXB	ENSG00000049860	True	1.3838153659804313
ENSP00000470615		False	1.3838153659804313
PRKAG1		False	1.3820170425748683
PLRG1	ENSG00000171566	True	1.3820170425748683
FERMT2	ENSG00000073712	True	1.3820170425748683
GTPBP4	ENSG00000107937	True	1.3820170425748683
LAMA4	ENSG00000112769	True	1.380211241711606
U2SURP	ENSG00000163714	True	1.380211241711606
TRNT1	ENSG00000072756	True	1.380211241711606
RO60	ENSG00000116747	True	1.380211241711606
CSRP2	ENSG00000175183	True	1.3783979009481377
CRYM	ENSG00000103316	True	1.3783979009481377
ATP2B4	ENSG00000058668	True	1.3783979009481377
ARHGAP18	ENSG00000146376	True	1.3783979009481377
NHLRC2	ENSG00000196865	True	1.376576957056512
COQ9	ENSG00000088682	True	1.376576957056512
NOLC1	ENSG00000166197	True	1.376576957056512
LBR	ENSG00000143815	True	1.376576957056512
HEBP2	ENSG00000051620	True	1.3747483460101038
CRIP2	ENSG00000182809	True	1.3747483460101038
SYK	ENSG00000165025	True	1.3747483460101038
HDGFL2	ENSG00000167674	True	1.3747483460101038
TMA7		False	1.3729120029701065
SNRPN	ENSG00000128739	True	1.3729120029701065
ADAM10	ENSG00000137845	True	1.3729120029701065
NT5DC1	ENSG00000178425	True	1.3729120029701065
RASA1	ENSG00000145715	True	1.3729120029701065
TOR1AIP1	ENSG00000143337	True	1.3729120029701065
LSM1		False	1.3729120029701065
RUFY1	ENSG00000176783	True	1.3729120029701065
SNX1	ENSG00000028528	True	1.3729120029701065
RAE1		False	1.3710678622717363
MYBBP1A	ENSG00000132382	True	1.3710678622717363
GSTA1	ENSG00000243955	True	1.3710678622717363
S100A13	ENSG00000189171	True	1.3710678622717363
CDC5L	ENSG00000096401	True	1.3710678622717363
SRP54	ENSG00000100883	True	1.3710678622717363
SAP18	ENSG00000150459	True	1.3710678622717363
DRG2	ENSG00000108591	True	1.3710678622717363
RBM4	ENSG00000173933	True	1.3710678622717363
ASAP2	ENSG00000151693	True	1.3692158574101427
VPS28	ENSG00000160948	True	1.3692158574101427
AP3B1	ENSG00000132842	True	1.3692158574101427
COX7C	ENSG00000127184	True	1.3692158574101427
LAMTOR5	ENSG00000134248	True	1.3673559210260189
CD48	ENSG00000117091	True	1.3673559210260189
NDUFA12	ENSG00000184752	True	1.3673559210260189
ATF1	ENSG00000123268	True	1.3673559210260189
AMPD2	ENSG00000116337	True	1.3673559210260189
MDC1	ENSG00000137337	True	1.3654879848908996
CHL1	ENSG00000134121	True	1.3654879848908996
NDUFA13	ENSG00000186010	True	1.3654879848908996
PNN	ENSG00000100941	True	1.3654879848908996
EPCAM	ENSG00000119888	True	1.3636119798921444
DPYSL3	ENSG00000113657	True	1.3636119798921444
HDGFL3	ENSG00000166503	True	1.3636119798921444
RPE	ENSG00000197713	True	1.3636119798921444
IPO9		False	1.3636119798921444
FKBP2	ENSG00000173486	True	1.3636119798921444
DOK3	ENSG00000146094	True	1.3617278360175928
ZRANB2	ENSG00000132485	True	1.3617278360175928
SSR3	ENSG00000114850	True	1.3617278360175928
QPRT	ENSG00000103485	True	1.3617278360175928
COASY	ENSG00000068120	True	1.3617278360175928
MRPS22	ENSG00000175110	True	1.3617278360175928
LUC7L	ENSG00000007392	True	1.359835482339888
MRPS25	ENSG00000131368	True	1.359835482339888
CKS1B	ENSG00000173207	True	1.359835482339888
ARPP19	ENSG00000128989	True	1.3579348470004537
SMARCC2	ENSG00000139613	True	1.3579348470004537
DNM1	ENSG00000106976	True	1.3579348470004537
AGPS	ENSG00000018510	True	1.3579348470004537
NUP93	ENSG00000102900	True	1.3579348470004537
VPS25	ENSG00000131475	True	1.3560258571931227
KRT25	ENSG00000204897	True	1.3560258571931227
ERGIC1	ENSG00000113719	True	1.3560258571931227
DDX18	ENSG00000088205	True	1.3560258571931227
EIF3C	ENSG00000184110	True	1.354108439147401
RPRD1B	ENSG00000101413	True	1.354108439147401
MRPL13	ENSG00000172172	True	1.354108439147401
RPL36A	ENSG00000241343	True	1.354108439147401
ERLIN2	ENSG00000147475	True	1.354108439147401
FYN	ENSG00000010810	True	1.354108439147401
BROX	ENSG00000162819	True	1.354108439147401
OSTC		False	1.354108439147401
H2BE1		False	1.354108439147401
PRKRA	ENSG00000180228	True	1.3521825181113625
PTPN11	ENSG00000179295	True	1.3521825181113625
AFG3L2	ENSG00000141385	True	1.3521825181113625
ARFIP1	ENSG00000164144	True	1.3502480183341627
TRA2A	ENSG00000164548	True	1.3502480183341627
PPAT	ENSG00000128059	True	1.3502480183341627
MRPL44	ENSG00000135900	True	1.3502480183341627
REG1A	ENSG00000115386	True	1.3502480183341627
MRPL22	ENSG00000082515	True	1.3502480183341627
WFDC2	ENSG00000101443	True	1.3483048630481607
NIBAN2	ENSG00000136830	True	1.3483048630481607
NEGR1	ENSG00000172260	True	1.3483048630481607
RENBP	ENSG00000102032	True	1.3483048630481607
SULT1A4	ENSG00000213648	True	1.3483048630481607
SULT1A3	ENSG00000261052	True	1.3483048630481607
ATP6V1D	ENSG00000100554	True	1.3483048630481607
UBQLN1	ENSG00000135018	True	1.3483048630481607
ESYT2	ENSG00000117868	True	1.3463529744506386
DIABLO	ENSG00000184047	True	1.3463529744506386
ACPP		False	1.3463529744506386
CASS4	ENSG00000087589	True	1.3463529744506386
ACADS	ENSG00000122971	True	1.3463529744506386
RANBP3	ENSG00000031823	True	1.3463529744506386
MRPL4	ENSG00000105364	True	1.3463529744506386
CHD4	ENSG00000111642	True	1.3463529744506386
AP3S1	ENSG00000177879	True	1.3463529744506386
GNGT1	ENSG00000127928	True	1.3463529744506386
RNASET2	ENSG00000026297	True	1.3443922736851108
DDX42	ENSG00000198231	True	1.3443922736851108
TOMM34	ENSG00000025772	True	1.3443922736851108
FXR1	ENSG00000114416	True	1.3443922736851108
MT2A		False	1.3443922736851108
NAE1	ENSG00000159593	True	1.3443922736851108
NUP50	ENSG00000093000	True	1.3443922736851108
DPM3	ENSG00000179085	True	1.3424226808222062
HSPA4L	ENSG00000164070	True	1.3424226808222062
EMC4	ENSG00000128463	True	1.3424226808222062
COPG2	ENSG00000158623	True	1.3424226808222062
CDH13	ENSG00000140945	True	1.3404441148401183
VPS37B	ENSG00000139722	True	1.3404441148401183
STK39	ENSG00000198648	True	1.3404441148401183
ASAP1	ENSG00000153317	True	1.3404441148401183
MTMR12	ENSG00000150712	True	1.3404441148401183
IDI1	ENSG00000067064	True	1.3404441148401183
ELOB	ENSG00000103363	True	1.3404441148401183
BCCIP		False	1.3404441148401183
HSPB11	ENSG00000081870	True	1.3384564936046048
STXBP3	ENSG00000116266	True	1.3384564936046048
UFL1	ENSG00000014123	True	1.3384564936046048
PITHD1	ENSG00000057757	True	1.3384564936046048
TCERG1	ENSG00000113649	True	1.3384564936046048
DYNLT3	ENSG00000165169	True	1.3384564936046048
USP39	ENSG00000168883	True	1.3364597338485296
DOCK2	ENSG00000134516	True	1.3364597338485296
MTA2	ENSG00000149480	True	1.3364597338485296
UBE2G2	ENSG00000184787	True	1.3364597338485296
ENSP00000497305		False	1.3364597338485296
AP2S1		False	1.334453751150931
C11orf54	ENSG00000182919	True	1.334453751150931
PTRHD1	ENSG00000184924	True	1.334453751150931
CTBP1	ENSG00000159692	True	1.334453751150931
ANK1	ENSG00000029534	True	1.334453751150931
SUPT6H	ENSG00000109111	True	1.334453751150931
NDUFB4	ENSG00000065518	True	1.3324384599156054
FMC1-LUC7L2	ENSG00000269955	True	1.3324384599156054
GUK1	ENSG00000143774	True	1.3324384599156054
AP2A2	ENSG00000183020	True	1.3324384599156054
ATAD3A	ENSG00000197785	True	1.3324384599156054
COL14A1	ENSG00000187955	True	1.3324384599156054
HLA-E	ENSG00000204592	True	1.3304137733491908
ANPEP	ENSG00000166825	True	1.3304137733491908
SLC25A10-2		False	1.3304137733491908
DCPS	ENSG00000110063	True	1.3304137733491908
HLA-DQA2		False	1.3304137733491908
UBA5	ENSG00000081307	True	1.3283796034387378
HPCA	ENSG00000121905	True	1.3283796034387378
NSDHL	ENSG00000147383	True	1.3283796034387378
RPL37		False	1.3283796034387378
YBX2	ENSG00000006047	True	1.3283796034387378
SRRM2	ENSG00000167978	True	1.3263358609287514
PLCG2	ENSG00000197943	True	1.3263358609287514
NIBAN1	ENSG00000135842	True	1.3263358609287514
RPS4Y2	ENSG00000280969	True	1.3263358609287514
LSM14A	ENSG00000257103	True	1.3263358609287514
SERPINB5	ENSG00000206075	True	1.3263358609287514
TBC1D13	ENSG00000107021	True	1.3263358609287514
AIF1	ENSG00000204472	True	1.3242824552976926
MX2	ENSG00000183486	True	1.3222192947339193
YKT6	ENSG00000106636	True	1.3222192947339193
AP1S1	ENSG00000106367	True	1.3222192947339193
PROZ	ENSG00000126231	True	1.3222192947339193
PDHX	ENSG00000110435	True	1.3222192947339193
HIKESHI	ENSG00000149196	True	1.3222192947339193
PTPRCAP	ENSG00000213402	True	1.320146286111054
PREP	ENSG00000085377	True	1.320146286111054
STX4	ENSG00000103496	True	1.320146286111054
ECHDC1	ENSG00000093144	True	1.320146286111054
SECTM1	ENSG00000141574	True	1.320146286111054
CCN5	ENSG00000064205	True	1.320146286111054
KPNA3	ENSG00000102753	True	1.3180633349627615
PDGFA	ENSG00000197461	True	1.3180633349627615
PPP5C	ENSG00000011485	True	1.3180633349627615
VAMP7	ENSG00000124333	True	1.3180633349627615
WIPF1	ENSG00000115935	True	1.3159703454569178
CYFIP2	ENSG00000055163	True	1.3159703454569178
CARS1	ENSG00000110619	True	1.3159703454569178
SERPINE2		False	1.3159703454569178
IDE	ENSG00000119912	True	1.3159703454569178
FBP1	ENSG00000165140	True	1.3159703454569178
SWAP70	ENSG00000133789	True	1.3159703454569178
TMA16	ENSG00000198498	True	1.3159703454569178
MRPS21		False	1.3159703454569178
MRPL41	ENSG00000182154	True	1.3138672203691535
PSMF1	ENSG00000125818	True	1.3138672203691535
PPP2R2A	ENSG00000221914	True	1.3138672203691535
SRSF4	ENSG00000116350	True	1.3138672203691535
NCBP1	ENSG00000136937	True	1.3138672203691535
KIF2A	ENSG00000068796	True	1.3138672203691535
PLS1	ENSG00000120756	True	1.3138672203691535
DNPEP	ENSG00000123992	True	1.3117538610557542
MT1X		False	1.3117538610557542
NAT10	ENSG00000135372	True	1.3117538610557542
LYPLAL1	ENSG00000143353	True	1.3117538610557542
FADD	ENSG00000168040	True	1.3117538610557542
LSAMP		False	1.3117538610557542
SDCBP	ENSG00000137575	True	1.3096301674258988
MOG	ENSG00000204655	True	1.3096301674258988
GUCY1B1	ENSG00000061918	True	1.3096301674258988
SERPINB2	ENSG00000197632	True	1.3096301674258988
EIF2A	ENSG00000144895	True	1.3096301674258988
S100A16	ENSG00000188643	True	1.3096301674258988
SMARCC1	ENSG00000173473	True	1.3096301674258988
LPP	ENSG00000145012	True	1.307496037913213
SLC25A24	ENSG00000085491	True	1.307496037913213
PRKCD	ENSG00000163932	True	1.307496037913213
VRK1	ENSG00000100749	True	1.307496037913213
LAMP2	ENSG00000005893	True	1.307496037913213
EIF3CL	ENSG00000205609	True	1.307496037913213
TRIR	ENSG00000123144	True	1.3053513694466237
GMPPA	ENSG00000144591	True	1.3053513694466237
ACOT9	ENSG00000123130	True	1.3053513694466237
REEP6	ENSG00000115255	True	1.3053513694466237
ZMPSTE24	ENSG00000084073	True	1.3031960574204888
HGS	ENSG00000185359	True	1.3031960574204888
CMIP	ENSG00000153815	True	1.3031960574204888
MAPK3	ENSG00000102882	True	1.3031960574204888
SYAP1	ENSG00000169895	True	1.3031960574204888
GYS1	ENSG00000104812	True	1.3031960574204888
TOM1L2	ENSG00000175662	True	1.3031960574204888
LRRC15	ENSG00000172061	True	1.3010299956639813
NDUFB5	ENSG00000136521	True	1.3010299956639813
ELMO1		False	1.3010299956639813
POLR2H	ENSG00000163882	True	1.3010299956639813
PMM2	ENSG00000140650	True	1.3010299956639813
ZC3H11B	ENSG00000215817	True	1.3010299956639813
NELFE	ENSG00000204356	True	1.2988530764097066
CHP1	ENSG00000187446	True	1.2988530764097066
RAP1GAP2	ENSG00000132359	True	1.2988530764097066
TTC9C	ENSG00000162222	True	1.2988530764097066
F7		False	1.2988530764097066
ALPP	ENSG00000163283	True	1.2988530764097066
SNAP29	ENSG00000099940	True	1.2988530764097066
SMARCA5	ENSG00000153147	True	1.2966651902615312
MRFAP1	ENSG00000179010	True	1.2966651902615312
PGM3	ENSG00000013375	True	1.2966651902615312
NIF3L1	ENSG00000196290	True	1.2966651902615312
REG3A	ENSG00000172016	True	1.2966651902615312
ELN	ENSG00000049540	True	1.2966651902615312
METAP2	ENSG00000111142	True	1.2966651902615312
COPS7B	ENSG00000144524	True	1.2966651902615312
CRNN	ENSG00000143536	True	1.2966651902615312
NOP2	ENSG00000111641	True	1.2966651902615312
GSTA2	ENSG00000244067	True	1.294466226161593
GNA11	ENSG00000088256	True	1.294466226161593
RFC2	ENSG00000049541	True	1.294466226161593
CRYBA2	ENSG00000163499	True	1.294466226161593
INS	ENSG00000254647	True	1.294466226161593
MRPL49	ENSG00000149792	True	1.294466226161593
NPM3	ENSG00000107833	True	1.294466226161593
TNNC1	ENSG00000114854	True	1.294466226161593
SH3GLB2	ENSG00000148341	True	1.294466226161593
LNPEP	ENSG00000113441	True	1.294466226161593
STAU1	ENSG00000124214	True	1.2922560713564761
ACBD3	ENSG00000182827	True	1.2922560713564761
MOB1A	ENSG00000114978	True	1.2922560713564761
PPP6C	ENSG00000119414	True	1.2922560713564761
SDR39U1	ENSG00000100445	True	1.2922560713564761
GMIP	ENSG00000089639	True	1.2922560713564761
HLA-DRB5	ENSG00000198502	True	1.2922560713564761
BDH2	ENSG00000164039	True	1.290034611362518
CD226	ENSG00000150637	True	1.290034611362518
SIRPA	ENSG00000198053	True	1.290034611362518
MGMT	ENSG00000170430	True	1.290034611362518
MICOS13	ENSG00000174917	True	1.287801729930226
MRPS34	ENSG00000074071	True	1.287801729930226
AGFG1	ENSG00000173744	True	1.287801729930226
NAGA	ENSG00000198951	True	1.287801729930226
GCDH	ENSG00000105607	True	1.287801729930226
MRPS7	ENSG00000125445	True	1.287801729930226
TSG101	ENSG00000074319	True	1.287801729930226
GNL3	ENSG00000163938	True	1.287801729930226
CDK6	ENSG00000105810	True	1.287801729930226
NUP155	ENSG00000113569	True	1.2855573090077739
UBA6	ENSG00000033178	True	1.2855573090077739
AP3M1	ENSG00000185009	True	1.2855573090077739
GRAP2	ENSG00000100351	True	1.2855573090077739
CD84	ENSG00000066294	True	1.2833012287035497
DOK2	ENSG00000147443	True	1.2833012287035497
GPD1L		False	1.2833012287035497
ARPC4-TTLL3		False	1.2833012287035497
NDUFS4	ENSG00000164258	True	1.2833012287035497
PRR27	ENSG00000187533	True	1.2833012287035497
GSDMD	ENSG00000104518	True	1.2833012287035497
BPGM	ENSG00000172331	True	1.2833012287035497
GNAO1	ENSG00000087258	True	1.2810333672477277
ARRB1	ENSG00000137486	True	1.2810333672477277
ACSL4	ENSG00000068366	True	1.2810333672477277
NPTN	ENSG00000156642	True	1.2810333672477277
THYN1	ENSG00000151500	True	1.2810333672477277
STX8	ENSG00000170310	True	1.2787536009528289
MUC7	ENSG00000171195	True	1.2787536009528289
RRM2	ENSG00000171848	True	1.2787536009528289
ROCK1	ENSG00000067900	True	1.2787536009528289
NUP54	ENSG00000138750	True	1.2787536009528289
HDAC4	ENSG00000068024	True	1.276461804173244
WDR82		False	1.276461804173244
ARGLU1	ENSG00000134884	True	1.276461804173244
MRPS28	ENSG00000147586	True	1.276461804173244
ARHGAP6	ENSG00000047648	True	1.276461804173244
AGK	ENSG00000006530	True	1.2741578492636798
GSTM5	ENSG00000134201	True	1.2741578492636798
GNPNAT1	ENSG00000100522	True	1.2741578492636798
DERA		False	1.2741578492636798
ATG3	ENSG00000144848	True	1.2741578492636798
SNAPIN	ENSG00000143553	True	1.2741578492636798
MPC2	ENSG00000143158	True	1.2741578492636798
TNPO3	ENSG00000064419	True	1.271841606536499
TM9SF2	ENSG00000125304	True	1.271841606536499
CDH2	ENSG00000170558	True	1.271841606536499
CSNK2B-2		False	1.271841606536499
SMARCE1	ENSG00000073584	True	1.271841606536499
C19orf25	ENSG00000119559	True	1.2695129442179163
RRM1	ENSG00000167325	True	1.2695129442179163
FAF2	ENSG00000113194	True	1.2695129442179163
ISG15	ENSG00000187608	True	1.2695129442179163
MYO1B	ENSG00000128641	True	1.2695129442179163
GMPR2	ENSG00000100938	True	1.2671717284030137
ARHGEF7	ENSG00000102606	True	1.2671717284030137
GSTZ1	ENSG00000100577	True	1.2671717284030137
ABI3BP	ENSG00000154175	True	1.2671717284030137
INA	ENSG00000148798	True	1.2648178230095364
OXSR1	ENSG00000172939	True	1.2648178230095364
OAS2	ENSG00000111335	True	1.2648178230095364
RIC8A	ENSG00000177963	True	1.2648178230095364
ITGB2	ENSG00000160255	True	1.2648178230095364
PNPT1	ENSG00000138035	True	1.2648178230095364
SYPL1	ENSG00000008282	True	1.2648178230095364
POFUT1	ENSG00000101346	True	1.2648178230095364
ATP1A2	ENSG00000018625	True	1.2648178230095364
PPP1R8	ENSG00000117751	True	1.2624510897304295
PLGRKT	ENSG00000107020	True	1.2624510897304295
CARM1	ENSG00000142453	True	1.2624510897304295
EPS15	ENSG00000085832	True	1.2624510897304295
KRT84	ENSG00000161849	True	1.2600713879850747
TMED5	ENSG00000117500	True	1.2600713879850747
CCT6B	ENSG00000132141	True	1.2600713879850747
RNASEH2A		False	1.2600713879850747
DYNLRB1	ENSG00000125971	True	1.2600713879850747
RGS18	ENSG00000150681	True	1.2600713879850747
BCAS2	ENSG00000116752	True	1.2600713879850747
COMMD9	ENSG00000110442	True	1.2600713879850747
STRBP	ENSG00000165209	True	1.2576785748691846
ABCD3	ENSG00000117528	True	1.2576785748691846
LITAF	ENSG00000189067	True	1.2576785748691846
PCCB	ENSG00000114054	True	1.2576785748691846
MRPS18B	ENSG00000204568	True	1.2576785748691846
PGM5	ENSG00000154330	True	1.2576785748691846
COPS6	ENSG00000168090	True	1.2576785748691846
PHF6	ENSG00000156531	True	1.2576785748691846
S100A14	ENSG00000189334	True	1.255272505103306
CEACAM8	ENSG00000124469	True	1.255272505103306
LACTB2	ENSG00000147592	True	1.255272505103306
GIPC3		False	1.255272505103306
CEACAM1	ENSG00000079385	True	1.255272505103306
NUDT3	ENSG00000272325	True	1.255272505103306
GTF2F2	ENSG00000188342	True	1.255272505103306
MOB1B	ENSG00000173542	True	1.255272505103306
STAT5A	ENSG00000126561	True	1.255272505103306
ADI1	ENSG00000182551	True	1.252853030979893
SIAE	ENSG00000110013	True	1.252853030979893
SLC38A2	ENSG00000134294	True	1.252853030979893
MRPS16	ENSG00000182180	True	1.252853030979893
GALNT2	ENSG00000143641	True	1.252853030979893
SEPTIN1	ENSG00000180096	True	1.252853030979893
PES1	ENSG00000100029	True	1.250420002308894
PIK3IP1		False	1.250420002308894
IFI35	ENSG00000068079	True	1.250420002308894
PGP	ENSG00000184207	True	1.250420002308894
TSTD1	ENSG00000215845	True	1.250420002308894
NDUFB6	ENSG00000165264	True	1.2479732663618066
CLC	ENSG00000105205	True	1.2479732663618066
KLK6		False	1.2479732663618066
RCSD1	ENSG00000198771	True	1.2479732663618066
CREB1	ENSG00000118260	True	1.24551266781415
S100A2	ENSG00000196754	True	1.24551266781415
THEM6	ENSG00000130193	True	1.24551266781415
SNX5	ENSG00000089006	True	1.24551266781415
GPX4	ENSG00000167468	True	1.24551266781415
HOOK3	ENSG00000168172	True	1.24551266781415
DNAJB1	ENSG00000132002	True	1.24551266781415
MYO6	ENSG00000196586	True	1.24551266781415
CRYBB3	ENSG00000100053	True	1.24551266781415
SAMSN1	ENSG00000155307	True	1.24551266781415
IDS	ENSG00000010404	True	1.2430380486862944
CD55	ENSG00000196352	True	1.2430380486862944
MMGT1	ENSG00000169446	True	1.2430380486862944
CHCHD4	ENSG00000163528	True	1.2430380486862944
TXLNA	ENSG00000084652	True	1.2430380486862944
HDHD5	ENSG00000069998	True	1.2430380486862944
PTPN18	ENSG00000072135	True	1.2430380486862944
POLR2C	ENSG00000102978	True	1.2430380486862944
GSTM4	ENSG00000168765	True	1.2430380486862944
GRWD1	ENSG00000105447	True	1.2430380486862944
KRTAP10-12		False	1.2405492482825997
BOLA2-SMG1P6		False	1.2405492482825997
EIF4EBP2	ENSG00000148730	True	1.2380461031287955
LYRM7	ENSG00000186687	True	1.2380461031287955
FAM98A	ENSG00000119812	True	1.2380461031287955
RTN3	ENSG00000133318	True	1.2380461031287955
PRKAA1	ENSG00000132356	True	1.235528446907549
MRPS35	ENSG00000061794	True	1.235528446907549
ASPN	ENSG00000106819	True	1.235528446907549
BHMT	ENSG00000145692	True	1.235528446907549
HBS1L	ENSG00000112339	True	1.235528446907549
SPRR3	ENSG00000163209	True	1.235528446907549
MBNL1	ENSG00000152601	True	1.235528446907549
AKAP12	ENSG00000131016	True	1.235528446907549
CFHR4		False	1.2329961103921538
MMRN2		False	1.2329961103921538
TACO1	ENSG00000136463	True	1.2329961103921538
ADD3	ENSG00000148700	True	1.2329961103921538
SRPK1	ENSG00000096063	True	1.2329961103921538
CDK2	ENSG00000123374	True	1.2329961103921538
RABGAP1	ENSG00000011454	True	1.2329961103921538
IK	ENSG00000113141	True	1.2329961103921538
DHCR7	ENSG00000172893	True	1.2304489213782739
PTMS	ENSG00000159335	True	1.2304489213782739
ZG16B	ENSG00000162078	True	1.2304489213782739
THOC3	ENSG00000051596	True	1.2304489213782739
RRP1B	ENSG00000160208	True	1.2304489213782739
SNW1	ENSG00000100603	True	1.2304489213782739
MAP1B	ENSG00000131711	True	1.2304489213782739
TIAL1		False	1.2304489213782739
AAGAB	ENSG00000103591	True	1.2304489213782739
CDIPT	ENSG00000103502	True	1.2304489213782739
CUL3	ENSG00000036257	True	1.2278867046136734
OXT	ENSG00000101405	True	1.2278867046136734
STAT5B	ENSG00000173757	True	1.2278867046136734
SUPT5H	ENSG00000196235	True	1.2278867046136734
SH2D1A		False	1.2278867046136734
HAUS4	ENSG00000092036	True	1.2278867046136734
EEA1	ENSG00000102189	True	1.2278867046136734
TUBG1	ENSG00000131462	True	1.2278867046136734
MTX1	ENSG00000173171	True	1.2278867046136734
LSM6	ENSG00000164167	True	1.2253092817258628
RFK	ENSG00000135002	True	1.2253092817258628
CAMK2A	ENSG00000070808	True	1.2253092817258628
SMS	ENSG00000102172	True	1.2253092817258628
TJP2	ENSG00000119139	True	1.2253092817258628
NIPSNAP3A	ENSG00000136783	True	1.2253092817258628
TCEAL3	ENSG00000196507	True	1.2253092817258628
RFC3	ENSG00000133119	True	1.2253092817258628
MVD	ENSG00000167508	True	1.2253092817258628
UQCR11		False	1.2253092817258628
SERPINB3	ENSG00000057149	True	1.2253092817258628
SULT1A2	ENSG00000197165	True	1.2253092817258628
REXO2	ENSG00000076043	True	1.2253092817258628
ELOVL5	ENSG00000012660	True	1.2227164711475833
UBE2S	ENSG00000108106	True	1.2227164711475833
EPS15L1	ENSG00000127527	True	1.2227164711475833
PKP1	ENSG00000081277	True	1.2227164711475833
FN3KRP	ENSG00000141560	True	1.2227164711475833
TIGAR	ENSG00000078237	True	1.2227164711475833
GNL1	ENSG00000204590	True	1.2227164711475833
NRDC		False	1.2201080880400552
IPO4	ENSG00000196497	True	1.2201080880400552
MRPS27	ENSG00000113048	True	1.2201080880400552
SPTA1	ENSG00000163554	True	1.2201080880400552
OSBP	ENSG00000110048	True	1.2201080880400552
WDR18	ENSG00000065268	True	1.2201080880400552
XPO7	ENSG00000130227	True	1.2201080880400552
SSU72	ENSG00000160075	True	1.2201080880400552
DCK	ENSG00000156136	True	1.2201080880400552
GPSM3		False	1.2201080880400552
NAPG	ENSG00000134265	True	1.2201080880400552
DRAP1	ENSG00000175550	True	1.2174839442139063
ARL2	ENSG00000213465	True	1.2174839442139063
EMC2	ENSG00000104412	True	1.2174839442139063
KRTAP24-1	ENSG00000188694	True	1.2174839442139063
PPP6R3	ENSG00000110075	True	1.2174839442139063
ABAT	ENSG00000183044	True	1.2174839442139063
MCCC1	ENSG00000078070	True	1.2174839442139063
CD163	ENSG00000177575	True	1.2174839442139063
RAP2C		False	1.2148438480476977
TCOF1	ENSG00000070814	True	1.2148438480476977
EXOSC4	ENSG00000178896	True	1.2148438480476977
GKN1	ENSG00000169605	True	1.2148438480476977
NUP85	ENSG00000125450	True	1.2148438480476977
DGLUCY	ENSG00000133943	True	1.2148438480476977
DHCR24	ENSG00000116133	True	1.212187604403958
CRTAC1	ENSG00000095713	True	1.212187604403958
NUBP2	ENSG00000095906	True	1.212187604403958
PDXDC1	ENSG00000179889	True	1.212187604403958
GAPVD1	ENSG00000165219	True	1.212187604403958
MRPS14	ENSG00000120333	True	1.212187604403958
ACSS1	ENSG00000154930	True	1.212187604403958
SNTB1	ENSG00000172164	True	1.212187604403958
MRPL38	ENSG00000204316	True	1.209515014542631
PRAF2	ENSG00000243279	True	1.209515014542631
RAB27A	ENSG00000069974	True	1.209515014542631
ADD2	ENSG00000075340	True	1.209515014542631
CIAPIN1	ENSG00000005194	True	1.209515014542631
HMBS	ENSG00000256269	True	1.209515014542631
DNAJC11	ENSG00000007923	True	1.209515014542631
DNAJC7	ENSG00000168259	True	1.209515014542631
TOP2B	ENSG00000077097	True	1.209515014542631
SASH3	ENSG00000122122	True	1.2068258760318498
MSH2	ENSG00000095002	True	1.2068258760318498
ARMT1	ENSG00000146476	True	1.2068258760318498
ZC3HAV1	ENSG00000105939	True	1.2068258760318498
NDUFA3	ENSG00000170906	True	1.2068258760318498
WDR12	ENSG00000138442	True	1.2068258760318498
TBL3	ENSG00000183751	True	1.2068258760318498
WBP11	ENSG00000084463	True	1.2068258760318498
CHMP6	ENSG00000176108	True	1.2068258760318498
HUWE1	ENSG00000086758	True	1.2068258760318498
HSBP1		False	1.2068258760318498
PAWR	ENSG00000177425	True	1.2068258760318498
CASQ2	ENSG00000118729	True	1.2041199826559248
DSG1	ENSG00000134760	True	1.2041199826559248
C12orf10		False	1.2041199826559248
UBA3	ENSG00000144744	True	1.2041199826559248
LXN	ENSG00000079257	True	1.2041199826559248
USP15	ENSG00000135655	True	1.2041199826559248
MRE11	ENSG00000020922	True	1.2041199826559248
CD151	ENSG00000177697	True	1.2041199826559248
CHI3L1		False	1.2041199826559248
ENTPD1	ENSG00000138185	True	1.2013971243204515
MRPS6	ENSG00000243927	True	1.2013971243204515
SDHC		False	1.2013971243204515
CNPY3	ENSG00000137161	True	1.2013971243204515
LIPA	ENSG00000107798	True	1.2013971243204515
PDIA5	ENSG00000065485	True	1.1986570869544226
PRPF4	ENSG00000136875	True	1.1986570869544226
ACTR3C		False	1.1986570869544226
NQO2	ENSG00000124588	True	1.1986570869544226
XPO5	ENSG00000124571	True	1.1986570869544226
TMEM40	ENSG00000088726	True	1.1986570869544226
EXOSC1	ENSG00000171311	True	1.1986570869544226
MYOF	ENSG00000138119	True	1.1958996524092338
ARHGEF2	ENSG00000116584	True	1.1958996524092338
MAPT	ENSG00000186868	True	1.1958996524092338
NUP210	ENSG00000132182	True	1.1958996524092338
HMGCS2	ENSG00000134240	True	1.1958996524092338
SH3KBP1	ENSG00000147010	True	1.1958996524092338
FAM120A	ENSG00000048828	True	1.1958996524092338
CADM1	ENSG00000182985	True	1.1958996524092338
NUP35	ENSG00000163002	True	1.1958996524092338
COMMD3	ENSG00000148444	True	1.1931245983544616
DPYSL5	ENSG00000157851	True	1.1931245983544616
ZNF185	ENSG00000147394	True	1.1931245983544616
KYAT3	ENSG00000137944	True	1.1931245983544616
EIF2B3	ENSG00000070785	True	1.1931245983544616
ATL1	ENSG00000198513	True	1.1931245983544616
PAM16		False	1.1931245983544616
XPOT		False	1.1931245983544616
USP10	ENSG00000103194	True	1.1931245983544616
THBS2	ENSG00000186340	True	1.1931245983544616
MRPL27	ENSG00000108826	True	1.1931245983544616
FBLN5	ENSG00000140092	True	1.1931245983544616
PPP1R1B	ENSG00000131771	True	1.1931245983544616
YAP1	ENSG00000137693	True	1.1931245983544616
SEPTIN8	ENSG00000164402	True	1.1903316981702914
NECAP2	ENSG00000157191	True	1.1903316981702914
LPCAT1	ENSG00000153395	True	1.1903316981702914
NDUFAF2	ENSG00000164182	True	1.1903316981702914
DYNC1LI2	ENSG00000135720	True	1.1903316981702914
FCGR2A	ENSG00000143226	True	1.1903316981702914
HSD17B11	ENSG00000198189	True	1.1903316981702914
MRPL15	ENSG00000137547	True	1.1903316981702914
PEX14	ENSG00000142655	True	1.187520720836463
LRBA	ENSG00000198589	True	1.187520720836463
TP53I3	ENSG00000115129	True	1.187520720836463
POLR1C		False	1.187520720836463
NCK2	ENSG00000071051	True	1.187520720836463
GLB1	ENSG00000170266	True	1.187520720836463
SYMPK	ENSG00000125755	True	1.187520720836463
CDC42SE2	ENSG00000158985	True	1.187520720836463
RAB43	ENSG00000172780	True	1.187520720836463
SELENOF		False	1.187520720836463
HSPBP1	ENSG00000133265	True	1.187520720836463
APPL2	ENSG00000136044	True	1.187520720836463
NCLN	ENSG00000125912	True	1.187520720836463
APPL1	ENSG00000157500	True	1.187520720836463
SMN1	ENSG00000172062	True	1.187520720836463
SMN2	ENSG00000205571	True	1.187520720836463
KCNAB2	ENSG00000069424	True	1.187520720836463
DNAJC5	ENSG00000101152	True	1.1846914308175989
MRPL20	ENSG00000242485	True	1.1846914308175989
EMC7	ENSG00000134153	True	1.1846914308175989
MPDU1	ENSG00000129255	True	1.1846914308175989
MRPL47	ENSG00000136522	True	1.1846914308175989
ZC3H18	ENSG00000158545	True	1.1846914308175989
MGP	ENSG00000111341	True	1.1846914308175989
MRI1	ENSG00000037757	True	1.1846914308175989
GCA	ENSG00000115271	True	1.1846914308175989
PPP3CA	ENSG00000138814	True	1.1846914308175989
SRPRA		False	1.1818435879447726
EXOSC6		False	1.1818435879447726
CAMK2G	ENSG00000148660	True	1.1818435879447726
BIN1	ENSG00000136717	True	1.1818435879447726
MYEF2	ENSG00000104177	True	1.1818435879447726
BST2	ENSG00000130303	True	1.1789769472931695
MPI	ENSG00000178802	True	1.1789769472931695
CSTF1	ENSG00000101138	True	1.1789769472931695
LCP2	ENSG00000043462	True	1.1789769472931695
RPIA	ENSG00000153574	True	1.1789769472931695
DHFR	ENSG00000228716	True	1.1789769472931695
MCRIP1	ENSG00000225663	True	1.1789769472931695
IGF2BP2	ENSG00000073792	True	1.1789769472931695
RWDD1	ENSG00000111832	True	1.1789769472931695
H3BNX3_HUMAN		False	1.1789769472931695
TBRG4	ENSG00000136270	True	1.1789769472931695
TOM1	ENSG00000100284	True	1.1789769472931695
ERG28	ENSG00000133935	True	1.1789769472931695
CADM3	ENSG00000162706	True	1.1760912590556813
LIG1	ENSG00000105486	True	1.1760912590556813
MRPL1	ENSG00000169288	True	1.1760912590556813
ERLIN1	ENSG00000107566	True	1.1760912590556813
MRPL43		False	1.1760912590556813
GBP1	ENSG00000117228	True	1.1760912590556813
ALDH1B1	ENSG00000137124	True	1.1760912590556813
ASPDH	ENSG00000204653	True	1.1760912590556813
LOC114841035		False	1.1760912590556813
CFAP20	ENSG00000070761	True	1.173186268412274
PPP1R18	ENSG00000146112	True	1.173186268412274
ENDOU	ENSG00000111405	True	1.173186268412274
NDUFB8	ENSG00000166136	True	1.173186268412274
MBD3	ENSG00000071655	True	1.173186268412274
LRPAP1	ENSG00000163956	True	1.1702617153949575
NEK7	ENSG00000151414	True	1.1702617153949575
SMAP2	ENSG00000084070	True	1.1702617153949575
PYCARD	ENSG00000103490	True	1.1702617153949575
PLAA	ENSG00000137055	True	1.1702617153949575
MAD2L1	ENSG00000164109	True	1.1702617153949575
PAGE5	ENSG00000158639	True	1.1702617153949575
DYNLT1		False	1.1702617153949575
DCTN4	ENSG00000132912	True	1.1702617153949575
NRBP1	ENSG00000115216	True	1.1702617153949575
CA6	ENSG00000131686	True	1.1702617153949575
CTNNBL1	ENSG00000132792	True	1.1702617153949575
PKP2	ENSG00000057294	True	1.1702617153949575
RAB4B		False	1.1702617153949575
DDX24	ENSG00000089737	True	1.1702617153949575
TAOK3	ENSG00000135090	True	1.1702617153949575
MME	ENSG00000196549	True	1.167317334748176
VNN1	ENSG00000112299	True	1.167317334748176
MT1G		False	1.167317334748176
PCBD1	ENSG00000166228	True	1.167317334748176
MBOAT7	ENSG00000125505	True	1.167317334748176
ACTR3B	ENSG00000133627	True	1.167317334748176
ATP5MF-PTCD1	ENSG00000248919	True	1.167317334748176
HLA-DPB1	ENSG00000223865	True	1.1643528557844371
CORO7-PAM16	ENSG00000103426	True	1.1643528557844371
UBLCP1	ENSG00000164332	True	1.1643528557844371
MRPL21	ENSG00000197345	True	1.1643528557844371
CLIP2	ENSG00000106665	True	1.1643528557844371
PRPF6	ENSG00000101161	True	1.1643528557844371
RBM17	ENSG00000134453	True	1.1643528557844371
THUMPD1	ENSG00000066654	True	1.1643528557844371
TM9SF4	ENSG00000101337	True	1.1613680022349748
TP53	ENSG00000141510	True	1.1613680022349748
TMEM14C		False	1.1613680022349748
ENSP00000493780		False	1.1613680022349748
FDFT1	ENSG00000079459	True	1.1583624920952498
PDLIM3	ENSG00000154553	True	1.1583624920952498
SIGMAR1	ENSG00000147955	True	1.1583624920952498
CRYGB	ENSG00000182187	True	1.1583624920952498
XRN2	ENSG00000088930	True	1.1583624920952498
CCDC6	ENSG00000108091	True	1.1583624920952498
CUL1	ENSG00000055130	True	1.1583624920952498
ZNF326	ENSG00000162664	True	1.1583624920952498
GNPDA2	ENSG00000163281	True	1.1583624920952498
CMAS	ENSG00000111726	True	1.1583624920952498
BAG3	ENSG00000151929	True	1.1553360374650619
GOLT1B	ENSG00000111711	True	1.1553360374650619
BST1	ENSG00000109743	True	1.1553360374650619
PTK2B	ENSG00000120899	True	1.1553360374650619
MMS19	ENSG00000155229	True	1.1553360374650619
ZNF207	ENSG00000010244	True	1.1553360374650619
TMUB1	ENSG00000164897	True	1.1553360374650619
ACTR10		False	1.1553360374650619
RAB9A	ENSG00000123595	True	1.1553360374650619
SART1	ENSG00000175467	True	1.1553360374650619
MTM1	ENSG00000171100	True	1.1553360374650619
CAMK2B	ENSG00000058404	True	1.1553360374650619
COA7	ENSG00000162377	True	1.1553360374650619
SEC63	ENSG00000025796	True	1.1553360374650619
NAPB	ENSG00000125814	True	1.1553360374650619
RILPL2	ENSG00000150977	True	1.1553360374650619
EXOSC2	ENSG00000130713	True	1.1522883443830565
TUBG2	ENSG00000037042	True	1.1522883443830565
ATP2B1	ENSG00000070961	True	1.1522883443830565
ASL	ENSG00000126522	True	1.1522883443830565
CD63	ENSG00000135404	True	1.1522883443830565
MRPL55	ENSG00000162910	True	1.1522883443830565
STUB1	ENSG00000103266	True	1.14921911265538
CNOT9	ENSG00000144580	True	1.14921911265538
UCK2		False	1.14921911265538
SH3BP1	ENSG00000100092	True	1.14921911265538
TERF2IP	ENSG00000166848	True	1.14921911265538
MRRF	ENSG00000148187	True	1.14921911265538
SPINK5	ENSG00000133710	True	1.146128035678238
PRCC	ENSG00000143294	True	1.146128035678238
SUN2	ENSG00000100242	True	1.146128035678238
COL18A1	ENSG00000182871	True	1.146128035678238
KRT12	ENSG00000187242	True	1.146128035678238
CORO6		False	1.146128035678238
CDH1	ENSG00000039068	True	1.146128035678238
SON	ENSG00000159140	True	1.146128035678238
KRT80		False	1.146128035678238
GIT1	ENSG00000108262	True	1.1430148002540952
EFHD1	ENSG00000115468	True	1.1430148002540952
RGS6	ENSG00000182732	True	1.1430148002540952
HCFC1	ENSG00000172534	True	1.1430148002540952
NCKAP1L	ENSG00000123338	True	1.1430148002540952
STK25	ENSG00000115694	True	1.1430148002540952
CCAR1	ENSG00000060339	True	1.1430148002540952
FAF1	ENSG00000185104	True	1.1430148002540952
STK10	ENSG00000072786	True	1.1430148002540952
ARSA	ENSG00000100299	True	1.1398790864012365
PAGE1	ENSG00000068985	True	1.1398790864012365
GNPTG	ENSG00000090581	True	1.1398790864012365
FCGBP	ENSG00000275395	True	1.1398790864012365
NOSIP	ENSG00000142546	True	1.1398790864012365
PC	ENSG00000173599	True	1.1398790864012365
ATP6V1H	ENSG00000047249	True	1.1398790864012365
HTATSF1	ENSG00000102241	True	1.1398790864012365
SCYL2	ENSG00000136021	True	1.1398790864012365
GMNN	ENSG00000112312	True	1.1398790864012365
GYG1	ENSG00000163754	True	1.1398790864012365
KRT3		False	1.1398790864012365
NEFM	ENSG00000104722	True	1.1398790864012365
EBP	ENSG00000147155	True	1.1398790864012365
STARD10	ENSG00000214530	True	1.1367205671564067
CD93	ENSG00000125810	True	1.1367205671564067
BCKDHB	ENSG00000083123	True	1.1367205671564067
BET1		False	1.1367205671564067
ECPAS	ENSG00000136813	True	1.1367205671564067
GON7	ENSG00000170270	True	1.1367205671564067
TWF1	ENSG00000151239	True	1.1367205671564067
MRPL17	ENSG00000158042	True	1.1367205671564067
MGARP	ENSG00000137463	True	1.1367205671564067
CCNY	ENSG00000108100	True	1.1367205671564067
HMGN5	ENSG00000198157	True	1.1335389083702174
NT5C3A	ENSG00000122643	True	1.1335389083702174
CSTF2	ENSG00000101811	True	1.1335389083702174
VAMP5	ENSG00000168899	True	1.1335389083702174
GIGYF2	ENSG00000204120	True	1.1335389083702174
ZNRD1		False	1.1335389083702174
CHMP1A		False	1.1335389083702174
BOP1	ENSG00000261236	True	1.1335389083702174
OARD1	ENSG00000124596	True	1.130333768495006
NCBP2	ENSG00000114503	True	1.130333768495006
ADPRHL2		False	1.130333768495006
POLR2B	ENSG00000047315	True	1.130333768495006
RRP12		False	1.130333768495006
NCAPD2	ENSG00000010292	True	1.130333768495006
VPS45	ENSG00000136631	True	1.130333768495006
HLA-G	ENSG00000204632	True	1.130333768495006
NIFK	ENSG00000155438	True	1.130333768495006
PACSIN3	ENSG00000165912	True	1.130333768495006
PDS5A	ENSG00000121892	True	1.130333768495006
MRPS2	ENSG00000122140	True	1.130333768495006
KRT36		False	1.1271047983648077
THBS4	ENSG00000113296	True	1.1271047983648077
ENAH	ENSG00000154380	True	1.1271047983648077
RAB13	ENSG00000143545	True	1.1271047983648077
SPTLC1	ENSG00000090054	True	1.1271047983648077
PYCR3	ENSG00000104524	True	1.1271047983648077
ALDH5A1	ENSG00000112294	True	1.1271047983648077
KRT40	ENSG00000204889	True	1.1271047983648077
ABCF2	ENSG00000033050	True	1.1271047983648077
MAPKAPK2	ENSG00000162889	True	1.1271047983648077
SEMG1	ENSG00000124233	True	1.1271047983648077
NEDD8-MDP1	ENSG00000255526	True	1.1238516409670858
AGL	ENSG00000162688	True	1.1238516409670858
DR1	ENSG00000117505	True	1.1238516409670858
OAS3	ENSG00000111331	True	1.1238516409670858
APIP	ENSG00000149089	True	1.1238516409670858
NUP214		False	1.1238516409670858
GMDS	ENSG00000112699	True	1.1238516409670858
RPL7L1		False	1.1238516409670858
COX7A2L		False	1.1238516409670858
PON2	ENSG00000105854	True	1.1238516409670858
TPPP3	ENSG00000159713	True	1.1205739312058498
H7C2Y5_HUMAN		False	1.1205739312058498
MTURN	ENSG00000180354	True	1.1205739312058498
CRYGA	ENSG00000168582	True	1.1205739312058498
GID8	ENSG00000101193	True	1.1205739312058498
AGPAT1	ENSG00000204310	True	1.1205739312058498
AGXT	ENSG00000172482	True	1.1205739312058498
GSPT2	ENSG00000189369	True	1.1205739312058498
NOP16	ENSG00000048162	True	1.1205739312058498
THOC7	ENSG00000163634	True	1.1205739312058498
ABHD5	ENSG00000011198	True	1.1172712956557642
MRPL28	ENSG00000086504	True	1.1172712956557642
DNMT1	ENSG00000130816	True	1.1172712956557642
IRF4	ENSG00000137265	True	1.1172712956557642
MRPL24	ENSG00000143314	True	1.1172712956557642
TFF1	ENSG00000160182	True	1.1172712956557642
SLC39A7	ENSG00000112473	True	1.1172712956557642
HK2	ENSG00000159399	True	1.1172712956557642
IGF2R	ENSG00000197081	True	1.1172712956557642
DDX23	ENSG00000174243	True	1.1139433523068367
APOOL	ENSG00000155008	True	1.1139433523068367
DMKN	ENSG00000161249	True	1.1139433523068367
LYNX1-SLURP2		False	1.1139433523068367
CUL2	ENSG00000108094	True	1.1139433523068367
PPP2R5D	ENSG00000112640	True	1.1139433523068367
FECH	ENSG00000066926	True	1.1139433523068367
PRTFDC1	ENSG00000099256	True	1.1139433523068367
GRIPAP1	ENSG00000068400	True	1.1139433523068367
SORBS2		False	1.110589710299249
PTBP3		False	1.110589710299249
UBE2H	ENSG00000186591	True	1.110589710299249
HLA-DPA1	ENSG00000231389	True	1.110589710299249
GTPBP1	ENSG00000100226	True	1.110589710299249
PPIAL4G	ENSG00000236334	True	1.110589710299249
RPL22L1	ENSG00000163584	True	1.110589710299249
DNAJC19	ENSG00000205981	True	1.110589710299249
MACROD1	ENSG00000133315	True	1.110589710299249
LAMB1	ENSG00000091136	True	1.110589710299249
ARFGAP2	ENSG00000149182	True	1.110589710299249
POMP	ENSG00000132963	True	1.1072099696478683
TMEM189-UBE2V1		False	1.1072099696478683
PCCA	ENSG00000175198	True	1.1072099696478683
DEFA6	ENSG00000164822	True	1.1072099696478683
CIAO2B	ENSG00000166595	True	1.1072099696478683
MFAP1	ENSG00000140259	True	1.1072099696478683
BRD2	ENSG00000204256	True	1.1072099696478683
PRRC2A	ENSG00000204469	True	1.1072099696478683
PML	ENSG00000140464	True	1.1072099696478683
RABGGTA	ENSG00000100949	True	1.1072099696478683
COMMD1	ENSG00000173163	True	1.1072099696478683
SLC2A3	ENSG00000059804	True	1.1072099696478683
MTHFD1L	ENSG00000120254	True	1.1072099696478683
ASMTL	ENSG00000169093	True	1.1072099696478683
PYURF	ENSG00000145337	True	1.1038037209559568
MRPS11	ENSG00000181991	True	1.1038037209559568
MOV10		False	1.1038037209559568
TNXB		False	1.1038037209559568
TMBIM1	ENSG00000135926	True	1.100370545117563
CD46	ENSG00000117335	True	1.100370545117563
TRAPPC4	ENSG00000196655	True	1.100370545117563
FAM114A2	ENSG00000055147	True	1.100370545117563
PLTP	ENSG00000100979	True	1.100370545117563
PRPF40A	ENSG00000196504	True	1.100370545117563
TMEM126A	ENSG00000171202	True	1.100370545117563
IRF2BP2	ENSG00000168264	True	1.0969100130080565
GFM1	ENSG00000168827	True	1.0969100130080565
LLPH		False	1.0969100130080565
HMGN3	ENSG00000118418	True	1.0969100130080565
NUP107		False	1.0969100130080565
TM9SF3	ENSG00000077147	True	1.0969100130080565
FTSJ3	ENSG00000108592	True	1.0969100130080565
NUP98		False	1.0969100130080565
MAP2K3	ENSG00000034152	True	1.0969100130080565
ASF1A		False	1.0969100130080565
FMNL1	ENSG00000184922	True	1.0969100130080565
CNST	ENSG00000162852	True	1.0969100130080565
RAD21	ENSG00000164754	True	1.0969100130080565
UBFD1		False	1.0969100130080565
GNB3	ENSG00000111664	True	1.0969100130080565
ALDH3A1	ENSG00000108602	True	1.0934216851622351
DFFA	ENSG00000160049	True	1.0934216851622351
IFIT3	ENSG00000119917	True	1.0934216851622351
TANGO2	ENSG00000183597	True	1.0934216851622351
MIF4GD	ENSG00000125457	True	1.0934216851622351
PSMG1	ENSG00000183527	True	1.0934216851622351
TIA1		False	1.0934216851622351
DHX29	ENSG00000067248	True	1.0934216851622351
CMC2	ENSG00000103121	True	1.0934216851622351
GOLGA7	ENSG00000147533	True	1.0934216851622351
HEXA	ENSG00000213614	True	1.089905111439398
DDI2	ENSG00000197312	True	1.089905111439398
PAK4	ENSG00000130669	True	1.089905111439398
FGFR1OP2	ENSG00000111790	True	1.089905111439398
HAGH	ENSG00000063854	True	1.089905111439398
DARS2	ENSG00000117593	True	1.089905111439398
PTK2	ENSG00000169398	True	1.089905111439398
FCGR2B	ENSG00000072694	True	1.089905111439398
CASP6	ENSG00000138794	True	1.089905111439398
UBE2F	ENSG00000184182	True	1.089905111439398
RNF103-CHMP3	ENSG00000249884	True	1.089905111439398
CMBL	ENSG00000164237	True	1.089905111439398
NDUFAF4	ENSG00000123545	True	1.089905111439398
TMSB4Y		False	1.089905111439398
HOXB3	ENSG00000120093	True	1.0863598306747482
MPV17		False	1.0863598306747482
GALM	ENSG00000143891	True	1.0863598306747482
CYB5R2	ENSG00000166394	True	1.0863598306747482
CPLX2	ENSG00000145920	True	1.0863598306747482
GLG1	ENSG00000090863	True	1.0863598306747482
DLG1	ENSG00000075711	True	1.0863598306747482
RMDN1	ENSG00000176623	True	1.0863598306747482
GNS	ENSG00000135677	True	1.0863598306747482
KPNA6	ENSG00000025800	True	1.0863598306747482
PSME3IP1	ENSG00000172775	True	1.0863598306747482
PITRM1	ENSG00000107959	True	1.08278537031645
RAP2A	ENSG00000125249	True	1.08278537031645
SEPHS1	ENSG00000086475	True	1.08278537031645
TRARG1	ENSG00000184811	True	1.08278537031645
CSTF3	ENSG00000176102	True	1.08278537031645
TNC	ENSG00000041982	True	1.08278537031645
EPB41L3	ENSG00000082397	True	1.08278537031645
MTCH1	ENSG00000137409	True	1.08278537031645
CRAT	ENSG00000095321	True	1.08278537031645
PPP6R1	ENSG00000105063	True	1.08278537031645
PCSK1N	ENSG00000102109	True	1.08278537031645
ARPC1A	ENSG00000241685	True	1.08278537031645
BLOC1S2	ENSG00000196072	True	1.0791812460476249
SPRYD4	ENSG00000176422	True	1.0791812460476249
ISCU	ENSG00000136003	True	1.0791812460476249
NCKAP1	ENSG00000061676	True	1.0791812460476249
ARFGEF3	ENSG00000112379	True	1.0791812460476249
UBE2G1	ENSG00000132388	True	1.0791812460476249
NUP133	ENSG00000069248	True	1.0791812460476249
HMOX1	ENSG00000100292	True	1.0791812460476249
CHMP1B	ENSG00000255112	True	1.0755469613925308
POLDIP3	ENSG00000100227	True	1.0755469613925308
EPN1	ENSG00000063245	True	1.0755469613925308
IGHV3-15		False	1.0755469613925308
FAHD1	ENSG00000180185	True	1.0755469613925308
ACYP1	ENSG00000119640	True	1.0755469613925308
PIP4K2B		False	1.0755469613925308
POLR1D	ENSG00000186184	True	1.0755469613925308
TMED1	ENSG00000099203	True	1.0755469613925308
GTF2F1	ENSG00000125651	True	1.0755469613925308
ILKAP	ENSG00000132323	True	1.0755469613925308
TPRKB	ENSG00000144034	True	1.0718820073061255
TRIP13	ENSG00000071539	True	1.0718820073061255
WDR5		False	1.0718820073061255
ATP6V1B1	ENSG00000116039	True	1.0718820073061255
NUP43	ENSG00000120253	True	1.0718820073061255
EML4	ENSG00000143924	True	1.0718820073061255
UAP1	ENSG00000117143	True	1.0718820073061255
RABEP1	ENSG00000029725	True	1.0718820073061255
TSPAN13	ENSG00000106537	True	1.0718820073061255
AKR1C4	ENSG00000198610	True	1.0718820073061255
TOMM7		False	1.0718820073061255
DOHH	ENSG00000129932	True	1.0681858617461617
RBM28	ENSG00000106344	True	1.0681858617461617
NFU1	ENSG00000169599	True	1.0681858617461617
BABAM2	ENSG00000158019	True	1.0681858617461617
FKBP1C	ENSG00000198225	True	1.0681858617461617
ARFGAP1	ENSG00000101199	True	1.0681858617461617
UNC119B	ENSG00000175970	True	1.0681858617461617
EXOC4	ENSG00000131558	True	1.0681858617461617
DHRS2	ENSG00000100867	True	1.0644579892269184
NUP205		False	1.0644579892269184
CYBC1	ENSG00000178927	True	1.0644579892269184
COX20	ENSG00000203667	True	1.0644579892269184
MRPL50	ENSG00000136897	True	1.0644579892269184
PPIL3	ENSG00000240344	True	1.0644579892269184
UBE2Z	ENSG00000159202	True	1.0644579892269184
SNX9	ENSG00000130340	True	1.0644579892269184
EIF2B4	ENSG00000115211	True	1.0644579892269184
CDK5	ENSG00000164885	True	1.0644579892269184
UBR4	ENSG00000127481	True	1.0644579892269184
PLD3	ENSG00000105223	True	1.0644579892269184
HMGA2	ENSG00000149948	True	1.0644579892269184
CNOT3	ENSG00000088038	True	1.0644579892269184
DIS3	ENSG00000083520	True	1.0606978403536116
C15orf48	ENSG00000166920	True	1.0606978403536116
EMC1	ENSG00000127463	True	1.0606978403536116
IGFBP1	ENSG00000146678	True	1.0606978403536116
COA6	ENSG00000168275	True	1.0606978403536116
PCYT2	ENSG00000185813	True	1.0569048513364727
NCALD	ENSG00000104490	True	1.0569048513364727
VSIG4	ENSG00000155659	True	1.0569048513364727
UBXN4	ENSG00000144224	True	1.0569048513364727
EXOSC8	ENSG00000120699	True	1.0569048513364727
GRSF1	ENSG00000132463	True	1.0569048513364727
MYL1	ENSG00000168530	True	1.0569048513364727
KRTAP10-9		False	1.0569048513364727
IFT27	ENSG00000100360	True	1.0569048513364727
LSM12	ENSG00000161654	True	1.0569048513364727
SCOC	ENSG00000153130	True	1.0569048513364727
ACSF2	ENSG00000167107	True	1.0530784434834197
RABL6	ENSG00000196642	True	1.0530784434834197
UBE2L6	ENSG00000156587	True	1.0530784434834197
NFYA	ENSG00000001167	True	1.0530784434834197
TBCD	ENSG00000141556	True	1.0530784434834197
PCYT1A	ENSG00000161217	True	1.0530784434834197
PBK	ENSG00000168078	True	1.0530784434834197
GAMT	ENSG00000130005	True	1.0530784434834197
SNTB2		False	1.0530784434834197
TAP1	ENSG00000168394	True	1.0530784434834197
PDS5B	ENSG00000083642	True	1.0530784434834197
SEC16A	ENSG00000148396	True	1.0492180226701815
FAHD2A	ENSG00000115042	True	1.0492180226701815
PELP1	ENSG00000141456	True	1.0492180226701815
SEC23IP	ENSG00000107651	True	1.0492180226701815
CPPED1	ENSG00000103381	True	1.0492180226701815
MRPL9	ENSG00000143436	True	1.0492180226701815
KPNA1	ENSG00000114030	True	1.0492180226701815
SMTN	ENSG00000183963	True	1.0492180226701815
SMU1	ENSG00000122692	True	1.0453229787866574
NUP58	ENSG00000139496	True	1.0453229787866574
RPL3L	ENSG00000140986	True	1.0453229787866574
RAB38		False	1.0453229787866574
MYO18A	ENSG00000196535	True	1.0453229787866574
CCN2	ENSG00000118523	True	1.0453229787866574
TNPO2	ENSG00000105576	True	1.0453229787866574
PRPF4B	ENSG00000112739	True	1.0453229787866574
INHBC		False	1.0453229787866574
TINAGL1	ENSG00000142910	True	1.0453229787866574
FBXO2	ENSG00000116661	True	1.0453229787866574
ATP6V1G2	ENSG00000213760	True	1.0453229787866574
APBB1IP	ENSG00000077420	True	1.0453229787866574
YY1	ENSG00000100811	True	1.0453229787866574
TOR1A	ENSG00000136827	True	1.0413926851582251
PPP2R5A	ENSG00000066027	True	1.0413926851582251
ARHGEF1	ENSG00000076928	True	1.0413926851582251
FAM32A	ENSG00000105058	True	1.0413926851582251
CKS2	ENSG00000123975	True	1.0413926851582251
ADAMDEC1		False	1.0413926851582251
HIGD1A	ENSG00000181061	True	1.0413926851582251
LDHAL6B	ENSG00000171989	True	1.0413926851582251
NCF2	ENSG00000116701	True	1.0413926851582251
PEX19	ENSG00000162735	True	1.0413926851582251
POGLUT3	ENSG00000178202	True	1.0413926851582251
PPM1B	ENSG00000138032	True	1.0413926851582251
PRRC2C	ENSG00000117523	True	1.0413926851582251
SF3B4	ENSG00000143368	True	1.0413926851582251
H0YHG0_HUMAN		False	1.0413926851582251
TMED7	ENSG00000134970	True	1.0413926851582251
NME3	ENSG00000103024	True	1.0413926851582251
PIP4P2	ENSG00000155099	True	1.0413926851582251
CWC15	ENSG00000150316	True	1.0374264979406236
CDK4	ENSG00000135446	True	1.0374264979406236
NDUFAF3	ENSG00000178057	True	1.0374264979406236
NUP88	ENSG00000108559	True	1.0374264979406236
THOC6	ENSG00000131652	True	1.0374264979406236
PTCD3	ENSG00000132300	True	1.0334237554869496
PDE6D	ENSG00000156973	True	1.0334237554869496
FANCI	ENSG00000140525	True	1.0334237554869496
NDUFV3	ENSG00000160194	True	1.0334237554869496
RNASEH2C	ENSG00000172922	True	1.0334237554869496
AGA	ENSG00000038002	True	1.0334237554869496
AKR1B10	ENSG00000198074	True	1.0334237554869496
UBQLN2	ENSG00000188021	True	1.0334237554869496
RBP1	ENSG00000114115	True	1.0334237554869496
KRT76	ENSG00000185069	True	1.0293837776852097
SERPINB8	ENSG00000166401	True	1.0293837776852097
REG1B	ENSG00000172023	True	1.0293837776852097
MYO1E	ENSG00000157483	True	1.0293837776852097
PPP2R5E	ENSG00000154001	True	1.0293837776852097
COX8A	ENSG00000176340	True	1.0293837776852097
MRPL18	ENSG00000112110	True	1.0293837776852097
IKBKG	ENSG00000269335	True	1.0293837776852097
EXOSC7	ENSG00000075914	True	1.0293837776852097
GLTP	ENSG00000139433	True	1.0293837776852097
PSMG2	ENSG00000128789	True	1.0293837776852097
EXOSC5	ENSG00000077348	True	1.0293837776852097
EIF2B2	ENSG00000119718	True	1.0293837776852097
KDM1A	ENSG00000004487	True	1.0293837776852097
NCAPG	ENSG00000109805	True	1.0293837776852097
DNAJC3	ENSG00000102580	True	1.0293837776852097
HTATIP2	ENSG00000109854	True	1.0293837776852097
PPP4C	ENSG00000149923	True	1.0293837776852097
ADPRHL1	ENSG00000153531	True	1.0293837776852097
MMUT	ENSG00000146085	True	1.0293837776852097
RAB6C	ENSG00000222014	True	1.0293837776852097
FBN1	ENSG00000166147	True	1.0293837776852097
CRABP1	ENSG00000166426	True	1.0293837776852097
DAG1	ENSG00000173402	True	1.0293837776852097
XRCC1	ENSG00000073050	True	1.0293837776852097
PAPSS1	ENSG00000138801	True	1.0293837776852097
TAX1BP3	ENSG00000213977	True	1.0253058652647702
PCSK9		False	1.0253058652647702
EMC8	ENSG00000131148	True	1.0253058652647702
SEC11C	ENSG00000166562	True	1.0253058652647702
HEG1	ENSG00000173706	True	1.0253058652647702
NMI	ENSG00000123609	True	1.0253058652647702
PPP1R2		False	1.0253058652647702
MAP1S	ENSG00000130479	True	1.0253058652647702
SERPINB4	ENSG00000206073	True	1.0253058652647702
RPP30	ENSG00000148688	True	1.0253058652647702
RAB6D	ENSG00000233087	True	1.0253058652647702
UBXN7	ENSG00000163960	True	1.0253058652647702
CCL21	ENSG00000137077	True	1.0253058652647702
FUCA1	ENSG00000179163	True	1.0253058652647702
RNMT	ENSG00000101654	True	1.0253058652647702
STX5	ENSG00000162236	True	1.0253058652647702
ARAP1	ENSG00000186635	True	1.021189299069938
GET4	ENSG00000239857	True	1.021189299069938
TRIM58	ENSG00000162722	True	1.021189299069938
PRPF38A	ENSG00000134748	True	1.021189299069938
HLA-F		False	1.021189299069938
CLUH	ENSG00000132361	True	1.021189299069938
KLC1	ENSG00000126214	True	1.021189299069938
POLE3	ENSG00000148229	True	1.021189299069938
C8orf82	ENSG00000213563	True	1.021189299069938
FKBP11	ENSG00000134285	True	1.021189299069938
RBM10	ENSG00000182872	True	1.021189299069938
SMYD1	ENSG00000115593	True	1.021189299069938
CLPTM1L	ENSG00000049656	True	1.021189299069938
ATP6V0C		False	1.021189299069938
GABARAP		False	1.021189299069938
TPD52L1	ENSG00000111907	True	1.021189299069938
SREK1	ENSG00000153914	True	1.0170333392987803
QKI	ENSG00000112531	True	1.0170333392987803
OSGEP	ENSG00000092094	True	1.0170333392987803
LACTB	ENSG00000103642	True	1.0170333392987803
FADS2	ENSG00000134824	True	1.0170333392987803
LYG2	ENSG00000185674	True	1.0170333392987803
CSF1R	ENSG00000182578	True	1.0170333392987803
PRPS1L1		False	1.0170333392987803
SLA2		False	1.0170333392987803
PDK1	ENSG00000152256	True	1.0128372247051722
RHOQ		False	1.0128372247051722
DCAKD		False	1.0128372247051722
SLTM	ENSG00000137776	True	1.0128372247051722
MMAB	ENSG00000139428	True	1.0128372247051722
TXN2	ENSG00000100348	True	1.0128372247051722
KIAA0319L	ENSG00000142687	True	1.0128372247051722
MEMO1	ENSG00000162959	True	1.0128372247051722
MMP8	ENSG00000118113	True	1.0128372247051722
RAB3GAP1	ENSG00000115839	True	1.0086001717619175
SLC25A22	ENSG00000177542	True	1.0086001717619175
RNASEH2B	ENSG00000136104	True	1.0086001717619175
ZPR1	ENSG00000109917	True	1.0086001717619175
OGA	ENSG00000198408	True	1.0086001717619175
BCL2L2-PABPN1	ENSG00000258643	True	1.0086001717619175
LSM5	ENSG00000106355	True	1.0086001717619175
LPO	ENSG00000167419	True	1.0086001717619175
PAK1	ENSG00000149269	True	1.0086001717619175
PTK7	ENSG00000112655	True	1.0086001717619175
APOO	ENSG00000184831	True	1.0086001717619175
NUFIP2		False	1.0086001717619175
NEFL	ENSG00000277586	True	1.0086001717619175
PRNP	ENSG00000171867	True	1.0043213737826426
CUL5	ENSG00000166266	True	1.0043213737826426
SPRR1B		False	1.0043213737826426
SPAG9	ENSG00000008294	True	1.0043213737826426
HDDC2	ENSG00000111906	True	1.0043213737826426
OTUD6B	ENSG00000155100	True	1.0043213737826426
NCEH1	ENSG00000144959	True	1.0043213737826426
MRPL58	ENSG00000167862	True	1.0043213737826426
SLC1A4	ENSG00000115902	True	1.0043213737826426
CTPS2	ENSG00000047230	True	1.0043213737826426
GSK3B	ENSG00000082701	True	1.0043213737826426
RAMAC	ENSG00000169612	True	1.0043213737826426
RRP9	ENSG00000114767	True	1.0043213737826426
EGFR	ENSG00000146648	True	1.0043213737826426
PIK3R1	ENSG00000145675	True	1.0043213737826426
NFKB1	ENSG00000109320	True	1.0043213737826426
COMMD2	ENSG00000114744	True	1.0043213737826426
CBSL		False	1.0043213737826426
RRS1	ENSG00000179041	True	1.0043213737826426
IMPDH1	ENSG00000106348	True	1.0
RHOT2	ENSG00000140983	True	1.0
CDKN2A	ENSG00000147889	True	1.0
DERL1	ENSG00000136986	True	1.0
UBE2A		False	1.0
SYN1	ENSG00000008056	True	1.0
MRPL3	ENSG00000114686	True	1.0
COX7A1		False	0.9995654882259823
PRXL2B	ENSG00000157870	True	0.9995654882259823
SNF8	ENSG00000159210	True	0.9995654882259823
CADM4	ENSG00000105767	True	0.9991305412873711
NEK9	ENSG00000119638	True	0.9991305412873711
PIP4K2C	ENSG00000166908	True	0.9991305412873711
MICOS10	ENSG00000173436	True	0.9991305412873711
TPX2	ENSG00000088325	True	0.9986951583116558
FBXO7	ENSG00000100225	True	0.9982593384236987
DNAJC2	ENSG00000105821	True	0.9978230807457255
PRPSAP1		False	0.9973863843973133
ARIH1	ENSG00000166233	True	0.9969492484953811
MT-ND4	ENSG00000198886	True	0.9965116721541787
SCO1	ENSG00000133028	True	0.9960736544852753
VTI1A	ENSG00000151532	True	0.9960736544852753
MRPS18A	ENSG00000096080	True	0.9956351945975499
USP47	ENSG00000170242	True	0.9951962915971795
HM13	ENSG00000101294	True	0.9947569445876282
TIMM23	ENSG00000265354	True	0.9947569445876282
CD3EAP		False	0.9938769149412112
ELAC2	ENSG00000006744	True	0.9938769149412112
VSIR		False	0.9934362304976118
CUL4A		False	0.9929950984313415
BPHL	ENSG00000137274	True	0.9929950984313415
PREB	ENSG00000138073	True	0.9921114877869497
EMC3	ENSG00000125037	True	0.9916690073799486
PLEKHO2	ENSG00000241839	True	0.9916690073799486
ZNF428	ENSG00000131116	True	0.9907826918031378
HDHD3	ENSG00000119431	True	0.9907826918031378
STT3A	ENSG00000134910	True	0.9907826918031378
GATD1	ENSG00000177225	True	0.9907826918031378
LDLRAP1	ENSG00000157978	True	0.9903388547876014
EXOSC3	ENSG00000107371	True	0.9894498176666918
HNMT	ENSG00000150540	True	0.9885589568786155
CGGBP1	ENSG00000163320	True	0.9881128402683519
PDLIM2	ENSG00000120913	True	0.9881128402683519
HLA-DQB1	ENSG00000179344	True	0.9881128402683519
CBS	ENSG00000160200	True	0.9876662649262746
SUMF2	ENSG00000129103	True	0.9867717342662449
HEXIM1	ENSG00000186834	True	0.9867717342662449
MPC1	ENSG00000060762	True	0.9863237770507653
LIN7C	ENSG00000148943	True	0.9863237770507653
MCMBP	ENSG00000197771	True	0.9858753573083937
MOB4	ENSG00000115540	True	0.9858753573083937
ARG1	ENSG00000118520	True	0.9858753573083937
RELA	ENSG00000173039	True	0.9854264740830017
ITGAV	ENSG00000138448	True	0.9854264740830017
MRPL39	ENSG00000154719	True	0.9849771264154934
STOML3	ENSG00000133115	True	0.9845273133437926
MRPS9	ENSG00000135972	True	0.9845273133437926
SEC61A2		False	0.9840770339028309
TMX3	ENSG00000166479	True	0.9840770339028309
KRT78	ENSG00000170423	True	0.9840770339028309
STK3	ENSG00000104375	True	0.983175072037813
CFDP1	ENSG00000153774	True	0.9827233876685453
MUC5B	ENSG00000117983	True	0.9813655090785445
MUCL1	ENSG00000172551	True	0.9804578922761001
RAB29	ENSG00000117280	True	0.9800033715837464
KYNU	ENSG00000115919	True	0.9795483747040951
MRPS10	ENSG00000048544	True	0.9790929006383263
GOSR1	ENSG00000108587	True	0.9790929006383263
NBEAL2	ENSG00000160796	True	0.9790929006383263
AQP1	ENSG00000240583	True	0.9790929006383263
MPRIP	ENSG00000133030	True	0.9790929006383263
STAT6	ENSG00000166888	True	0.9786369483844743
SIRT2	ENSG00000068903	True	0.9781805169374139
DHPS	ENSG00000095059	True	0.9781805169374139
LGMN	ENSG00000100600	True	0.9781805169374139
TFF2	ENSG00000160181	True	0.9777236052888477
CPT1A	ENSG00000110090	True	0.9777236052888477
SGCD		False	0.9772662124272927
CHCHD6	ENSG00000159685	True	0.9772662124272927
CXCL5	ENSG00000163735	True	0.9772662124272927
C19orf53	ENSG00000104979	True	0.9763499790032735
CLPTM1	ENSG00000104853	True	0.9758911364017928
MKI67	ENSG00000148773	True	0.9758911364017928
CPT1B	ENSG00000205560	True	0.9754318085092629
KRT39		False	0.9745116927373284
SEMA7A	ENSG00000138623	True	0.9745116927373284
WAS	ENSG00000015285	True	0.9740509027928773
TNS1	ENSG00000079308	True	0.9740509027928773
SLK	ENSG00000065613	True	0.9740509027928773
RTCA	ENSG00000137996	True	0.973589623427257
MRPL19	ENSG00000115364	True	0.973589623427257
GIT2	ENSG00000139436	True	0.973589623427257
PPIE	ENSG00000084072	True	0.9731278535996987
BCAM	ENSG00000187244	True	0.9731278535996987
NUP153	ENSG00000124789	True	0.9731278535996987
GATAD2B	ENSG00000143614	True	0.9726655922661109
SCAF4	ENSG00000156304	True	0.9722028383790645
GPNMB		False	0.9712758487381052
POLD1	ENSG00000062822	True	0.9703468762300933
NCAPH	ENSG00000121152	True	0.9698816437465
PXN	ENSG00000089159	True	0.9694159123539814
NES	ENSG00000132688	True	0.9694159123539814
BPIFB2	ENSG00000078898	True	0.9694159123539814
IMP3		False	0.9694159123539814
CDS2	ENSG00000101290	True	0.9689496809813426
SEH1L	ENSG00000085415	True	0.9689496809813426
CRYGD	ENSG00000118231	True	0.9684829485539351
MSI2	ENSG00000153944	True	0.9684829485539351
NUDCD1	ENSG00000120526	True	0.9680157139936417
CA3	ENSG00000164879	True	0.9680157139936417
HTRA2	ENSG00000115317	True	0.9680157139936417
AHCYL1	ENSG00000168710	True	0.9670797341444971
HCCS	ENSG00000004961	True	0.9666109866819343
STAM	ENSG00000136738	True	0.9666109866819343
CDC73	ENSG00000134371	True	0.9666109866819343
TK1	ENSG00000167900	True	0.9661417327390326
RRP1	ENSG00000160214	True	0.9661417327390326
IL4I1	ENSG00000104951	True	0.9656719712201067
STAG1	ENSG00000118007	True	0.9656719712201067
CCNK	ENSG00000090061	True	0.9652017010259121
IFITM1	ENSG00000185885	True	0.9652017010259121
COMMD8	ENSG00000169019	True	0.9647309210536293
PACS1	ENSG00000175115	True	0.964259630196849
ZW10	ENSG00000086827	True	0.9637878273455552
TP53RK	ENSG00000172315	True	0.9633155113861113
GOSR2	ENSG00000108433	True	0.9633155113861113
CMC1	ENSG00000187118	True	0.9633155113861113
PDLIM4	ENSG00000131435	True	0.9628426812012424
DHRS4	ENSG00000157326	True	0.960470777534299
AFDN	ENSG00000130396	True	0.9599948383284161
TRIM21	ENSG00000132109	True	0.9599948383284161
CHERP		False	0.9595183769729982
LALBA	ENSG00000167531	True	0.9595183769729982
ZFAND6	ENSG00000086666	True	0.9590413923210935
ZFR	ENSG00000056097	True	0.9576072870600952
CRYL1	ENSG00000165475	True	0.9576072870600952
TSR1	ENSG00000167721	True	0.9576072870600952
PRPF3	ENSG00000117360	True	0.9571281976768131
PRUNE1	ENSG00000143363	True	0.9571281976768131
ZAP70	ENSG00000115085	True	0.9566485792052033
STAMBP	ENSG00000124356	True	0.9561684304753633
C9orf64	ENSG00000165118	True	0.9556877503135057
ITM2B	ENSG00000136156	True	0.9556877503135057
CCDC12	ENSG00000160799	True	0.9556877503135057
TEX264	ENSG00000164081	True	0.9552065375419417
RAB3D	ENSG00000105514	True	0.9552065375419417
CLASP1	ENSG00000074054	True	0.9552065375419417
DDX47	ENSG00000213782	True	0.9552065375419417
DCAF7	ENSG00000136485	True	0.9547247909790629
ITGA7	ENSG00000135424	True	0.9547247909790629
GAPDHS	ENSG00000105679	True	0.9547247909790629
RING1	ENSG00000204227	True	0.9542425094393249
EMG1	ENSG00000126749	True	0.9542425094393249
HLA-DQA1	ENSG00000196735	True	0.9532763366673044
CLEC1B	ENSG00000165682	True	0.9532763366673044
PPIG	ENSG00000138398	True	0.9527924430440922
GPM6A	ENSG00000150625	True	0.9523080096621253
DNM3		False	0.9523080096621253
GP6	ENSG00000088053	True	0.951823035315912
TRMT10C	ENSG00000174173	True	0.9508514588885464
IL1RN	ENSG00000136689	True	0.9508514588885464
PTPN7	ENSG00000143851	True	0.9503648543761231
AKT1S1	ENSG00000204673	True	0.9503648543761231
TMEM263	ENSG00000151135	True	0.9498777040368748
MRPL37	ENSG00000116221	True	0.9498777040368748
COMMD4	ENSG00000140365	True	0.9498777040368748
SEC62	ENSG00000008952	True	0.9498777040368748
FIP1L1	ENSG00000145216	True	0.9493900066449128
OLFM4	ENSG00000102837	True	0.9479236198317263
HNRNPLL	ENSG00000143889	True	0.9479236198317263
SARS2	ENSG00000104835	True	0.9474337218870508
AGR3	ENSG00000173467	True	0.9474337218870508
EIF4E2		False	0.9474337218870508
FRG1	ENSG00000109536	True	0.9464522650130731
SCRIB	ENSG00000180900	True	0.9459607035775686
MVK	ENSG00000110921	True	0.9444826721501687
C6orf120	ENSG00000185127	True	0.9444826721501687
PAGE4	ENSG00000101951	True	0.9444826721501687
SMARCA4	ENSG00000127616	True	0.9439888750737718
MRPL2	ENSG00000112651	True	0.9434945159061026
SEC24D	ENSG00000150961	True	0.9429995933660404
CD247	ENSG00000198821	True	0.9425041061680807
CRMP1	ENSG00000072832	True	0.9410142437055697
EPHX2	ENSG00000120915	True	0.9410142437055697
PAXX	ENSG00000148362	True	0.9405164849325672
VPS4A	ENSG00000132612	True	0.9395192526186185
GUSB	ENSG00000169919	True	0.9395192526186185
COA8-2		False	0.9390197764486664
NUDT4	ENSG00000173598	True	0.9385197251764918
CNIH4	ENSG00000143771	True	0.9385197251764918
CETN2	ENSG00000147400	True	0.9385197251764918
IFI44	ENSG00000137965	True	0.9380190974762103
DOCK8	ENSG00000107099	True	0.9380190974762103
EML2	ENSG00000125746	True	0.9380190974762103
MACF1	ENSG00000127603	True	0.9380190974762103
PLA2G12A	ENSG00000123739	True	0.9380190974762103
STS	ENSG00000101846	True	0.9375178920173467
GOLPH3L		False	0.9375178920173467
SCPEP1	ENSG00000121064	True	0.9370161074648142
ICAM3	ENSG00000076662	True	0.9370161074648142
PPP3R1	ENSG00000221823	True	0.9370161074648142
RBMXL2	ENSG00000170748	True	0.9355072658247128
ABLIM1	ENSG00000099204	True	0.9355072658247128
IBA57	ENSG00000181873	True	0.9355072658247128
YIPF5	ENSG00000145817	True	0.9350031514536548
GRK2	ENSG00000173020	True	0.9350031514536548
ACACA	ENSG00000278540	True	0.9344984512435677
GADD45GIP1	ENSG00000179271	True	0.9344984512435677
BCAT1	ENSG00000060982	True	0.9339931638312423
SEPTIN10	ENSG00000186522	True	0.9339931638312423
ATP2C1	ENSG00000017260	True	0.9339931638312423
ARHGAP4	ENSG00000089820	True	0.9334872878487055
NUBP1	ENSG00000103274	True	0.9334872878487055
GTF2B	ENSG00000137947	True	0.9334872878487055
LARP4	ENSG00000161813	True	0.9334872878487055
NDRG3	ENSG00000101079	True	0.9324737646771533
EPB41L1	ENSG00000088367	True	0.9324737646771533
KRT26	ENSG00000186393	True	0.9319661147281727
WDR43	ENSG00000163811	True	0.9319661147281727
RPS6KA1	ENSG00000117676	True	0.931457870689005
RAB3GAP2	ENSG00000118873	True	0.931457870689005
TP53BP1	ENSG00000067369	True	0.931457870689005
SPRR1A	ENSG00000169474	True	0.930949031167523
RAB4A		False	0.930949031167523
RPS6KA3	ENSG00000177189	True	0.9299295600845878
SPINK7	ENSG00000145879	True	0.9299295600845878
CHRAC1		False	0.9294189257142927
COQ5	ENSG00000110871	True	0.9289076902439527
MFF	ENSG00000168958	True	0.9283958522567138
GNA14	ENSG00000156049	True	0.9283958522567138
SYP	ENSG00000102003	True	0.9283958522567138
PRKACG	ENSG00000165059	True	0.927883410330707
AACS	ENSG00000081760	True	0.927883410330707
EIF2B5	ENSG00000145191	True	0.9273703630390235
SLC44A2	ENSG00000129353	True	0.9273703630390235
PSMG3	ENSG00000157778	True	0.9268567089496923
LRCH1	ENSG00000136141	True	0.9268567089496923
FAM50A	ENSG00000071859	True	0.9268567089496923
MRPL42	ENSG00000198015	True	0.9258275746247423
EPB42	ENSG00000166947	True	0.9258275746247423
SLC7A5	ENSG00000103257	True	0.9258275746247423
CERS2	ENSG00000143418	True	0.9253120914996495
DSC1	ENSG00000134765	True	0.9247959957979122
LPXN	ENSG00000110031	True	0.9247959957979122
MRPL16	ENSG00000166902	True	0.9242792860618817
ACY1	ENSG00000243989	True	0.9242792860618817
TBL2		False	0.9237619608287003
ADPRH	ENSG00000144843	True	0.9237619608287003
DDX50	ENSG00000107625	True	0.9237619608287003
DNAJC13	ENSG00000138246	True	0.9232440186302765
RAB15	ENSG00000139998	True	0.9232440186302765
NDOR1	ENSG00000188566	True	0.92272545799326
DHX30	ENSG00000132153	True	0.92272545799326
SNRNP27	ENSG00000124380	True	0.9222062774390164
PDXP	ENSG00000241360	True	0.9222062774390164
TMOD1	ENSG00000136842	True	0.921686475483602
PSPH	ENSG00000146733	True	0.921686475483602
MDP1	ENSG00000213920	True	0.9211660506377387
NELFA	ENSG00000185049	True	0.9206450014067876
HPF1	ENSG00000056050	True	0.9206450014067876
LSS	ENSG00000160285	True	0.9206450014067876
GSK3A	ENSG00000105723	True	0.9206450014067876
TOR1AIP2	ENSG00000169905	True	0.9201233262907239
MYO1D	ENSG00000176658	True	0.9201233262907239
P3H1	ENSG00000117385	True	0.9201233262907239
PTTG1IP	ENSG00000183255	True	0.9201233262907239
ACSF3		False	0.919601023784111
METTL1	ENSG00000037897	True	0.919078092376074
ABHD12	ENSG00000100997	True	0.9185545305502735
CNOT1	ENSG00000125107	True	0.9180303367848801
AKAP8	ENSG00000105127	True	0.9180303367848801
STK38L	ENSG00000211455	True	0.9180303367848801
SMCHD1	ENSG00000101596	True	0.9180303367848801
EXOC3		False	0.9175055095525466
BAZ1B	ENSG00000009954	True	0.9175055095525466
GIPC1	ENSG00000123159	True	0.9175055095525466
STT3B	ENSG00000163527	True	0.9169800473203822
MT-ND5		False	0.9169800473203822
RTF2	ENSG00000022277	True	0.9164539485499251
ZC3HC1	ENSG00000091732	True	0.9164539485499251
NT5C2	ENSG00000076685	True	0.9164539485499251
DAB2	ENSG00000153071	True	0.9159272116971158
PUS1	ENSG00000177192	True	0.9159272116971158
MRPL46	ENSG00000259494	True	0.9153998352122699
CALCOCO1	ENSG00000012822	True	0.9148718175400504
MRPL14	ENSG00000180992	True	0.9148718175400504
CEBPZ	ENSG00000115816	True	0.9148718175400504
AFP	ENSG00000081051	True	0.9143431571194408
NTMT1	ENSG00000148335	True	0.9143431571194408
P4HA2	ENSG00000072682	True	0.9132839017604184
NUP37	ENSG00000075188	True	0.912753303671323
CENPV	ENSG00000166582	True	0.9122220565324155
IFITM3	ENSG00000142089	True	0.9116901587538612
CHCHD1	ENSG00000172586	True	0.9116901587538612
MINPP1	ENSG00000107789	True	0.9116901587538612
MORF4L1	ENSG00000185787	True	0.9116901587538612
GBF1	ENSG00000107862	True	0.9116901587538612
RNF20	ENSG00000155827	True	0.9111576087399766
NLN	ENSG00000123213	True	0.9106244048892013
PPP4R2	ENSG00000163605	True	0.9100905455940682
GLYR1	ENSG00000140632	True	0.909020854211156
FABP7	ENSG00000164434	True	0.909020854211156
IFIT1	ENSG00000185745	True	0.909020854211156
ZNRD2	ENSG00000173465	True	0.9079485216122722
FAHD2B	ENSG00000144199	True	0.9074113607745862
DDX52	ENSG00000278053	True	0.9074113607745862
CNTN1	ENSG00000018236	True	0.9074113607745862
C9orf78	ENSG00000136819	True	0.9063350418050907
CHID1	ENSG00000177830	True	0.9063350418050907
AKT2	ENSG00000105221	True	0.9057958803678685
DNAJB6	ENSG00000105993	True	0.9057958803678685
HSPA14	ENSG00000187522	True	0.9057958803678685
SZRD1	ENSG00000055070	True	0.9052560487484512
DPP4	ENSG00000197635	True	0.9052560487484512
LAS1L	ENSG00000001497	True	0.9052560487484512
PUS7	ENSG00000091127	True	0.9052560487484512
NUDCD3	ENSG00000015676	True	0.9047155452786809
PLOD1	ENSG00000083444	True	0.9041743682841635
DKK3	ENSG00000050165	True	0.9036325160842377
PTPRJ	ENSG00000149177	True	0.9036325160842377
YARS2	ENSG00000139131	True	0.9036325160842377
HS1BP3	ENSG00000118960	True	0.9036325160842377
RBM26	ENSG00000139746	True	0.9030899869919435
KIF11	ENSG00000138160	True	0.9025467793139914
SCAMP1		False	0.9025467793139914
RBM12	ENSG00000244462	True	0.9020028913507294
NELFB	ENSG00000188986	True	0.9020028913507294
GPBP1	ENSG00000062194	True	0.9020028913507294
ECHDC3	ENSG00000134463	True	0.9020028913507294
CHKB	ENSG00000100288	True	0.900913067737669
KRT20	ENSG00000171431	True	0.900913067737669
TRMT1	ENSG00000104907	True	0.9003671286564703
HVCN1	ENSG00000122986	True	0.8998205024270963
AAAS	ENSG00000094914	True	0.8998205024270963
RANBP2	ENSG00000153201	True	0.8998205024270963
CACNA2D1	ENSG00000153956	True	0.8998205024270963
PAPSS2	ENSG00000198682	True	0.8998205024270963
PRPF38B	ENSG00000134186	True	0.8992731873176038
NCBP3	ENSG00000074356	True	0.8987251815894935
ZNF706		False	0.8981764834976765
POLD2	ENSG00000106628	True	0.8981764834976765
C12orf57	ENSG00000111678	True	0.8976270912904415
SCARB2	ENSG00000138760	True	0.8976270912904415
CLPX	ENSG00000166855	True	0.8976270912904415
DYSF	ENSG00000135636	True	0.8976270912904415
ITPR1	ENSG00000150995	True	0.8965262174895553
MMP2	ENSG00000087245	True	0.8965262174895553
RASSF2	ENSG00000101265	True	0.8965262174895553
SLC38A10	ENSG00000157637	True	0.895422546039408
FXN	ENSG00000165060	True	0.895422546039408
GOLGB1	ENSG00000173230	True	0.8948696567452525
TARS2	ENSG00000143374	True	0.8948696567452525
EXOSC10	ENSG00000171824	True	0.8948696567452525
AKR7A3		False	0.8948696567452525
CUL4B	ENSG00000158290	True	0.893206753059848
MPP6		False	0.893206753059848
THOC2	ENSG00000125676	True	0.893206753059848
SKIV2L		False	0.893206753059848
DCUN1D5	ENSG00000137692	True	0.8920946026904804
GATAD2A	ENSG00000167491	True	0.8920946026904804
PDHA2	ENSG00000163114	True	0.8915374576725644
USP9X	ENSG00000124486	True	0.890979596989689
LYNX1		False	0.890979596989689
SPN	ENSG00000197471	True	0.8904210188009143
MRPS17	ENSG00000239789	True	0.8904210188009143
HARS2	ENSG00000112855	True	0.8893017025063102
REXO4	ENSG00000148300	True	0.8887409606828927
MRPL40	ENSG00000185608	True	0.8887409606828927
CHAMP1	ENSG00000198824	True	0.8887409606828927
TBL1XR1	ENSG00000177565	True	0.8887409606828927
MMP14	ENSG00000157227	True	0.8887409606828927
PPP3CB	ENSG00000107758	True	0.8887409606828927
STX17	ENSG00000136874	True	0.8887409606828927
SEMG2	ENSG00000124157	True	0.8887409606828927
SHC1	ENSG00000160691	True	0.888179493918325
SHOC2	ENSG00000108061	True	0.8876173003357362
TXNL4A		False	0.8876173003357362
ROMO1	ENSG00000125995	True	0.8876173003357362
LRMP		False	0.887054378050957
ALG5	ENSG00000120697	True	0.887054378050957
ABI2	ENSG00000138443	True	0.8864907251724818
PSMG4	ENSG00000180822	True	0.8864907251724818
MBLAC2	ENSG00000176055	True	0.8864907251724818
FKBP10	ENSG00000141756	True	0.8859263398014311
LRRC40	ENSG00000066557	True	0.885361220031512
UBE2C	ENSG00000175063	True	0.884795363948981
DOK1	ENSG00000115325	True	0.884795363948981
SCYL1		False	0.884795363948981
CMTM6	ENSG00000091317	True	0.8836614351536176
KLC2	ENSG00000174996	True	0.8836614351536176
GULP1	ENSG00000144366	True	0.8836614351536176
KIFBP	ENSG00000198954	True	0.8830933585756899
DDX20	ENSG00000064703	True	0.8819549713396005
RBM4B	ENSG00000173914	True	0.8819549713396005
ASH2L	ENSG00000129691	True	0.8819549713396005
SLC25A32	ENSG00000164933	True	0.8819549713396005
LARP7	ENSG00000174720	True	0.8819549713396005
BCL2L13	ENSG00000099968	True	0.8819549713396005
DAXX	ENSG00000204209	True	0.8813846567705729
SLC39A14	ENSG00000104635	True	0.8813846567705729
NUP160		False	0.8808135922807914
RTN2	ENSG00000125744	True	0.8796692056320535
KRT24	ENSG00000167916	True	0.8796692056320535
PKP3	ENSG00000184363	True	0.8796692056320535
CTCF	ENSG00000102974	True	0.8796692056320535
TMEM9		False	0.8790958795000727
RNF40	ENSG00000103549	True	0.8790958795000727
ATP6V0A1	ENSG00000033627	True	0.8785217955012065
H6PD	ENSG00000049239	True	0.8785217955012065
MRPL10	ENSG00000159111	True	0.8785217955012065
GEMIN5	ENSG00000082516	True	0.8779469516291882
PDCD11	ENSG00000148843	True	0.877371345869774
LAMA2	ENSG00000196569	True	0.877371345869774
IMP4		False	0.877371345869774
NEK6	ENSG00000119408	True	0.877371345869774
DMD	ENSG00000198947	True	0.877371345869774
ATP1A4		False	0.8767949762007006
SDC1	ENSG00000115884	True	0.8767949762007006
ARID1A	ENSG00000117713	True	0.8767949762007006
LGALS9	ENSG00000168961	True	0.8762178405916422
GOLGA2	ENSG00000167110	True	0.8762178405916422
PEX11B	ENSG00000131779	True	0.8762178405916422
COQ8A		False	0.8756399370041684
ADAMTSL4	ENSG00000143382	True	0.8750612633917001
WDR55	ENSG00000120314	True	0.8750612633917001
MECP2	ENSG00000169057	True	0.8750612633917001
POLDIP2		False	0.8744818176994665
CXCL12	ENSG00000107562	True	0.8744818176994665
ATAD3C		False	0.8739015978644614
CDC42BPB	ENSG00000198752	True	0.8739015978644614
TBC1D9B	ENSG00000197226	True	0.8739015978644614
MAPK1IP1L	ENSG00000168175	True	0.8733206018153987
PIP4P1	ENSG00000165782	True	0.8733206018153987
LMCD1	ENSG00000071282	True	0.8733206018153987
MPG	ENSG00000103152	True	0.8733206018153987
RPAP3	ENSG00000005175	True	0.8727388274726688
EXOC7	ENSG00000182473	True	0.8727388274726688
UTP4	ENSG00000141076	True	0.8727388274726688
TRIAP1	ENSG00000170855	True	0.8727388274726688
ADPGK	ENSG00000159322	True	0.8721562727482929
KIF2C	ENSG00000142945	True	0.8721562727482929
TRIP6	ENSG00000087077	True	0.8721562727482929
STRN	ENSG00000115808	True	0.8715729355458788
AP1M2		False	0.8715729355458788
C17orf49	ENSG00000258315	True	0.8709888137605752
RB1	ENSG00000139687	True	0.8704039052790271
IPO11	ENSG00000086200	True	0.8704039052790271
GTF2E2	ENSG00000197265	True	0.8704039052790271
SDF2		False	0.8704039052790271
UTRN	ENSG00000152818	True	0.8704039052790271
FKBP15	ENSG00000119321	True	0.8698182079793282
CTRB1		False	0.8692317197309762
BAIAP2	ENSG00000175866	True	0.8686444383948257
EIF4G3	ENSG00000075151	True	0.8686444383948257
TMEM214		False	0.8686444383948257
PALLD	ENSG00000129116	True	0.8686444383948257
UTP15		False	0.8686444383948257
CAP2	ENSG00000112186	True	0.8680563618230416
HEMGN	ENSG00000136929	True	0.8680563618230416
TAB1	ENSG00000100324	True	0.8668778143374989
CSHL1	ENSG00000204414	True	0.8668778143374989
MYH2	ENSG00000125414	True	0.8668778143374989
CDK7	ENSG00000134058	True	0.8668778143374989
TBC1D15	ENSG00000121749	True	0.8662873390841949
OGFR	ENSG00000060491	True	0.8662873390841949
HAX1	ENSG00000143575	True	0.8662873390841949
POLR2D	ENSG00000144231	True	0.8662873390841949
BPIFB1	ENSG00000125999	True	0.8662873390841949
KRTAP12-3		False	0.8656960599160706
MYH1	ENSG00000109061	True	0.8656960599160706
INTS3	ENSG00000143624	True	0.865103974641128
UTP11	ENSG00000183520	True	0.8639173769578604
TNKS1BP1	ENSG00000149115	True	0.8639173769578604
SIRT3	ENSG00000142082	True	0.8639173769578604
DIMT1	ENSG00000086189	True	0.8633228601204559
STEAP3	ENSG00000115107	True	0.8633228601204559
GSKIP	ENSG00000100744	True	0.8633228601204559
PDK3	ENSG00000067992	True	0.8633228601204559
PRCP	ENSG00000137509	True	0.8633228601204559
NOC3L		False	0.8633228601204559
GAK	ENSG00000178950	True	0.8627275283179746
LRRC57	ENSG00000180979	True	0.8621313793130372
FAM160B1		False	0.8621313793130372
HSD17B8	ENSG00000204228	True	0.8621313793130372
MPHOSPH10	ENSG00000124383	True	0.8621313793130372
ATAD3B	ENSG00000160072	True	0.8621313793130372
EXOSC9	ENSG00000123737	True	0.8615344108590378
RAMACL	ENSG00000235272	True	0.8615344108590378
CCN3	ENSG00000136999	True	0.8615344108590378
RNF213	ENSG00000173821	True	0.8615344108590378
TPPP	ENSG00000171368	True	0.8609366207000937
DSG4	ENSG00000175065	True	0.8603380065709937
CDKN2D	ENSG00000129355	True	0.8603380065709937
KDSR	ENSG00000119537	True	0.8603380065709937
CLIC3	ENSG00000169583	True	0.859738566197147
PIR	ENSG00000087842	True	0.859738566197147
KRR1	ENSG00000111615	True	0.8591382972945308
TIMM29	ENSG00000142444	True	0.8591382972945308
DDX27	ENSG00000124228	True	0.8585371975696391
NFKB2	ENSG00000077150	True	0.8585371975696391
UBQLN4	ENSG00000160803	True	0.8585371975696391
PBRM1	ENSG00000163939	True	0.8585371975696391
WDR37	ENSG00000047056	True	0.8585371975696391
ASRGL1	ENSG00000162174	True	0.8585371975696391
CLIP1	ENSG00000130779	True	0.857935264719429
TRMT1L	ENSG00000121486	True	0.857935264719429
CHMP4A	ENSG00000254505	True	0.857935264719429
SMIM1	ENSG00000235169	True	0.857935264719429
ZNF622	ENSG00000173545	True	0.857935264719429
SEC24A	ENSG00000113615	True	0.8573324964312685
FTO	ENSG00000140718	True	0.8573324964312685
FGFR1OP		False	0.8567288903828826
TRAPPC6B	ENSG00000182400	True	0.8561244442423003
GUCY1A1	ENSG00000164116	True	0.8555191556678001
GINS4	ENSG00000147536	True	0.8555191556678001
IGBP1	ENSG00000089289	True	0.8555191556678001
hCG_2014768		False	0.8549130223078556
TIMMDC1	ENSG00000113845	True	0.8549130223078556
PXMP2		False	0.8549130223078556
PPP2R2D	ENSG00000175470	True	0.8549130223078556
CHMP2B	ENSG00000083937	True	0.8549130223078556
PABPC1L		False	0.8543060418010806
PARP9		False	0.8543060418010806
AATF	ENSG00000275700	True	0.8543060418010806
RSRC2	ENSG00000111011	True	0.8536982117761743
TXNRD2	ENSG00000184470	True	0.8536982117761743
J3KR12_HUMAN		False	0.8536982117761743
ENSP00000491596		False	0.8530895298518656
MECR	ENSG00000116353	True	0.8530895298518656
GOPC	ENSG00000047932	True	0.8530895298518656
ITGA5	ENSG00000161638	True	0.8530895298518656
SORBS1	ENSG00000095637	True	0.8524799936368563
SMARCD2		False	0.8518696007297664
NOP14	ENSG00000087269	True	0.8512583487190752
PKN1	ENSG00000123143	True	0.8512583487190752
BICD2	ENSG00000185963	True	0.8506462351830665
KRT73	ENSG00000186049	True	0.850033257689769
CD2BP2	ENSG00000169217	True	0.8494194137968994
ERBIN	ENSG00000112851	True	0.8494194137968994
RABGAP1L	ENSG00000152061	True	0.8494194137968994
RAB12	ENSG00000206418	True	0.8488047010518037
MCTS2P		False	0.8488047010518037
NXF1	ENSG00000162231	True	0.8488047010518037
MUC1	ENSG00000185499	True	0.8488047010518037
RETSAT	ENSG00000042445	True	0.8488047010518037
PBLD	ENSG00000108187	True	0.8481891169913987
BAD	ENSG00000002330	True	0.8481891169913987
ASGR2	ENSG00000161944	True	0.8475726591421122
YTHDC1	ENSG00000083896	True	0.8475726591421122
INPP4B	ENSG00000109452	True	0.846955325019824
STMN2		False	0.846955325019824
DHX16	ENSG00000204560	True	0.846955325019824
LSM14B	ENSG00000149657	True	0.846955325019824
OVCA2		False	0.8463371121298052
DEFB1		False	0.8457180179666587
INS-IGF2	ENSG00000129965	True	0.8450980400142568
MT1M		False	0.8450980400142568
CYBRD1	ENSG00000071967	True	0.8444771757456814
MYO5A	ENSG00000197535	True	0.8444771757456814
NUDT16L1	ENSG00000168101	True	0.8444771757456814
TTC4	ENSG00000243725	True	0.8438554226231612
IGLV10-54		False	0.8432327780980095
TGOLN2	ENSG00000152291	True	0.8432327780980095
FSTL1	ENSG00000163430	True	0.8432327780980095
IL16	ENSG00000172349	True	0.8432327780980095
CNOT7		False	0.8426092396105621
KRTAP3-1		False	0.8426092396105621
ENPP2	ENSG00000136960	True	0.8419848045901139
RBM42	ENSG00000126254	True	0.8413594704548549
RELCH	ENSG00000134444	True	0.8413594704548549
GIMAP4	ENSG00000133574	True	0.8407332346118067
GGACT	ENSG00000134864	True	0.8407332346118067
DNAJB4	ENSG00000162616	True	0.8401060944567578
NRP1	ENSG00000099250	True	0.8401060944567578
LAD1	ENSG00000159166	True	0.8401060944567578
FNDC3A	ENSG00000102531	True	0.8401060944567578
VKORC1	ENSG00000167397	True	0.8401060944567578
GBP2	ENSG00000162645	True	0.8401060944567578
TMEM11	ENSG00000178307	True	0.8394780473741984
SURF6	ENSG00000148296	True	0.8388490907372553
SELENOH	ENSG00000211450	True	0.8388490907372553
TRAF1	ENSG00000056558	True	0.8382192219076258
NOL6	ENSG00000165271	True	0.8382192219076258
OGFOD1	ENSG00000087263	True	0.8382192219076258
NTM	ENSG00000182667	True	0.8382192219076258
PIGS	ENSG00000087111	True	0.8375884382355113
MAPRE3	ENSG00000084764	True	0.8369567370595504
H0YIS7_HUMAN		False	0.8363241157067517
IL18	ENSG00000150782	True	0.8363241157067517
DGKA	ENSG00000065357	True	0.8363241157067517
CCNB1	ENSG00000134057	True	0.8363241157067517
DNAJA3	ENSG00000103423	True	0.8356905714924255
RPF2	ENSG00000197498	True	0.8356905714924255
RAB30	ENSG00000137502	True	0.8356905714924255
RBM22	ENSG00000086589	True	0.8356905714924255
OSBPL8	ENSG00000091039	True	0.8344207036815325
ASDURF		False	0.8344207036815325
IRF2BP1	ENSG00000170604	True	0.8344207036815325
SNX27		False	0.8337843746564789
TSPO	ENSG00000100300	True	0.8331471119127851
RNF114	ENSG00000124226	True	0.8331471119127851
NUPR1		False	0.8331471119127851
TEX10		False	0.8325089127062363
RAB3B	ENSG00000169213	True	0.8325089127062363
FOLR1		False	0.8325089127062363
NOC4L		False	0.8325089127062363
SPATS2L	ENSG00000196141	True	0.8318697742805017
GSTA3	ENSG00000174156	True	0.829946695941636
COL4A2	ENSG00000134871	True	0.829946695941636
FAM49A		False	0.829946695941636
SNX17	ENSG00000115234	True	0.829303772831025
ALG2	ENSG00000119523	True	0.829303772831025
KRI1	ENSG00000129347	True	0.829303772831025
USP48	ENSG00000090686	True	0.829303772831025
CPSF3	ENSG00000119203	True	0.829303772831025
PPP1R21	ENSG00000162869	True	0.8286598965353198
PLA2G4A	ENSG00000116711	True	0.8286598965353198
TMEM97	ENSG00000109084	True	0.8286598965353198
MYOM2	ENSG00000036448	True	0.8280150642239769
KDELR2	ENSG00000136240	True	0.8280150642239769
CTRB2		False	0.8273692730538252
PPL	ENSG00000118898	True	0.8273692730538252
SLC44A1	ENSG00000070214	True	0.8273692730538252
COMMD6		False	0.8267225201689921
MRVI1		False	0.8260748027008264
FNBP1L	ENSG00000137942	True	0.8260748027008264
UBR1	ENSG00000159459	True	0.8254261177678232
KLK1	ENSG00000167748	True	0.8254261177678232
JAGN1		False	0.8254261177678232
LANCL2	ENSG00000132434	True	0.8254261177678232
ELP1	ENSG00000070061	True	0.8247764624755457
PDE1B	ENSG00000123360	True	0.8247764624755457
GNAL	ENSG00000141404	True	0.8241258339165489
MFGE8	ENSG00000140545	True	0.8241258339165489
CLIC2	ENSG00000155962	True	0.8241258339165489
DDX54	ENSG00000123064	True	0.8241258339165489
FAM177A1	ENSG00000151327	True	0.8228216453031046
ABCF2-2		False	0.8221680793680175
FMOD		False	0.8221680793680175
SETD3	ENSG00000183576	True	0.8221680793680175
LAMTOR4	ENSG00000188186	True	0.8208579894396999
LARP4B	ENSG00000107929	True	0.8202014594856403
PLXDC2	ENSG00000120594	True	0.8202014594856403
LHPP	ENSG00000107902	True	0.8188854145940099
RP2	ENSG00000102218	True	0.8188854145940099
EFNB1	ENSG00000090776	True	0.8188854145940099
FOLR3		False	0.8188854145940099
FCRLA	ENSG00000132185	True	0.8188854145940099
POLR1A	ENSG00000068654	True	0.8188854145940099
RNF126	ENSG00000070423	True	0.8182258936139555
ALKBH5	ENSG00000091542	True	0.8182258936139555
MAK16	ENSG00000198042	True	0.8182258936139555
PWP1		False	0.8182258936139555
TSEN34	ENSG00000170892	True	0.8182258936139555
OXA1L	ENSG00000155463	True	0.8175653695597808
ADH6	ENSG00000172955	True	0.8169038393756602
MYCBP2		False	0.8169038393756602
CORO7	ENSG00000262246	True	0.8169038393756602
COL12A1	ENSG00000111799	True	0.8169038393756602
PUM3	ENSG00000080608	True	0.8169038393756602
BUD23	ENSG00000071462	True	0.8169038393756602
STRN4	ENSG00000090372	True	0.8162412999917831
RIOX2	ENSG00000170854	True	0.8162412999917831
NFS1	ENSG00000244005	True	0.8162412999917831
DEF6	ENSG00000023892	True	0.8155777483242672
VPS13C	ENSG00000129003	True	0.8155777483242672
DNAJC17	ENSG00000104129	True	0.8155777483242672
ENG	ENSG00000106991	True	0.814913181275074
MRPL23	ENSG00000214026	True	0.814913181275074
DNAJB2	ENSG00000135924	True	0.8142475957319202
POLR2G	ENSG00000168002	True	0.8142475957319202
AUP1	ENSG00000115307	True	0.8142475957319202
ZC3H14	ENSG00000100722	True	0.8135809885681919
EPS8L2	ENSG00000177106	True	0.8135809885681919
PIH1D1	ENSG00000104872	True	0.8129133566428556
RP9	ENSG00000164610	True	0.8122446968003693
HCK	ENSG00000101336	True	0.8115750058705934
AGMAT	ENSG00000116771	True	0.8115750058705934
STX16	ENSG00000124222	True	0.8115750058705934
SUSD1	ENSG00000106868	True	0.8109042806687004
CLIC6	ENSG00000159212	True	0.8109042806687004
TXLNG	ENSG00000086712	True	0.8109042806687004
SCARB1	ENSG00000073060	True	0.8109042806687004
REPS1	ENSG00000135597	True	0.8102325179950841
RAB3A	ENSG00000105649	True	0.8102325179950841
ERC1	ENSG00000082805	True	0.8102325179950841
NDUFA11		False	0.8102325179950841
ABCB7	ENSG00000131269	True	0.8102325179950841
SPC25	ENSG00000152253	True	0.8095597146352678
XAGE2	ENSG00000155622	True	0.8088858673598122
LST1		False	0.8088858673598122
DDX19A	ENSG00000168872	True	0.8088858673598122
PPCDC	ENSG00000138621	True	0.8082109729242221
PARVG	ENSG00000138964	True	0.8082109729242221
MAP2K4	ENSG00000065559	True	0.8075350280688532
LNPK	ENSG00000144320	True	0.8075350280688532
MED8	ENSG00000159479	True	0.8068580295188175
GCSAML	ENSG00000169224	True	0.8068580295188175
FOXK1	ENSG00000164916	True	0.8068580295188175
DTD1-2		False	0.8055008581584001
SUGP2	ENSG00000064607	True	0.8055008581584001
WDR36	ENSG00000134987	True	0.8055008581584001
LIMD2	ENSG00000136490	True	0.8055008581584001
ENSP00000490163		False	0.8048206787211624
E9PLD3_HUMAN		False	0.8048206787211624
RBBP9	ENSG00000089050	True	0.8048206787211624
SPAG7	ENSG00000091640	True	0.8048206787211624
SCD	ENSG00000099194	True	0.8041394323353505
FOXO3	ENSG00000118689	True	0.8034571156484139
CPM	ENSG00000135678	True	0.8034571156484139
HEATR3	ENSG00000155393	True	0.8034571156484139
COQ3	ENSG00000132423	True	0.8027737252919757
RASAL3	ENSG00000105122	True	0.8027737252919757
DDB2	ENSG00000134574	True	0.8027737252919757
ZC3H11A	ENSG00000058673	True	0.8027737252919757
SEC24B	ENSG00000138802	True	0.8027737252919757
NCK1	ENSG00000158092	True	0.8020892578817327
GINS3	ENSG00000181938	True	0.8020892578817327
ACSL5	ENSG00000197142	True	0.8014037100173551
BCS1L	ENSG00000074582	True	0.8014037100173551
RPRD1A	ENSG00000141425	True	0.8014037100173551
ABCC1	ENSG00000103222	True	0.8014037100173551
IFI44L	ENSG00000137959	True	0.800717078282385
PPT2		False	0.800717078282385
COLGALT1	ENSG00000130309	True	0.800717078282385
VMO1	ENSG00000182853	True	0.8000293592441343
MPHOSPH6	ENSG00000135698	True	0.8000293592441343
PAIP2	ENSG00000120727	True	0.7993405494535817
AKT1	ENSG00000142208	True	0.798650645445269
WTAP	ENSG00000146457	True	0.798650645445269
ASPSCR1	ENSG00000169696	True	0.798650645445269
NAA20		False	0.798650645445269
KIAA1143	ENSG00000163807	True	0.7979596437371962
UBR7	ENSG00000012963	True	0.7979596437371962
ABHD14A-ACY1	ENSG00000114786	True	0.7979596437371962
S100A7A	ENSG00000184330	True	0.7979596437371962
UQCC2	ENSG00000137288	True	0.7972675408307164
SNX24	ENSG00000064652	True	0.7972675408307164
ARMC1	ENSG00000104442	True	0.7972675408307164
STK38	ENSG00000112079	True	0.7972675408307164
CPNE2	ENSG00000140848	True	0.7965743332104297
DHRS7B	ENSG00000109016	True	0.7965743332104297
GPHN	ENSG00000171723	True	0.7965743332104297
CPVL	ENSG00000106066	True	0.7965743332104297
B4GALT1	ENSG00000086062	True	0.7965743332104297
NCOA5	ENSG00000124160	True	0.7958800173440752
TSC22D1		False	0.7958800173440752
PARN	ENSG00000140694	True	0.795184589682424
KRT72	ENSG00000170486	True	0.7944880466591696
POLR2K		False	0.7944880466591696
VIPAS39	ENSG00000151445	True	0.7944880466591696
MRPL57	ENSG00000173141	True	0.7937903846908186
FMR1	ENSG00000102081	True	0.7937903846908186
KRTCAP2		False	0.7937903846908186
STAG2	ENSG00000101972	True	0.7937903846908186
SH3GL2	ENSG00000107295	True	0.7930916001765802
DYNLRB2		False	0.7930916001765802
UTP14A	ENSG00000156697	True	0.7930916001765802
K7EMT4_HUMAN		False	0.7923916894982539
ACOT2	ENSG00000119673	True	0.7923916894982539
DSG2	ENSG00000046604	True	0.791690649020118
CCDC51	ENSG00000164051	True	0.791690649020118
PRR4	ENSG00000111215	True	0.791690649020118
ACAP1	ENSG00000072818	True	0.791690649020118
MEAF6		False	0.791690649020118
ATPAF1	ENSG00000123472	True	0.7909884750888159
ITGAM	ENSG00000169896	True	0.7902851640332417
ATG5	ENSG00000057663	True	0.7902851640332417
MAZ	ENSG00000103495	True	0.7895807121644255
OGT	ENSG00000147162	True	0.7895807121644255
PCLAF		False	0.7895807121644255
GPKOW	ENSG00000068394	True	0.7888751157754168
FLAD1	ENSG00000160688	True	0.7881683711411677
SRSF12	ENSG00000154548	True	0.7881683711411677
EDC3	ENSG00000179151	True	0.7881683711411677
ITGAL	ENSG00000005844	True	0.7881683711411677
ATXN2	ENSG00000204842	True	0.787460474518415
MAP7D1	ENSG00000116871	True	0.787460474518415
TBC1D5	ENSG00000131374	True	0.787460474518415
CARS2	ENSG00000134905	True	0.787460474518415
SHTN1	ENSG00000187164	True	0.787460474518415
ADNP	ENSG00000101126	True	0.7867514221455612
C20orf27	ENSG00000101220	True	0.7867514221455612
KRTAP3-3	ENSG00000212899	True	0.7860412102425542
SLAIN2	ENSG00000109171	True	0.7860412102425542
HTT	ENSG00000197386	True	0.7860412102425542
FAM122A		False	0.7860412102425542
ZBTB8OS	ENSG00000176261	True	0.785329835010767
NCCRP1	ENSG00000188505	True	0.785329835010767
TMX4	ENSG00000125827	True	0.785329835010767
PALM2AKAP2	ENSG00000157654	True	0.7846172926328754
UBE2B		False	0.7846172926328754
BPI	ENSG00000101425	True	0.7846172926328754
CSNK1A1	ENSG00000113712	True	0.7846172926328754
RRP7A	ENSG00000189306	True	0.7846172926328754
MRPS33	ENSG00000090263	True	0.7846172926328754
PTER	ENSG00000165983	True	0.7839035792727349
USE1	ENSG00000053501	True	0.7839035792727349
TMEM70	ENSG00000175606	True	0.7831886910752576
CASP7	ENSG00000165806	True	0.7831886910752576
NOL7	ENSG00000225921	True	0.7824726241662862
TAOK1	ENSG00000160551	True	0.7824726241662862
UBAC1	ENSG00000130560	True	0.7824726241662862
MTSS1	ENSG00000170873	True	0.7824726241662862
SLC9A3R2	ENSG00000065054	True	0.7824726241662862
OSCAR		False	0.7817553746524689
ELMO2	ENSG00000062598	True	0.7817553746524689
DNTTIP2	ENSG00000067334	True	0.7817553746524689
PPP2R2B	ENSG00000156475	True	0.7810369386211319
ACOT1	ENSG00000184227	True	0.7810369386211319
CAB39L	ENSG00000102547	True	0.7803173121401513
RETREG3	ENSG00000141699	True	0.7803173121401513
CIAO1	ENSG00000144021	True	0.7803173121401513
TTC37		False	0.7795964912578245
ATP5MGL	ENSG00000249222	True	0.7795964912578245
BABAM1	ENSG00000105393	True	0.7788744720027395
TRIM26	ENSG00000234127	True	0.7781512503836436
TAF10	ENSG00000166337	True	0.7774268223893114
MT-ATP8		False	0.7774268223893114
DPF2	ENSG00000133884	True	0.7767011839884109
POGLUT1	ENSG00000163389	True	0.7767011839884109
ABCF3	ENSG00000161204	True	0.7759743311293691
E7ENQ6_HUMAN		False	0.7752462597402364
CHCHD5	ENSG00000125611	True	0.7745169657285496
NAGLU	ENSG00000108784	True	0.7745169657285496
LSR	ENSG00000105699	True	0.7745169657285496
ERGIC3	ENSG00000125991	True	0.7745169657285496
PODXL	ENSG00000128567	True	0.7745169657285496
SNAP91	ENSG00000065609	True	0.7745169657285496
CD40	ENSG00000101017	True	0.7737864449811935
GRK6	ENSG00000198055	True	0.7737864449811935
SP1	ENSG00000185591	True	0.7737864449811935
EPPK1	ENSG00000261150	True	0.7737864449811935
THOC5		False	0.7730546933642626
CD276	ENSG00000103855	True	0.7730546933642626
PDE3A	ENSG00000172572	True	0.7730546933642626
ARL6IP4	ENSG00000182196	True	0.7723217067229198
YRDC	ENSG00000196449	True	0.7715874808812554
TTC38	ENSG00000075234	True	0.7715874808812554
HIGD2A	ENSG00000146066	True	0.7715874808812554
SLFN5	ENSG00000166750	True	0.7708520116421442
TRAM1	ENSG00000067167	True	0.7708520116421442
ZCCHC8	ENSG00000033030	True	0.7701152947871016
CLIC5		False	0.7701152947871016
PTPN23	ENSG00000076201	True	0.7693773260761385
TJP1	ENSG00000104067	True	0.7693773260761385
CLPB	ENSG00000162129	True	0.7693773260761385
SRSF8	ENSG00000263465	True	0.7686381012476144
ALPG	ENSG00000163286	True	0.7678976160180907
B4GAT1	ENSG00000174684	True	0.7678976160180907
THOC1	ENSG00000079134	True	0.7678976160180907
CPSF2	ENSG00000165934	True	0.7678976160180907
EIF1AD	ENSG00000175376	True	0.7671558660821804
AGER	ENSG00000204305	True	0.7671558660821804
FLYWCH2	ENSG00000162076	True	0.7671558660821804
PLBD2	ENSG00000151176	True	0.7671558660821804
C2orf49	ENSG00000135974	True	0.7671558660821804
IRF5	ENSG00000128604	True	0.7656685547590141
PLIN2	ENSG00000147872	True	0.7656685547590141
HLA-DMB	ENSG00000242574	True	0.7649229846498885
BCL2L1	ENSG00000171552	True	0.7649229846498885
RABL3	ENSG00000144840	True	0.7641761323903307
YTHDF3		False	0.7641761323903307
RAB31	ENSG00000168461	True	0.7641761323903307
SNAP25	ENSG00000132639	True	0.7641761323903307
QPCT	ENSG00000115828	True	0.7641761323903307
CTH	ENSG00000116761	True	0.7641761323903307
HINT3	ENSG00000111911	True	0.7634279935629372
RALYL	ENSG00000184672	True	0.7634279935629372
HOMER1	ENSG00000152413	True	0.7634279935629372
CD3D	ENSG00000167286	True	0.7634279935629372
CDC42EP4	ENSG00000179604	True	0.7626785637274363
SP3	ENSG00000172845	True	0.7626785637274363
UTP18	ENSG00000011260	True	0.7626785637274363
POP1		False	0.7626785637274363
BRCC3		False	0.761927838420529
GGT5	ENSG00000099998	True	0.761927838420529
AK6	ENSG00000085231	True	0.7611758131557314
VAV1	ENSG00000141968	True	0.7611758131557314
VAC14	ENSG00000103043	True	0.7604224834232121
PTP4A1	ENSG00000112245	True	0.7596678446896304
MYH4	ENSG00000264424	True	0.7596678446896304
PRB3		False	0.7596678446896304
POLR2J		False	0.7596678446896304
ATP6V1E2	ENSG00000250565	True	0.7596678446896304
IGSF8	ENSG00000162729	True	0.7589118923979735
VMP1	ENSG00000062716	True	0.7589118923979735
PELO	ENSG00000152684	True	0.7589118923979735
TOR4A	ENSG00000198113	True	0.7589118923979735
CHMP3	ENSG00000115561	True	0.75815462196739
MARK2	ENSG00000072518	True	0.75815462196739
TACC3	ENSG00000013810	True	0.7573960287930241
MYH3	ENSG00000109063	True	0.7573960287930241
RETN		False	0.7573960287930241
AGPAT3		False	0.756636108245848
CDSN	ENSG00000204539	True	0.756636108245848
MAGEA4	ENSG00000147381	True	0.756636108245848
FXR2	ENSG00000129245	True	0.7558748556724915
ATP6AP1	ENSG00000071553	True	0.7558748556724915
GOLGA3	ENSG00000090615	True	0.7551122663950712
NUDT4B	ENSG00000177144	True	0.7551122663950712
TRMT6	ENSG00000089195	True	0.7551122663950712
RBBP5	ENSG00000117222	True	0.7551122663950712
MINDY1		False	0.7543483357110189
MICU2	ENSG00000165487	True	0.7543483357110189
CCDC43	ENSG00000180329	True	0.7535830588929066
UBAC2	ENSG00000134882	True	0.7528164311882715
SLFN14	ENSG00000236320	True	0.7528164311882715
ENPP1	ENSG00000197594	True	0.7528164311882715
LOC107987373		False	0.7528164311882715
MRPS5	ENSG00000144029	True	0.7520484478194386
IRF2BPL	ENSG00000119669	True	0.7520484478194386
NUMB	ENSG00000133961	True	0.7512791039833423
GIMAP1	ENSG00000213203	True	0.7512791039833423
ABI3	ENSG00000108798	True	0.7505083948513462
GUCA2B		False	0.7505083948513462
STAT2	ENSG00000170581	True	0.7505083948513462
BLOC1S6	ENSG00000104164	True	0.7497363155690611
GFPT2	ENSG00000131459	True	0.7497363155690611
ELP3	ENSG00000134014	True	0.7497363155690611
BRD4	ENSG00000141867	True	0.7497363155690611
NADK2	ENSG00000152620	True	0.7489628612561614
PTPMT1	ENSG00000110536	True	0.7489628612561614
VMA21	ENSG00000160131	True	0.7489628612561614
SMARCB1	ENSG00000099956	True	0.7489628612561614
CTSW	ENSG00000172543	True	0.7481880270062004
PLCG1	ENSG00000124181	True	0.7481880270062004
ASCC2	ENSG00000100325	True	0.7481880270062004
NGDN	ENSG00000129460	True	0.7481880270062004
PROB1	ENSG00000228672	True	0.7481880270062004
COBLL1	ENSG00000082438	True	0.7474118078864233
ZFP91	ENSG00000186660	True	0.7466341989375788
GAP43	ENSG00000172020	True	0.7466341989375788
DENND3		False	0.7466341989375788
TACSTD2	ENSG00000184292	True	0.7458551951737289
POLR2J3	ENSG00000168255	True	0.7458551951737289
VPS26B	ENSG00000151502	True	0.7458551951737289
ARHGAP15		False	0.7458551951737289
MTA1	ENSG00000182979	True	0.7450747915820575
EBAG9	ENSG00000147654	True	0.7450747915820575
CASP14	ENSG00000105141	True	0.7450747915820575
ITGA3	ENSG00000005884	True	0.7450747915820575
CCDC22	ENSG00000101997	True	0.7442929831226762
TBCE-2		False	0.7442929831226762
RAB39B	ENSG00000155961	True	0.7442929831226762
SLC1A3	ENSG00000079215	True	0.7435097647284298
C1orf198	ENSG00000119280	True	0.7427251313046983
FAM210A	ENSG00000177150	True	0.7419390777291989
WASHC2C	ENSG00000172661	True	0.7419390777291989
IRGQ	ENSG00000167378	True	0.741151598851785
TCEAL4		False	0.7403626894942439
PUM1	ENSG00000134644	True	0.7403626894942439
PPHLN1	ENSG00000134283	True	0.7403626894942439
SLC29A1	ENSG00000112759	True	0.7395723444500919
IRAK4	ENSG00000198001	True	0.7395723444500919
ARFGAP3	ENSG00000242247	True	0.7395723444500919
CDCA5	ENSG00000146670	True	0.7387805584843692
VPS36	ENSG00000136100	True	0.7387805584843692
TMSB15A		False	0.7387805584843692
TMSB15B	ENSG00000158427	True	0.7387805584843692
TMSB15B-2		False	0.7387805584843692
YTHDF1		False	0.7387805584843692
ATP6AP2	ENSG00000182220	True	0.7387805584843692
NEFH	ENSG00000100285	True	0.7379873263334308
PLOD3	ENSG00000106397	True	0.7379873263334308
DPH5	ENSG00000117543	True	0.7379873263334308
REL	ENSG00000162924	True	0.7379873263334308
ATE1	ENSG00000107669	True	0.7371926427047373
DHRS11	ENSG00000278535	True	0.7371926427047373
SEL1L	ENSG00000071537	True	0.7371926427047373
TNNI1	ENSG00000159173	True	0.7371926427047373
GNE	ENSG00000159921	True	0.7371926427047373
TACC1	ENSG00000147526	True	0.7363965022766424
PPIL4	ENSG00000131013	True	0.7363965022766424
ENSP00000498395		False	0.7363965022766424
ELMOD2	ENSG00000179387	True	0.7355988996981799
LTV1	ENSG00000135521	True	0.7355988996981799
PLA2G1B	ENSG00000170890	True	0.7355988996981799
EXOC1	ENSG00000090989	True	0.7355988996981799
CPSF1		False	0.7347998295888469
POLR2I	ENSG00000105258	True	0.7347998295888469
LGALS4	ENSG00000171747	True	0.7339992865383869
ZC3H4	ENSG00000130749	True	0.7339992865383869
VPS33A		False	0.7339992865383869
MRPS15	ENSG00000116898	True	0.7331972651065695
SYNPO2	ENSG00000172403	True	0.7331972651065695
BLNK	ENSG00000095585	True	0.7323937598229685
POLR2J2		False	0.7323937598229685
HTRA1	ENSG00000166033	True	0.7323937598229685
ITGB4	ENSG00000132470	True	0.7315887651867387
TBK1	ENSG00000183735	True	0.7307822756663892
TATDN1	ENSG00000147687	True	0.7307822756663892
RRP15	ENSG00000067533	True	0.7299742856995556
CPE	ENSG00000109472	True	0.7299742856995556
LZTFL1	ENSG00000163818	True	0.7299742856995556
MBD2	ENSG00000134046	True	0.7291647896927701
CMA1	ENSG00000092009	True	0.7283537820212285
ANKFY1	ENSG00000185722	True	0.7283537820212285
HEATR1	ENSG00000119285	True	0.7283537820212285
TIMM10B	ENSG00000132286	True	0.7283537820212285
POP7	ENSG00000172336	True	0.7283537820212285
UBE4A	ENSG00000110344	True	0.7283537820212285
MYH8	ENSG00000133020	True	0.7275412570285564
MRPS30	ENSG00000112996	True	0.7275412570285564
GTF3C4		False	0.7267272090265723
KRTAP3-2	ENSG00000212900	True	0.7267272090265723
CDK11B	ENSG00000248333	True	0.7267272090265723
IWS1	ENSG00000163166	True	0.7267272090265723
TMED7-TICAM2	ENSG00000251201	True	0.7267272090265723
ENSP00000492220		False	0.7267272090265723
KRTAP10-11		False	0.7259116322950482
ITGA4		False	0.7259116322950482
ZMAT2	ENSG00000146007	True	0.7259116322950482
C11orf98		False	0.724275869600789
EIPR1	ENSG00000032389	True	0.724275869600789
DDX19B-2		False	0.724275869600789
COL4A1	ENSG00000187498	True	0.7234556720351858
POLR2A		False	0.7234556720351858
SAAL1	ENSG00000166788	True	0.7226339225338123
ANXA8L1		False	0.7226339225338123
CTBP2	ENSG00000175029	True	0.7226339225338123
CMTR1	ENSG00000137200	True	0.7226339225338123
LPCAT3		False	0.7226339225338123
SIN3A	ENSG00000169375	True	0.7226339225338123
ARL2BP	ENSG00000102931	True	0.7226339225338123
PPP1R9B	ENSG00000108819	True	0.7218106152125465
CSF1		False	0.7218106152125465
SEC61G	ENSG00000132432	True	0.7218106152125465
WDR3		False	0.7218106152125465
IKBIP	ENSG00000166130	True	0.7218106152125465
CD99L2	ENSG00000102181	True	0.7209857441537391
SIRT5	ENSG00000124523	True	0.7209857441537391
GNG4		False	0.7201593034059569
ADM	ENSG00000148926	True	0.7201593034059569
TMEM165	ENSG00000134851	True	0.7201593034059569
H0Y858_HUMAN		False	0.7201593034059569
PTPRF	ENSG00000142949	True	0.7201593034059569
KANK2	ENSG00000197256	True	0.7193312869837266
KRT74	ENSG00000170484	True	0.7193312869837266
CADM2	ENSG00000175161	True	0.7193312869837266
RCOR1	ENSG00000089902	True	0.7193312869837266
KIAA2013	ENSG00000116685	True	0.7185016888672743
MRPL32	ENSG00000106591	True	0.7185016888672743
VPS33B	ENSG00000184056	True	0.7185016888672743
TOMM5	ENSG00000175768	True	0.7176705030022621
CDK9	ENSG00000136807	True	0.7176705030022621
LIG3	ENSG00000005156	True	0.7176705030022621
TG	ENSG00000042832	True	0.7160033436347992
TRAPPC1	ENSG00000170043	True	0.7160033436347992
CAPNS2	ENSG00000256812	True	0.7160033436347992
STX6	ENSG00000135823	True	0.7160033436347992
UTP6	ENSG00000108651	True	0.7160033436347992
EEFSEC	ENSG00000132394	True	0.7160033436347992
ARMC6	ENSG00000105676	True	0.7151673578484579
ANAPC7	ENSG00000196510	True	0.7151673578484579
CHGB	ENSG00000089199	True	0.714329759745233
IRS4	ENSG00000133124	True	0.714329759745233
WASHC2A	ENSG00000099290	True	0.714329759745233
WDFY1	ENSG00000085449	True	0.714329759745233
PITPNC1	ENSG00000154217	True	0.7134905430939426
COX19	ENSG00000240230	True	0.7134905430939426
TLE3	ENSG00000140332	True	0.7134905430939426
CAV2	ENSG00000105971	True	0.7126497016272114
ASF1B	ENSG00000105011	True	0.7126497016272114
TRIM29	ENSG00000137699	True	0.7118072290411911
ANP32D	ENSG00000139223	True	0.7109631189952758
TSC22D4	ENSG00000166925	True	0.7109631189952758
TSPAN7	ENSG00000156298	True	0.7101173651118162
UTP3	ENSG00000132467	True	0.7101173651118162
WRNIP1	ENSG00000124535	True	0.7092699609758307
ACTR8		False	0.7092699609758307
WASHC5	ENSG00000164961	True	0.7092699609758307
ATP13A1	ENSG00000105726	True	0.7084209001347127
PPAN	ENSG00000130810	True	0.7084209001347127
SLC5A6	ENSG00000138074	True	0.7084209001347127
UAP1L1	ENSG00000197355	True	0.7075701760979364
METTL3		False	0.7075701760979364
NOP53	ENSG00000105373	True	0.7075701760979364
PPP2R5C	ENSG00000078304	True	0.7067177823367587
UBE3A	ENSG00000114062	True	0.7058637122839193
MAP4K1	ENSG00000104814	True	0.7058637122839193
MPZL1	ENSG00000197965	True	0.7058637122839193
EBI3	ENSG00000105246	True	0.7058637122839193
KRT71	ENSG00000139648	True	0.705007959333336
NELFCD	ENSG00000101158	True	0.705007959333336
LDAH	ENSG00000118961	True	0.705007959333336
STON2	ENSG00000140022	True	0.705007959333336
SELE	ENSG00000007908	True	0.705007959333336
PPFIBP1	ENSG00000110841	True	0.705007959333336
MEPCE	ENSG00000146834	True	0.7041505168397991
NDUFB3	ENSG00000119013	True	0.7041505168397991
KPNA5	ENSG00000196911	True	0.7041505168397991
KCMF1	ENSG00000176407	True	0.7032913781186614
DERL2	ENSG00000072849	True	0.7032913781186614
MVB12A	ENSG00000141971	True	0.7024305364455253
CCDC91	ENSG00000123106	True	0.7024305364455253
SLC16A3	ENSG00000141526	True	0.7024305364455253
TPSAB1	ENSG00000172236	True	0.7015679850559274
CMC4	ENSG00000182712	True	0.7007037171450193
GTF3C2	ENSG00000115207	True	0.7007037171450193
TSSC4	ENSG00000184281	True	0.7007037171450193
MYO9B	ENSG00000099331	True	0.7007037171450193
COL3A1	ENSG00000168542	True	0.6998377258672457
NAXD	ENSG00000213995	True	0.6998377258672457
DDA1	ENSG00000130311	True	0.6989700043360189
WNK1	ENSG00000060237	True	0.6989700043360189
FCER2	ENSG00000104921	True	0.69810054562339
IVL	ENSG00000163207	True	0.69810054562339
UBL5		False	0.6972293427597176
DDX19B	ENSG00000157349	True	0.6972293427597176
MARCHF5		False	0.696356388733332
CES2	ENSG00000172831	True	0.696356388733332
CHAF1B	ENSG00000159259	True	0.696356388733332
UBXN6	ENSG00000167671	True	0.696356388733332
MYOM1	ENSG00000101605	True	0.696356388733332
ARHGAP25	ENSG00000163219	True	0.696356388733332
ALDH1A3	ENSG00000184254	True	0.696356388733332
CBR4	ENSG00000145439	True	0.6954816764901974
NUDT16	ENSG00000198585	True	0.6954816764901974
TXNDC9	ENSG00000115514	True	0.6954816764901974
KIF5C	ENSG00000168280	True	0.6954816764901974
MBNL2		False	0.6954816764901974
YME1L1	ENSG00000136758	True	0.6946051989335688
ANKRD1	ENSG00000148677	True	0.6946051989335688
PI4KA	ENSG00000241973	True	0.6946051989335688
SLC1A2	ENSG00000110436	True	0.6946051989335688
PCID2	ENSG00000126226	True	0.6946051989335688
CIB1	ENSG00000185043	True	0.6946051989335688
DHRS1	ENSG00000157379	True	0.693726948923647
SLC25A20	ENSG00000178537	True	0.693726948923647
BCKDHA	ENSG00000248098	True	0.693726948923647
AQR		False	0.693726948923647
NRCAM	ENSG00000091129	True	0.69284691927723
C11orf68	ENSG00000175573	True	0.69284691927723
LRMDA	ENSG00000148655	True	0.6919651027673603
ARAF	ENSG00000078061	True	0.6919651027673603
NCSTN	ENSG00000162736	True	0.6919651027673603
OSBPL9	ENSG00000117859	True	0.6910814921229684
DNAAF5	ENSG00000164818	True	0.6901960800285137
CSTF2T	ENSG00000177613	True	0.6901960800285137
AKAP1	ENSG00000121057	True	0.6901960800285137
RBIS		False	0.6901960800285137
CLPS	ENSG00000137392	True	0.6901960800285137
TFPI2	ENSG00000105825	True	0.6893088591236202
NDUFAF1	ENSG00000137806	True	0.6893088591236202
MED22	ENSG00000148297	True	0.6893088591236202
PAK1IP1	ENSG00000111845	True	0.6884198220027106
MORF4L2	ENSG00000123562	True	0.6884198220027106
QTRT1	ENSG00000213339	True	0.6884198220027106
MFAP2	ENSG00000117122	True	0.6875289612146344
UBAP2	ENSG00000137073	True	0.6875289612146344
DDX41	ENSG00000183258	True	0.6875289612146344
ENSP00000498782		False	0.6875289612146344
PTGES3L-AARSD1	ENSG00000108825	True	0.6866362692622934
CMSS1	ENSG00000184220	True	0.6866362692622934
ROBO4		False	0.6866362692622934
SAP30BP	ENSG00000161526	True	0.6866362692622934
EXOC2		False	0.6866362692622934
INHBE	ENSG00000139269	True	0.6857417386022636
FAM207A		False	0.6857417386022636
ITGA1	ENSG00000213949	True	0.6857417386022636
PIGT		False	0.6857417386022636
BCL7C	ENSG00000099385	True	0.6857417386022636
PLA2G2A	ENSG00000188257	True	0.6848453616444125
YAF2	ENSG00000015153	True	0.6848453616444125
ACAD8	ENSG00000151498	True	0.6848453616444125
ABRAXAS2	ENSG00000165660	True	0.6848453616444125
COA4	ENSG00000181924	True	0.6848453616444125
COG5	ENSG00000164597	True	0.6839471307515121
GAGE13	ENSG00000274274	True	0.6839471307515121
MYH13		False	0.6839471307515121
TBC1D22A	ENSG00000054611	True	0.6830470382388496
GPALPP1	ENSG00000133114	True	0.6821450763738317
MELTF	ENSG00000163975	True	0.6821450763738317
SNTA1	ENSG00000101400	True	0.6821450763738317
CD3G	ENSG00000160654	True	0.6821450763738317
DIO1		False	0.6812412373755872
MED20	ENSG00000124641	True	0.6803355134145632
AKR1B15	ENSG00000227471	True	0.6794278966121189
NMD3		False	0.6794278966121189
HOXD4	ENSG00000170166	True	0.6794278966121189
MRPS24	ENSG00000062582	True	0.6794278966121189
MAGT1	ENSG00000102158	True	0.6794278966121189
SERPINB12		False	0.6794278966121189
PAF1	ENSG00000006712	True	0.6785183790401139
ZMYND8	ENSG00000101040	True	0.6785183790401139
CDK11A	ENSG00000008128	True	0.6785183790401139
PDZD11	ENSG00000120509	True	0.6785183790401139
HSF1	ENSG00000185122	True	0.6776069527204931
SLC12A2	ENSG00000064651	True	0.6776069527204931
SMIM20	ENSG00000250317	True	0.6776069527204931
CXCL8	ENSG00000169429	True	0.6776069527204931
TIMM17B	ENSG00000126768	True	0.6776069527204931
GCLC	ENSG00000001084	True	0.6766936096248666
FAM122B		False	0.6766936096248666
ART3	ENSG00000156219	True	0.6766936096248666
PADI2	ENSG00000117115	True	0.6757783416740851
WDHD1	ENSG00000198554	True	0.6757783416740851
FAM120B	ENSG00000112584	True	0.6757783416740851
NDUFC2	ENSG00000151366	True	0.6757783416740851
TPMT	ENSG00000137364	True	0.6757783416740851
COMMD3-BMI1	ENSG00000269897	True	0.6748611407378116
NT5E	ENSG00000135318	True	0.6748611407378116
DCTN5	ENSG00000166847	True	0.6748611407378116
CD34	ENSG00000174059	True	0.6748611407378116
NUBPL	ENSG00000151413	True	0.6739419986340878
OTULIN	ENSG00000154124	True	0.6739419986340878
NFASC	ENSG00000163531	True	0.6739419986340878
SP100	ENSG00000067066	True	0.6739419986340878
CFAP298	ENSG00000159079	True	0.6739419986340878
PRKAB1	ENSG00000111725	True	0.6739419986340878
CALHM4		False	0.6730209071288962
DOK7	ENSG00000175920	True	0.6730209071288962
GTF3C5	ENSG00000148308	True	0.6730209071288962
TFIP11		False	0.6730209071288962
ABHD16A	ENSG00000204427	True	0.6730209071288962
SGPL1	ENSG00000166224	True	0.6730209071288962
WDR11	ENSG00000120008	True	0.6730209071288962
KATNAL1		False	0.6720978579357175
AUH	ENSG00000148090	True	0.6720978579357175
MAIP1	ENSG00000162972	True	0.6720978579357175
PTGR2	ENSG00000140043	True	0.6720978579357175
SIPA1	ENSG00000213445	True	0.6720978579357175
SYNPO	ENSG00000171992	True	0.6720978579357175
ZNF512	ENSG00000243943	True	0.6711728427150833
RAB3C	ENSG00000152932	True	0.6711728427150833
PPP1R14C	ENSG00000198729	True	0.6711728427150833
SORT1	ENSG00000134243	True	0.6711728427150833
CDC42SE1	ENSG00000197622	True	0.6711728427150833
MRPL45	ENSG00000278845	True	0.670245853074124
HPD	ENSG00000158104	True	0.670245853074124
FAM107B	ENSG00000065809	True	0.670245853074124
RAI14	ENSG00000039560	True	0.6693168805661122
SMPD4	ENSG00000136699	True	0.6693168805661122
PPP4R3A	ENSG00000100796	True	0.6683859166900001
WDR92		False	0.6683859166900001
CDK3	ENSG00000250506	True	0.6683859166900001
ZC3HAV1L	ENSG00000146858	True	0.6683859166900001
DPP9	ENSG00000142002	True	0.667452952889954
PNKD	ENSG00000127838	True	0.667452952889954
IFITM2	ENSG00000185201	True	0.667452952889954
SCRN3	ENSG00000144306	True	0.667452952889954
B4E171_HUMAN		False	0.667452952889954
GRHL1	ENSG00000134317	True	0.6665179805548809
SPTLC2		False	0.6665179805548809
RAB9B	ENSG00000123570	True	0.6665179805548809
CTDSPL	ENSG00000144677	True	0.6665179805548809
FHIT	ENSG00000189283	True	0.6655809910179531
ANXA8		False	0.6655809910179531
FTCD	ENSG00000160282	True	0.6655809910179531
ATL2	ENSG00000119787	True	0.6655809910179531
WDR91	ENSG00000105875	True	0.6655809910179531
C8orf33	ENSG00000182307	True	0.6655809910179531
ENSP00000478249		False	0.6655809910179531
SMAP1	ENSG00000112305	True	0.6646419755561255
C5orf51		False	0.6637009253896482
NOC2L	ENSG00000188976	True	0.6627578316815741
PRKD2	ENSG00000105287	True	0.6627578316815741
MAP7	ENSG00000135525	True	0.6627578316815741
ELOVL1	ENSG00000066322	True	0.6627578316815741
LRRC20		False	0.6627578316815741
MED7		False	0.6618126855372612
MLH1	ENSG00000076242	True	0.6618126855372612
GPT	ENSG00000167701	True	0.6618126855372612
MED18	ENSG00000130772	True	0.6618126855372612
POLA2	ENSG00000014138	True	0.6618126855372612
AOC2	ENSG00000131480	True	0.6618126855372612
RDH14	ENSG00000240857	True	0.6618126855372612
MAPK9	ENSG00000050748	True	0.6618126855372612
STAMBPL1	ENSG00000138134	True	0.6608654780038692
MAP4K4	ENSG00000071054	True	0.6608654780038692
PGM2L1	ENSG00000165434	True	0.6608654780038692
CWC27	ENSG00000153015	True	0.6599162000698503
MAN2B1	ENSG00000104774	True	0.6599162000698503
MT-CYB	ENSG00000198727	True	0.6599162000698503
GAGE2A	ENSG00000189064	True	0.658964842664435
PAEP	ENSG00000122133	True	0.658964842664435
ATG4B	ENSG00000168397	True	0.658964842664435
KAT7	ENSG00000136504	True	0.6580113966571124
SYNPO2L	ENSG00000166317	True	0.6580113966571124
SMARCA2	ENSG00000080503	True	0.6580113966571124
TBC1D10B	ENSG00000169221	True	0.6580113966571124
HERC4	ENSG00000148634	True	0.6580113966571124
UPF3B	ENSG00000125351	True	0.6570558528571039
CC2D1A	ENSG00000132024	True	0.6570558528571039
KNOP1	ENSG00000103550	True	0.6570558528571039
DMBT1	ENSG00000187908	True	0.6570558528571039
JMJD6	ENSG00000070495	True	0.6570558528571039
ADGRE5	ENSG00000123146	True	0.6570558528571039
VIL1	ENSG00000127831	True	0.6560982020128319
UBE2R2		False	0.6560982020128319
PLCB3	ENSG00000149782	True	0.6560982020128319
GEMIN6	ENSG00000152147	True	0.6560982020128319
CASP1	ENSG00000137752	True	0.6551384348113821
ZZEF1	ENSG00000074755	True	0.6551384348113821
PAK3	ENSG00000077264	True	0.6551384348113821
TOE1	ENSG00000132773	True	0.6541765418779605
CPA3	ENSG00000163751	True	0.6541765418779605
SMARCD1	ENSG00000066117	True	0.6541765418779605
TPSB2	ENSG00000197253	True	0.6541765418779605
LARS2	ENSG00000011376	True	0.6532125137753437
TANK	ENSG00000136560	True	0.6532125137753437
SCAF11	ENSG00000139218	True	0.6532125137753437
MRPS12	ENSG00000128626	True	0.6522463410033232
MAN1A1	ENSG00000111885	True	0.6522463410033232
LMO7	ENSG00000136153	True	0.6522463410033232
COG4	ENSG00000103051	True	0.6522463410033232
CD82	ENSG00000085117	True	0.6522463410033232
AGPAT5	ENSG00000155189	True	0.6522463410033232
CASQ1	ENSG00000143318	True	0.6522463410033232
TCEAL6	ENSG00000204071	True	0.6522463410033232
ATP2B2	ENSG00000157087	True	0.651278013998144
ARFGEF1	ENSG00000066777	True	0.651278013998144
PNKP	ENSG00000039650	True	0.651278013998144
PPFIA1	ENSG00000131626	True	0.651278013998144
ZNF787	ENSG00000142409	True	0.6503075231319364
BRD3	ENSG00000169925	True	0.6503075231319364
RNASE6	ENSG00000169413	True	0.6493348587121419
SPTBN2	ENSG00000173898	True	0.6483600109809317
GSTT2B	ENSG00000133433	True	0.6483600109809317
VSNL1		False	0.6483600109809317
CTNNBIP1	ENSG00000178585	True	0.6483600109809317
PLOD2	ENSG00000152952	True	0.6483600109809317
MRPL33	ENSG00000243147	True	0.6483600109809317
CALB2	ENSG00000172137	True	0.6473829701146199
PLCD1	ENSG00000187091	True	0.6473829701146199
DSC3	ENSG00000134762	True	0.6473829701146199
HMG20A	ENSG00000140382	True	0.6473829701146199
FUNDC2	ENSG00000165775	True	0.6473829701146199
CRIPT	ENSG00000119878	True	0.6473829701146199
RFC1	ENSG00000035928	True	0.6473829701146199
RPP14	ENSG00000163684	True	0.6464037262230695
MAD1L1	ENSG00000002822	True	0.6464037262230695
RRP8	ENSG00000132275	True	0.6464037262230695
SBSN	ENSG00000189001	True	0.6464037262230695
AHCYL2	ENSG00000158467	True	0.6464037262230695
G0S2		False	0.6454222693490919
VWA5A	ENSG00000110002	True	0.6454222693490919
TFCP2		False	0.6454222693490919
RBM7	ENSG00000076053	True	0.6454222693490919
FST	ENSG00000134363	True	0.6454222693490919
UXT	ENSG00000126756	True	0.6444385894678385
FCN1	ENSG00000085265	True	0.6444385894678385
SUPV3L1	ENSG00000156502	True	0.6444385894678385
GRB7	ENSG00000141738	True	0.6434526764861874
GLA	ENSG00000102393	True	0.6434526764861874
CNOT11	ENSG00000158435	True	0.6434526764861874
CETP		False	0.6434526764861874
SOAT1	ENSG00000057252	True	0.6434526764861874
NOP9		False	0.6424645202421213
NAA25	ENSG00000111300	True	0.6424645202421213
UBE3C	ENSG00000009335	True	0.6424645202421213
ISY1-RAB43	ENSG00000261796	True	0.6424645202421213
MICALL1	ENSG00000100139	True	0.6424645202421213
DNASE1	ENSG00000213918	True	0.6414741105040995
MKKS-2		False	0.6414741105040995
ARFIP2	ENSG00000132254	True	0.6414741105040995
SLC19A1	ENSG00000173638	True	0.6404814369704218
CERT1	ENSG00000113163	True	0.6404814369704218
DUSP23	ENSG00000158716	True	0.6404814369704218
AGRN	ENSG00000188157	True	0.6404814369704218
NUB1	ENSG00000013374	True	0.6394864892685861
MNAT1	ENSG00000020426	True	0.6394864892685861
NSUN4	ENSG00000117481	True	0.6394864892685861
TELO2	ENSG00000100726	True	0.6394864892685861
TMOD2	ENSG00000128872	True	0.6394864892685861
NDUFC1	ENSG00000109390	True	0.6384892569546373
IKZF3	ENSG00000161405	True	0.6374897295125107
GBA		False	0.6374897295125107
VCAN	ENSG00000038427	True	0.6374897295125107
SPART	ENSG00000133104	True	0.6374897295125107
EHMT2	ENSG00000204371	True	0.6374897295125107
GNL2	ENSG00000134697	True	0.6364878963533654
PCM1	ENSG00000078674	True	0.6364878963533654
PABPC1L2A	ENSG00000186288	True	0.6364878963533654
PABPC1L2B	ENSG00000184388	True	0.6364878963533654
F5H5P2_HUMAN		False	0.6364878963533654
EGF		False	0.6364878963533654
GNAT3	ENSG00000214415	True	0.6364878963533654
WASF3	ENSG00000132970	True	0.6354837468149122
CASP2	ENSG00000106144	True	0.6354837468149122
AAMP	ENSG00000127837	True	0.6354837468149122
DNASE2	ENSG00000105612	True	0.6354837468149122
CDKN2AIP	ENSG00000168564	True	0.6354837468149122
CCDC167	ENSG00000198937	True	0.6344772701607315
RTN1	ENSG00000139970	True	0.6344772701607315
SLC2A4	ENSG00000181856	True	0.6344772701607315
OS9	ENSG00000135506	True	0.6344772701607315
UBE2J1	ENSG00000198833	True	0.6344772701607315
SUPT4H1		False	0.6344772701607315
DENND4C	ENSG00000137145	True	0.6344772701607315
AARS2	ENSG00000124608	True	0.6334684555795865
PAG1	ENSG00000076641	True	0.6334684555795865
TM7SF2	ENSG00000149809	True	0.6334684555795865
MRPS18C	ENSG00000163319	True	0.6334684555795865
RNF2	ENSG00000121481	True	0.6324572921847242
SHPK	ENSG00000197417	True	0.6324572921847242
NEU2	ENSG00000115488	True	0.6324572921847242
RHOF	ENSG00000139725	True	0.6324572921847242
RIF1	ENSG00000080345	True	0.631443769013172
MYD88	ENSG00000172936	True	0.631443769013172
CDC26	ENSG00000176386	True	0.631443769013172
TSKU	ENSG00000182704	True	0.631443769013172
DHX36	ENSG00000174953	True	0.631443769013172
EMC10	ENSG00000161671	True	0.6304278750250238
CLSTN1	ENSG00000171603	True	0.6304278750250238
PPP1R10	ENSG00000204569	True	0.6304278750250238
GINS1	ENSG00000101003	True	0.6294095991027189
EFL1	ENSG00000140598	True	0.6294095991027189
NUP188	ENSG00000095319	True	0.6294095991027189
TRMT61A		False	0.6294095991027189
L2HGDH	ENSG00000087299	True	0.6294095991027189
SMAD4	ENSG00000141646	True	0.6283889300503115
RBM15	ENSG00000162775	True	0.6283889300503115
PKIB	ENSG00000135549	True	0.6283889300503115
GCHFR	ENSG00000137880	True	0.6283889300503115
PTBP2	ENSG00000117569	True	0.6283889300503115
CNOT2	ENSG00000111596	True	0.6273658565927327
VGF	ENSG00000128564	True	0.6273658565927327
RBPJ	ENSG00000168214	True	0.6263403673750424
FAM114A1	ENSG00000197712	True	0.6263403673750424
RABGGTB	ENSG00000137955	True	0.6263403673750424
BCL10	ENSG00000142867	True	0.6263403673750424
C17orf75	ENSG00000108666	True	0.6263403673750424
FGD3	ENSG00000127084	True	0.6263403673750424
FGFR1	ENSG00000077782	True	0.6253124509616739
ABHD17B	ENSG00000107362	True	0.6253124509616739
TAP2	ENSG00000204267	True	0.6253124509616739
DTX3L	ENSG00000163840	True	0.6253124509616739
ALDH1L1	ENSG00000144908	True	0.6253124509616739
C16orf58		False	0.6242820958356683
CTNNA2	ENSG00000066032	True	0.6242820958356683
STX18	ENSG00000168818	True	0.6242820958356683
TCN1		False	0.6232492903979004
PI4K2A	ENSG00000155252	True	0.6232492903979004
RAB23	ENSG00000112210	True	0.6232492903979004
ANKRD44	ENSG00000065413	True	0.6232492903979004
SPANXA2	ENSG00000203926	True	0.6222140229662954
SPANXA1	ENSG00000198021	True	0.6222140229662954
TMEM199	ENSG00000244045	True	0.6222140229662954
ISY1	ENSG00000240682	True	0.6211762817750351
RBMS1		False	0.6211762817750351
AIDA	ENSG00000186063	True	0.6211762817750351
CD47	ENSG00000196776	True	0.6211762817750351
K7N7A8_HUMAN		False	0.6211762817750351
MSMO1	ENSG00000052802	True	0.6211762817750351
NR2C2AP	ENSG00000184162	True	0.6211762817750351
MLST8	ENSG00000167965	True	0.6201360549737575
RBBP6	ENSG00000122257	True	0.6201360549737575
THBS3	ENSG00000169231	True	0.6190933306267428
ASCC1	ENSG00000138303	True	0.6190933306267428
WDR70	ENSG00000082068	True	0.6190933306267428
MICAL1	ENSG00000135596	True	0.6180480967120927
TNS3	ENSG00000136205	True	0.6180480967120927
IL1F10		False	0.6180480967120927
CLDN11	ENSG00000013297	True	0.6180480967120927
FAM126A		False	0.6180480967120927
FGR	ENSG00000000938	True	0.617000341120899
NCDN	ENSG00000020129	True	0.617000341120899
PRSS23	ENSG00000150687	True	0.617000341120899
SLC25A10	ENSG00000183048	True	0.617000341120899
MXRA7	ENSG00000182534	True	0.617000341120899
TERF2	ENSG00000132604	True	0.617000341120899
AGO2	ENSG00000123908	True	0.615950051656401
TRIP12	ENSG00000153827	True	0.6148972160331346
CHRDL1	ENSG00000101938	True	0.6148972160331346
RTF1	ENSG00000137815	True	0.6148972160331346
NCF1	ENSG00000158517	True	0.6138418218760693
FKBP9	ENSG00000122642	True	0.6138418218760693
C1orf35	ENSG00000143793	True	0.6138418218760693
ACSS2	ENSG00000131069	True	0.6138418218760693
GTF2E1	ENSG00000153767	True	0.6127838567197355
CCDC90B	ENSG00000137500	True	0.6127838567197355
PPWD1	ENSG00000113593	True	0.6127838567197355
APOBEC3C	ENSG00000244509	True	0.6127838567197355
STX3	ENSG00000166900	True	0.6127838567197355
FGL2	ENSG00000127951	True	0.6127838567197355
TMX2	ENSG00000213593	True	0.6127838567197355
SLC4A7	ENSG00000033867	True	0.6127838567197355
MRPL52	ENSG00000172590	True	0.6117233080073418
STRN3	ENSG00000196792	True	0.6117233080073418
NCOR1	ENSG00000141027	True	0.6117233080073418
NLE1	ENSG00000073536	True	0.6117233080073418
UBE2Q1	ENSG00000160714	True	0.6117233080073418
LTBP2	ENSG00000119681	True	0.6106601630898799
NMRAL1	ENSG00000153406	True	0.6106601630898799
TMEM230	ENSG00000089063	True	0.6106601630898799
INPP1	ENSG00000151689	True	0.6106601630898799
MEAK7	ENSG00000140950	True	0.60959440922522
VTI1B	ENSG00000100568	True	0.60959440922522
I3L4J1_HUMAN		False	0.608526033577194
CXorf38	ENSG00000185753	True	0.608526033577194
IRF3	ENSG00000126456	True	0.6074550232146685
HDDC3	ENSG00000184508	True	0.6074550232146685
GLMN	ENSG00000174842	True	0.6074550232146685
ATF2	ENSG00000115966	True	0.6074550232146685
GALNT7	ENSG00000109586	True	0.6074550232146685
POLD3	ENSG00000077514	True	0.6074550232146685
VPS51	ENSG00000149823	True	0.6063813651106049
TUBGCP2	ENSG00000130640	True	0.6063813651106049
WARS2	ENSG00000116874	True	0.6053050461411095
ADAM12	ENSG00000148848	True	0.6053050461411095
CUTC	ENSG00000119929	True	0.6053050461411095
PNLIP	ENSG00000175535	True	0.6053050461411095
BCKDK	ENSG00000103507	True	0.6053050461411095
TWISTNB		False	0.6053050461411095
H4C7	ENSG00000275663	True	0.60422605308447
CDK2AP1	ENSG00000111328	True	0.60422605308447
NFIC	ENSG00000141905	True	0.60422605308447
WASHC4	ENSG00000136051	True	0.60422605308447
MIA3	ENSG00000154305	True	0.60422605308447
PREX1	ENSG00000124126	True	0.60422605308447
MAP1A	ENSG00000166963	True	0.6031443726201823
C1orf116	ENSG00000182795	True	0.6031443726201823
NCAPD3		False	0.6031443726201823
RBM34	ENSG00000188739	True	0.6031443726201823
OPTN	ENSG00000123240	True	0.6031443726201823
SCAMP4	ENSG00000227500	True	0.6031443726201823
RBX1		False	0.6031443726201823
MED11	ENSG00000161920	True	0.6020599913279624
CFAP36	ENSG00000163001	True	0.6020599913279624
CTR9	ENSG00000198730	True	0.6020599913279624
TIMM23B		False	0.6020599913279624
FLG2	ENSG00000143520	True	0.6020599913279624
DAPP1	ENSG00000070190	True	0.6020599913279624
MTMR2	ENSG00000087053	True	0.6020599913279624
KIAA0513	ENSG00000135709	True	0.6020599913279624
RPRD2	ENSG00000163125	True	0.6020599913279624
MPLKIP	ENSG00000168303	True	0.6009728956867483
TOMM6	ENSG00000214736	True	0.6009728956867483
IMPA2	ENSG00000141401	True	0.6009728956867483
RAB34	ENSG00000109113	True	0.6009728956867483
POGZ	ENSG00000143442	True	0.6009728956867483
PWP2	ENSG00000241945	True	0.5998830720736879
SMAD2	ENSG00000175387	True	0.5998830720736879
RCN3	ENSG00000142552	True	0.5998830720736879
DDR1	ENSG00000204580	True	0.5987905067631151
RABAC1	ENSG00000105404	True	0.5987905067631151
ASPRV1	ENSG00000244617	True	0.5987905067631151
P2RX1		False	0.5987905067631151
TFPT	ENSG00000105619	True	0.5987905067631151
CYBB	ENSG00000165168	True	0.5976951859255123
PLEKHB1		False	0.5976951859255123
MEGF9	ENSG00000106780	True	0.5976951859255123
MT1H		False	0.5976951859255123
BMS1	ENSG00000165733	True	0.5965970956264602
DIDO1	ENSG00000101191	True	0.5965970956264602
GDF15	ENSG00000130513	True	0.5965970956264602
MGME1	ENSG00000125871	True	0.5965970956264602
KIF5A	ENSG00000155980	True	0.5954962218255742
BAK1	ENSG00000030110	True	0.5954962218255742
SRPK2	ENSG00000135250	True	0.5954962218255742
TRABD	ENSG00000170638	True	0.5954962218255742
GGA3	ENSG00000125447	True	0.5954962218255742
HKDC1	ENSG00000156510	True	0.5943925503754267
SHOX2		False	0.5943925503754267
PGA4	ENSG00000229183	True	0.5943925503754267
DESI1	ENSG00000100418	True	0.5943925503754267
NKRF		False	0.5943925503754267
NARS2	ENSG00000137513	True	0.5943925503754267
CYP51A1	ENSG00000001630	True	0.5943925503754267
RNF181	ENSG00000168894	True	0.5932860670204573
MAGEB2	ENSG00000099399	True	0.5932860670204573
B3GAT3	ENSG00000149541	True	0.5932860670204573
MEA1	ENSG00000124733	True	0.5932860670204573
CXCR4		False	0.5932860670204573
AKAP17A	ENSG00000197976	True	0.5921767573958668
HDAC6	ENSG00000094631	True	0.5921767573958668
ERAL1	ENSG00000132591	True	0.5921767573958668
CREG1		False	0.5910646070264992
SYNJ2BP-COX16	ENSG00000258644	True	0.5910646070264992
SRA1	ENSG00000213523	True	0.5910646070264992
ATP2B3	ENSG00000067842	True	0.5910646070264992
EPS8L1	ENSG00000131037	True	0.5899496013257077
CXCL2		False	0.5899496013257077
DNAJC10	ENSG00000077232	True	0.5899496013257077
CCDC93	ENSG00000125633	True	0.5899496013257077
CIAO2A	ENSG00000166797	True	0.5899496013257077
CNNM3	ENSG00000168763	True	0.5899496013257077
CD200	ENSG00000091972	True	0.5899496013257077
ABCA13		False	0.5899496013257077
KRT23	ENSG00000108244	True	0.5888317255942073
GFM2	ENSG00000164347	True	0.5888317255942073
PHF3	ENSG00000118482	True	0.5888317255942073
GOLIM4	ENSG00000173905	True	0.5888317255942073
CD300A	ENSG00000167851	True	0.5877109650189114
WDR48	ENSG00000114742	True	0.5877109650189114
IRS4-2		False	0.5877109650189114
PGA3	ENSG00000229859	True	0.5877109650189114
DSC2	ENSG00000134755	True	0.5865873046717549
KLC4	ENSG00000137171	True	0.5865873046717549
HAMP		False	0.5865873046717549
ECSIT	ENSG00000130159	True	0.5854607295085007
SPRYD7	ENSG00000123178	True	0.5854607295085007
POU2F1	ENSG00000143190	True	0.5854607295085007
TMEM30A	ENSG00000112697	True	0.5843312243675308
CHIT1	ENSG00000133063	True	0.5843312243675308
TSR2	ENSG00000158526	True	0.5843312243675308
GDA	ENSG00000119125	True	0.5843312243675308
CHMP7	ENSG00000147457	True	0.5831987739686227
SLC38A1	ENSG00000111371	True	0.5831987739686227
UNG	ENSG00000076248	True	0.5831987739686227
RBM12B	ENSG00000183808	True	0.5831987739686227
RCL1		False	0.5831987739686227
SCGB3A1		False	0.5831987739686227
SMYD3	ENSG00000185420	True	0.5831987739686227
MT-CO1	ENSG00000198804	True	0.5820633629117087
SERPINI2		False	0.5820633629117087
AAK1	ENSG00000115977	True	0.5809249756756193
COG3	ENSG00000136152	True	0.5809249756756193
RNF5	ENSG00000204308	True	0.5809249756756193
WASHC3	ENSG00000120860	True	0.5809249756756193
PTEN	ENSG00000171862	True	0.5809249756756193
AKAP8L	ENSG00000011243	True	0.5809249756756193
SAP30	ENSG00000164105	True	0.5797835966168101
UHRF1	ENSG00000276043	True	0.5797835966168101
ESRP1	ENSG00000104413	True	0.5797835966168101
CRYBG1	ENSG00000112297	True	0.5786392099680724
JOSD2		False	0.5774917998372253
FNBP4	ENSG00000109920	True	0.5774917998372253
ACAP2	ENSG00000114331	True	0.5774917998372253
DUSP14	ENSG00000276023	True	0.5774917998372253
TRAPPC5	ENSG00000181029	True	0.5774917998372253
SCFD2	ENSG00000184178	True	0.5774917998372253
VPS53	ENSG00000141252	True	0.5763413502057929
MTFR1L	ENSG00000117640	True	0.5763413502057929
STAU2	ENSG00000040341	True	0.5763413502057929
POU2AF1	ENSG00000110777	True	0.5763413502057929
SCRN2	ENSG00000141295	True	0.5763413502057929
APLP1	ENSG00000105290	True	0.5751878449276611
TAMM41	ENSG00000144559	True	0.5751878449276611
ERBB2	ENSG00000141736	True	0.5751878449276611
DBR1	ENSG00000138231	True	0.5740312677277188
RHOT1	ENSG00000126858	True	0.5740312677277188
OGDHL	ENSG00000197444	True	0.5740312677277188
CDC23	ENSG00000094880	True	0.5728716022004802
SDC4	ENSG00000124145	True	0.5728716022004802
MAX	ENSG00000125952	True	0.5728716022004802
CLASP2		False	0.5728716022004802
POLB	ENSG00000070501	True	0.5728716022004802
XAB2		False	0.5728716022004802
FES	ENSG00000182511	True	0.5728716022004802
KIF21A	ENSG00000139116	True	0.5728716022004802
L1CAM	ENSG00000198910	True	0.5717088318086876
SLC2A14	ENSG00000173262	True	0.5717088318086876
TTC7B	ENSG00000165914	True	0.5717088318086876
NLRX1	ENSG00000160703	True	0.5717088318086876
RBFOX2	ENSG00000100320	True	0.5717088318086876
E9PLN8_HUMAN		False	0.5717088318086876
SMARCA1	ENSG00000102038	True	0.5717088318086876
USP4	ENSG00000114316	True	0.5717088318086876
NBN	ENSG00000104320	True	0.5705429398818975
MIPEP	ENSG00000027001	True	0.5705429398818975
RRAGC	ENSG00000116954	True	0.5705429398818975
DGUOK	ENSG00000114956	True	0.5705429398818975
ANO6	ENSG00000177119	True	0.5693739096150459
UBTD1	ENSG00000165886	True	0.5693739096150459
VAMP4	ENSG00000117533	True	0.5693739096150459
INPPL1	ENSG00000165458	True	0.5693739096150459
ASCC3	ENSG00000112249	True	0.5693739096150459
RHOJ	ENSG00000126785	True	0.5693739096150459
KDM3B	ENSG00000120733	True	0.568201724066995
DPEP1	ENSG00000015413	True	0.568201724066995
CSN2	ENSG00000135222	True	0.568201724066995
CEP170	ENSG00000143702	True	0.568201724066995
BNIP1	ENSG00000113734	True	0.568201724066995
TBC1D4	ENSG00000136111	True	0.5670263661590603
ITGA2	ENSG00000164171	True	0.5658478186735176
VPS16	ENSG00000215305	True	0.5658478186735176
HYI	ENSG00000178922	True	0.5658478186735176
DHRS4L2		False	0.5658478186735176
GHRL	ENSG00000157017	True	0.5646660642520893
GNPAT		False	0.5646660642520893
FOLR2		False	0.5646660642520893
SDC2	ENSG00000169439	True	0.5646660642520893
EIF2D	ENSG00000143486	True	0.5646660642520893
UQCC1	ENSG00000101019	True	0.5646660642520893
SYNJ2BP	ENSG00000213463	True	0.5634810853944107
KDELR1	ENSG00000105438	True	0.5634810853944107
TGM3	ENSG00000125780	True	0.5634810853944107
SSNA1		False	0.5634810853944107
HLTF	ENSG00000071794	True	0.5634810853944107
ARMC10	ENSG00000170632	True	0.5634810853944107
GEMIN2	ENSG00000092208	True	0.5634810853944107
ENSP00000498584		False	0.5622928644564748
PDE2A	ENSG00000186642	True	0.561101383649056
SCAF1	ENSG00000126461	True	0.561101383649056
TUBGCP3	ENSG00000126216	True	0.561101383649056
NOMO3	ENSG00000103226	True	0.561101383649056
SYNRG	ENSG00000275066	True	0.561101383649056
TGM4	ENSG00000163810	True	0.561101383649056
VPS52	ENSG00000223501	True	0.561101383649056
FBLN2	ENSG00000163520	True	0.561101383649056
KRTAP10-10		False	0.5599066250361125
SARS2-2		False	0.5599066250361125
LIMCH1	ENSG00000064042	True	0.5599066250361125
LIN28B	ENSG00000187772	True	0.5599066250361125
FUCA2	ENSG00000001036	True	0.5587085705331657
CAPS	ENSG00000105519	True	0.5587085705331657
RSF1	ENSG00000048649	True	0.5587085705331657
PKN2	ENSG00000065243	True	0.5587085705331657
UBAP1	ENSG00000165006	True	0.557507201905658
CHEK1		False	0.557507201905658
RSL24D1	ENSG00000137876	True	0.557507201905658
ECD	ENSG00000122882	True	0.557507201905658
CCDC134	ENSG00000100147	True	0.557507201905658
SLC27A2	ENSG00000140284	True	0.557507201905658
ELP2	ENSG00000134759	True	0.557507201905658
IKBKB	ENSG00000104365	True	0.5563025007672873
UPF2		False	0.5563025007672873
TSC22D3	ENSG00000157514	True	0.5563025007672873
NOMO1	ENSG00000103512	True	0.5563025007672873
CXCL3		False	0.5550944485783191
DDX51	ENSG00000185163	True	0.5550944485783191
PLXNB2	ENSG00000196576	True	0.5550944485783191
LCLAT1	ENSG00000172954	True	0.5550944485783191
NOL3	ENSG00000140939	True	0.5550944485783191
BAIAP2L1	ENSG00000006453	True	0.5550944485783191
PDPR	ENSG00000090857	True	0.5538830266438743
ALPL	ENSG00000162551	True	0.5538830266438743
DOCK10	ENSG00000135905	True	0.5538830266438743
DDX58		False	0.5538830266438743
SPRR2D		False	0.5538830266438743
CREM	ENSG00000095794	True	0.5538830266438743
GPN1	ENSG00000198522	True	0.5526682161121932
RBPMS	ENSG00000157110	True	0.5526682161121932
ANXA10	ENSG00000109511	True	0.5526682161121932
SNX4	ENSG00000114520	True	0.5526682161121932
POF1B	ENSG00000124429	True	0.5526682161121932
CCDC50	ENSG00000152492	True	0.5526682161121932
CRBN	ENSG00000113851	True	0.5514499979728752
PBX2	ENSG00000204304	True	0.5514499979728752
COMTD1	ENSG00000165644	True	0.5514499979728752
PANK4	ENSG00000157881	True	0.5514499979728752
GNAT1	ENSG00000114349	True	0.5502283530550941
LGALS8	ENSG00000116977	True	0.5502283530550941
KIFC1	ENSG00000237649	True	0.5502283530550941
DLGAP4	ENSG00000080845	True	0.5502283530550941
NAPSA	ENSG00000131400	True	0.5490032620257879
EXOC5	ENSG00000070367	True	0.5490032620257879
DHX37	ENSG00000150990	True	0.5490032620257879
TMEM245	ENSG00000106771	True	0.5490032620257879
OSBPL3	ENSG00000070882	True	0.5477747053878226
FHL3		False	0.5477747053878226
ORAI1	ENSG00000276045	True	0.5477747053878226
BORCS5	ENSG00000165714	True	0.5477747053878226
CDC42EP1	ENSG00000128283	True	0.5477747053878226
CCDC115	ENSG00000136710	True	0.5477747053878226
BCAP29	ENSG00000075790	True	0.5477747053878226
BLOC1S3	ENSG00000189114	True	0.5477747053878226
TIMM8B	ENSG00000150779	True	0.5465426634781311
MLLT11	ENSG00000213190	True	0.5465426634781311
CDK12	ENSG00000167258	True	0.5465426634781311
CRTAP	ENSG00000170275	True	0.5465426634781311
SLC31A2	ENSG00000136867	True	0.5465426634781311
MTOR	ENSG00000198793	True	0.5465426634781311
YLPM1	ENSG00000119596	True	0.5453071164658241
ISLR	ENSG00000129009	True	0.5453071164658241
WIPI2	ENSG00000157954	True	0.5453071164658241
NOMO2	ENSG00000185164	True	0.5453071164658241
RANBP9	ENSG00000010017	True	0.5453071164658241
TMEM41B	ENSG00000166471	True	0.5440680443502757
A2ML1	ENSG00000166535	True	0.5440680443502757
PPP1R2B		False	0.5440680443502757
MAPK8	ENSG00000107643	True	0.5440680443502757
WAPL	ENSG00000062650	True	0.5440680443502757
MMAA	ENSG00000151611	True	0.5440680443502757
DHTKD1	ENSG00000181192	True	0.5428254269591799
SERF2		False	0.5428254269591799
AIF1L	ENSG00000126878	True	0.5428254269591799
PRMT3	ENSG00000185238	True	0.5428254269591799
NSRP1	ENSG00000126653	True	0.5428254269591799
QPCTL	ENSG00000011478	True	0.5428254269591799
MED29		False	0.541579243946581
LRCH4	ENSG00000077454	True	0.541579243946581
IMPAD1		False	0.541579243946581
HAUS1	ENSG00000152240	True	0.541579243946581
CLASRP	ENSG00000104859	True	0.541579243946581
MEF2D	ENSG00000116604	True	0.541579243946581
NOL11	ENSG00000130935	True	0.541579243946581
EED	ENSG00000074266	True	0.541579243946581
UFSP2	ENSG00000109775	True	0.541579243946581
LEMD2	ENSG00000161904	True	0.5403294747908738
PPIC	ENSG00000168938	True	0.5403294747908738
SGTB	ENSG00000197860	True	0.5403294747908738
SGCG	ENSG00000102683	True	0.5403294747908738
PRKCG	ENSG00000126583	True	0.5403294747908738
PHAX	ENSG00000164902	True	0.5403294747908738
BCAN	ENSG00000132692	True	0.5390760987927766
FLT4	ENSG00000037280	True	0.5390760987927766
ME3	ENSG00000151376	True	0.5390760987927766
PGA5	ENSG00000256713	True	0.5390760987927766
NEBL	ENSG00000078114	True	0.5390760987927766
GEMIN4	ENSG00000179409	True	0.5390760987927766
LUZP1	ENSG00000169641	True	0.5390760987927766
NME4	ENSG00000103202	True	0.5378190950732742
CPSF4	ENSG00000160917	True	0.5365584425715301
MRPL51	ENSG00000111639	True	0.5365584425715301
ORC3	ENSG00000135336	True	0.5365584425715301
CALHM5	ENSG00000178033	True	0.5365584425715301
APOBR	ENSG00000184730	True	0.5365584425715301
HSPA14-2		False	0.5365584425715301
ZFPL1	ENSG00000162300	True	0.5365584425715301
DCAF8	ENSG00000132716	True	0.5365584425715301
GHITM	ENSG00000165678	True	0.5352941200427705
NFIA	ENSG00000162599	True	0.5352941200427705
C9orf40	ENSG00000135045	True	0.5352941200427705
CD38	ENSG00000004468	True	0.5352941200427705
MTFP1		False	0.5352941200427705
PPOX	ENSG00000143224	True	0.5352941200427705
XPO4		False	0.5352941200427705
SYNM	ENSG00000182253	True	0.5352941200427705
LRP1	ENSG00000123384	True	0.534026106056135
STAM2	ENSG00000115145	True	0.534026106056135
RACGAP1	ENSG00000161800	True	0.534026106056135
MED21	ENSG00000152944	True	0.5327543789924978
CWC22	ENSG00000163510	True	0.5327543789924978
HIP1R	ENSG00000130787	True	0.5327543789924978
EEF1AKNMT		False	0.5327543789924978
DCTN6	ENSG00000104671	True	0.5327543789924978
PPP1R13L	ENSG00000104881	True	0.5327543789924978
FGFBP2		False	0.5327543789924978
AGTRAP	ENSG00000177674	True	0.5327543789924978
EXOC8	ENSG00000116903	True	0.5314789170422551
VPS35L	ENSG00000103544	True	0.5314789170422551
CC2D1B	ENSG00000154222	True	0.5314789170422551
POLR2L		False	0.5314789170422551
MAT1A	ENSG00000151224	True	0.5314789170422551
NRM		False	0.5314789170422551
HGD	ENSG00000113924	True	0.5314789170422551
PTPRG	ENSG00000144724	True	0.5314789170422551
FOXRED1	ENSG00000110074	True	0.5301996982030822
MYO1A	ENSG00000166866	True	0.5301996982030822
BET1L	ENSG00000177951	True	0.5301996982030822
ZNF503	ENSG00000165655	True	0.5289167002776547
ATG7	ENSG00000197548	True	0.5289167002776547
GTF3C1	ENSG00000077235	True	0.5289167002776547
CCDC9	ENSG00000105321	True	0.5289167002776547
ACOT8	ENSG00000101473	True	0.5289167002776547
AOX1	ENSG00000138356	True	0.5276299008713387
HELLS	ENSG00000119969	True	0.5276299008713387
SSH3	ENSG00000172830	True	0.5276299008713387
SLC4A1AP	ENSG00000163798	True	0.5276299008713387
STC2	ENSG00000113739	True	0.526339277389844
RAB22A	ENSG00000124209	True	0.526339277389844
HAVCR2	ENSG00000135077	True	0.526339277389844
SDSL	ENSG00000139410	True	0.526339277389844
TBCE	ENSG00000284770	True	0.5250448070368452
ORC5	ENSG00000164815	True	0.5250448070368452
B4DFI2_HUMAN		False	0.5250448070368452
BAG1	ENSG00000107262	True	0.5237464668115644
CD109	ENSG00000156535	True	0.5237464668115644
DIP2B	ENSG00000066084	True	0.5237464668115644
QRICH1	ENSG00000198218	True	0.5237464668115644
SYCN	ENSG00000179751	True	0.5237464668115644
NR4A2	ENSG00000153234	True	0.5224442335063199
NMT2	ENSG00000152465	True	0.5224442335063199
FASTKD2		False	0.5224442335063199
SPANXC	ENSG00000198573	True	0.5224442335063199
SPANXD	ENSG00000196406	True	0.5224442335063199
GTPBP3	ENSG00000130299	True	0.5224442335063199
STAC	ENSG00000144681	True	0.5224442335063199
SUZ12	ENSG00000178691	True	0.5224442335063199
ATP4A	ENSG00000105675	True	0.5224442335063199
RABEP2	ENSG00000177548	True	0.5211380837040362
BAG5	ENSG00000166170	True	0.5198279937757188
MGAT1	ENSG00000131446	True	0.5198279937757188
hCG_1984214		False	0.5198279937757188
PSD4	ENSG00000125637	True	0.5198279937757188
GAD2	ENSG00000136750	True	0.5198279937757188
MT-ND3	ENSG00000198840	True	0.5198279937757188
MTPAP	ENSG00000107951	True	0.5185139398778874
SYN2		False	0.5185139398778874
KTI12	ENSG00000198841	True	0.5185139398778874
NACA2		False	0.5185139398778874
EHHADH	ENSG00000113790	True	0.5171958979499743
GGA2	ENSG00000103365	True	0.5171958979499743
ZNF24	ENSG00000172466	True	0.5171958979499743
ANKRD28		False	0.5171958979499743
ARMCX3	ENSG00000102401	True	0.5171958979499743
NRF1	ENSG00000106459	True	0.5171958979499743
C6orf58	ENSG00000184530	True	0.5158738437116791
WAC	ENSG00000095787	True	0.5158738437116791
LRRC1	ENSG00000137269	True	0.5145477526602861
TMED8	ENSG00000100580	True	0.5145477526602861
DHX38	ENSG00000140829	True	0.5145477526602861
GJA1	ENSG00000152661	True	0.5132176000679389
UACA	ENSG00000137831	True	0.5132176000679389
PON3	ENSG00000105852	True	0.5132176000679389
PTRH1	ENSG00000187024	True	0.5132176000679389
AURKB	ENSG00000178999	True	0.5132176000679389
KRT222	ENSG00000213424	True	0.5132176000679389
IFIH1	ENSG00000115267	True	0.5132176000679389
COG7	ENSG00000168434	True	0.5132176000679389
SULT2A1	ENSG00000105398	True	0.5132176000679389
WDR46	ENSG00000227057	True	0.5118833609788743
LIN7A	ENSG00000111052	True	0.5118833609788743
HGH1	ENSG00000235173	True	0.5118833609788743
TMEM167A		False	0.5118833609788743
TNIK	ENSG00000154310	True	0.5118833609788743
TRIM33	ENSG00000197323	True	0.5105450102066121
MIEN1	ENSG00000141741	True	0.5105450102066121
TRAFD1	ENSG00000135148	True	0.5105450102066121
H3BRN7_HUMAN		False	0.5105450102066121
DCAF1	ENSG00000145041	True	0.5105450102066121
RBM47	ENSG00000163694	True	0.5105450102066121
IL1RAP	ENSG00000196083	True	0.5092025223311029
ERLEC1	ENSG00000068912	True	0.5092025223311029
YBEY	ENSG00000182362	True	0.5092025223311029
CDC27	ENSG00000004897	True	0.5078558716958309
FAM91A1	ENSG00000176853	True	0.5078558716958309
AP1G2	ENSG00000213983	True	0.5065050324048721
ISCA2	ENSG00000165898	True	0.5065050324048721
VPREB3	ENSG00000128218	True	0.5065050324048721
CPD	ENSG00000108582	True	0.5065050324048721
PAPOLA	ENSG00000090060	True	0.5065050324048721
SMYD5	ENSG00000135632	True	0.5065050324048721
CEACAM5	ENSG00000105388	True	0.5065050324048721
MALSU1	ENSG00000156928	True	0.5065050324048721
CDC123	ENSG00000151465	True	0.505149978319906
KHK	ENSG00000138030	True	0.505149978319906
DDX56	ENSG00000136271	True	0.505149978319906
TPSD1	ENSG00000095917	True	0.505149978319906
STRIP2	ENSG00000128578	True	0.505149978319906
ECE1	ENSG00000117298	True	0.5037906830571811
LMOD1	ENSG00000163431	True	0.5037906830571811
CHD1	ENSG00000153922	True	0.5037906830571811
HIRIP3	ENSG00000149929	True	0.5037906830571811
RNGTT	ENSG00000111880	True	0.5037906830571811
APLP2	ENSG00000084234	True	0.5037906830571811
SPRR2B		False	0.5037906830571811
PEX16	ENSG00000121680	True	0.5037906830571811
RILPL1	ENSG00000188026	True	0.5024271199844327
GFER	ENSG00000127554	True	0.5024271199844327
SST	ENSG00000157005	True	0.5024271199844327
NGLY1	ENSG00000151092	True	0.5024271199844327
GABARAPL1	ENSG00000139112	True	0.5024271199844327
DBNDD2	ENSG00000244274	True	0.5024271199844327
LLGL1	ENSG00000131899	True	0.5024271199844327
CEBPB	ENSG00000172216	True	0.5010592622177514
SLC32A1	ENSG00000101438	True	0.5010592622177514
SLC9A9	ENSG00000181804	True	0.5010592622177514
QTRT2	ENSG00000151576	True	0.5010592622177514
ARHGEF6	ENSG00000129675	True	0.49968708261840383
ATG16L1	ENSG00000085978	True	0.49968708261840383
ERI1	ENSG00000104626	True	0.49968708261840383
CRTC2	ENSG00000160741	True	0.4983105537896005
IPO8	ENSG00000133704	True	0.4983105537896005
ZCCHC3		False	0.49692964807321494
BANK1	ENSG00000153064	True	0.49692964807321494
NSUN5	ENSG00000130305	True	0.49692964807321494
INTS13	ENSG00000064102	True	0.49692964807321494
RBM27	ENSG00000091009	True	0.49692964807321494
E7ENX8_HUMAN		False	0.49554433754644844
NABP2	ENSG00000139579	True	0.49554433754644844
PM20D2	ENSG00000146281	True	0.49554433754644844
GPA33	ENSG00000143167	True	0.49554433754644844
TP53I11	ENSG00000175274	True	0.4941545940184428
COA3	ENSG00000183978	True	0.4941545940184428
SURF2	ENSG00000148291	True	0.4941545940184428
GGA1	ENSG00000100083	True	0.4927603890268375
ZNF638	ENSG00000075292	True	0.4927603890268375
TCEAL5	ENSG00000204065	True	0.4927603890268375
PRIM2		False	0.4913616938342727
SEC14L2	ENSG00000100003	True	0.4913616938342727
SLAMF1	ENSG00000117090	True	0.4913616938342727
YY2	ENSG00000230797	True	0.4899584794248346
SFTPB	ENSG00000168878	True	0.4899584794248346
IFIT5	ENSG00000152778	True	0.4899584794248346
MARK3	ENSG00000075413	True	0.4899584794248346
PAN3	ENSG00000152520	True	0.4885507165004443
MAPKAPK3		False	0.4885507165004443
OTC	ENSG00000036473	True	0.4885507165004443
BPIFA1	ENSG00000198183	True	0.4885507165004443
WDR26	ENSG00000162923	True	0.4885507165004443
HS2ST1	ENSG00000153936	True	0.48713837547718647
MDK	ENSG00000110492	True	0.48713837547718647
PAAF1	ENSG00000175575	True	0.48713837547718647
MUC2	ENSG00000198788	True	0.48713837547718647
LAMA5	ENSG00000130702	True	0.48713837547718647
WFS1	ENSG00000109501	True	0.48572142648158
PRIM1	ENSG00000198056	True	0.48572142648158
FAM83H	ENSG00000180921	True	0.48572142648158
TBX21	ENSG00000073861	True	0.48572142648158
CRELD2	ENSG00000184164	True	0.48429983934678583
CYTH1		False	0.48429983934678583
RAB24		False	0.48429983934678583
RPS19BP1	ENSG00000187051	True	0.48287358360875376
ZFAND5	ENSG00000107372	True	0.48287358360875376
VAV3	ENSG00000134215	True	0.48287358360875376
CPB1	ENSG00000153002	True	0.48287358360875376
SLC25A19		False	0.48287358360875376
MEX3D	ENSG00000181588	True	0.48287358360875376
ANK2	ENSG00000145362	True	0.48144262850230496
AAR2	ENSG00000131043	True	0.48144262850230496
KIAA1522	ENSG00000162522	True	0.48144262850230496
NUSAP1	ENSG00000137804	True	0.48144262850230496
ENSP00000499503		False	0.48144262850230496
ITPRID2	ENSG00000138434	True	0.48144262850230496
SSR2		False	0.48144262850230496
PRKAA2	ENSG00000162409	True	0.48144262850230496
REEP4	ENSG00000168476	True	0.48000694295715063
UBE4B	ENSG00000130939	True	0.48000694295715063
ANKS1A	ENSG00000064999	True	0.48000694295715063
ZC3H13	ENSG00000123200	True	0.48000694295715063
SBNO1	ENSG00000139697	True	0.48000694295715063
TM6SF1	ENSG00000136404	True	0.47856649559384334
AASS	ENSG00000008311	True	0.47856649559384334
C1orf52	ENSG00000162642	True	0.47856649559384334
NDUFAF7	ENSG00000003509	True	0.47856649559384334
ERCC2	ENSG00000104884	True	0.47856649559384334
C3orf85		False	0.47712125471966244
FARP1		False	0.47712125471966244
COG2		False	0.47712125471966244
TTI1	ENSG00000101407	True	0.47712125471966244
SPINT1	ENSG00000166145	True	0.47712125471966244
PIK3CD	ENSG00000171608	True	0.47712125471966244
CAMK1D	ENSG00000183049	True	0.47712125471966244
MBD1	ENSG00000141644	True	0.47712125471966244
H0YJ60_HUMAN		False	0.47712125471966244
ZNF598	ENSG00000167962	True	0.4756711883244297
NOL10	ENSG00000115761	True	0.4756711883244297
PBX1	ENSG00000185630	True	0.4756711883244297
THUMPD3	ENSG00000134077	True	0.4756711883244297
NEDD4L	ENSG00000049759	True	0.4756711883244297
NCF4	ENSG00000100365	True	0.4756711883244297
MARC2		False	0.4756711883244297
FIBP	ENSG00000172500	True	0.4756711883244297
SCIN	ENSG00000006747	True	0.4742162640762552
VPS26C	ENSG00000157538	True	0.4742162640762552
C1orf50	ENSG00000164008	True	0.4727564493172124
LAIR1	ENSG00000167613	True	0.4727564493172124
SMIM4	ENSG00000168273	True	0.4727564493172124
OXSM	ENSG00000151093	True	0.4727564493172124
CASK	ENSG00000147044	True	0.4727564493172124
SCAF8	ENSG00000213079	True	0.4727564493172124
MRPL30	ENSG00000185414	True	0.4727564493172124
CARD19	ENSG00000165233	True	0.4727564493172124
LILRB1		False	0.4712917110589386
LEO1	ENSG00000166477	True	0.4712917110589386
MED15	ENSG00000099917	True	0.4712917110589386
TIMP3		False	0.4712917110589386
MANSC1	ENSG00000111261	True	0.4712917110589386
TXNL4B		False	0.46982201597816303
FERMT1	ENSG00000101311	True	0.46982201597816303
NAT1	ENSG00000171428	True	0.46982201597816303
URB1	ENSG00000142207	True	0.46982201597816303
MLF2	ENSG00000089693	True	0.46982201597816303
SMIM13	ENSG00000224531	True	0.46982201597816303
SUFU	ENSG00000107882	True	0.46982201597816303
CASP8	ENSG00000064012	True	0.46834733041215726
MON2	ENSG00000061987	True	0.46834733041215726
RAB41	ENSG00000147127	True	0.46834733041215726
LRWD1	ENSG00000161036	True	0.4668676203541095
AEBP1	ENSG00000106624	True	0.4668676203541095
COIL	ENSG00000121058	True	0.4668676203541095
ZNF384	ENSG00000126746	True	0.4668676203541095
AAMDC	ENSG00000087884	True	0.4668676203541095
SCG3	ENSG00000104112	True	0.4653828514484183
XPC	ENSG00000154767	True	0.4653828514484183
BGLAP		False	0.4653828514484183
PRKAB2	ENSG00000131791	True	0.4653828514484183
FRYL	ENSG00000075539	True	0.4653828514484183
APTX	ENSG00000137074	True	0.4653828514484183
FAM210B	ENSG00000124098	True	0.4653828514484183
RAB11FIP1	ENSG00000156675	True	0.4638929889859073
NUDT9	ENSG00000170502	True	0.4638929889859073
SS18	ENSG00000141380	True	0.4638929889859073
OLFM1		False	0.4638929889859073
MAP2	ENSG00000078018	True	0.4638929889859073
MTIF2	ENSG00000085760	True	0.4623979978989561
CPQ	ENSG00000104324	True	0.4623979978989561
KSR1	ENSG00000141068	True	0.4623979978989561
PEX1	ENSG00000127980	True	0.4623979978989561
NT5DC2	ENSG00000168268	True	0.4623979978989561
ANLN	ENSG00000011426	True	0.4623979978989561
KRT37		False	0.4623979978989561
UBE2T		False	0.4623979978989561
CASC3	ENSG00000108349	True	0.4623979978989561
TMEM223	ENSG00000168569	True	0.4623979978989561
CSNK1D	ENSG00000141551	True	0.4623979978989561
NECAP1	ENSG00000089818	True	0.4608978427565479
WRAP53	ENSG00000141499	True	0.4608978427565479
ATXN3	ENSG00000066427	True	0.4608978427565479
METTL18	ENSG00000171806	True	0.4608978427565479
SLC35E1	ENSG00000127526	True	0.4608978427565479
GSTA5	ENSG00000182793	True	0.45939248775923086
PTPN2	ENSG00000175354	True	0.45939248775923086
C18orf25	ENSG00000152242	True	0.45939248775923086
USP8	ENSG00000138592	True	0.45939248775923086
PPIL2	ENSG00000100023	True	0.45939248775923086
TTK	ENSG00000112742	True	0.45939248775923086
YIF1A	ENSG00000174851	True	0.45939248775923086
TRPC6	ENSG00000137672	True	0.45939248775923086
KRT38		False	0.45939248775923086
PLEKHA2	ENSG00000169499	True	0.45939248775923086
EFNB2	ENSG00000125266	True	0.4578818967339923
NSA2	ENSG00000164346	True	0.4578818967339923
PLEKHF2	ENSG00000175895	True	0.4578818967339923
RXRB	ENSG00000204231	True	0.456366033129043
LRATD2	ENSG00000168672	True	0.456366033129043
KRTAP2-2	ENSG00000214518	True	0.456366033129043
ACER3	ENSG00000078124	True	0.456366033129043
CRNKL1		False	0.456366033129043
NOB1	ENSG00000141101	True	0.456366033129043
PBXIP1	ENSG00000163346	True	0.456366033129043
CWF19L1	ENSG00000095485	True	0.456366033129043
POM121	ENSG00000196313	True	0.456366033129043
CBL	ENSG00000110395	True	0.456366033129043
SMARCAD1	ENSG00000163104	True	0.4548448600085102
MAP3K7	ENSG00000135341	True	0.4548448600085102
FAM92A		False	0.4548448600085102
MFN1	ENSG00000171109	True	0.4548448600085102
WASL	ENSG00000106299	True	0.4548448600085102
FBLIM1	ENSG00000162458	True	0.45331834004703764
ERMP1	ENSG00000099219	True	0.45331834004703764
ITPK1	ENSG00000100605	True	0.45331834004703764
SCGB1D2	ENSG00000124935	True	0.45331834004703764
GLMP	ENSG00000198715	True	0.45331834004703764
LCMT1	ENSG00000205629	True	0.45178643552429026
RUNX1	ENSG00000159216	True	0.45178643552429026
CYP17A1	ENSG00000148795	True	0.45178643552429026
SPRR2A		False	0.45178643552429026
NECTIN1	ENSG00000110400	True	0.45178643552429026
SPRR2E		False	0.45178643552429026
H3BUN2_HUMAN		False	0.45178643552429026
EGLN1	ENSG00000135766	True	0.45178643552429026
NFATC2IP		False	0.45178643552429026
VARS2	ENSG00000137411	True	0.45024910831936105
MALT1	ENSG00000172175	True	0.45024910831936105
DPEP2	ENSG00000167261	True	0.45024910831936105
SIT1	ENSG00000137078	True	0.45024910831936105
RBM33	ENSG00000184863	True	0.45024910831936105
U2AF1L4	ENSG00000161265	True	0.45024910831936105
CNRIP1		False	0.4487063199050799
NEU1	ENSG00000204386	True	0.4487063199050799
BMP1	ENSG00000168487	True	0.4487063199050799
ATF6	ENSG00000118217	True	0.4487063199050799
NXN	ENSG00000167693	True	0.4487063199050799
WDR33	ENSG00000136709	True	0.4487063199050799
CUX1	ENSG00000257923	True	0.4471580313422192
PTGES	ENSG00000148344	True	0.4471580313422192
MED6	ENSG00000133997	True	0.4471580313422192
MCEE		False	0.4471580313422192
GPX7		False	0.4471580313422192
FSTL3	ENSG00000070404	True	0.4471580313422192
PIK3CG	ENSG00000105851	True	0.4471580313422192
GAS2L1	ENSG00000185340	True	0.44560420327359757
DOLPP1	ENSG00000167130	True	0.44560420327359757
NDE1	ENSG00000072864	True	0.44560420327359757
TIMM17A	ENSG00000134375	True	0.44560420327359757
HEPHL1	ENSG00000181333	True	0.44560420327359757
TAF2		False	0.44560420327359757
AURKA	ENSG00000087586	True	0.44560420327359757
DTD1	ENSG00000125821	True	0.44560420327359757
CD58		False	0.44560420327359757
COX15	ENSG00000014919	True	0.4440447959180762
MOB3C		False	0.4440447959180762
EPDR1	ENSG00000086289	True	0.4440447959180762
CARMIL2	ENSG00000159753	True	0.4440447959180762
GAGE12G	ENSG00000215269	True	0.4424797690644486
GAGE12F	ENSG00000236362	True	0.4424797690644486
PDGFB	ENSG00000100311	True	0.4424797690644486
EARS2	ENSG00000103356	True	0.4424797690644486
TMEM65	ENSG00000164983	True	0.4424797690644486
XPNPEP3	ENSG00000196236	True	0.4424797690644486
MT1F		False	0.4424797690644486
SRR	ENSG00000167720	True	0.4409090820652177
EFR3A	ENSG00000132294	True	0.4409090820652177
ERCC3	ENSG00000163161	True	0.4409090820652177
CLCC1	ENSG00000121940	True	0.4409090820652177
NFIX	ENSG00000008441	True	0.4409090820652177
PARD3	ENSG00000148498	True	0.4409090820652177
USP24	ENSG00000162402	True	0.43933269383026263
RGS19	ENSG00000171700	True	0.43933269383026263
MIOS	ENSG00000164654	True	0.43933269383026263
AARSD1	ENSG00000266967	True	0.43933269383026263
RIPK1	ENSG00000137275	True	0.43933269383026263
MCAT	ENSG00000100294	True	0.43933269383026263
RIOK2	ENSG00000058729	True	0.43933269383026263
PROSER2	ENSG00000148426	True	0.43933269383026263
PGC	ENSG00000096088	True	0.437750562820388
LACRT		False	0.437750562820388
TPBG	ENSG00000146242	True	0.437750562820388
DCP1A	ENSG00000272886	True	0.437750562820388
OXR1	ENSG00000164830	True	0.437750562820388
UBL7	ENSG00000138629	True	0.437750562820388
ANKRD17	ENSG00000132466	True	0.436162647040756
POLR1E	ENSG00000137054	True	0.436162647040756
ARG2	ENSG00000081181	True	0.436162647040756
SMAD3	ENSG00000166949	True	0.436162647040756
COL5A1	ENSG00000130635	True	0.436162647040756
ITSN2	ENSG00000198399	True	0.436162647040756
GAGE2E	ENSG00000275113	True	0.436162647040756
ADAMTSL2	ENSG00000197859	True	0.43456890403419873
ZBTB7B	ENSG00000160685	True	0.43456890403419873
INTS14	ENSG00000138614	True	0.43456890403419873
NRBF2	ENSG00000148572	True	0.4329692908744057
PLA2G7		False	0.4329692908744057
YJU2	ENSG00000105248	True	0.4329692908744057
ZNF22	ENSG00000165512	True	0.4329692908744057
GTF3C3		False	0.43136376415898736
TENT5A	ENSG00000112773	True	0.43136376415898736
GNA15	ENSG00000060558	True	0.43136376415898736
DMAC2L		False	0.43136376415898736
CHD3	ENSG00000170004	True	0.43136376415898736
GOLGA5	ENSG00000066455	True	0.43136376415898736
FRMD4B	ENSG00000114541	True	0.42975228000240795
INTS9		False	0.42975228000240795
CRELD1	ENSG00000163703	True	0.42975228000240795
PUM2	ENSG00000055917	True	0.42975228000240795
METTL16	ENSG00000127804	True	0.42975228000240795
DUSP12	ENSG00000081721	True	0.42975228000240795
MAEA	ENSG00000090316	True	0.42975228000240795
MED30		False	0.42975228000240795
PARP14	ENSG00000173193	True	0.42975228000240795
OMG	ENSG00000126861	True	0.42813479402878885
NLRP2		False	0.42813479402878885
SPECC1	ENSG00000128487	True	0.42813479402878885
ARMH3	ENSG00000120029	True	0.42813479402878885
CNTNAP1	ENSG00000108797	True	0.42813479402878885
LIN28A	ENSG00000131914	True	0.42651126136457523
DECR2		False	0.42651126136457523
LIMK2	ENSG00000182541	True	0.42651126136457523
RBM23	ENSG00000100461	True	0.42651126136457523
FOXK2	ENSG00000141568	True	0.42651126136457523
CIP2A	ENSG00000163507	True	0.424881636631067
HLA-DQB2	ENSG00000232629	True	0.424881636631067
MISP	ENSG00000099812	True	0.424881636631067
CDC40		False	0.424881636631067
RAPH1	ENSG00000173166	True	0.424881636631067
CSN3	ENSG00000171209	True	0.424881636631067
GDAP1	ENSG00000104381	True	0.424881636631067
COA5	ENSG00000183513	True	0.424881636631067
KIF3A	ENSG00000131437	True	0.424881636631067
H0YIV9_HUMAN		False	0.424881636631067
ATPAF2	ENSG00000171953	True	0.424881636631067
MS4A4A	ENSG00000110079	True	0.424881636631067
GLDC	ENSG00000178445	True	0.424881636631067
KRTAP26-1		False	0.42324587393680785
RRAGA	ENSG00000155876	True	0.42324587393680785
ELF1	ENSG00000120690	True	0.42324587393680785
MTRES1	ENSG00000130349	True	0.42324587393680785
PRR3		False	0.42324587393680785
GTF2A2		False	0.42324587393680785
USP11	ENSG00000102226	True	0.42324587393680785
AKAP13	ENSG00000170776	True	0.42160392686983106
SPG21	ENSG00000090487	True	0.42160392686983106
CCL13		False	0.42160392686983106
PDGFD	ENSG00000170962	True	0.41995574848975786
L3HYPDH	ENSG00000126790	True	0.41995574848975786
ZNF593	ENSG00000142684	True	0.41995574848975786
OLFML3		False	0.41995574848975786
SUN1	ENSG00000164828	True	0.41995574848975786
LIMD1	ENSG00000144791	True	0.41995574848975786
NEMF	ENSG00000165525	True	0.41995574848975786
C19orf33	ENSG00000167644	True	0.41995574848975786
URI1	ENSG00000105176	True	0.41830129131974547
PAXBP1	ENSG00000159086	True	0.41830129131974547
ANAPC5	ENSG00000089053	True	0.41830129131974547
POM121C	ENSG00000272391	True	0.41830129131974547
NDUFB1	ENSG00000183648	True	0.41830129131974547
DUS3L	ENSG00000141994	True	0.41830129131974547
CRYZL1	ENSG00000205758	True	0.41664050733828095
LSG1	ENSG00000041802	True	0.41664050733828095
POLR1B		False	0.41664050733828095
RBM19	ENSG00000122965	True	0.41664050733828095
PRR15	ENSG00000176532	True	0.41664050733828095
ARHGAP30	ENSG00000186517	True	0.414973347970818
SPIN1	ENSG00000106723	True	0.414973347970818
AMPH	ENSG00000078053	True	0.414973347970818
SUOX	ENSG00000139531	True	0.414973347970818
HSPA12A	ENSG00000165868	True	0.414973347970818
CFAP57	ENSG00000243710	True	0.414973347970818
WDR74	ENSG00000133316	True	0.414973347970818
H3BQ06_HUMAN		False	0.414973347970818
MEP1A	ENSG00000112818	True	0.414973347970818
SLBP	ENSG00000163950	True	0.414973347970818
SYT1	ENSG00000067715	True	0.414973347970818
SSC5D	ENSG00000179954	True	0.414973347970818
COA1	ENSG00000106603	True	0.414973347970818
GALNS	ENSG00000141012	True	0.4132997640812518
ALOX5	ENSG00000012779	True	0.4132997640812518
CGN	ENSG00000143375	True	0.4132997640812518
FAM3D	ENSG00000198643	True	0.4132997640812518
PLAU	ENSG00000122861	True	0.4132997640812518
BNIP3L	ENSG00000104765	True	0.4132997640812518
UBR5		False	0.4132997640812518
GORASP1	ENSG00000114745	True	0.4132997640812518
CDYL	ENSG00000153046	True	0.41161970596323016
MPHOSPH8	ENSG00000196199	True	0.41161970596323016
C6orf47	ENSG00000204439	True	0.41161970596323016
FOCAD	ENSG00000188352	True	0.41161970596323016
SHISA5	ENSG00000164054	True	0.41161970596323016
PDYN	ENSG00000101327	True	0.41161970596323016
KIF4A	ENSG00000090889	True	0.41161970596323016
NFYC		False	0.41161970596323016
HAAO	ENSG00000162882	True	0.41161970596323016
ELOF1	ENSG00000130165	True	0.41161970596323016
VWA1		False	0.41161970596323016
GINS2	ENSG00000131153	True	0.4099331233312945
DLG3	ENSG00000082458	True	0.4099331233312945
PHACTR4	ENSG00000204138	True	0.4099331233312945
NSL1	ENSG00000117697	True	0.4099331233312945
BORCS6	ENSG00000196544	True	0.4099331233312945
CLN6	ENSG00000128973	True	0.4099331233312945
SORBS3	ENSG00000120896	True	0.4099331233312945
MTUS1		False	0.4099331233312945
GNAT2		False	0.4099331233312945
SLC9A1	ENSG00000090020	True	0.4099331233312945
RALBP1	ENSG00000017797	True	0.4082399653118496
CEL	ENSG00000170835	True	0.4082399653118496
PPP1R12C	ENSG00000125503	True	0.4082399653118496
RABEPK	ENSG00000136933	True	0.4082399653118496
GPRC5A	ENSG00000013588	True	0.4082399653118496
ARMC8	ENSG00000114098	True	0.4082399653118496
MBNL3	ENSG00000076770	True	0.4082399653118496
UBE2E3	ENSG00000170035	True	0.4082399653118496
GPATCH4	ENSG00000160818	True	0.4082399653118496
VSTM2L	ENSG00000132821	True	0.4082399653118496
PNPLA6	ENSG00000032444	True	0.4065401804339551
PDPK1	ENSG00000140992	True	0.4065401804339551
MAN1A2	ENSG00000198162	True	0.4065401804339551
TRAPPC12	ENSG00000171853	True	0.4065401804339551
SMG9	ENSG00000105771	True	0.4065401804339551
ZNRF2	ENSG00000180233	True	0.4065401804339551
CNOT10	ENSG00000182973	True	0.40483371661993806
LEMD3	ENSG00000174106	True	0.40483371661993806
MYZAP	ENSG00000263155	True	0.40483371661993806
RBM5	ENSG00000003756	True	0.40483371661993806
TBCC	ENSG00000124659	True	0.40483371661993806
STRIP1	ENSG00000143093	True	0.40483371661993806
KRTAP2-1	ENSG00000212725	True	0.40483371661993806
CSN1S1	ENSG00000126545	True	0.40312052117581787
MTA3	ENSG00000057935	True	0.40312052117581787
RABGEF1		False	0.40312052117581787
CD70		False	0.40312052117581787
CISD3	ENSG00000277972	True	0.40312052117581787
COLEC10		False	0.40312052117581787
TRAF2	ENSG00000127191	True	0.40312052117581787
NFYB	ENSG00000120837	True	0.4014005407815441
DMAP1	ENSG00000178028	True	0.4014005407815441
RRM2B	ENSG00000048392	True	0.4014005407815441
KCNMA1	ENSG00000156113	True	0.4014005407815441
PHKB		False	0.4014005407815441
CLYBL	ENSG00000125246	True	0.4014005407815441
CBLL1	ENSG00000105879	True	0.4014005407815441
EDIL3	ENSG00000164176	True	0.4014005407815441
DCAF13	ENSG00000164934	True	0.4014005407815441
ATRX	ENSG00000085224	True	0.4014005407815441
NDC1	ENSG00000058804	True	0.4014005407815441
SDE2	ENSG00000143751	True	0.4014005407815441
HAUS8	ENSG00000131351	True	0.3996737214810381
KIF23	ENSG00000137807	True	0.3996737214810381
TRAPPC2L	ENSG00000167515	True	0.3996737214810381
H3Y1	ENSG00000269466	True	0.3996737214810381
MYL10	ENSG00000106436	True	0.3979400086720376
CCDC97	ENSG00000142039	True	0.3979400086720376
ITSN1	ENSG00000205726	True	0.3979400086720376
MYH7B		False	0.3979400086720376
SCLY	ENSG00000132330	True	0.3979400086720376
BCAS1	ENSG00000064787	True	0.3979400086720376
MTSS2	ENSG00000132613	True	0.3979400086720376
PALM	ENSG00000099864	True	0.3979400086720376
BSDC1	ENSG00000160058	True	0.3961993470957364
CDC16	ENSG00000130177	True	0.3961993470957364
SLC12A7	ENSG00000113504	True	0.3961993470957364
CNPY4	ENSG00000166997	True	0.3961993470957364
KRTAP2-3	ENSG00000212724	True	0.3961993470957364
KRTAP2-4	ENSG00000213417	True	0.3961993470957364
TOX4	ENSG00000092203	True	0.3961993470957364
AMFR	ENSG00000159461	True	0.3961993470957364
SLC30A1	ENSG00000170385	True	0.3944516808262163
ZNF330	ENSG00000109445	True	0.3944516808262163
WDR75		False	0.3944516808262163
SNX8	ENSG00000106266	True	0.3944516808262163
GATB	ENSG00000059691	True	0.3944516808262163
RAB39A	ENSG00000179331	True	0.3944516808262163
RNF31	ENSG00000092098	True	0.3944516808262163
FANCD2	ENSG00000144554	True	0.39269695325966575
PLEKHA5	ENSG00000052126	True	0.39269695325966575
HSPB8	ENSG00000152137	True	0.39269695325966575
DIAPH2	ENSG00000147202	True	0.39093510710337914
OSBPL2	ENSG00000130703	True	0.39093510710337914
LMF2	ENSG00000100258	True	0.39093510710337914
CLN3	ENSG00000188603	True	0.39093510710337914
SPTLC3	ENSG00000172296	True	0.39093510710337914
METTL26	ENSG00000130731	True	0.39093510710337914
SDAD1	ENSG00000198301	True	0.39093510710337914
FKBP7	ENSG00000079150	True	0.3891660843645325
AIFM2	ENSG00000042286	True	0.3891660843645325
BLOC1S1	ENSG00000135441	True	0.3891660843645325
CBX8	ENSG00000141570	True	0.3891660843645325
PTGFRN	ENSG00000134247	True	0.3891660843645325
NR3C1	ENSG00000113580	True	0.3873898263387294
ANKZF1	ENSG00000163516	True	0.3873898263387294
TLE5		False	0.3873898263387294
RNF25	ENSG00000163481	True	0.3873898263387294
ICMT	ENSG00000116237	True	0.3873898263387294
ABCB10	ENSG00000135776	True	0.3873898263387294
PIK3C3	ENSG00000078142	True	0.3873898263387294
CRISP2	ENSG00000124490	True	0.3873898263387294
EMILIN2	ENSG00000132205	True	0.3873898263387294
MXRA8	ENSG00000162576	True	0.38560627359831223
COMMD10	ENSG00000145781	True	0.38560627359831223
UNK	ENSG00000132478	True	0.38560627359831223
NFIB	ENSG00000147862	True	0.38560627359831223
IRF6	ENSG00000117595	True	0.38560627359831223
FAM50B	ENSG00000145945	True	0.38560627359831223
SELENOO	ENSG00000073169	True	0.38381536598043126
ARID3A	ENSG00000116017	True	0.38381536598043126
CDH17	ENSG00000079112	True	0.38381536598043126
FBXO22		False	0.38381536598043126
FUNDC1	ENSG00000069509	True	0.38381536598043126
PSCA	ENSG00000167653	True	0.38381536598043126
TMLHE	ENSG00000185973	True	0.38381536598043126
CCNT1	ENSG00000129315	True	0.38381536598043126
PSME4	ENSG00000068878	True	0.38381536598043126
CCM2	ENSG00000136280	True	0.38381536598043126
CXADR	ENSG00000154639	True	0.3820170425748684
PRKAR1B	ENSG00000188191	True	0.3820170425748684
ERVK3-1		False	0.3820170425748684
COQ7	ENSG00000167186	True	0.3820170425748684
ETV6	ENSG00000139083	True	0.3820170425748684
ADAMTS1	ENSG00000154734	True	0.3820170425748684
CHD5		False	0.3820170425748684
YIF1B	ENSG00000167645	True	0.3820170425748684
SERINC2	ENSG00000168528	True	0.38021124171160603
TBC1D24	ENSG00000162065	True	0.38021124171160603
YPEL5	ENSG00000119801	True	0.38021124171160603
NSMCE2	ENSG00000156831	True	0.38021124171160603
PTDSS1	ENSG00000156471	True	0.38021124171160603
CASP9	ENSG00000132906	True	0.38021124171160603
ITPR2	ENSG00000123104	True	0.38021124171160603
MOCS2	ENSG00000164172	True	0.38021124171160603
PLAC8	ENSG00000145287	True	0.38021124171160603
CLCA1	ENSG00000016490	True	0.38021124171160603
IFT46	ENSG00000118096	True	0.38021124171160603
MFN2	ENSG00000116688	True	0.38021124171160603
PAGE2B	ENSG00000238269	True	0.38021124171160603
TFEB		False	0.3783979009481377
EPS8	ENSG00000151491	True	0.3783979009481377
MRGBP	ENSG00000101189	True	0.3783979009481377
OPALIN	ENSG00000197430	True	0.3783979009481377
KRTAP12-1		False	0.37657695705651195
KIF13B	ENSG00000197892	True	0.37657695705651195
UTP20		False	0.37657695705651195
MZT2B	ENSG00000152082	True	0.37657695705651195
EIF4ENIF1	ENSG00000184708	True	0.37474834601010387
ARMC9	ENSG00000135931	True	0.37474834601010387
MAN2C1	ENSG00000140400	True	0.37474834601010387
MPP7	ENSG00000150054	True	0.37474834601010387
MRM3	ENSG00000171861	True	0.37474834601010387
MAGED1		False	0.37474834601010387
PLEKHA6	ENSG00000143850	True	0.37474834601010387
TRIP4	ENSG00000103671	True	0.37474834601010387
CALB1	ENSG00000104327	True	0.37474834601010387
DSG3	ENSG00000134757	True	0.37474834601010387
SPOUT1	ENSG00000198917	True	0.37474834601010387
MINK1	ENSG00000141503	True	0.37291200297010657
TNIP1	ENSG00000145901	True	0.37291200297010657
GAGE1	ENSG00000205777	True	0.37291200297010657
RABIF	ENSG00000183155	True	0.37291200297010657
NUDT19		False	0.37291200297010657
PFKFB2	ENSG00000123836	True	0.37291200297010657
GGPS1	ENSG00000152904	True	0.37291200297010657
RGN	ENSG00000130988	True	0.37291200297010657
TDRP	ENSG00000180190	True	0.37291200297010657
NIPSNAP3B	ENSG00000165028	True	0.37291200297010657
STX10	ENSG00000104915	True	0.37291200297010657
OCLN	ENSG00000197822	True	0.37291200297010657
SENP3	ENSG00000161956	True	0.37106786227173627
PIK3R4	ENSG00000196455	True	0.37106786227173627
F6UB75_HUMAN		False	0.37106786227173627
WDR4	ENSG00000160193	True	0.37106786227173627
SPECC1L	ENSG00000100014	True	0.37106786227173627
PXDN	ENSG00000130508	True	0.37106786227173627
TFAP2A	ENSG00000137203	True	0.37106786227173627
DDX55	ENSG00000111364	True	0.37106786227173627
BTN2A1	ENSG00000112763	True	0.37106786227173627
BUD13	ENSG00000137656	True	0.37106786227173627
NVL	ENSG00000143748	True	0.37106786227173627
GIP	ENSG00000159224	True	0.37106786227173627
AP1S2	ENSG00000182287	True	0.3692158574101428
ANGPTL3	ENSG00000132855	True	0.3692158574101428
CA8	ENSG00000178538	True	0.3692158574101428
PHIP	ENSG00000146247	True	0.3692158574101428
MRTFB	ENSG00000186260	True	0.3692158574101428
RTKN	ENSG00000114993	True	0.3692158574101428
EXOC6B	ENSG00000144036	True	0.3692158574101428
MAN2A1	ENSG00000112893	True	0.367355921026019
ERI3	ENSG00000117419	True	0.367355921026019
MTMR1	ENSG00000063601	True	0.367355921026019
PIP5K1A	ENSG00000143398	True	0.367355921026019
OMD		False	0.367355921026019
RBM38	ENSG00000132819	True	0.367355921026019
MED10		False	0.3654879848908996
PEAR1	ENSG00000187800	True	0.3654879848908996
SELENOT	ENSG00000198843	True	0.3654879848908996
ANKLE2	ENSG00000176915	True	0.3654879848908996
DNAJC21	ENSG00000168724	True	0.3654879848908996
ELMSAN1		False	0.3654879848908996
SURF1	ENSG00000148290	True	0.3654879848908996
ADAMTS13	ENSG00000160323	True	0.3654879848908996
KRTAP10-6		False	0.3654879848908996
SETD7	ENSG00000145391	True	0.3654879848908996
FOXA1	ENSG00000129514	True	0.3654879848908996
COMMD5		False	0.36361197989214433
AHCTF1	ENSG00000153207	True	0.36361197989214433
GSDME	ENSG00000105928	True	0.36361197989214433
PIGK	ENSG00000142892	True	0.36361197989214433
DOCK7		False	0.36361197989214433
TCEA2	ENSG00000171703	True	0.36361197989214433
ANKRD2	ENSG00000165887	True	0.36361197989214433
NOL9		False	0.36361197989214433
RARS2	ENSG00000146282	True	0.36361197989214433
RNF214	ENSG00000167257	True	0.36172783601759284
CDCA8	ENSG00000134690	True	0.36172783601759284
ZDHHC5	ENSG00000156599	True	0.36172783601759284
PARP4	ENSG00000102699	True	0.36172783601759284
ICOSLG	ENSG00000160223	True	0.36172783601759284
SLC8A1	ENSG00000183023	True	0.36172783601759284
GAGE12J	ENSG00000224659	True	0.36172783601759284
COG8	ENSG00000213380	True	0.359835482339888
HPGD	ENSG00000164120	True	0.359835482339888
COQ6	ENSG00000119723	True	0.359835482339888
HSPB7	ENSG00000173641	True	0.359835482339888
PLCXD3	ENSG00000182836	True	0.359835482339888
COMMD7		False	0.359835482339888
ATP8A1	ENSG00000124406	True	0.359835482339888
BCAR1	ENSG00000050820	True	0.359835482339888
TASOR	ENSG00000163946	True	0.359835482339888
KRTAP12-2		False	0.359835482339888
VRK2	ENSG00000028116	True	0.359835482339888
PIK3AP1	ENSG00000155629	True	0.359835482339888
RNF138		False	0.359835482339888
ATP11B	ENSG00000058063	True	0.359835482339888
TBC1D23	ENSG00000036054	True	0.35793484700045375
SCG5	ENSG00000166922	True	0.35793484700045375
CPNE6	ENSG00000100884	True	0.35793484700045375
GZMA	ENSG00000145649	True	0.35602585719312274
CCDC88B	ENSG00000168071	True	0.35602585719312274
PPRC1	ENSG00000148840	True	0.35602585719312274
LRSAM1	ENSG00000148356	True	0.35602585719312274
C12orf43	ENSG00000157895	True	0.35602585719312274
CTIF	ENSG00000134030	True	0.35602585719312274
CCL2	ENSG00000108691	True	0.35602585719312274
LDLR	ENSG00000130164	True	0.35602585719312274
SPAG5	ENSG00000076382	True	0.35410843914740087
MDN1	ENSG00000112159	True	0.35410843914740087
NCAM2	ENSG00000154654	True	0.35410843914740087
M0R3H8_HUMAN		False	0.35410843914740087
ODR4	ENSG00000157181	True	0.35410843914740087
HMCES	ENSG00000183624	True	0.35410843914740087
SUGP1	ENSG00000105705	True	0.35410843914740087
RNF113A	ENSG00000125352	True	0.35410843914740087
STX1B	ENSG00000099365	True	0.35410843914740087
HDAC3	ENSG00000171720	True	0.35410843914740087
C2CD5	ENSG00000111731	True	0.3521825181113625
USP16	ENSG00000156256	True	0.3521825181113625
MRPL54	ENSG00000183617	True	0.3521825181113625
KCNJ2	ENSG00000123700	True	0.3521825181113625
RGS7	ENSG00000182901	True	0.3521825181113625
TLK1	ENSG00000198586	True	0.3521825181113625
SIGLEC14	ENSG00000254415	True	0.3521825181113625
NKAP	ENSG00000101882	True	0.3521825181113625
PYHIN1	ENSG00000163564	True	0.3521825181113625
RGS3		False	0.35024801833416286
PCYT1B	ENSG00000102230	True	0.35024801833416286
GALK2	ENSG00000156958	True	0.35024801833416286
MED23		False	0.35024801833416286
SEPHS2	ENSG00000179918	True	0.35024801833416286
MAPK12	ENSG00000188130	True	0.35024801833416286
UPP1	ENSG00000183696	True	0.34830486304816066
TIMM21	ENSG00000075336	True	0.34830486304816066
SYF2	ENSG00000117614	True	0.34830486304816066
RASSF5	ENSG00000266094	True	0.34830486304816066
DGKG	ENSG00000058866	True	0.34830486304816066
NF2	ENSG00000186575	True	0.34830486304816066
LILRA2		False	0.34830486304816066
MSRB2	ENSG00000148450	True	0.3463529744506387
ARIH2		False	0.3463529744506387
RAB11FIP3	ENSG00000090565	True	0.3463529744506387
DTNBP1	ENSG00000047579	True	0.3463529744506387
QSOX2	ENSG00000165661	True	0.3463529744506387
DTNA	ENSG00000134769	True	0.3463529744506387
SERPINA11		False	0.3463529744506387
PDZK1	ENSG00000174827	True	0.3463529744506387
RRAGD	ENSG00000025039	True	0.3443922736851107
HACD4	ENSG00000188921	True	0.3443922736851107
LY6D	ENSG00000167656	True	0.3443922736851107
LOC102723996		False	0.3443922736851107
CTDSPL2	ENSG00000137770	True	0.3443922736851107
CEP41	ENSG00000106477	True	0.3443922736851107
NEO1	ENSG00000067141	True	0.3443922736851107
PPAN-P2RY11	ENSG00000243207	True	0.3443922736851107
CHCHD10	ENSG00000250479	True	0.3424226808222063
CHAF1A	ENSG00000167670	True	0.3424226808222063
ZCRB1		False	0.3424226808222063
ALG1	ENSG00000033011	True	0.34044411484011833
NPEPL1	ENSG00000215440	True	0.34044411484011833
DCLK1	ENSG00000133083	True	0.34044411484011833
LARP1B	ENSG00000138709	True	0.34044411484011833
ORC2	ENSG00000115942	True	0.34044411484011833
BARGIN		False	0.34044411484011833
PRKCI	ENSG00000163558	True	0.34044411484011833
CENPH	ENSG00000153044	True	0.34044411484011833
CRTC3	ENSG00000140577	True	0.33845649360460484
EHBP1	ENSG00000115504	True	0.33845649360460484
UBE2E1	ENSG00000170142	True	0.33845649360460484
BTAF1		False	0.33845649360460484
RANBP6	ENSG00000137040	True	0.33845649360460484
TSPAN9	ENSG00000011105	True	0.33845649360460484
TFB2M	ENSG00000162851	True	0.33845649360460484
EXTL2	ENSG00000162694	True	0.33845649360460484
NCOR2	ENSG00000196498	True	0.3364597338485295
GNG10		False	0.3364597338485295
BAZ1A	ENSG00000198604	True	0.3364597338485295
CD37	ENSG00000104894	True	0.3364597338485295
HOMER3	ENSG00000051128	True	0.3364597338485295
CDKN1B	ENSG00000111276	True	0.3364597338485295
FCHO2	ENSG00000157107	True	0.3364597338485295
RFX5	ENSG00000143390	True	0.3364597338485295
GRINA	ENSG00000178719	True	0.3364597338485295
BRAT1	ENSG00000106009	True	0.3344537511509309
CAAP1	ENSG00000120159	True	0.3344537511509309
UQCC3	ENSG00000204922	True	0.3344537511509309
KIAA1217	ENSG00000120549	True	0.3344537511509309
SEMA4D	ENSG00000187764	True	0.3344537511509309
VPS41	ENSG00000006715	True	0.3344537511509309
ARFRP1	ENSG00000101246	True	0.3344537511509309
MIER1	ENSG00000198160	True	0.33243845991560533
REPS2	ENSG00000169891	True	0.33243845991560533
PHF24	ENSG00000122733	True	0.33243845991560533
CDKN2B	ENSG00000147883	True	0.33243845991560533
SIRPB1	ENSG00000101307	True	0.33243845991560533
VEZF1	ENSG00000136451	True	0.33243845991560533
AXL	ENSG00000167601	True	0.33243845991560533
PRF1	ENSG00000180644	True	0.33243845991560533
UTP25	ENSG00000117597	True	0.33243845991560533
EXOC3L4	ENSG00000205436	True	0.33243845991560533
MGST2	ENSG00000085871	True	0.33041377334919086
PAGE2	ENSG00000234068	True	0.33041377334919086
TIMM22	ENSG00000177370	True	0.33041377334919086
CD248	ENSG00000174807	True	0.33041377334919086
INCENP	ENSG00000149503	True	0.33041377334919086
RAPGEF6	ENSG00000158987	True	0.33041377334919086
DNTTIP1		False	0.33041377334919086
CHD1L	ENSG00000131778	True	0.33041377334919086
SMPDL3A	ENSG00000172594	True	0.33041377334919086
MARC1		False	0.3283796034387377
AFAP1	ENSG00000196526	True	0.3283796034387377
GALT	ENSG00000213930	True	0.3283796034387377
PLBD1	ENSG00000121316	True	0.3283796034387377
MAP3K20	ENSG00000091436	True	0.3283796034387377
SAMD4B	ENSG00000179134	True	0.3283796034387377
MICU1	ENSG00000107745	True	0.3283796034387377
KCTD5		False	0.3283796034387377
FCGRT	ENSG00000104870	True	0.3283796034387377
MSRA	ENSG00000175806	True	0.3283796034387377
INIP	ENSG00000148153	True	0.3283796034387377
SVIL	ENSG00000197321	True	0.3283796034387377
NCS1	ENSG00000107130	True	0.32633586092875144
VIRMA	ENSG00000164944	True	0.32633586092875144
TMEM258	ENSG00000134825	True	0.32633586092875144
ANO10	ENSG00000160746	True	0.32633586092875144
GOLGA4	ENSG00000144674	True	0.32633586092875144
HSDL1		False	0.32633586092875144
DCAF6		False	0.32633586092875144
CDKN2AIPNL	ENSG00000237190	True	0.32633586092875144
STX2	ENSG00000111450	True	0.32633586092875144
CCNH	ENSG00000134480	True	0.32633586092875144
GTF2H4		False	0.32633586092875144
JAK3	ENSG00000105639	True	0.3242824552976926
DSN1	ENSG00000149636	True	0.3242824552976926
TARBP2	ENSG00000139546	True	0.3242824552976926
PDCD1LG2	ENSG00000197646	True	0.3242824552976926
MED28	ENSG00000118579	True	0.3242824552976926
OPLAH	ENSG00000178814	True	0.3242824552976926
TBP	ENSG00000112592	True	0.3222192947339193
NDUFB2	ENSG00000090266	True	0.3222192947339193
TCEAL1	ENSG00000172465	True	0.3222192947339193
NUDT15	ENSG00000136159	True	0.3222192947339193
PHLDB1	ENSG00000019144	True	0.3222192947339193
TESC	ENSG00000088992	True	0.32014628611105395
SMG8	ENSG00000167447	True	0.32014628611105395
KRTAP13-1		False	0.32014628611105395
SDHD	ENSG00000204370	True	0.32014628611105395
DIS3L2	ENSG00000144535	True	0.32014628611105395
DLG4	ENSG00000132535	True	0.32014628611105395
KHDRBS3	ENSG00000131773	True	0.32014628611105395
HS2ST1-2		False	0.32014628611105395
C11orf96	ENSG00000187479	True	0.31806333496276157
ATF7IP	ENSG00000171681	True	0.31806333496276157
CFAP298-TCP10L	ENSG00000265590	True	0.31806333496276157
FAS	ENSG00000026103	True	0.31806333496276157
MAPK13	ENSG00000156711	True	0.31806333496276157
ANKRD13A	ENSG00000076513	True	0.31806333496276157
FOSL2	ENSG00000075426	True	0.31806333496276157
SERPINB13	ENSG00000197641	True	0.31806333496276157
LOC102724159		False	0.3159703454569177
GTF2A1	ENSG00000165417	True	0.3159703454569177
CLGN	ENSG00000153132	True	0.3159703454569177
NIPBL	ENSG00000164190	True	0.3159703454569177
ADA2	ENSG00000093072	True	0.3159703454569177
WIZ	ENSG00000011451	True	0.3159703454569177
WIPF2	ENSG00000171475	True	0.3159703454569177
CCL19	ENSG00000172724	True	0.3159703454569177
GLYAT	ENSG00000149124	True	0.3159703454569177
UBE2E2	ENSG00000182247	True	0.31386722036915343
ERAP2	ENSG00000164308	True	0.31386722036915343
POLR3C	ENSG00000186141	True	0.31386722036915343
SUDS3	ENSG00000111707	True	0.31175386105575426
PISD	ENSG00000241878	True	0.31175386105575426
TYROBP	ENSG00000011600	True	0.31175386105575426
PPP3CC	ENSG00000120910	True	0.31175386105575426
PHYH	ENSG00000107537	True	0.31175386105575426
CDKAL1		False	0.31175386105575426
GTPBP10	ENSG00000105793	True	0.31175386105575426
BOLA1	ENSG00000178096	True	0.31175386105575426
TBC1D1	ENSG00000065882	True	0.31175386105575426
FYTTD1	ENSG00000122068	True	0.31175386105575426
YEATS4		False	0.3096301674258988
PPIP5K2	ENSG00000145725	True	0.3096301674258988
VPS18	ENSG00000104142	True	0.3096301674258988
PREPL	ENSG00000138078	True	0.3096301674258988
CYBA	ENSG00000051523	True	0.3096301674258988
NUDT11	ENSG00000196368	True	0.3096301674258988
DNAJC1	ENSG00000136770	True	0.3074960379132129
ATF6B	ENSG00000213676	True	0.3074960379132129
COG1	ENSG00000166685	True	0.3074960379132129
SLC30A7	ENSG00000162695	True	0.3074960379132129
SPATA5	ENSG00000145375	True	0.3074960379132129
ARFGEF2	ENSG00000124198	True	0.3053513694466238
C5orf46	ENSG00000178776	True	0.3053513694466238
MED4	ENSG00000136146	True	0.3053513694466238
ENSP00000423325		False	0.3053513694466238
PAGR1	ENSG00000280789	True	0.3053513694466238
TDRKH	ENSG00000182134	True	0.3053513694466238
SYNE1	ENSG00000131018	True	0.3053513694466238
NAA11	ENSG00000156269	True	0.3053513694466238
EHBP1L1	ENSG00000173442	True	0.3053513694466238
NBAS	ENSG00000151779	True	0.3053513694466238
BORCS7	ENSG00000166275	True	0.30319605742048883
TACC2	ENSG00000138162	True	0.30319605742048883
IL32	ENSG00000008517	True	0.30319605742048883
NSMCE1	ENSG00000169189	True	0.30319605742048883
NECTIN2	ENSG00000130202	True	0.30319605742048883
MED1	ENSG00000125686	True	0.30319605742048883
PTPRS		False	0.3010299956639812
FCF1	ENSG00000119616	True	0.3010299956639812
ATG101	ENSG00000123395	True	0.3010299956639812
PINX1	ENSG00000254093	True	0.3010299956639812
U3KQP1_HUMAN		False	0.3010299956639812
CPLX1	ENSG00000168993	True	0.3010299956639812
XRCC4	ENSG00000152422	True	0.3010299956639812
CUBN	ENSG00000107611	True	0.3010299956639812
TAF9	ENSG00000273841	True	0.3010299956639812
NUDT10	ENSG00000122824	True	0.3010299956639812
AVEN	ENSG00000169857	True	0.29885307640970665
LOX		False	0.29885307640970665
ATP12A	ENSG00000075673	True	0.29885307640970665
HSPA13	ENSG00000155304	True	0.29885307640970665
HAPLN2	ENSG00000132702	True	0.29885307640970665
CARD16	ENSG00000204397	True	0.29885307640970665
ERGIC2	ENSG00000087502	True	0.29885307640970665
MAP2K6	ENSG00000108984	True	0.29885307640970665
RBM6	ENSG00000004534	True	0.29885307640970665
TNFAIP8L2		False	0.29885307640970665
PEX3	ENSG00000034693	True	0.29885307640970665
ARRB2		False	0.29885307640970665
CHST12	ENSG00000136213	True	0.29885307640970665
KIF15	ENSG00000163808	True	0.29885307640970665
EFEMP2	ENSG00000172638	True	0.29885307640970665
VAT1L	ENSG00000171724	True	0.2966651902615311
KIF22	ENSG00000079616	True	0.2966651902615311
PDP1	ENSG00000164951	True	0.2966651902615311
ARPIN	ENSG00000242498	True	0.2966651902615311
SLC43A2	ENSG00000167703	True	0.2966651902615311
PRRT2	ENSG00000167371	True	0.2966651902615311
TMF1	ENSG00000144747	True	0.2966651902615311
NCAPG2	ENSG00000146918	True	0.2966651902615311
PNISR	ENSG00000132424	True	0.2944662261615929
ENSP00000487717		False	0.2944662261615929
CILP	ENSG00000138615	True	0.2944662261615929
TTC27	ENSG00000018699	True	0.2944662261615929
RPF1	ENSG00000117133	True	0.2944662261615929
SPINT2	ENSG00000167642	True	0.292256071356476
SCO2	ENSG00000284194	True	0.292256071356476
ATP6V0A2	ENSG00000185344	True	0.292256071356476
GRK5	ENSG00000198873	True	0.292256071356476
PATL1	ENSG00000166889	True	0.292256071356476
NAA40	ENSG00000110583	True	0.292256071356476
KLF16	ENSG00000129911	True	0.292256071356476
A6NM71_HUMAN		False	0.292256071356476
PRKCQ		False	0.292256071356476
HDAC7		False	0.292256071356476
PTX3	ENSG00000163661	True	0.292256071356476
MAU2		False	0.290034611362518
DHODH	ENSG00000102967	True	0.290034611362518
RMND1	ENSG00000155906	True	0.290034611362518
MYO1F	ENSG00000142347	True	0.290034611362518
PPP4R1	ENSG00000154845	True	0.290034611362518
PAPPA	ENSG00000182752	True	0.290034611362518
TJAP1	ENSG00000137221	True	0.287801729930226
TMEM192	ENSG00000170088	True	0.287801729930226
TADA3	ENSG00000171148	True	0.287801729930226
CHUK	ENSG00000213341	True	0.287801729930226
CYTH2	ENSG00000105443	True	0.287801729930226
F8W036_HUMAN		False	0.287801729930226
PAM	ENSG00000145730	True	0.287801729930226
GK	ENSG00000198814	True	0.287801729930226
LAT2	ENSG00000086730	True	0.28555730900777376
TSEN15	ENSG00000198860	True	0.28555730900777376
NAAA	ENSG00000138744	True	0.28555730900777376
ADO	ENSG00000181915	True	0.28555730900777376
SNIP1	ENSG00000163877	True	0.28555730900777376
SPNS1	ENSG00000169682	True	0.28555730900777376
NMNAT1	ENSG00000173614	True	0.28555730900777376
POLA1	ENSG00000101868	True	0.28330122870354957
CDCA3		False	0.28330122870354957
TRAF3IP3	ENSG00000009790	True	0.28330122870354957
CSNK1E	ENSG00000213923	True	0.28330122870354957
TPTEP2-CSNK1E	ENSG00000283900	True	0.28330122870354957
TARS3	ENSG00000185418	True	0.28330122870354957
VPS50	ENSG00000004766	True	0.28330122870354957
C15orf40	ENSG00000169609	True	0.28330122870354957
ARHGAP12	ENSG00000165322	True	0.28330122870354957
RIT1	ENSG00000143622	True	0.28330122870354957
MZT2A	ENSG00000173272	True	0.28330122870354957
MTHFS	ENSG00000136371	True	0.28103336724772754
PHC2	ENSG00000134686	True	0.28103336724772754
ITGB5	ENSG00000082781	True	0.28103336724772754
PLCB4	ENSG00000101333	True	0.28103336724772754
MYOM3		False	0.28103336724772754
CFAP69	ENSG00000105792	True	0.28103336724772754
TOM1L1	ENSG00000141198	True	0.28103336724772754
OTUB2	ENSG00000089723	True	0.28103336724772754
MLPH	ENSG00000115648	True	0.28103336724772754
THEMIS	ENSG00000172673	True	0.28103336724772754
TCEA3	ENSG00000204219	True	0.28103336724772754
GCFC2	ENSG00000005436	True	0.28103336724772754
EML3		False	0.2787536009528289
RPP25	ENSG00000178718	True	0.2787536009528289
ORC4	ENSG00000115947	True	0.2787536009528289
HSD11B1	ENSG00000117594	True	0.2787536009528289
INTS11	ENSG00000127054	True	0.2764618041732441
YOD1	ENSG00000180667	True	0.2764618041732441
SYNGR2	ENSG00000108639	True	0.2764618041732441
ZMYM3	ENSG00000147130	True	0.2764618041732441
USF1	ENSG00000158773	True	0.2764618041732441
PHC3	ENSG00000173889	True	0.2764618041732441
RPP40	ENSG00000124787	True	0.2764618041732441
PHF14	ENSG00000106443	True	0.2764618041732441
SMC6	ENSG00000163029	True	0.2764618041732441
ANXA13	ENSG00000104537	True	0.2741578492636798
FLRT3	ENSG00000125848	True	0.2741578492636798
COX11	ENSG00000166260	True	0.2741578492636798
SLC7A6	ENSG00000103064	True	0.2741578492636798
TMED3	ENSG00000166557	True	0.27184160653649897
FSHB	ENSG00000131808	True	0.27184160653649897
NACC1	ENSG00000160877	True	0.27184160653649897
GPC1		False	0.27184160653649897
MED27	ENSG00000160563	True	0.27184160653649897
NKIRAS2		False	0.27184160653649897
PDCD2L	ENSG00000126249	True	0.27184160653649897
HIP1	ENSG00000127946	True	0.27184160653649897
DLG2	ENSG00000150672	True	0.26951294421791633
DPYSL4	ENSG00000151640	True	0.26951294421791633
CEP55	ENSG00000138180	True	0.26951294421791633
KHDRBS2	ENSG00000112232	True	0.26717172840301384
AFAP1L2	ENSG00000169129	True	0.26717172840301384
MTR	ENSG00000116984	True	0.26717172840301384
PCIF1	ENSG00000100982	True	0.26717172840301384
LPGAT1		False	0.26717172840301384
ZFYVE19	ENSG00000166140	True	0.26717172840301384
OLFML1	ENSG00000183801	True	0.26717172840301384
DNMT3B	ENSG00000088305	True	0.26717172840301384
APOBEC2	ENSG00000124701	True	0.26717172840301384
TRIM22	ENSG00000132274	True	0.26717172840301384
GTF2H1	ENSG00000110768	True	0.26717172840301384
IL6ST	ENSG00000134352	True	0.26717172840301384
QRSL1	ENSG00000130348	True	0.26717172840301384
ANKMY2		False	0.2648178230095365
CXorf56		False	0.2648178230095365
RUFY3	ENSG00000018189	True	0.2648178230095365
WASHC1	ENSG00000181404	True	0.2648178230095365
SFTPD	ENSG00000133661	True	0.2648178230095365
SAT2	ENSG00000141504	True	0.2648178230095365
ITCH	ENSG00000078747	True	0.2648178230095365
TRAPPC2B		False	0.2648178230095365
ENSP00000491651		False	0.2648178230095365
LTBP4	ENSG00000090006	True	0.2648178230095365
PTPRM	ENSG00000173482	True	0.2648178230095365
NAF1	ENSG00000145414	True	0.2648178230095365
SCGB2A1	ENSG00000124939	True	0.2648178230095365
DEFA5	ENSG00000164816	True	0.2648178230095365
MLYCD	ENSG00000103150	True	0.2648178230095365
ARHGAP35	ENSG00000160007	True	0.2648178230095365
TGM1	ENSG00000092295	True	0.2648178230095365
ENSP00000492798		False	0.2648178230095365
CYP20A1	ENSG00000119004	True	0.26245108973042947
PARP16	ENSG00000138617	True	0.26245108973042947
ITPR3	ENSG00000096433	True	0.26245108973042947
LOR		False	0.26245108973042947
ITIH5	ENSG00000123243	True	0.26245108973042947
BNIP2	ENSG00000140299	True	0.26245108973042947
CCN1	ENSG00000142871	True	0.26245108973042947
SPANXB1	ENSG00000227234	True	0.2600713879850748
RCOR3	ENSG00000117625	True	0.2600713879850748
C2CD2L	ENSG00000172375	True	0.2600713879850748
SRCIN1	ENSG00000277363	True	0.2600713879850748
TJP3	ENSG00000105289	True	0.2600713879850748
CYSTM1	ENSG00000120306	True	0.2600713879850748
VPS37A	ENSG00000155975	True	0.2600713879850748
DLX2		False	0.2600713879850748
SRXN1		False	0.2576785748691845
ZADH2		False	0.2576785748691845
PHYHIPL	ENSG00000165443	True	0.2576785748691845
DUS4L-BCAP29	ENSG00000288558	True	0.2576785748691845
WDR13	ENSG00000101940	True	0.2576785748691845
BCR	ENSG00000186716	True	0.2576785748691845
SLC22A11	ENSG00000168065	True	0.2576785748691845
POLR3A	ENSG00000148606	True	0.2576785748691845
RIT2	ENSG00000152214	True	0.2576785748691845
TRAPPC8	ENSG00000153339	True	0.2576785748691845
TCF25	ENSG00000141002	True	0.2576785748691845
SH3PXD2B	ENSG00000174705	True	0.2576785748691845
LENG8	ENSG00000167615	True	0.2576785748691845
EZH2	ENSG00000106462	True	0.2576785748691845
SLC35F6	ENSG00000213699	True	0.2576785748691845
CRADD	ENSG00000169372	True	0.2576785748691845
DPYS	ENSG00000147647	True	0.2576785748691845
C9J4A7_HUMAN		False	0.2576785748691845
CCL18		False	0.2576785748691845
UIMC1	ENSG00000087206	True	0.2576785748691845
TRMT2A	ENSG00000099899	True	0.25527250510330607
PRMT8	ENSG00000111218	True	0.25527250510330607
GABPA	ENSG00000154727	True	0.25527250510330607
KRTAP13-2		False	0.25527250510330607
ECHDC2	ENSG00000121310	True	0.25527250510330607
HAUS5	ENSG00000249115	True	0.25527250510330607
NEDD1	ENSG00000139350	True	0.25527250510330607
POLE4	ENSG00000115350	True	0.25527250510330607
HABP4	ENSG00000130956	True	0.25527250510330607
TNNT3	ENSG00000130595	True	0.25527250510330607
BOD1L1	ENSG00000038219	True	0.25527250510330607
DYRK1A	ENSG00000157540	True	0.25527250510330607
ANAPC16	ENSG00000166295	True	0.25527250510330607
KLK11	ENSG00000167757	True	0.2528530309798932
BPTF	ENSG00000171634	True	0.2528530309798932
KDM2A	ENSG00000173120	True	0.2528530309798932
EHMT1	ENSG00000181090	True	0.2528530309798932
DST	ENSG00000151914	True	0.250420002308894
NDUFA1	ENSG00000125356	True	0.250420002308894
RYR2	ENSG00000198626	True	0.250420002308894
RCC1L	ENSG00000274523	True	0.250420002308894
ADGRG1	ENSG00000205336	True	0.250420002308894
RAB11FIP5	ENSG00000135631	True	0.250420002308894
DMAC1	ENSG00000137038	True	0.250420002308894
DDX60	ENSG00000137628	True	0.250420002308894
GGTLC2	ENSG00000100121	True	0.250420002308894
COL2A1	ENSG00000139219	True	0.250420002308894
ZNF687	ENSG00000143373	True	0.250420002308894
NAA16	ENSG00000172766	True	0.24797326636180664
GHDC	ENSG00000167925	True	0.24797326636180664
DNAJB12	ENSG00000148719	True	0.24797326636180664
CDC34	ENSG00000099804	True	0.24797326636180664
TRPS1	ENSG00000104447	True	0.24797326636180664
TSPYL5	ENSG00000180543	True	0.24797326636180664
PADI3		False	0.24797326636180664
HECTD3	ENSG00000126107	True	0.24551266781414982
FUT8	ENSG00000033170	True	0.24551266781414982
C9orf129		False	0.24551266781414982
HLA-DMA	ENSG00000204257	True	0.24551266781414982
DOCK11	ENSG00000147251	True	0.24551266781414982
HAUS6	ENSG00000147874	True	0.24551266781414982
FBLL1	ENSG00000188573	True	0.24551266781414982
RALGAPB	ENSG00000170471	True	0.24551266781414982
GRTP1	ENSG00000139835	True	0.24303804868629444
CLDN5	ENSG00000184113	True	0.24303804868629444
HOOK1	ENSG00000134709	True	0.24303804868629444
LCE3C		False	0.24303804868629444
WASF1	ENSG00000112290	True	0.24303804868629444
MT-CO3	ENSG00000198938	True	0.24303804868629444
CPTP	ENSG00000224051	True	0.24303804868629444
AKAP9	ENSG00000127914	True	0.24303804868629444
CNIH1	ENSG00000100528	True	0.24303804868629444
CD79A	ENSG00000105369	True	0.24303804868629444
MAN1B1	ENSG00000177239	True	0.24303804868629444
PPP1R3D	ENSG00000132825	True	0.24303804868629444
USP19		False	0.24303804868629444
ARID4B	ENSG00000054267	True	0.24303804868629444
TRAF6	ENSG00000175104	True	0.24054924828259971
MAP4K2	ENSG00000168067	True	0.24054924828259971
SELENOM	ENSG00000198832	True	0.24054924828259971
ZFAND2B	ENSG00000158552	True	0.24054924828259971
POU4F2		False	0.24054924828259971
PIGU	ENSG00000101464	True	0.24054924828259971
HAO1	ENSG00000101323	True	0.24054924828259971
CDK16	ENSG00000102225	True	0.24054924828259971
CPA1	ENSG00000091704	True	0.24054924828259971
FXYD1		False	0.24054924828259971
JUNB	ENSG00000171223	True	0.24054924828259971
SAMD14	ENSG00000167100	True	0.24054924828259971
DHX8	ENSG00000067596	True	0.24054924828259971
VAV2	ENSG00000160293	True	0.24054924828259971
TMEM9B	ENSG00000175348	True	0.24054924828259971
TRADD	ENSG00000102871	True	0.2380461031287954
RABL2B	ENSG00000079974	True	0.2380461031287954
DPYD	ENSG00000188641	True	0.2380461031287954
THTPA	ENSG00000259431	True	0.2380461031287954
TNS2	ENSG00000111077	True	0.2380461031287954
SLC4A2	ENSG00000164889	True	0.2380461031287954
GPRC5C	ENSG00000170412	True	0.2380461031287954
BHMT2	ENSG00000132840	True	0.2380461031287954
PRG3	ENSG00000156575	True	0.2380461031287954
P2RX4	ENSG00000135124	True	0.2355284469075489
VAMP1	ENSG00000139190	True	0.2355284469075489
TRIM24	ENSG00000122779	True	0.2355284469075489
THBD	ENSG00000178726	True	0.2355284469075489
PLK1	ENSG00000166851	True	0.2355284469075489
IKZF1	ENSG00000185811	True	0.2355284469075489
HK3	ENSG00000160883	True	0.2355284469075489
CYTL1		False	0.23299611039215382
FER	ENSG00000151422	True	0.23299611039215382
SLC2A5	ENSG00000142583	True	0.23299611039215382
ENSP00000499734		False	0.23299611039215382
DNAJA4	ENSG00000140403	True	0.23299611039215382
FBXO6	ENSG00000116663	True	0.23299611039215382
DPH2	ENSG00000132768	True	0.23299611039215382
CLEC11A	ENSG00000105472	True	0.23299611039215382
GABPB1	ENSG00000104064	True	0.2304489213782739
LIN37	ENSG00000267796	True	0.2304489213782739
TXNDC15	ENSG00000113621	True	0.2304489213782739
DYNC1I1	ENSG00000158560	True	0.2304489213782739
NPTXR	ENSG00000221890	True	0.2304489213782739
GGT1	ENSG00000100031	True	0.2304489213782739
GGT1-2		False	0.2304489213782739
NAA30	ENSG00000139977	True	0.2304489213782739
COQ8B	ENSG00000123815	True	0.2304489213782739
CCDC180		False	0.2304489213782739
JAK1	ENSG00000162434	True	0.2304489213782739
FAR1	ENSG00000197601	True	0.2304489213782739
RABL2A	ENSG00000144134	True	0.2304489213782739
BOD1	ENSG00000145919	True	0.22788670461367352
ARHGAP10		False	0.22788670461367352
SPINDOC	ENSG00000168005	True	0.22788670461367352
SPON1	ENSG00000262655	True	0.22788670461367352
TEX11	ENSG00000120498	True	0.22788670461367352
TCEAL8	ENSG00000180964	True	0.22788670461367352
MED9	ENSG00000141026	True	0.22788670461367352
MARCO	ENSG00000019169	True	0.22788670461367352
TSC2	ENSG00000103197	True	0.22788670461367352
SYNE3	ENSG00000176438	True	0.22530928172586284
ARHGEF12	ENSG00000196914	True	0.22530928172586284
ERMN	ENSG00000136541	True	0.22530928172586284
FZR1	ENSG00000105325	True	0.22530928172586284
MSLN	ENSG00000102854	True	0.22530928172586284
MRC2	ENSG00000011028	True	0.22530928172586284
MSI1	ENSG00000135097	True	0.22530928172586284
ELP5	ENSG00000170291	True	0.22271647114758325
MAL2	ENSG00000147676	True	0.22271647114758325
CD69	ENSG00000110848	True	0.22271647114758325
SPEN	ENSG00000065526	True	0.22271647114758325
SUSD2	ENSG00000099994	True	0.22271647114758325
LLGL2	ENSG00000073350	True	0.22271647114758325
ARL6	ENSG00000113966	True	0.22271647114758325
RANGRF	ENSG00000108961	True	0.22271647114758325
RLBP1	ENSG00000140522	True	0.22271647114758325
VWA8	ENSG00000102763	True	0.22010808804005508
STIM2	ENSG00000109689	True	0.22010808804005508
FYCO1	ENSG00000163820	True	0.22010808804005508
LILRA6		False	0.22010808804005508
RHBDD2	ENSG00000005486	True	0.22010808804005508
SLC7A1	ENSG00000139514	True	0.22010808804005508
MTHFR	ENSG00000177000	True	0.22010808804005508
RBM15B	ENSG00000259956	True	0.21748394421390627
TAF6		False	0.21748394421390627
RPAP1	ENSG00000103932	True	0.21748394421390627
RDH5		False	0.21748394421390627
HACL1	ENSG00000131373	True	0.21748394421390627
SKA1	ENSG00000154839	True	0.21748394421390627
PRSS8	ENSG00000052344	True	0.21748394421390627
ABCB8	ENSG00000197150	True	0.21748394421390627
LPCAT2	ENSG00000087253	True	0.21748394421390627
ATP11C	ENSG00000101974	True	0.21748394421390627
IQGAP3	ENSG00000183856	True	0.21748394421390627
BRD7	ENSG00000166164	True	0.21748394421390627
AFTPH	ENSG00000119844	True	0.21748394421390627
DEGS1		False	0.21484384804769785
RAB25	ENSG00000132698	True	0.21484384804769785
CIZ1	ENSG00000148337	True	0.21484384804769785
PLSCR1	ENSG00000188313	True	0.21484384804769785
PSG2		False	0.21484384804769785
ESF1	ENSG00000089048	True	0.21484384804769785
ANAPC4	ENSG00000053900	True	0.21484384804769785
CLDN7	ENSG00000181885	True	0.21218760440395779
AMDHD2-2		False	0.21218760440395779
MT1HL1		False	0.21218760440395779
KIAA0930	ENSG00000100364	True	0.21218760440395779
KIDINS220	ENSG00000134313	True	0.21218760440395779
ELP4	ENSG00000109911	True	0.21218760440395779
TRIM3	ENSG00000110171	True	0.21218760440395779
SDHAF2	ENSG00000167985	True	0.21218760440395779
CEP85	ENSG00000130695	True	0.21218760440395779
PEG10	ENSG00000242265	True	0.21218760440395779
BBS9	ENSG00000122507	True	0.21218760440395779
USF2		False	0.21218760440395779
CASP4	ENSG00000196954	True	0.21218760440395779
THNSL1	ENSG00000185875	True	0.21218760440395779
NPC1	ENSG00000141458	True	0.21218760440395779
ADAM9		False	0.20951501454263097
DAPK1	ENSG00000196730	True	0.20951501454263097
MRUPP_HUMAN		False	0.20951501454263097
ALPI	ENSG00000163295	True	0.20951501454263097
HID1	ENSG00000167861	True	0.20951501454263097
ZFAND1	ENSG00000104231	True	0.20951501454263097
ACSM2B	ENSG00000066813	True	0.20951501454263097
RWDD4	ENSG00000182552	True	0.20951501454263097
SHFL	ENSG00000130813	True	0.20951501454263097
NRN1		False	0.20951501454263097
USP13	ENSG00000058056	True	0.20682587603184974
GCOM1	ENSG00000137878	True	0.20682587603184974
SMC5	ENSG00000198887	True	0.20682587603184974
SELENOW		False	0.20682587603184974
SNX18	ENSG00000178996	True	0.20682587603184974
STX1A	ENSG00000106089	True	0.20682587603184974
SELENOI	ENSG00000138018	True	0.20682587603184974
SAG	ENSG00000130561	True	0.20682587603184974
AVL9	ENSG00000105778	True	0.20682587603184974
ANK3	ENSG00000151150	True	0.20682587603184974
XRN1	ENSG00000114127	True	0.20682587603184974
ACOX3	ENSG00000087008	True	0.2041199826559248
TMEM106B	ENSG00000106460	True	0.2041199826559248
TNFAIP2	ENSG00000185215	True	0.2041199826559248
E9PSI1_HUMAN		False	0.2041199826559248
RELL1	ENSG00000181826	True	0.2041199826559248
PDRG1	ENSG00000088356	True	0.2041199826559248
PVALB	ENSG00000100362	True	0.2041199826559248
POGLUT2	ENSG00000134901	True	0.2041199826559248
C9IYR8_HUMAN		False	0.2041199826559248
INPP5B	ENSG00000204084	True	0.2041199826559248
TSPAN14	ENSG00000108219	True	0.2041199826559248
VCPIP1	ENSG00000175073	True	0.2041199826559248
ELOA	ENSG00000011007	True	0.2041199826559248
ACBD5	ENSG00000107897	True	0.2013971243204515
HECTD1	ENSG00000092148	True	0.2013971243204515
M0QYV0_HUMAN		False	0.2013971243204515
FAM118B	ENSG00000197798	True	0.2013971243204515
IRF8	ENSG00000140968	True	0.2013971243204515
CHEK2	ENSG00000183765	True	0.2013971243204515
SYVN1	ENSG00000162298	True	0.2013971243204515
DMAC2	ENSG00000105341	True	0.2013971243204515
COG6	ENSG00000133103	True	0.2013971243204515
TRAPPC2	ENSG00000196459	True	0.2013971243204515
CCNL1		False	0.2013971243204515
TWSG1	ENSG00000128791	True	0.2013971243204515
UPB1	ENSG00000100024	True	0.19865708695442263
DPPA4	ENSG00000121570	True	0.19865708695442263
AKT3	ENSG00000117020	True	0.19865708695442263
RSRC1	ENSG00000174891	True	0.19865708695442263
ABR	ENSG00000159842	True	0.19865708695442263
RETREG2	ENSG00000144567	True	0.19865708695442263
MTTP	ENSG00000138823	True	0.19865708695442263
YIPF4	ENSG00000119820	True	0.19865708695442263
BFSP2	ENSG00000170819	True	0.19865708695442263
MANBA	ENSG00000109323	True	0.19865708695442263
UTS2	ENSG00000049247	True	0.19865708695442263
ISCA1	ENSG00000135070	True	0.19865708695442263
PECR	ENSG00000115425	True	0.19865708695442263
CANT1	ENSG00000171302	True	0.19865708695442263
EYA3	ENSG00000158161	True	0.19865708695442263
CORO2A	ENSG00000106789	True	0.19589965240923377
P3H3	ENSG00000110811	True	0.19589965240923377
WDR6	ENSG00000178252	True	0.19589965240923377
ATAD2	ENSG00000156802	True	0.19589965240923377
LENG1	ENSG00000105617	True	0.19589965240923377
NOL8	ENSG00000198000	True	0.19589965240923377
TNNT1	ENSG00000105048	True	0.1931245983544616
TRIP11	ENSG00000100815	True	0.1931245983544616
SP110		False	0.1931245983544616
ATG9B		False	0.1931245983544616
ST20-MTHFS	ENSG00000259332	True	0.1931245983544616
C1orf174	ENSG00000198912	True	0.1931245983544616
MT1A	ENSG00000205362	True	0.1931245983544616
UNC93B1	ENSG00000110057	True	0.1931245983544616
PSEN1	ENSG00000080815	True	0.1931245983544616
ACE	ENSG00000159640	True	0.1931245983544616
ACSM2A	ENSG00000183747	True	0.1931245983544616
TRIM27	ENSG00000204713	True	0.1931245983544616
LIPF	ENSG00000182333	True	0.1931245983544616
GCC1	ENSG00000179562	True	0.1931245983544616
NOTCH2	ENSG00000134250	True	0.1903316981702915
NFKBIA	ENSG00000100906	True	0.1903316981702915
URB2	ENSG00000135763	True	0.1903316981702915
PRKD1	ENSG00000184304	True	0.1903316981702915
NAB2	ENSG00000166886	True	0.1903316981702915
NFKBIB		False	0.1903316981702915
MIGA2	ENSG00000148343	True	0.1903316981702915
ARL4A		False	0.1903316981702915
H7C0S8_HUMAN		False	0.1903316981702915
PHLDB2	ENSG00000144824	True	0.1903316981702915
TSPAN8	ENSG00000127324	True	0.1903316981702915
CD7	ENSG00000173762	True	0.1903316981702915
PAPLN	ENSG00000100767	True	0.1903316981702915
TRIM67	ENSG00000119283	True	0.1903316981702915
ABCC4	ENSG00000125257	True	0.1903316981702915
GAGE12E	ENSG00000216649	True	0.18752072083646307
GAGE12D	ENSG00000227488	True	0.18752072083646307
GAGE12C	ENSG00000237671	True	0.18752072083646307
KLC3	ENSG00000104892	True	0.18752072083646307
TNFAIP3	ENSG00000118503	True	0.18752072083646307
GIMAP7	ENSG00000179144	True	0.18752072083646307
CRTC1	ENSG00000105662	True	0.18752072083646307
POU2F2	ENSG00000028277	True	0.18752072083646307
EVPL	ENSG00000167880	True	0.18752072083646307
MOCS3	ENSG00000124217	True	0.18752072083646307
COL4A5		False	0.18752072083646307
WWP2		False	0.18752072083646307
YIPF3	ENSG00000137207	True	0.18752072083646307
MMP1		False	0.1846914308175988
PHF8	ENSG00000172943	True	0.1846914308175988
LTN1	ENSG00000198862	True	0.1846914308175988
LY6H	ENSG00000176956	True	0.1846914308175988
SPRR2G		False	0.1846914308175988
MORC2	ENSG00000133422	True	0.1846914308175988
SFRP2		False	0.1846914308175988
ATXN7L3B		False	0.18184358794477254
SLC27A4	ENSG00000167114	True	0.18184358794477254
TTC9		False	0.18184358794477254
RINT1	ENSG00000135249	True	0.18184358794477254
ZNF148	ENSG00000163848	True	0.18184358794477254
CMTM5	ENSG00000166091	True	0.18184358794477254
MAP1LC3A	ENSG00000101460	True	0.18184358794477254
RRP36	ENSG00000124541	True	0.18184358794477254
FTSJ1	ENSG00000068438	True	0.18184358794477254
PSG1	ENSG00000231924	True	0.18184358794477254
ARID1B	ENSG00000049618	True	0.18184358794477254
NSMCE4A	ENSG00000107672	True	0.17897694729316943
LPCAT4	ENSG00000176454	True	0.17897694729316943
G3V4G9_HUMAN		False	0.17897694729316943
PARP10	ENSG00000178685	True	0.17897694729316943
DICER1	ENSG00000100697	True	0.17897694729316943
SFXN4	ENSG00000183605	True	0.17897694729316943
KXD1	ENSG00000105700	True	0.17897694729316943
TCF12	ENSG00000140262	True	0.17897694729316943
AP3B2	ENSG00000103723	True	0.17897694729316943
GPX8	ENSG00000164294	True	0.17897694729316943
KRTAP1-5		False	0.17897694729316943
PSG9	ENSG00000183668	True	0.17897694729316943
RPS6KB1	ENSG00000108443	True	0.17897694729316943
CHDH	ENSG00000016391	True	0.17609125905568124
SMIM7	ENSG00000214046	True	0.17609125905568124
LYSMD2	ENSG00000140280	True	0.17609125905568124
TAF12	ENSG00000120656	True	0.17609125905568124
TSPAN1	ENSG00000117472	True	0.17609125905568124
DDX10	ENSG00000178105	True	0.17609125905568124
ZFP36L1	ENSG00000185650	True	0.17609125905568124
U3KPZ7_HUMAN		False	0.17609125905568124
SSBP3		False	0.17609125905568124
CA12	ENSG00000074410	True	0.17609125905568124
SBF1		False	0.17318626841227402
FAM169A	ENSG00000198780	True	0.17318626841227402
PLPP1	ENSG00000067113	True	0.17318626841227402
ERO1B	ENSG00000086619	True	0.17318626841227402
ELP6	ENSG00000163832	True	0.17318626841227402
GNL3L	ENSG00000130119	True	0.17318626841227402
ANKHD1	ENSG00000131503	True	0.17318626841227402
SEPTIN3	ENSG00000100167	True	0.17318626841227402
DPCD	ENSG00000166171	True	0.17318626841227402
TGIF2LX	ENSG00000153779	True	0.17318626841227402
CD300LG		False	0.17318626841227402
ATAT1	ENSG00000137343	True	0.17318626841227402
RPUSD2	ENSG00000166133	True	0.17318626841227402
KPRP	ENSG00000203786	True	0.17318626841227402
USP9Y		False	0.17318626841227402
TDP2	ENSG00000111802	True	0.17318626841227402
TAF4	ENSG00000130699	True	0.17318626841227402
CLK3	ENSG00000179335	True	0.17318626841227402
TMEM209	ENSG00000146842	True	0.17026171539495738
EVI2B	ENSG00000185862	True	0.17026171539495738
FDX2	ENSG00000267673	True	0.17026171539495738
ACBD7		False	0.17026171539495738
INTS5	ENSG00000185085	True	0.17026171539495738
ATCAY	ENSG00000167654	True	0.17026171539495738
TBL1X	ENSG00000101849	True	0.17026171539495738
PTPRK	ENSG00000152894	True	0.17026171539495738
RPP38	ENSG00000152464	True	0.17026171539495738
GPAA1	ENSG00000197858	True	0.17026171539495738
U3KQK5_HUMAN		False	0.17026171539495738
GCC2	ENSG00000135968	True	0.17026171539495738
SYNE2	ENSG00000054654	True	0.17026171539495738
SFRP1	ENSG00000104332	True	0.17026171539495738
STAR	ENSG00000147465	True	0.17026171539495738
MAG	ENSG00000105695	True	0.1673173347481761
GLCCI1	ENSG00000106415	True	0.1673173347481761
PHF2	ENSG00000197724	True	0.1673173347481761
RBP7	ENSG00000162444	True	0.1673173347481761
CLN5	ENSG00000102805	True	0.1673173347481761
BRAF	ENSG00000157764	True	0.1673173347481761
ATP5MPL		False	0.1673173347481761
ORMDL1		False	0.1673173347481761
BMP2K	ENSG00000138756	True	0.1673173347481761
KEAP1	ENSG00000079999	True	0.1673173347481761
CIC	ENSG00000079432	True	0.1673173347481761
HHATL	ENSG00000010282	True	0.1673173347481761
EPHA2		False	0.1643528557844371
PHRF1	ENSG00000070047	True	0.1643528557844371
PCBD2	ENSG00000132570	True	0.1643528557844371
ATG9A	ENSG00000198925	True	0.1643528557844371
AR	ENSG00000169083	True	0.1643528557844371
MED19	ENSG00000156603	True	0.1643528557844371
TMPRSS2	ENSG00000184012	True	0.1643528557844371
DVL2	ENSG00000004975	True	0.1643528557844371
PGPEP1	ENSG00000130517	True	0.1643528557844371
PEX5	ENSG00000139197	True	0.1643528557844371
ZWILCH		False	0.1643528557844371
BECN1	ENSG00000126581	True	0.1643528557844371
RNF128	ENSG00000133135	True	0.1643528557844371
PRC1	ENSG00000198901	True	0.16136800223497488
DLGAP5	ENSG00000126787	True	0.16136800223497488
SIRT6	ENSG00000077463	True	0.16136800223497488
PACSIN1	ENSG00000124507	True	0.16136800223497488
CAMKK2	ENSG00000110931	True	0.16136800223497488
MADCAM1	ENSG00000099866	True	0.16136800223497488
TRAPPC11		False	0.16136800223497488
MUC13	ENSG00000173702	True	0.16136800223497488
CCDC88A	ENSG00000115355	True	0.16136800223497488
DDHD1	ENSG00000100523	True	0.16136800223497488
KLHDC4	ENSG00000104731	True	0.16136800223497488
H3Y2	ENSG00000268799	True	0.16136800223497488
OTUD7B	ENSG00000264522	True	0.16136800223497488
STEAP4		False	0.16136800223497488
TRRAP		False	0.15836249209524964
RYBP	ENSG00000163602	True	0.15836249209524964
HAUS2	ENSG00000137814	True	0.15836249209524964
CLDN3	ENSG00000165215	True	0.15836249209524964
GZMM	ENSG00000197540	True	0.15836249209524964
LYRM4	ENSG00000214113	True	0.15836249209524964
CETN3	ENSG00000153140	True	0.15836249209524964
WWTR1	ENSG00000018408	True	0.15836249209524964
SCML1	ENSG00000047634	True	0.15836249209524964
RHAG	ENSG00000112077	True	0.15836249209524964
PRORP	ENSG00000100890	True	0.15836249209524964
NBEA	ENSG00000172915	True	0.15836249209524964
SV2A	ENSG00000159164	True	0.15836249209524964
CD68	ENSG00000129226	True	0.15836249209524964
KIF3C		False	0.15836249209524964
H7C0V5_HUMAN		False	0.15836249209524964
PI4KB	ENSG00000143393	True	0.15836249209524964
TUT7	ENSG00000083223	True	0.1553360374650618
MOSPD2	ENSG00000130150	True	0.1553360374650618
CALCOCO2	ENSG00000136436	True	0.1553360374650618
CPNE8	ENSG00000139117	True	0.1553360374650618
RAF1	ENSG00000132155	True	0.1553360374650618
ASAP3	ENSG00000088280	True	0.1553360374650618
SECISBP2	ENSG00000187742	True	0.1553360374650618
SPATS2	ENSG00000123352	True	0.1553360374650618
BLOC1S4	ENSG00000186222	True	0.1553360374650618
LYPD3	ENSG00000124466	True	0.15228834438305647
LRRC32		False	0.15228834438305647
GPC4	ENSG00000076716	True	0.15228834438305647
POP4	ENSG00000105171	True	0.15228834438305647
ZBTB7A	ENSG00000178951	True	0.15228834438305647
SOS1	ENSG00000115904	True	0.15228834438305647
ZNF318	ENSG00000171467	True	0.15228834438305647
L1TD1		False	0.15228834438305647
CELA3A	ENSG00000142789	True	0.15228834438305647
MAP6	ENSG00000171533	True	0.15228834438305647
ENSP00000387111		False	0.15228834438305647
SLFN11	ENSG00000172716	True	0.15228834438305647
OXCT2	ENSG00000198754	True	0.15228834438305647
CKAP2	ENSG00000136108	True	0.15228834438305647
ACBD6	ENSG00000230124	True	0.15228834438305647
ALDH1L2	ENSG00000136010	True	0.14921911265537988
FBXL16	ENSG00000127585	True	0.14921911265537988
TUBGCP4	ENSG00000137822	True	0.14921911265537988
EEF2K	ENSG00000103319	True	0.14921911265537988
SMIM22		False	0.14921911265537988
CHTF18		False	0.14921911265537988
ERF	ENSG00000105722	True	0.14921911265537988
SLC25A15	ENSG00000102743	True	0.14921911265537988
MYLPF		False	0.14921911265537988
CTTNBP2NL	ENSG00000143079	True	0.14921911265537988
TRIM56	ENSG00000169871	True	0.14921911265537988
TNR	ENSG00000116147	True	0.14921911265537988
ZNF830	ENSG00000198783	True	0.14921911265537988
TTYH3	ENSG00000136295	True	0.14921911265537988
MEN1	ENSG00000133895	True	0.146128035678238
TTC19	ENSG00000011295	True	0.146128035678238
OPCML		False	0.146128035678238
TLK2		False	0.146128035678238
TREML2		False	0.146128035678238
HOXA3	ENSG00000105997	True	0.146128035678238
ENOSF1	ENSG00000132199	True	0.146128035678238
SLC39A10	ENSG00000196950	True	0.146128035678238
AGO1		False	0.146128035678238
ZFYVE16	ENSG00000039319	True	0.146128035678238
ANKRD54	ENSG00000100124	True	0.146128035678238
SNX15	ENSG00000110025	True	0.146128035678238
EXOG	ENSG00000157036	True	0.14301480025409505
TRAPPC9		False	0.14301480025409505
ERCC6L	ENSG00000186871	True	0.14301480025409505
ACSS3	ENSG00000111058	True	0.14301480025409505
C1D	ENSG00000197223	True	0.14301480025409505
CDK13	ENSG00000065883	True	0.14301480025409505
CLMN	ENSG00000165959	True	0.14301480025409505
SH2D4A	ENSG00000104611	True	0.14301480025409505
CEP170B	ENSG00000099814	True	0.14301480025409505
YTHDC2	ENSG00000047188	True	0.14301480025409505
ODF2	ENSG00000136811	True	0.14301480025409505
DDX31		False	0.14301480025409505
LDHD	ENSG00000166816	True	0.14301480025409505
GPT2	ENSG00000166123	True	0.13987908640123647
ENSP00000490953		False	0.13987908640123647
ZGPAT		False	0.13987908640123647
CIAO3	ENSG00000103245	True	0.13987908640123647
CENPM	ENSG00000100162	True	0.13987908640123647
GNMT	ENSG00000124713	True	0.13987908640123647
MT-ND2		False	0.13987908640123647
HAPLN1	ENSG00000145681	True	0.13987908640123647
DEPTOR	ENSG00000155792	True	0.13987908640123647
SPTBN4	ENSG00000160460	True	0.13987908640123647
FBP2	ENSG00000130957	True	0.13987908640123647
OSBPL11		False	0.1367205671564068
CDK17	ENSG00000059758	True	0.1367205671564068
RBMX2	ENSG00000134597	True	0.1367205671564068
BCAS3	ENSG00000141376	True	0.1367205671564068
FADS1	ENSG00000149485	True	0.1367205671564068
UXS1	ENSG00000115652	True	0.1367205671564068
SFSWAP	ENSG00000061936	True	0.1367205671564068
TRAPPC6A	ENSG00000007255	True	0.1367205671564068
TUSC3	ENSG00000104723	True	0.1367205671564068
GCG	ENSG00000115263	True	0.1367205671564068
MED14		False	0.1367205671564068
TMUB2	ENSG00000168591	True	0.1367205671564068
FGD4	ENSG00000139132	True	0.1367205671564068
SPRR2F		False	0.1367205671564068
CD53	ENSG00000143119	True	0.1367205671564068
TMEM68	ENSG00000167904	True	0.1367205671564068
TSPAN4		False	0.1367205671564068
NAA35	ENSG00000135040	True	0.1367205671564068
SEMA4G	ENSG00000095539	True	0.13353890837021754
NAV1	ENSG00000134369	True	0.13353890837021754
NFATC2	ENSG00000101096	True	0.13353890837021754
CCDC88C	ENSG00000015133	True	0.13353890837021754
ZMYND11		False	0.13353890837021754
STBD1	ENSG00000118804	True	0.13353890837021754
PCDH1	ENSG00000156453	True	0.13353890837021754
TRPT1	ENSG00000149743	True	0.13353890837021754
RNF7	ENSG00000114125	True	0.13353890837021754
GGTLC3	ENSG00000274252	True	0.13353890837021754
TFAP2B	ENSG00000008196	True	0.13353890837021754
WDTC1	ENSG00000142784	True	0.13033376849500614
PIP5K1C	ENSG00000186111	True	0.13033376849500614
CARMIL1	ENSG00000079691	True	0.13033376849500614
IFIT2	ENSG00000119922	True	0.13033376849500614
VPS39		False	0.13033376849500614
MYLK2	ENSG00000101306	True	0.13033376849500614
MAGEA10	ENSG00000124260	True	0.13033376849500614
TYK2	ENSG00000105397	True	0.13033376849500614
FAM20B	ENSG00000116199	True	0.13033376849500614
TMTC3	ENSG00000139324	True	0.13033376849500614
SARDH	ENSG00000123453	True	0.13033376849500614
CCNYL1	ENSG00000163249	True	0.13033376849500614
MCL1	ENSG00000143384	True	0.13033376849500614
GIMAP1-GIMAP5		False	0.13033376849500614
ZMYM2	ENSG00000121741	True	0.12710479836480765
CPNE9		False	0.12710479836480765
TRUB1	ENSG00000165832	True	0.12710479836480765
TFB1M	ENSG00000029639	True	0.12710479836480765
SIRT1	ENSG00000096717	True	0.12710479836480765
STXBP5	ENSG00000164506	True	0.12710479836480765
RXRA	ENSG00000186350	True	0.12710479836480765
IRAK1	ENSG00000184216	True	0.12710479836480765
ENOX1	ENSG00000120658	True	0.12710479836480765
SRCAP	ENSG00000080603	True	0.12710479836480765
MEF2C	ENSG00000081189	True	0.12710479836480765
LILRB3		False	0.12710479836480765
CEMIP2	ENSG00000135048	True	0.12710479836480765
IQSEC1	ENSG00000144711	True	0.12385164096708581
KIF3B	ENSG00000101350	True	0.12385164096708581
TCF7	ENSG00000081059	True	0.12385164096708581
SRGAP2	ENSG00000266028	True	0.12385164096708581
SFT2D1	ENSG00000198818	True	0.12385164096708581
CRCP	ENSG00000241258	True	0.12385164096708581
LOXL1	ENSG00000129038	True	0.12385164096708581
CMPK2	ENSG00000134326	True	0.12385164096708581
CDKN2C	ENSG00000123080	True	0.12385164096708581
MAP3K2	ENSG00000169967	True	0.12385164096708581
NKG7		False	0.12385164096708581
RPS6KA2	ENSG00000071242	True	0.12385164096708581
NACA-2		False	0.12385164096708581
LAMB3	ENSG00000196878	True	0.12385164096708581
CEP131	ENSG00000141577	True	0.12385164096708581
TRIM47	ENSG00000132481	True	0.12385164096708581
SFTPA2	ENSG00000185303	True	0.12385164096708581
E9PAM4_HUMAN		False	0.12385164096708581
EXD2	ENSG00000081177	True	0.12057393120584989
GRB10	ENSG00000106070	True	0.12057393120584989
ID4		False	0.12057393120584989
CREB5		False	0.12057393120584989
NCBP2AS2		False	0.12057393120584989
CEBPG	ENSG00000153879	True	0.12057393120584989
BLOC1S5	ENSG00000188428	True	0.12057393120584989
EN2		False	0.12057393120584989
PMF1		False	0.12057393120584989
TTC33	ENSG00000113638	True	0.12057393120584989
OIP5	ENSG00000104147	True	0.12057393120584989
ATP5MC3		False	0.12057393120584989
MLKL		False	0.12057393120584989
C16orf91		False	0.12057393120584989
ABCB6	ENSG00000115657	True	0.12057393120584989
NOS3	ENSG00000164867	True	0.11727129565576427
ABLIM3	ENSG00000173210	True	0.11727129565576427
MRC1	ENSG00000260314	True	0.11727129565576427
CCDC137	ENSG00000185298	True	0.11727129565576427
DMGDH	ENSG00000132837	True	0.11727129565576427
FAM20C		False	0.11727129565576427
RPS6KA4	ENSG00000162302	True	0.11727129565576427
NDUFC2-KCTD14	ENSG00000259112	True	0.11727129565576427
SFTPA1	ENSG00000122852	True	0.11727129565576427
KATNA1	ENSG00000186625	True	0.11727129565576427
CLEC3A	ENSG00000166509	True	0.11727129565576427
RBMS3	ENSG00000144642	True	0.11727129565576427
INTS7		False	0.11727129565576427
ENSP00000498524		False	0.11727129565576427
FAM25A	ENSG00000188100	True	0.11394335230683679
FAM25G	ENSG00000189090	True	0.11394335230683679
FAM25C	ENSG00000276430	True	0.11394335230683679
MARCHF2	ENSG00000099785	True	0.11394335230683679
SFXN2	ENSG00000156398	True	0.11394335230683679
TMEM87A	ENSG00000103978	True	0.11394335230683679
DDX49	ENSG00000105671	True	0.11394335230683679
ADSS1	ENSG00000185100	True	0.11394335230683679
MSTO1	ENSG00000125459	True	0.11394335230683679
RIC8B	ENSG00000111785	True	0.11394335230683679
ENPEP	ENSG00000138792	True	0.11394335230683679
HIF1AN	ENSG00000166135	True	0.11394335230683679
PHKG2		False	0.11394335230683679
RTN4IP1	ENSG00000130347	True	0.11394335230683679
GRK3	ENSG00000100077	True	0.11394335230683679
XPO6	ENSG00000169180	True	0.11394335230683679
GALNT1	ENSG00000141429	True	0.11394335230683679
TP53BP2	ENSG00000143514	True	0.11394335230683679
LRRC8C	ENSG00000171488	True	0.11394335230683679
RUNX3	ENSG00000020633	True	0.11058971029924898
GAB1	ENSG00000109458	True	0.11058971029924898
CEND1	ENSG00000184524	True	0.11058971029924898
TRAPPC13	ENSG00000113597	True	0.11058971029924898
FMC1	ENSG00000164898	True	0.11058971029924898
RHCE	ENSG00000188672	True	0.11058971029924898
G6PC3		False	0.11058971029924898
TCF3	ENSG00000071564	True	0.11058971029924898
POLRMT	ENSG00000099821	True	0.11058971029924898
HECW2	ENSG00000138411	True	0.11058971029924898
SULF2	ENSG00000196562	True	0.10720996964786837
AMDHD2	ENSG00000162066	True	0.10720996964786837
KNSTRN	ENSG00000128944	True	0.10720996964786837
SPAST	ENSG00000021574	True	0.10720996964786837
TCL1A	ENSG00000100721	True	0.10720996964786837
TBCEL	ENSG00000154114	True	0.10720996964786837
TNFRSF12A	ENSG00000006327	True	0.10720996964786837
FLG	ENSG00000143631	True	0.10720996964786837
SLC35B2	ENSG00000157593	True	0.10720996964786837
SLC26A2	ENSG00000155850	True	0.10720996964786837
ZNF574	ENSG00000105732	True	0.10720996964786837
FNDC3B	ENSG00000075420	True	0.10720996964786837
UBP1		False	0.10380372095595687
ZC3H7A		False	0.10380372095595687
FXYD6	ENSG00000137726	True	0.10380372095595687
CYP21A2	ENSG00000231852	True	0.10380372095595687
ABCB1	ENSG00000085563	True	0.10380372095595687
MAP1LC3B	ENSG00000140941	True	0.10380372095595687
NUF2		False	0.10380372095595687
RAPGEF1	ENSG00000107263	True	0.10380372095595687
TDRD7	ENSG00000196116	True	0.10380372095595687
H7C417_HUMAN		False	0.10380372095595687
CT45A10	ENSG00000269586	True	0.10380372095595687
MLX	ENSG00000108788	True	0.10380372095595687
HSD17B13	ENSG00000170509	True	0.10380372095595687
COL5A2		False	0.10380372095595687
MIS12	ENSG00000167842	True	0.10380372095595687
ANAPC1	ENSG00000153107	True	0.10380372095595687
LRCH3	ENSG00000186001	True	0.10380372095595687
TGFBR3	ENSG00000069702	True	0.10380372095595687
SRBD1	ENSG00000068784	True	0.10380372095595687
ARSB	ENSG00000113273	True	0.10380372095595687
CGREF1	ENSG00000138028	True	0.10380372095595687
CD274	ENSG00000120217	True	0.10380372095595687
AS3MT	ENSG00000214435	True	0.10037054511756291
GSE1	ENSG00000131149	True	0.10037054511756291
INTS4	ENSG00000149262	True	0.10037054511756291
RAD18	ENSG00000070950	True	0.10037054511756291
RAB3IP	ENSG00000127328	True	0.10037054511756291
SENP8	ENSG00000166192	True	0.10037054511756291
ENSP00000479921		False	0.10037054511756291
MSRB3	ENSG00000174099	True	0.10037054511756291
TMBIM6	ENSG00000139644	True	0.10037054511756291
CDHR5	ENSG00000099834	True	0.10037054511756291
SLC27A3	ENSG00000143554	True	0.10037054511756291
GPATCH8	ENSG00000186566	True	0.10037054511756291
MRPL34	ENSG00000130312	True	0.10037054511756291
COL4A4		False	0.10037054511756291
HEATR5B	ENSG00000008869	True	0.09691001300805642
ABHD6	ENSG00000163686	True	0.09691001300805642
PDCD2	ENSG00000071994	True	0.09691001300805642
HUS1	ENSG00000136273	True	0.09691001300805642
PSG11	ENSG00000243130	True	0.09691001300805642
SELENOS	ENSG00000131871	True	0.09691001300805642
TPST2	ENSG00000128294	True	0.09691001300805642
ATM	ENSG00000149311	True	0.09691001300805642
MGAT2	ENSG00000168282	True	0.09691001300805642
ZNHIT2	ENSG00000174276	True	0.09691001300805642
TDP1	ENSG00000042088	True	0.09691001300805642
TSC22D2	ENSG00000196428	True	0.09691001300805642
TMCC2	ENSG00000133069	True	0.09691001300805642
PLVAP	ENSG00000130300	True	0.09691001300805642
RBFOX1	ENSG00000078328	True	0.09691001300805642
AHNAK2	ENSG00000185567	True	0.09691001300805642
DAGLB		False	0.09342168516223506
C3orf38	ENSG00000179021	True	0.09342168516223506
ZNF346	ENSG00000113761	True	0.09342168516223506
CPNE5	ENSG00000124772	True	0.09342168516223506
ANGPTL8		False	0.09342168516223506
DDC	ENSG00000132437	True	0.09342168516223506
IL1R2	ENSG00000115590	True	0.09342168516223506
ARHGEF35	ENSG00000213214	True	0.09342168516223506
MFSD10	ENSG00000109736	True	0.09342168516223506
MPP2	ENSG00000108852	True	0.09342168516223506
DNLZ		False	0.09342168516223506
METTL2B		False	0.09342168516223506
MARS2	ENSG00000247626	True	0.09342168516223506
MADD	ENSG00000110514	True	0.09342168516223506
NHEJ1	ENSG00000187736	True	0.09342168516223506
MSH3		False	0.09342168516223506
SYNGR1	ENSG00000100321	True	0.09342168516223506
RALGPS2	ENSG00000116191	True	0.09342168516223506
MED24		False	0.08990511143939793
PRAME	ENSG00000185686	True	0.08990511143939793
PLAUR	ENSG00000011422	True	0.08990511143939793
SCML2	ENSG00000102098	True	0.08990511143939793
HMMR	ENSG00000072571	True	0.08990511143939793
ARHGEF11	ENSG00000132694	True	0.08990511143939793
MISP3	ENSG00000141854	True	0.08990511143939793
MAP1LC3B2	ENSG00000258102	True	0.08990511143939793
KCTD10	ENSG00000110906	True	0.08635983067474821
AFF4	ENSG00000072364	True	0.08635983067474821
CCL4	ENSG00000275302	True	0.08635983067474821
MAF1	ENSG00000179632	True	0.08635983067474821
GPX2	ENSG00000176153	True	0.08635983067474821
LIMS4	ENSG00000256671	True	0.08635983067474821
LIMS3	ENSG00000256977	True	0.08635983067474821
CD28	ENSG00000178562	True	0.08635983067474821
TBC1D17	ENSG00000104946	True	0.08635983067474821
NFX1	ENSG00000086102	True	0.08635983067474821
MCUR1	ENSG00000050393	True	0.08635983067474821
AP3M2	ENSG00000070718	True	0.08635983067474821
CASC4		False	0.08635983067474821
BIN3	ENSG00000147439	True	0.08635983067474821
NF1	ENSG00000196712	True	0.08635983067474821
ORMDL2		False	0.08635983067474821
TMEM51	ENSG00000171729	True	0.08635983067474821
BCL2	ENSG00000171791	True	0.08635983067474821
GZMB	ENSG00000100453	True	0.08635983067474821
VPS11	ENSG00000160695	True	0.08635983067474821
TMEM38B	ENSG00000095209	True	0.08635983067474821
EPN3	ENSG00000049283	True	0.08278537031645007
METTL15		False	0.08278537031645007
OTUD5	ENSG00000068308	True	0.08278537031645007
PSMC3IP	ENSG00000131470	True	0.08278537031645007
METTL7B	ENSG00000170439	True	0.08278537031645007
MED17		False	0.08278537031645007
RBP2	ENSG00000114113	True	0.08278537031645007
GPRC5D	ENSG00000111291	True	0.08278537031645007
TREX1	ENSG00000213689	True	0.08278537031645007
ARHGEF16	ENSG00000130762	True	0.07918124604762482
PCTP	ENSG00000141179	True	0.07918124604762482
PSG4	ENSG00000243137	True	0.07918124604762482
GCAT	ENSG00000100116	True	0.07918124604762482
C5orf24	ENSG00000181904	True	0.07918124604762482
ESRP2	ENSG00000103067	True	0.07918124604762482
AMPD3	ENSG00000133805	True	0.07918124604762482
UTP23	ENSG00000147679	True	0.07918124604762482
LYRM2	ENSG00000083099	True	0.07918124604762482
ABL1	ENSG00000097007	True	0.07554696139253074
B3GLCT		False	0.07554696139253074
HSD17B7	ENSG00000132196	True	0.07554696139253074
SFRP4	ENSG00000106483	True	0.07554696139253074
CLEC2B	ENSG00000110852	True	0.07554696139253074
ANGPTL2	ENSG00000136859	True	0.07554696139253074
TRIM2	ENSG00000109654	True	0.07554696139253074
CENPQ	ENSG00000031691	True	0.07554696139253074
PMF1-BGLAP		False	0.07554696139253074
FIZ1		False	0.07554696139253074
SCYL3	ENSG00000000457	True	0.07554696139253074
ARPIN-AP3S2	ENSG00000250021	True	0.07554696139253074
CNTFR	ENSG00000122756	True	0.07188200730612536
CAMSAP3	ENSG00000076826	True	0.07188200730612536
MPP5		False	0.07188200730612536
CXXC4	ENSG00000168772	True	0.07188200730612536
FAM172A	ENSG00000113391	True	0.07188200730612536
CNOT4	ENSG00000080802	True	0.07188200730612536
TNNC2	ENSG00000101470	True	0.07188200730612536
FBXO28	ENSG00000143756	True	0.07188200730612536
PLXNB3	ENSG00000198753	True	0.07188200730612536
RAB33B	ENSG00000172007	True	0.07188200730612536
ZNF768	ENSG00000169957	True	0.07188200730612536
CPNE4	ENSG00000196353	True	0.07188200730612536
MED26	ENSG00000105085	True	0.07188200730612536
PTPRA	ENSG00000132670	True	0.07188200730612536
SMAD5	ENSG00000113658	True	0.07188200730612536
KIF1C	ENSG00000129250	True	0.07188200730612536
RNF170	ENSG00000120925	True	0.07188200730612536
VSTM2A		False	0.07188200730612536
MAP3K3	ENSG00000198909	True	0.07188200730612536
SLC25A17	ENSG00000100372	True	0.07188200730612536
DOCK5	ENSG00000147459	True	0.07188200730612536
TRAPPC10	ENSG00000160218	True	0.06818586174616162
GPCPD1		False	0.06818586174616162
TAF7	ENSG00000178913	True	0.06818586174616162
SRPX2	ENSG00000102359	True	0.06818586174616162
SLC39A11		False	0.06818586174616162
ZNF169	ENSG00000175787	True	0.06818586174616162
ABT1		False	0.06818586174616162
VPS37C	ENSG00000167987	True	0.06818586174616162
PSG3	ENSG00000221826	True	0.06818586174616162
ADAP1	ENSG00000105963	True	0.06818586174616162
PSG8	ENSG00000124467	True	0.06818586174616162
CBWD1		False	0.06818586174616162
PRKRIP1	ENSG00000128563	True	0.06818586174616162
OAS1	ENSG00000089127	True	0.06445798922691845
SAP130		False	0.06445798922691845
ZNF143	ENSG00000166478	True	0.06445798922691845
BRD8	ENSG00000112983	True	0.06445798922691845
FARS2	ENSG00000145982	True	0.06445798922691845
SNX30	ENSG00000148158	True	0.06445798922691845
COL11A2		False	0.06445798922691845
CTDP1	ENSG00000060069	True	0.06445798922691845
MZT1	ENSG00000204899	True	0.06445798922691845
KDM3A		False	0.06445798922691845
AOC1	ENSG00000002726	True	0.06445798922691845
PCK1	ENSG00000124253	True	0.06445798922691845
AREG	ENSG00000109321	True	0.06445798922691845
BIRC5	ENSG00000089685	True	0.06445798922691845
SYTL2	ENSG00000137501	True	0.06445798922691845
MDM2	ENSG00000135679	True	0.06445798922691845
XIAP	ENSG00000101966	True	0.06445798922691845
CCNL2	ENSG00000221978	True	0.06445798922691845
RBFA	ENSG00000101546	True	0.06445798922691845
BAZ2A		False	0.06445798922691845
PROM1	ENSG00000007062	True	0.06445798922691845
SMIM12	ENSG00000163866	True	0.06445798922691845
THEM4	ENSG00000159445	True	0.06445798922691845
CTHRC1	ENSG00000164932	True	0.06069784035361165
CR2	ENSG00000117322	True	0.06069784035361165
CSNK1A1L		False	0.06069784035361165
PRRC2B	ENSG00000288701	True	0.06069784035361165
GBP6	ENSG00000183347	True	0.06069784035361165
LGALS9B	ENSG00000170298	True	0.06069784035361165
BIRC6	ENSG00000115760	True	0.06069784035361165
CENPB	ENSG00000125817	True	0.06069784035361165
APLF	ENSG00000169621	True	0.06069784035361165
MORC3	ENSG00000159256	True	0.06069784035361165
B3GNT2	ENSG00000170340	True	0.06069784035361165
MATN2	ENSG00000132561	True	0.06069784035361165
FNTB	ENSG00000257365	True	0.06069784035361165
CDC20	ENSG00000117399	True	0.06069784035361165
GATC		False	0.06069784035361165
AMOT	ENSG00000126016	True	0.06069784035361165
SGSH	ENSG00000181523	True	0.06069784035361165
HSPB2	ENSG00000170276	True	0.06069784035361165
EPM2AIP1		False	0.06069784035361165
IPO13	ENSG00000117408	True	0.06069784035361165
PSG7	ENSG00000221878	True	0.05690485133647256
ARMCX2	ENSG00000184867	True	0.05690485133647256
GNB1L	ENSG00000185838	True	0.05690485133647256
INTS1	ENSG00000164880	True	0.05690485133647256
AMZ2	ENSG00000196704	True	0.05690485133647256
NPPA	ENSG00000175206	True	0.05690485133647256
SASH1	ENSG00000111961	True	0.05690485133647256
CAND2	ENSG00000144712	True	0.05690485133647256
SHKBP1	ENSG00000160410	True	0.05690485133647256
MIA2	ENSG00000150527	True	0.05690485133647256
UROS	ENSG00000188690	True	0.05690485133647256
RPH3A	ENSG00000089169	True	0.05307844348341968
RBMS2	ENSG00000076067	True	0.05307844348341968
MCRS1	ENSG00000187778	True	0.05307844348341968
IFRD1	ENSG00000006652	True	0.05307844348341968
CHTF8		False	0.05307844348341968
TOP1MT	ENSG00000184428	True	0.05307844348341968
COLEC12	ENSG00000158270	True	0.05307844348341968
CENPF	ENSG00000117724	True	0.05307844348341968
POLR3G	ENSG00000113356	True	0.05307844348341968
DGAT1	ENSG00000185000	True	0.05307844348341968
WDR45B		False	0.05307844348341968
TXNRD3	ENSG00000197763	True	0.05307844348341968
SPATA5L1	ENSG00000171763	True	0.05307844348341968
AK5	ENSG00000154027	True	0.05307844348341968
KCNIP2		False	0.05307844348341968
ESR1	ENSG00000091831	True	0.05307844348341968
PARD6B	ENSG00000124171	True	0.05307844348341968
KIN		False	0.05307844348341968
PCF11		False	0.05307844348341968
IRF9	ENSG00000213928	True	0.05307844348341968
TIE1		False	0.05307844348341968
UBR2	ENSG00000024048	True	0.05307844348341968
LGALS9C	ENSG00000171916	True	0.05307844348341968
TPK1	ENSG00000196511	True	0.05307844348341968
PFKFB3	ENSG00000170525	True	0.05307844348341968
TFAP2E		False	0.05307844348341968
PMEL	ENSG00000185664	True	0.05307844348341968
EMC6	ENSG00000127774	True	0.05307844348341968
SFT2D3		False	0.04921802267018165
RCAN3	ENSG00000117602	True	0.04921802267018165
C5orf22	ENSG00000082213	True	0.04921802267018165
ZMYM4	ENSG00000146463	True	0.04921802267018165
GLE1	ENSG00000119392	True	0.04921802267018165
SLC44A4	ENSG00000204385	True	0.04921802267018165
NEDD4	ENSG00000069869	True	0.04921802267018165
TSPAN6	ENSG00000000003	True	0.04921802267018165
CHST11	ENSG00000171310	True	0.04921802267018165
EP400	ENSG00000183495	True	0.04921802267018165
METTL14	ENSG00000145388	True	0.04921802267018165
PDF	ENSG00000258429	True	0.04921802267018165
ALDH3B1	ENSG00000006534	True	0.04921802267018165
DENND10		False	0.045322978786657475
TRIM38	ENSG00000112343	True	0.045322978786657475
JUND	ENSG00000130522	True	0.045322978786657475
LMAN2L	ENSG00000114988	True	0.045322978786657475
OCRL	ENSG00000122126	True	0.045322978786657475
TMEM222	ENSG00000186501	True	0.045322978786657475
ANKRD52	ENSG00000139645	True	0.045322978786657475
MAP2K7	ENSG00000076984	True	0.045322978786657475
TRIM16	ENSG00000221926	True	0.045322978786657475
AP3S2	ENSG00000157823	True	0.045322978786657475
CCDC32	ENSG00000128891	True	0.045322978786657475
RPTOR	ENSG00000141564	True	0.045322978786657475
REPIN1	ENSG00000214022	True	0.045322978786657475
TNFRSF1B	ENSG00000028137	True	0.045322978786657475
SRF	ENSG00000112658	True	0.045322978786657475
KAZN	ENSG00000189337	True	0.045322978786657475
DNMT3A	ENSG00000119772	True	0.045322978786657475
NUMBL	ENSG00000105245	True	0.045322978786657475
LILRB2		False	0.045322978786657475
GUF1	ENSG00000151806	True	0.04139268515822508
ZCCHC17	ENSG00000121766	True	0.04139268515822508
NSD2	ENSG00000109685	True	0.04139268515822508
TOR1B	ENSG00000136816	True	0.04139268515822508
NCAPH2	ENSG00000025770	True	0.04139268515822508
GPRC5B	ENSG00000167191	True	0.04139268515822508
LBH	ENSG00000213626	True	0.04139268515822508
PPP2R2C	ENSG00000074211	True	0.04139268515822508
NDEL1	ENSG00000166579	True	0.04139268515822508
SATB1	ENSG00000182568	True	0.04139268515822508
PDCL	ENSG00000136940	True	0.04139268515822508
PARP2	ENSG00000129484	True	0.04139268515822508
ABL2	ENSG00000143322	True	0.04139268515822508
PDE8A	ENSG00000073417	True	0.037426497940623665
ROR2		False	0.037426497940623665
CAPN7	ENSG00000131375	True	0.037426497940623665
HOXB4	ENSG00000182742	True	0.037426497940623665
KCTD1		False	0.037426497940623665
INTS12	ENSG00000138785	True	0.037426497940623665
FILIP1L	ENSG00000168386	True	0.037426497940623665
PARS2	ENSG00000162396	True	0.037426497940623665
KMT2A	ENSG00000118058	True	0.037426497940623665
ACACB	ENSG00000076555	True	0.037426497940623665
BUB1		False	0.037426497940623665
TBC1D20	ENSG00000125875	True	0.037426497940623665
PRR12	ENSG00000126464	True	0.037426497940623665
CYGB	ENSG00000161544	True	0.037426497940623665
SAP30L	ENSG00000164576	True	0.037426497940623665
TCAP	ENSG00000173991	True	0.037426497940623665
CYP2C9	ENSG00000138109	True	0.037426497940623665
CTDNEP1	ENSG00000175826	True	0.037426497940623665
ST14	ENSG00000149418	True	0.037426497940623665
LRP2	ENSG00000081479	True	0.037426497940623665
GBP3	ENSG00000117226	True	0.037426497940623665
PLA2G15	ENSG00000103066	True	0.037426497940623665
DENND1C	ENSG00000205744	True	0.037426497940623665
DTNB	ENSG00000138101	True	0.03342375548694973
FAM98C	ENSG00000130244	True	0.03342375548694973
ZNF609	ENSG00000180357	True	0.03342375548694973
WDR81	ENSG00000167716	True	0.03342375548694973
GAS7	ENSG00000007237	True	0.03342375548694973
H7C1D1_HUMAN		False	0.03342375548694973
ATP5MC2	ENSG00000135390	True	0.03342375548694973
TAOK2	ENSG00000149930	True	0.03342375548694973
TBC1D8B	ENSG00000133138	True	0.03342375548694973
EPHB2	ENSG00000133216	True	0.03342375548694973
DPY19L1	ENSG00000173852	True	0.03342375548694973
NFXL1	ENSG00000170448	True	0.03342375548694973
RGL2	ENSG00000237441	True	0.03342375548694973
JUN	ENSG00000177606	True	0.03342375548694973
GEMIN8	ENSG00000046647	True	0.03342375548694973
IFT20	ENSG00000109083	True	0.03342375548694973
ANTXR1		False	0.03342375548694973
C1orf226	ENSG00000239887	True	0.03342375548694973
OTUD4	ENSG00000164164	True	0.03342375548694973
ZKSCAN1	ENSG00000106261	True	0.03342375548694973
CINP		False	0.03342375548694973
DESI2		False	0.03342375548694973
CEPT1		False	0.029383777685209667
DPAGT1	ENSG00000172269	True	0.029383777685209667
SIL1	ENSG00000120725	True	0.029383777685209667
POFUT2	ENSG00000186866	True	0.029383777685209667
ACYP2	ENSG00000170634	True	0.029383777685209667
STAP1	ENSG00000035720	True	0.029383777685209667
TIMD4	ENSG00000145850	True	0.029383777685209667
CCDC80	ENSG00000091986	True	0.029383777685209667
NDUFAF5	ENSG00000101247	True	0.029383777685209667
VGLL4	ENSG00000144560	True	0.029383777685209667
OGFOD2	ENSG00000111325	True	0.029383777685209667
FGL1		False	0.029383777685209667
KATNB1	ENSG00000140854	True	0.029383777685209667
MMP7	ENSG00000137673	True	0.029383777685209667
POLR3E	ENSG00000058600	True	0.029383777685209667
CHURC1-FNTB	ENSG00000125954	True	0.029383777685209667
FAM241A	ENSG00000174749	True	0.029383777685209667
RPEL1	ENSG00000235376	True	0.029383777685209667
SALL2	ENSG00000165821	True	0.029383777685209667
BMI1	ENSG00000168283	True	0.029383777685209667
ZFP36L2	ENSG00000152518	True	0.029383777685209667
UCKL1	ENSG00000198276	True	0.029383777685209667
A1CF	ENSG00000148584	True	0.029383777685209667
VNN3		False	0.029383777685209667
ARV1	ENSG00000173409	True	0.029383777685209667
RIOK1	ENSG00000124784	True	0.02530586526477026
CPNE7	ENSG00000178773	True	0.02530586526477026
BCL9L	ENSG00000186174	True	0.02530586526477026
TAF8	ENSG00000137413	True	0.02530586526477026
MEIS2	ENSG00000134138	True	0.02530586526477026
KLF3	ENSG00000109787	True	0.02530586526477026
GALNT3	ENSG00000115339	True	0.02530586526477026
RGPD3	ENSG00000153165	True	0.02530586526477026
TMEM115	ENSG00000126062	True	0.02530586526477026
ADAMTSL1	ENSG00000178031	True	0.02530586526477026
ATF7	ENSG00000170653	True	0.02530586526477026
OIT3		False	0.02530586526477026
CAMLG	ENSG00000164615	True	0.02530586526477026
RPUSD3	ENSG00000156990	True	0.02530586526477026
KDM5C		False	0.02530586526477026
MEGF8	ENSG00000105429	True	0.02530586526477026
CAMK4	ENSG00000152495	True	0.02530586526477026
CRB1	ENSG00000134376	True	0.02530586526477026
ZG16	ENSG00000174992	True	0.02530586526477026
HPS6	ENSG00000166189	True	0.02530586526477026
PRPF39	ENSG00000185246	True	0.02530586526477026
MYBPC1	ENSG00000196091	True	0.021189299069938092
FXYD2	ENSG00000137731	True	0.021189299069938092
SLC7A8	ENSG00000092068	True	0.021189299069938092
HECA	ENSG00000112406	True	0.021189299069938092
MTMR14	ENSG00000163719	True	0.021189299069938092
U3KQU4_HUMAN		False	0.021189299069938092
DHX57	ENSG00000163214	True	0.021189299069938092
NDUFAF6	ENSG00000156170	True	0.021189299069938092
SLC31A1	ENSG00000136868	True	0.021189299069938092
ESS2	ENSG00000100056	True	0.021189299069938092
GNA12	ENSG00000146535	True	0.021189299069938092
TAF9B	ENSG00000187325	True	0.021189299069938092
RIPOR1	ENSG00000039523	True	0.021189299069938092
ALDH8A1	ENSG00000118514	True	0.021189299069938092
PARG	ENSG00000227345	True	0.021189299069938092
UGT2B7	ENSG00000171234	True	0.021189299069938092
XIRP1	ENSG00000168334	True	0.01703333929878037
ZDHHC20	ENSG00000180776	True	0.01703333929878037
PABPN1L	ENSG00000205022	True	0.01703333929878037
TGIF1		False	0.01703333929878037
ADAM15	ENSG00000143537	True	0.01703333929878037
CCNDBP1	ENSG00000166946	True	0.01703333929878037
TBC1D2	ENSG00000095383	True	0.01703333929878037
RSPRY1	ENSG00000159579	True	0.01703333929878037
PALMD	ENSG00000099260	True	0.01703333929878037
INTS10	ENSG00000104613	True	0.01703333929878037
PPP6R2	ENSG00000100239	True	0.01703333929878037
TMEM189		False	0.01703333929878037
IVNS1ABP	ENSG00000116679	True	0.01703333929878037
UVRAG	ENSG00000198382	True	0.01703333929878037
HEATR6	ENSG00000068097	True	0.01703333929878037
FKBP14	ENSG00000106080	True	0.01703333929878037
BANP	ENSG00000172530	True	0.01703333929878037
TRMT5	ENSG00000126814	True	0.01703333929878037
MXRA5	ENSG00000101825	True	0.01703333929878037
SLC27A5	ENSG00000083807	True	0.01703333929878037
XDH	ENSG00000158125	True	0.01703333929878037
FAM8A1	ENSG00000137414	True	0.01703333929878037
ARID2		False	0.012837224705172217
SHARPIN	ENSG00000179526	True	0.012837224705172217
KRTAP10-1		False	0.012837224705172217
HOXD3		False	0.012837224705172217
NDC80		False	0.012837224705172217
FAIM	ENSG00000158234	True	0.012837224705172217
IHH		False	0.012837224705172217
GZMH	ENSG00000100450	True	0.012837224705172217
GIMAP5		False	0.012837224705172217
PKP4	ENSG00000144283	True	0.012837224705172217
GZMK	ENSG00000113088	True	0.012837224705172217
METTL2A		False	0.012837224705172217
BTN3A2	ENSG00000186470	True	0.012837224705172217
TCF20	ENSG00000100207	True	0.012837224705172217
KRTAP13-4		False	0.012837224705172217
HLA-DOA	ENSG00000204252	True	0.012837224705172217
RDH10		False	0.012837224705172217
NSMCE3		False	0.012837224705172217
PDZD8	ENSG00000165650	True	0.00860017176191757
ATP5MC1		False	0.00860017176191757
PTGS2	ENSG00000073756	True	0.00860017176191757
SUMF1	ENSG00000144455	True	0.00860017176191757
CHCHD7	ENSG00000170791	True	0.00860017176191757
THEMIS2	ENSG00000130775	True	0.00860017176191757
PLEKHF1	ENSG00000166289	True	0.00860017176191757
C1orf131	ENSG00000143633	True	0.00860017176191757
DEFA4	ENSG00000164821	True	0.00860017176191757
LILRA4	ENSG00000239961	True	0.00860017176191757
ERCC1	ENSG00000012061	True	0.00860017176191757
LRRC8A		False	0.00860017176191757
PPFIBP2	ENSG00000166387	True	0.00860017176191757
NPL	ENSG00000135838	True	0.00860017176191757
LRRC41	ENSG00000132128	True	0.00860017176191757
REG4	ENSG00000134193	True	0.00860017176191757
RBP3	ENSG00000265203	True	0.00860017176191757
BFSP1	ENSG00000125864	True	0.00860017176191757
ING4	ENSG00000111653	True	0.00860017176191757
KIT	ENSG00000157404	True	0.004321373782642578
MET	ENSG00000105976	True	0.004321373782642578
MREG		False	0.004321373782642578
STING1	ENSG00000184584	True	0.004321373782642578
RCAN1	ENSG00000159200	True	0.004321373782642578
TFAP4	ENSG00000090447	True	0.004321373782642578
LCE1C		False	0.004321373782642578
SLC27A1		False	0.004321373782642578
CDC42BPA	ENSG00000143776	True	0.004321373782642578
MLLT1	ENSG00000130382	True	0.004321373782642578
FRMD8	ENSG00000126391	True	0.004321373782642578
RBM45	ENSG00000155636	True	0.004321373782642578
EPN2	ENSG00000072134	True	0.004321373782642578
CRACR2A	ENSG00000130038	True	0.004321373782642578
SMAD9	ENSG00000120693	True	0.004321373782642578
RNASEL	ENSG00000135828	True	0.004321373782642578
RIN3	ENSG00000100599	True	0.004321373782642578
MUSTN1		False	0.004321373782642578
TIMELESS	ENSG00000111602	True	0.004321373782642578
POLR3D	ENSG00000168495	True	0.004321373782642578
SRFBP1	ENSG00000151304	True	0.004321373782642578
GGT2		False	0.0
EPS8L3	ENSG00000198758	True	0.0
FBXL18		False	0.0
C1orf122		False	0.0
ORMDL3		False	0.0
C1QTNF3	ENSG00000082196	True	0.0
HBM		False	0.0
TVP23B	ENSG00000171928	True	0.0
RIOX1		False	0.0
NKX2-1	ENSG00000136352	True	0.0
GREM1	ENSG00000166923	True	-0.0004345117740176917
EAF1	ENSG00000144597	True	-0.0004345117740176917
AGFG2	ENSG00000106351	True	-0.0013048416883442813
NGFR	ENSG00000064300	True	-0.0013048416883442813
TSC1	ENSG00000165699	True	-0.0013048416883442813
CDC37L1	ENSG00000106993	True	-0.0013048416883442813
SMAD1	ENSG00000170365	True	-0.00261361560268669
GTF2H2		False	-0.00261361560268669
INPP5K		False	-0.0030507515046188267
RAP1GAP	ENSG00000076864	True	-0.0030507515046188267
CIR1	ENSG00000138433	True	-0.0030507515046188267
RIPK2	ENSG00000104312	True	-0.0034883278458213473
FBXL20	ENSG00000108306	True	-0.0039263455147246756
NOS1AP	ENSG00000198929	True	-0.0039263455147246756
DENND4A	ENSG00000174485	True	-0.0039263455147246756
PPM1K	ENSG00000163644	True	-0.0039263455147246756
UNC119	ENSG00000109103	True	-0.004364805402450088
RREB1	ENSG00000124782	True	-0.004803708402820599
ARL15	ENSG00000185305	True	-0.005243055412371883
FAM168B	ENSG00000152102	True	-0.005243055412371883
EVA1B	ENSG00000142694	True	-0.005243055412371883
INPP5F		False	-0.005682847330363273
LDB1	ENSG00000198728	True	-0.0061230850587887945
GFRA1	ENSG00000151892	True	-0.0061230850587887945
CD320	ENSG00000167775	True	-0.007004901568658489
CTDSP1		False	-0.007004901568658489
POLR3H	ENSG00000100413	True	-0.007446482167864384
CBWD3		False	-0.007446482167864384
CBWD5		False	-0.007446482167864384
ITK		False	-0.007446482167864384
SUPT7L	ENSG00000119760	True	-0.007446482167864384
MYC	ENSG00000136997	True	-0.007446482167864384
ATN1	ENSG00000111676	True	-0.00788851221305034
NTRK2	ENSG00000148053	True	-0.00788851221305034
ULK3	ENSG00000140474	True	-0.008330992620051497
GSDMA	ENSG00000167914	True	-0.008330992620051497
MID1IP1	ENSG00000165175	True	-0.008330992620051497
LCE1E		False	-0.00877392430750515
RAD51AP1		False	-0.009661145212398569
FMO3	ENSG00000007933	True	-0.009661145212398569
LCE1B		False	-0.010105436281226938
KIAA1671	ENSG00000197077	True	-0.010105436281226938
MKRN2	ENSG00000075975	True	-0.010105436281226938
LECT2	ENSG00000145826	True	-0.010550182333308195
PYGO2	ENSG00000163348	True	-0.010995384301463193
RGPD4	ENSG00000196862	True	-0.010995384301463193
MLLT6	ENSG00000275023	True	-0.011441043121384482
KCTD15		False	-0.0118871597316481
C2orf76	ENSG00000186132	True	-0.012333735073725434
ARHGAP5	ENSG00000100852	True	-0.012333735073725434
GDPD3	ENSG00000102886	True	-0.012333735073725434
LIN52	ENSG00000205659	True	-0.012780770091995148
MCM3AP	ENSG00000160294	True	-0.012780770091995148
GPR89A		False	-0.012780770091995148
GPR89B		False	-0.012780770091995148
ADGRG6	ENSG00000112414	True	-0.012780770091995148
MTFR1	ENSG00000066855	True	-0.01322826573375516
CLDN9		False	-0.013676222949234686
CCL3		False	-0.013676222949234686
PABPC5	ENSG00000174740	True	-0.013676222949234686
GK3P	ENSG00000229894	True	-0.014124642691606345
GBP4	ENSG00000162654	True	-0.014124642691606345
SLC7A2		False	-0.014124642691606345
RAD9A	ENSG00000172613	True	-0.014573525916998339
PTGIS	ENSG00000124212	True	-0.014573525916998339
RGPD1	ENSG00000187627	True	-0.014573525916998339
IMPACT	ENSG00000154059	True	-0.015022873584506671
NME6	ENSG00000172113	True	-0.015022873584506671
EPHB4	ENSG00000196411	True	-0.015472686656207449
FAM76B	ENSG00000077458	True	-0.015472686656207449
SMARCD3	ENSG00000082014	True	-0.0163737128754655
GTSF1	ENSG00000170627	True	-0.0163737128754655
HMGXB4	ENSG00000100281	True	-0.0163737128754655
MTHFSD	ENSG00000103248	True	-0.016824927962187056
RGPD2	ENSG00000185304	True	-0.017276612331454656
ALOX5AP	ENSG00000132965	True	-0.017276612331454656
KLHL41	ENSG00000239474	True	-0.017728766960431602
ELAVL2	ENSG00000107105	True	-0.017728766960431602
ENTPD5	ENSG00000187097	True	-0.018181392829336417
NBDY		False	-0.018181392829336417
MRTFA	ENSG00000196588	True	-0.018181392829336417
ZWINT		False	-0.018181392829336417
VRK3	ENSG00000105053	True	-0.018181392829336417
SH3BP4	ENSG00000130147	True	-0.018634490921455603
KLK2	ENSG00000167751	True	-0.019542107723899943
ARVCF	ENSG00000099889	True	-0.019542107723899943
LOXL4	ENSG00000138131	True	-0.020451625295904902
NUP42		False	-0.020451625295904902
SQLE	ENSG00000104549	True	-0.020451625295904902
MICALL2	ENSG00000164877	True	-0.020451625295904902
MT1E	ENSG00000169715	True	-0.02090709936167361
CBWD2		False	-0.02090709936167361
BRI3	ENSG00000164713	True	-0.02090709936167361
STARD3NL	ENSG00000010270	True	-0.021363051615525673
CD177	ENSG00000204936	True	-0.021363051615525673
MAP7D3	ENSG00000129680	True	-0.021363051615525673
PHKA1	ENSG00000067177	True	-0.021363051615525673
EIF2AK4	ENSG00000128829	True	-0.021819483062586086
TNRC6B	ENSG00000100354	True	-0.021819483062586086
SNRNP35	ENSG00000184209	True	-0.021819483062586086
TNFRSF14	ENSG00000157873	True	-0.021819483062586086
PLSCR3	ENSG00000187838	True	-0.021819483062586086
EXOC6	ENSG00000138190	True	-0.022733787572707352
NCOA3	ENSG00000124151	True	-0.022733787572707352
CHRDL2	ENSG00000054938	True	-0.023191662661933767
MELK	ENSG00000165304	True	-0.023191662661933767
EMB		False	-0.023191662661933767
HEXIM2	ENSG00000168517	True	-0.0236500209967266
MT1B		False	-0.0236500209967266
KBTBD11	ENSG00000176595	True	-0.024568191490737076
CDC42EP2	ENSG00000149798	True	-0.024568191490737076
DDX4	ENSG00000152670	True	-0.024568191490737076
NMRK1	ENSG00000106733	True	-0.024568191490737076
PLEKHA1	ENSG00000107679	True	-0.02502800570193105
DCP1B	ENSG00000151065	True	-0.02548830726267165
HAUS3	ENSG00000214367	True	-0.025949097207122653
REEP3		False	-0.026410376572743116
RNF4	ENSG00000063978	True	-0.026872146400301365
TTC39C	ENSG00000168234	True	-0.026872146400301365
TOMM40L	ENSG00000158882	True	-0.026872146400301365
INTS8	ENSG00000164941	True	-0.027334407733889104
KNTC1	ENSG00000184445	True	-0.027797161620935564
SEMA3B	ENSG00000012171	True	-0.027797161620935564
POP5	ENSG00000167272	True	-0.02826040911222171
RDH16	ENSG00000139547	True	-0.02826040911222171
PABPC4L		False	-0.028724151261894745
HOOK2	ENSG00000095066	True	-0.028724151261894745
MAGEC1	ENSG00000155495	True	-0.0291883891274822
HIRA	ENSG00000100084	True	-0.0291883891274822
PHF10	ENSG00000130024	True	-0.029653123769906618
STEAP2	ENSG00000157214	True	-0.029653123769906618
GMEB2	ENSG00000101216	True	-0.030118356253500032
IREB2	ENSG00000136381	True	-0.030118356253500032
LYSMD3	ENSG00000176018	True	-0.031050319018657353
SULT1E1	ENSG00000109193	True	-0.03151705144606486
IRS2	ENSG00000185950	True	-0.03198428600635821
ENSP00000496315		False	-0.03198428600635821
FOXP4	ENSG00000137166	True	-0.032452023781137915
SLC38A9	ENSG00000177058	True	-0.0329202658555029
CAMSAP1	ENSG00000130559	True	-0.0329202658555029
MMACHC	ENSG00000132763	True	-0.0329202658555029
P3H4		False	-0.033389013318065645
GTF2H3	ENSG00000111358	True	-0.033389013318065645
KIAA1324		False	-0.033389013318065645
FAM117B	ENSG00000138439	True	-0.03385826726096737
NADSYN1	ENSG00000172890	True	-0.03432802877989328
USP25	ENSG00000155313	True	-0.03432802877989328
EPB41L5	ENSG00000115109	True	-0.03432802877989328
RFXAP		False	-0.03432802877989328
CSPG4	ENSG00000173546	True	-0.03432802877989328
SMPDL3B		False	-0.03479829897408793
NTHL1	ENSG00000065057	True	-0.03479829897408793
HSD17B6	ENSG00000025423	True	-0.03479829897408793
GRAP	ENSG00000154016	True	-0.03526907894637064
NPY	ENSG00000122585	True	-0.03526907894637064
DHRS3	ENSG00000162496	True	-0.03526907894637064
ZBTB21	ENSG00000173276	True	-0.03574036980315106
BCL11B	ENSG00000127152	True	-0.03574036980315106
NEK8	ENSG00000160602	True	-0.03574036980315106
RSBN1L	ENSG00000187257	True	-0.03574036980315106
USP36	ENSG00000055483	True	-0.036212172654444715
NELL2	ENSG00000184613	True	-0.03668448861388872
SPATA20	ENSG00000006282	True	-0.03668448861388872
ACAD11	ENSG00000240303	True	-0.03668448861388872
DUS1L	ENSG00000169718	True	-0.03715731879875755
RBCK1		False	-0.03715731879875755
PLEKHO1		False	-0.03763066432997889
POLG	ENSG00000140521	True	-0.03763066432997889
HSPA12B	ENSG00000132622	True	-0.03763066432997889
CLDN23		False	-0.03763066432997889
TRIOBP	ENSG00000100106	True	-0.0381045263321496
CDH11	ENSG00000140937	True	-0.0381045263321496
APAF1	ENSG00000120868	True	-0.038578905933551705
DOCK9	ENSG00000088387	True	-0.038578905933551705
VPS72		False	-0.038578905933551705
CCDC59	ENSG00000133773	True	-0.039529222465701036
KAT8		False	-0.04000516167158381
DFFB	ENSG00000169598	True	-0.04000516167158381
SATB2	ENSG00000119042	True	-0.04000516167158381
DCAF11	ENSG00000100897	True	-0.040481623027001735
NXT1		False	-0.040958607678906384
CLCN7	ENSG00000103249	True	-0.040958607678906384
GNLY	ENSG00000115523	True	-0.040958607678906384
ETFRF1	ENSG00000205707	True	-0.040958607678906384
GPM6B	ENSG00000046653	True	-0.040958607678906384
SLC9A6	ENSG00000198689	True	-0.041436116778032536
AMACR	ENSG00000242110	True	-0.041436116778032536
PLXNA4	ENSG00000221866	True	-0.04191415147891488
MYH15	ENSG00000144821	True	-0.04191415147891488
PLA2G12B	ENSG00000138308	True	-0.042871802323186915
MYL7	ENSG00000106631	True	-0.042871802323186915
ATG12	ENSG00000145782	True	-0.043351420794796675
FUOM	ENSG00000148803	True	-0.043351420794796675
DNAJC12	ENSG00000108176	True	-0.043351420794796675
TM4SF1	ENSG00000169908	True	-0.04383156952463668
BRCA1	ENSG00000012048	True	-0.04383156952463668
TXNIP	ENSG00000265972	True	-0.04383156952463668
TATDN3	ENSG00000203705	True	-0.04431224968649419
EAPP	ENSG00000129518	True	-0.04431224968649419
TK2	ENSG00000166548	True	-0.04431224968649419
MAGEA9		False	-0.04431224968649419
MAGEA9B		False	-0.04431224968649419
PLD4	ENSG00000166428	True	-0.04431224968649419
NECTIN4	ENSG00000143217	True	-0.04479346245805826
GPX5		False	-0.04479346245805826
ABCD1	ENSG00000101986	True	-0.04479346245805826
BORCS8	ENSG00000254901	True	-0.045757490560675115
GATA3	ENSG00000107485	True	-0.046240308266771224
ISG20L2	ENSG00000143319	True	-0.046240308266771224
ENSP00000482263		False	-0.046240308266771224
OSBPL1A	ENSG00000141447	True	-0.04672366333269562
SARAF		False	-0.04672366333269562
FMO5	ENSG00000131781	True	-0.047207556955907906
LMBRD2	ENSG00000164187	True	-0.047207556955907906
CA4	ENSG00000167434	True	-0.047691990337874794
HAUS7		False	-0.047691990337874794
BOLA3	ENSG00000163170	True	-0.04817696468408802
CXXC1	ENSG00000154832	True	-0.04866248120408232
CAPN5	ENSG00000149260	True	-0.04866248120408232
B3GNT8	ENSG00000177191	True	-0.049148541111453566
ZC3H7B	ENSG00000100403	True	-0.049148541111453566
RNF14	ENSG00000013561	True	-0.04963514562387693
SKA2	ENSG00000182628	True	-0.04963514562387693
LMBRD1	ENSG00000168216	True	-0.04963514562387693
UBN1	ENSG00000118900	True	-0.0501222959631252
CYLD	ENSG00000083799	True	-0.05060999335508721
SIRPG		False	-0.05060999335508721
TBPL1	ENSG00000028839	True	-0.05060999335508721
BCL7B	ENSG00000106635	True	-0.05060999335508721
MON1B	ENSG00000103111	True	-0.0510982390297863
PDGFRB	ENSG00000113721	True	-0.05158703422139897
SRGAP2B		False	-0.05158703422139897
CSNK1G2	ENSG00000133275	True	-0.05158703422139897
PADI4	ENSG00000159339	True	-0.0520763801682736
PHYHD1		False	-0.0520763801682736
PIK3R2	ENSG00000105647	True	-0.0520763801682736
LETMD1		False	-0.0520763801682736
PATJ	ENSG00000132849	True	-0.0520763801682736
RBMXL3	ENSG00000175718	True	-0.05256627811294924
EDEM1	ENSG00000134109	True	-0.05256627811294924
NME7	ENSG00000143156	True	-0.05256627811294924
SRGAP2C		False	-0.05256627811294924
SFT2D2	ENSG00000213064	True	-0.05305672930217456
RAB5IF	ENSG00000101084	True	-0.05354773498692691
CROCC	ENSG00000058453	True	-0.05354773498692691
TFAP2C	ENSG00000087510	True	-0.05354773498692691
ZNF579	ENSG00000218891	True	-0.05403929642243141
CBWD6		False	-0.05403929642243141
INTS6	ENSG00000102786	True	-0.05403929642243141
CSNK1G1		False	-0.054531414868180264
APOL3		False	-0.054531414868180264
DGCR8	ENSG00000128191	True	-0.054531414868180264
TADA1	ENSG00000152382	True	-0.05502409158795209
TCAF1	ENSG00000198420	True	-0.05502409158795209
HPDL		False	-0.05502409158795209
RPAIN	ENSG00000129197	True	-0.05551732784983137
LILRB5	ENSG00000105609	True	-0.05551732784983137
EML1	ENSG00000066629	True	-0.05551732784983137
PRPF18	ENSG00000165630	True	-0.056011124926228104
SIKE1	ENSG00000052723	True	-0.05650548409389743
TBC1D10A	ENSG00000099992	True	-0.05650548409389743
ACP5	ENSG00000102575	True	-0.05650548409389743
SIPA1L1	ENSG00000197555	True	-0.05700040663395948
ENTR1	ENSG00000165689	True	-0.05700040663395948
TBX3		False	-0.05749589383191927
SAMD9	ENSG00000205413	True	-0.057991946977686754
METTL5	ENSG00000138382	True	-0.05848856736559697
SOX4	ENSG00000124766	True	-0.05898575629443027
BNIP3	ENSG00000176171	True	-0.05898575629443027
DNAL1	ENSG00000119661	True	-0.05898575629443027
COX7B	ENSG00000131174	True	-0.05898575629443027
KMO	ENSG00000117009	True	-0.05948351506743278
TBC1D2B	ENSG00000167202	True	-0.05948351506743278
AGO3	ENSG00000126070	True	-0.059981844992336796
HACD2	ENSG00000206527	True	-0.060480747381381476
CHD8		False	-0.060480747381381476
FLVCR1	ENSG00000162769	True	-0.060980223551333534
WDSUB1	ENSG00000196151	True	-0.060980223551333534
PICK1	ENSG00000100151	True	-0.0614802748235081
VKORC1L1	ENSG00000196715	True	-0.0614802748235081
AKR1D1	ENSG00000122787	True	-0.0614802748235081
RAI1	ENSG00000108557	True	-0.0614802748235081
DTWD2	ENSG00000169570	True	-0.0614802748235081
SLC46A1	ENSG00000076351	True	-0.06248210798265336
N6AMT1	ENSG00000156239	True	-0.06248210798265336
RFT1	ENSG00000163933	True	-0.06248210798265336
SERPINB7	ENSG00000166396	True	-0.06248210798265336
COL11A1		False	-0.06248210798265336
WDR7	ENSG00000091157	True	-0.06298389253518578
ZNF668	ENSG00000167394	True	-0.06348625752110672
PPP1R3E	ENSG00000235194	True	-0.06398920428479041
PPP4R3B	ENSG00000275052	True	-0.06398920428479041
TRIM32	ENSG00000119401	True	-0.06449273417528721
TRIM65	ENSG00000141569	True	-0.06449273417528721
ALDH3B2	ENSG00000132746	True	-0.06499684854634524
NOTCH1	ENSG00000148400	True	-0.06499684854634524
DPH1	ENSG00000108963	True	-0.06499684854634524
ENSP00000497169		False	-0.06550154875643228
LCMT2	ENSG00000168806	True	-0.0660068361687577
KHDC4	ENSG00000132680	True	-0.0660068361687577
PPM1H	ENSG00000111110	True	-0.06651271215129456
SLC12A4	ENSG00000124067	True	-0.06651271215129456
ZDHHC13	ENSG00000177054	True	-0.06651271215129456
TMPRSS11D	ENSG00000153802	True	-0.06701917807680184
CTSK		False	-0.06701917807680184
RNF167	ENSG00000108523	True	-0.06752623532284678
MGAM	ENSG00000257335	True	-0.06752623532284678
MEF2A	ENSG00000068305	True	-0.06752623532284678
TOPORS	ENSG00000197579	True	-0.06803388527182737
DAB2IP		False	-0.06803388527182737
NHLRC3	ENSG00000188811	True	-0.06803388527182737
C16orf70		False	-0.06803388527182737
APOBEC3G	ENSG00000239713	True	-0.06803388527182737
BRAP	ENSG00000089234	True	-0.06854212931099495
CD2	ENSG00000116824	True	-0.06905096883247698
TMEM237	ENSG00000155755	True	-0.06905096883247698
SH3BP5L	ENSG00000175137	True	-0.0695604052332999
DIAPH3		False	-0.07007043991541213
CCDC117	ENSG00000159873	True	-0.07058107428570728
WDR89	ENSG00000140006	True	-0.07058107428570728
PPDPF		False	-0.07109230975604734
TPRG1	ENSG00000188001	True	-0.07109230975604734
KLHDC10	ENSG00000128607	True	-0.07109230975604734
SKA3	ENSG00000165480	True	-0.07109230975604734
KRTAP4-2		False	-0.07160414774328619
CAMSAP2	ENSG00000118200	True	-0.07160414774328619
RANBP10		False	-0.07160414774328619
TBC1D10C	ENSG00000175463	True	-0.07160414774328619
PLAT	ENSG00000104368	True	-0.07160414774328619
RPS6KA5	ENSG00000100784	True	-0.07160414774328619
SLU7	ENSG00000164609	True	-0.0721165896692931
NANP	ENSG00000170191	True	-0.0721165896692931
CDK18	ENSG00000117266	True	-0.07262963696097648
C12orf75	ENSG00000235162	True	-0.07262963696097648
IP6K1	ENSG00000176095	True	-0.07314329105030767
SEZ6L2	ENSG00000174938	True	-0.07314329105030767
PTDSS2	ENSG00000174915	True	-0.07365755337434496
MARK1	ENSG00000116141	True	-0.07365755337434496
TVP23C-CDRT4		False	-0.07365755337434496
TM9SF1	ENSG00000100926	True	-0.07417242537525769
CCNA2	ENSG00000145386	True	-0.07417242537525769
C12orf45		False	-0.07468790850035051
KERA	ENSG00000139330	True	-0.07468790850035051
RBKS	ENSG00000171174	True	-0.07520400420208784
CRHBP	ENSG00000145708	True	-0.07520400420208784
ZBTB12	ENSG00000204366	True	-0.07520400420208784
PDE4D	ENSG00000113448	True	-0.07520400420208784
H3BMQ9_HUMAN		False	-0.07572071393811836
CDC14A	ENSG00000079335	True	-0.07572071393811836
CCL24		False	-0.07623803917129975
MAD2L1BP		False	-0.07623803917129975
PRKAG2	ENSG00000106617	True	-0.07623803917129975
SMG1	ENSG00000157106	True	-0.07727454200674003
TRMT11		False	-0.07727454200674003
DCP2	ENSG00000172795	True	-0.07727454200674003
FAAH	ENSG00000117480	True	-0.07727454200674003
RCHY1	ENSG00000163743	True	-0.07727454200674003
DTL	ENSG00000143476	True	-0.07779372256098363
ATP7A	ENSG00000165240	True	-0.07831352451639793
IDUA	ENSG00000127415	True	-0.07831352451639793
MTMR6		False	-0.07831352451639793
LIN9	ENSG00000183814	True	-0.07831352451639793
VPS13A	ENSG00000197969	True	-0.0788339493622613
EOGT	ENSG00000163378	True	-0.0788339493622613
IFRD2	ENSG00000214706	True	-0.0788339493622613
ZNF281	ENSG00000162702	True	-0.07935499859321243
SNUPN	ENSG00000169371	True	-0.07935499859321243
CHAC2	ENSG00000143942	True	-0.07987667370927608
ENSP00000499467		False	-0.08039897621588903
GOLGA1	ENSG00000136935	True	-0.08039897621588903
TMEM63A		False	-0.08092190762392612
AKTIP	ENSG00000166971	True	-0.08144546944972647
HMG20B	ENSG00000064961	True	-0.08144546944972647
USP3		False	-0.08196966321511988
MED16	ENSG00000175221	True	-0.08196966321511988
KIF1B	ENSG00000054523	True	-0.08249449044745336
TRIM23	ENSG00000113595	True	-0.0830199526796178
PDE3B		False	-0.0830199526796178
LILRA1		False	-0.0830199526796178
THG1L	ENSG00000113272	True	-0.0830199526796178
FAM131B		False	-0.08354605145007493
PLXNB1	ENSG00000164050	True	-0.08354605145007493
KIAA1191	ENSG00000122203	True	-0.08407278830288423
OST4		False	-0.08407278830288423
STK11IP	ENSG00000144589	True	-0.08407278830288423
OSBPL10		False	-0.08407278830288423
ATF7-NPFF	ENSG00000267281	True	-0.08460016478773018
NR2F1		False	-0.08460016478773018
MRPL35	ENSG00000132313	True	-0.08460016478773018
GATAD1		False	-0.08565684288055925
TTI2	ENSG00000129696	True	-0.08565684288055925
ST3GAL4	ENSG00000110080	True	-0.08618614761628333
SINHCAF	ENSG00000139146	True	-0.08618614761628333
LIMK1	ENSG00000106683	True	-0.08671609823958155
CLDN4	ENSG00000189143	True	-0.08671609823958155
VANGL1	ENSG00000173218	True	-0.08671609823958155
RPS6KA6	ENSG00000072133	True	-0.08724669632867703
PODN		False	-0.08777794346758454
SLC43A3	ENSG00000134802	True	-0.08777794346758454
H7C4K7_HUMAN		False	-0.08830984124613889
MYO5B	ENSG00000167306	True	-0.08830984124613889
HAPLN3	ENSG00000140511	True	-0.08830984124613889
TFDP1	ENSG00000198176	True	-0.08884239126002341
INO80B		False	-0.08884239126002341
DENND1A		False	-0.08884239126002341
COL8A1	ENSG00000144810	True	-0.0893755951107988
FBXO4		False	-0.0893755951107988
BRD9	ENSG00000028310	True	-0.0893755951107988
TAF5	ENSG00000148835	True	-0.08990945440593186
SLC25A40	ENSG00000075303	True	-0.08990945440593186
CDHR2	ENSG00000074276	True	-0.08990945440593186
TCIRG1	ENSG00000110719	True	-0.09044397075882467
GRHL2	ENSG00000083307	True	-0.09044397075882467
SYTL1	ENSG00000142765	True	-0.09151498112135022
RGPD8	ENSG00000169629	True	-0.09205147838772766
PLCD3	ENSG00000161714	True	-0.09205147838772766
MTRR	ENSG00000124275	True	-0.09258863922541381
TGFBR2		False	-0.09258863922541381
RHCG	ENSG00000140519	True	-0.09312646527792956
AGPAT2	ENSG00000169692	True	-0.09312646527792956
CHAD	ENSG00000136457	True	-0.09312646527792956
TSPYL1	ENSG00000189241	True	-0.09366495819490933
RTN4RL2		False	-0.09366495819490933
C18orf32	ENSG00000177576	True	-0.0947439512515487
FAM241B	ENSG00000171224	True	-0.09528445472131904
CAMKV	ENSG00000164076	True	-0.09528445472131904
POLE2	ENSG00000100479	True	-0.09582563171583647
LAMC2	ENSG00000058085	True	-0.09582563171583647
CLN8		False	-0.09582563171583647
ABLIM2	ENSG00000163995	True	-0.09582563171583647
MLF1	ENSG00000178053	True	-0.09636748391576232
MKLN1	ENSG00000128585	True	-0.09636748391576232
CYP27A1	ENSG00000135929	True	-0.09691001300805639
CD8A	ENSG00000153563	True	-0.09691001300805639
MCRIP2	ENSG00000172366	True	-0.09691001300805639
SVIP	ENSG00000198168	True	-0.09691001300805639
PAH	ENSG00000171759	True	-0.09745322068600859
IL24	ENSG00000162892	True	-0.09799710864927055
PCP4	ENSG00000183036	True	-0.09799710864927055
COX6A2		False	-0.09799710864927055
ECT2		False	-0.09799710864927055
F3	ENSG00000117525	True	-0.09854167860388763
ACSL6	ENSG00000164398	True	-0.09854167860388763
PIK3R6	ENSG00000276231	True	-0.09854167860388763
DOCK1	ENSG00000150760	True	-0.09908693226233094
NADK	ENSG00000008130	True	-0.09908693226233094
TIPIN	ENSG00000075131	True	-0.09963287134352969
ESRRA	ENSG00000173153	True	-0.09963287134352969
ZNF592	ENSG00000166716	True	-0.09963287134352969
GBP5	ENSG00000154451	True	-0.10017949757290372
MVB12B		False	-0.10072681268239618
GTF2H2C		False	-0.10072681268239618
MAPKAP1	ENSG00000119487	True	-0.10127481841050648
SMIM11B		False	-0.10127481841050648
SMIM11A		False	-0.10127481841050648
AZI2	ENSG00000163512	True	-0.10127481841050648
PTS	ENSG00000150787	True	-0.10182351650232342
PNMA2	ENSG00000240694	True	-0.10237290870955855
INPP5A	ENSG00000068383	True	-0.10237290870955855
FAM219A	ENSG00000164970	True	-0.10237290870955855
COL5A3	ENSG00000080573	True	-0.10292299679057967
MANBAL	ENSG00000101363	True	-0.10347378251044466
FIGNL1	ENSG00000132436	True	-0.10347378251044466
TMEM161A	ENSG00000064545	True	-0.10402526764093542
CELA3B	ENSG00000219073	True	-0.10402526764093542
ITLN1	ENSG00000179914	True	-0.10402526764093542
AKAP4	ENSG00000147081	True	-0.10402526764093542
RARRES1	ENSG00000118849	True	-0.10402526764093542
SGF29	ENSG00000176476	True	-0.10402526764093542
KCNN3	ENSG00000143603	True	-0.10402526764093542
GAB2	ENSG00000033327	True	-0.10402526764093542
PBX3	ENSG00000167081	True	-0.10402526764093542
CENPA	ENSG00000115163	True	-0.10457745396059209
JCAD	ENSG00000165757	True	-0.10457745396059209
MTIF3	ENSG00000122033	True	-0.10457745396059209
STMN4		False	-0.10457745396059209
INTS2	ENSG00000108506	True	-0.10457745396059209
CENPC		False	-0.10513034325474745
SLC30A9	ENSG00000014824	True	-0.10513034325474745
C7orf25	ENSG00000136197	True	-0.10513034325474745
EEF1AKMT4		False	-0.10568393731556154
AVIL	ENSG00000135407	True	-0.10568393731556154
ADAM17	ENSG00000151694	True	-0.10623823794205658
FOXO3B		False	-0.10679324694015198
BBX	ENSG00000114439	True	-0.10679324694015198
NUDT14	ENSG00000183828	True	-0.10734896612269966
CHD2	ENSG00000173575	True	-0.10734896612269966
GNG3		False	-0.10790539730951958
UROC1	ENSG00000159650	True	-0.10846254232743553
SCGN	ENSG00000079689	True	-0.10846254232743553
COCH		False	-0.10846254232743553
SH3D19	ENSG00000109686	True	-0.10846254232743553
DNAJC25-GNG10		False	-0.10902040301031106
RMC1	ENSG00000141452	True	-0.10957898119908573
TTF1	ENSG00000125482	True	-0.10957898119908573
SULT2B1	ENSG00000088002	True	-0.10957898119908573
NSD3	ENSG00000147548	True	-0.1106982974936897
D2HGDH	ENSG00000180902	True	-0.1106982974936897
XPR1	ENSG00000143324	True	-0.1106982974936897
STMP1		False	-0.1106982974936897
SPRY4	ENSG00000187678	True	-0.11125903931710739
WIF1		False	-0.11182050608167508
FAM234A	ENSG00000167930	True	-0.11182050608167508
MITD1	ENSG00000158411	True	-0.11182050608167508
TASP1	ENSG00000089123	True	-0.11238269966426384
MAP3K4	ENSG00000085511	True	-0.11238269966426384
SCGB2A2	ENSG00000110484	True	-0.11238269966426384
PRRX1	ENSG00000116132	True	-0.11294562194904302
ABCA8	ENSG00000141338	True	-0.11350927482751812
EFNA1	ENSG00000169242	True	-0.11407366019856895
M0QZ92_HUMAN		False	-0.11407366019856895
DDX28	ENSG00000182810	True	-0.114638779968488
NARF		False	-0.114638779968488
CXCL14	ENSG00000145824	True	-0.114638779968488
ARHGEF10	ENSG00000104728	True	-0.114638779968488
KLHL7	ENSG00000122550	True	-0.11520463605101904
DHX33	ENSG00000005100	True	-0.11520463605101904
RAPGEF2		False	-0.11577123036739606
PACS2		False	-0.11577123036739606
ACSM3	ENSG00000005187	True	-0.11577123036739606
THADA	ENSG00000115970	True	-0.11633856484638239
KRTAP4-8		False	-0.11633856484638239
RGPD5	ENSG00000015568	True	-0.11633856484638239
RGPD6	ENSG00000183054	True	-0.11633856484638239
RAVER2	ENSG00000162437	True	-0.11633856484638239
CPA4		False	-0.11690664142431006
COPRS	ENSG00000172301	True	-0.11747546204511952
TAB2	ENSG00000055208	True	-0.11747546204511952
FBXO3		False	-0.11747546204511952
RRAGB	ENSG00000083750	True	-0.1180450286603995
ZC2HC1A	ENSG00000104427	True	-0.1180450286603995
MID1	ENSG00000101871	True	-0.1180450286603995
KIF14	ENSG00000118193	True	-0.1180450286603995
PSEN2		False	-0.11861534322942717
CEP97	ENSG00000182504	True	-0.11861534322942717
KRTAP1-3		False	-0.11918640771920865
MIB1	ENSG00000101752	True	-0.11918640771920865
CHURC1	ENSG00000258289	True	-0.11918640771920865
TC2N	ENSG00000165929	True	-0.11975822410451964
SYNJ1	ENSG00000159082	True	-0.11975822410451964
TRIM14	ENSG00000106785	True	-0.12033079436794646
GGCX	ENSG00000115486	True	-0.12033079436794646
ZNF385A		False	-0.12090412049992724
UNC45B		False	-0.12090412049992724
FMNL2	ENSG00000157827	True	-0.12090412049992724
DAAM2	ENSG00000146122	True	-0.12147820449879346
LOXL2	ENSG00000134013	True	-0.12205304837081175
KANSL1	ENSG00000120071	True	-0.12205304837081175
ASB3	ENSG00000115239	True	-0.12262865413022594
NUDT8	ENSG00000167799	True	-0.12262865413022594
SCG2	ENSG00000171951	True	-0.12262865413022594
GRIA3	ENSG00000125675	True	-0.12262865413022594
PPP3R2	ENSG00000188386	True	-0.12378215940835775
ARHGEF5	ENSG00000050327	True	-0.12378215940835775
ILRUN	ENSG00000196821	True	-0.12378215940835775
LCE2A		False	-0.12378215940835775
SYT7	ENSG00000011347	True	-0.12378215940835775
SPAG1	ENSG00000104450	True	-0.1243600629958316
SLC35F2	ENSG00000110660	True	-0.12493873660829995
FBXW11	ENSG00000072803	True	-0.12493873660829995
DAPK3	ENSG00000167657	True	-0.12493873660829995
MYBL2	ENSG00000101057	True	-0.12551818230053352
MAN1C1	ENSG00000117643	True	-0.12551818230053352
ADH7	ENSG00000196344	True	-0.12609840213553863
UHRF1BP1		False	-0.12609840213553863
PPFIA3	ENSG00000177380	True	-0.12609840213553863
ITGB7		False	-0.12667939818460122
ZNF703	ENSG00000183779	True	-0.12784372725170717
SLC33A1	ENSG00000169359	True	-0.1284270644541213
KMT2B		False	-0.1284270644541213
IL6	ENSG00000136244	True	-0.1290111862394247
TLE1	ENSG00000196781	True	-0.1290111862394247
RFX1	ENSG00000132005	True	-0.1290111862394247
SEPTIN14	ENSG00000154997	True	-0.12959609472097294
CCDC8	ENSG00000169515	True	-0.12959609472097294
DCX	ENSG00000077279	True	-0.13018179202067184
R3HDM1		False	-0.13076828026902382
ZNF671	ENSG00000083814	True	-0.13076828026902382
R3HDM4	ENSG00000198858	True	-0.13076828026902382
BCL9	ENSG00000116128	True	-0.13135556160517428
GIGYF1	ENSG00000146830	True	-0.13135556160517428
TRAF4	ENSG00000076604	True	-0.13135556160517428
MOBP	ENSG00000168314	True	-0.13135556160517428
RALGAPA1	ENSG00000174373	True	-0.13194363817695845
NCOA7	ENSG00000111912	True	-0.13194363817695845
TUSC2		False	-0.13194363817695845
MAP3K5	ENSG00000197442	True	-0.13194363817695845
SCEL	ENSG00000136155	True	-0.13253251214094852
RCCD1	ENSG00000166965	True	-0.13312218566250114
CYP11B1	ENSG00000160882	True	-0.13312218566250114
EP300	ENSG00000100393	True	-0.1337126609158051
SHANK2	ENSG00000162105	True	-0.1337126609158051
SNX29	ENSG00000048471	True	-0.1337126609158051
BCL7A	ENSG00000110987	True	-0.1337126609158051
CTU2	ENSG00000174177	True	-0.13430394008392949
TNF	ENSG00000232810	True	-0.13430394008392949
RUFY2	ENSG00000204130	True	-0.13430394008392949
DOP1B	ENSG00000142197	True	-0.13489602535887207
TAF3		False	-0.13489602535887207
SMARCAL1	ENSG00000138375	True	-0.13489602535887207
ATRAID	ENSG00000138085	True	-0.13548891894160814
SRGAP1	ENSG00000196935	True	-0.13548891894160814
CXCL1		False	-0.13548891894160814
ARHGAP9		False	-0.13548891894160814
CASP10	ENSG00000003400	True	-0.13608262304213956
LPL		False	-0.1366771398795441
PRMT7	ENSG00000132600	True	-0.1366771398795441
FARP2	ENSG00000006607	True	-0.1366771398795441
PCMTD1	ENSG00000168300	True	-0.1366771398795441
TRMU	ENSG00000100416	True	-0.1372724716820254
CDCA7L	ENSG00000164649	True	-0.1372724716820254
ELF2	ENSG00000109381	True	-0.13786862068696282
MAGI1	ENSG00000151276	True	-0.13786862068696282
LEF1	ENSG00000138795	True	-0.13786862068696282
SPON2	ENSG00000159674	True	-0.13786862068696282
CTNNA3	ENSG00000183230	True	-0.13786862068696282
RFFL	ENSG00000092871	True	-0.1384655891409622
NSUN6	ENSG00000241058	True	-0.1384655891409622
VMAC		False	-0.1384655891409622
GPX6		False	-0.1390633792999063
POLD4		False	-0.1390633792999063
BUB1B		False	-0.13966199342900631
FCSK	ENSG00000157353	True	-0.13966199342900631
GP2	ENSG00000169347	True	-0.1408617027054692
DLG5		False	-0.1408617027054692
K7EQZ3_HUMAN		False	-0.1408617027054692
PHKA2	ENSG00000044446	True	-0.14146280243036088
COL4A3	ENSG00000169031	True	-0.14146280243036088
IRF7	ENSG00000185507	True	-0.14266750356873156
PSG6	ENSG00000170848	True	-0.14266750356873156
LCE3D		False	-0.14327110961711742
STAB1	ENSG00000010327	True	-0.14327110961711742
SMG6	ENSG00000070366	True	-0.14327110961711742
DTWD1	ENSG00000104047	True	-0.1444808443321999
ARHGAP27	ENSG00000159314	True	-0.1444808443321999
TOP3B		False	-0.14508697769214446
PPP1R16B	ENSG00000101445	True	-0.14508697769214446
SFXN5	ENSG00000144040	True	-0.14508697769214446
HRC	ENSG00000130528	True	-0.14508697769214446
DENND4B	ENSG00000198837	True	-0.14508697769214446
PTPN9	ENSG00000169410	True	-0.14508697769214446
EI24	ENSG00000149547	True	-0.1456939581989194
CEP57	ENSG00000166037	True	-0.1456939581989194
EID2B	ENSG00000176401	True	-0.1456939581989194
KIF20A	ENSG00000112984	True	-0.1456939581989194
STAP2	ENSG00000178078	True	-0.1456939581989194
SPIN3	ENSG00000204271	True	-0.14691047014813446
MTMR9		False	-0.14691047014813446
TBL1Y	ENSG00000092377	True	-0.14691047014813446
FAP	ENSG00000078098	True	-0.14691047014813446
EPHA4	ENSG00000116106	True	-0.14752000636314366
GLYATL2	ENSG00000156689	True	-0.14752000636314366
NECTIN3	ENSG00000177707	True	-0.14813039927023372
TRIO	ENSG00000038382	True	-0.14813039927023372
DCAF16	ENSG00000163257	True	-0.14874165128092473
MSL1	ENSG00000188895	True	-0.14874165128092473
COL4A6		False	-0.14874165128092473
CROT	ENSG00000005469	True	-0.1493537648169335
ENDOG	ENSG00000167136	True	-0.1493537648169335
CSNK1G3	ENSG00000151292	True	-0.1493537648169335
ALOX15B	ENSG00000179593	True	-0.149966742310231
UEVLD	ENSG00000151116	True	-0.149966742310231
ANKRD40	ENSG00000154945	True	-0.149966742310231
IQCB1	ENSG00000173226	True	-0.149966742310231
ALKBH7	ENSG00000125652	True	-0.1505805862031006
PPM1L	ENSG00000163590	True	-0.1505805862031006
MUC5AC	ENSG00000215182	True	-0.1505805862031006
MINDY3	ENSG00000148481	True	-0.15119529894819625
R3HDM2	ENSG00000179912	True	-0.15119529894819625
CYP2C8	ENSG00000138115	True	-0.15119529894819625
RIN1	ENSG00000174791	True	-0.15119529894819625
PHACTR2	ENSG00000112419	True	-0.15181088300860132
MED25	ENSG00000104973	True	-0.15181088300860132
CORO2B	ENSG00000103647	True	-0.15181088300860132
OBSCN	ENSG00000154358	True	-0.15181088300860132
NT5DC3		False	-0.1524273408578878
FRZB		False	-0.1524273408578878
RHPN2	ENSG00000131941	True	-0.1524273408578878
ELAVL4	ENSG00000162374	True	-0.15304467498017607
PDK2	ENSG00000005882	True	-0.15304467498017607
SIK3	ENSG00000160584	True	-0.15304467498017607
DUSP5		False	-0.15304467498017607
GSTCD	ENSG00000138780	True	-0.15304467498017607
FXYD3	ENSG00000089356	True	-0.15304467498017607
UTP14C	ENSG00000253797	True	-0.15304467498017607
RBM24	ENSG00000112183	True	-0.15366288787019475
RAB3IL1	ENSG00000167994	True	-0.15366288787019475
PKIG	ENSG00000168734	True	-0.15366288787019475
NFKBIL1		False	-0.15428198203334137
RIPOR3	ENSG00000042062	True	-0.15428198203334137
KATNAL2	ENSG00000167216	True	-0.15428198203334137
SULT1B1	ENSG00000173597	True	-0.1549019599857432
INPP4A	ENSG00000040933	True	-0.1549019599857432
WDR62	ENSG00000075702	True	-0.1549019599857432
NFATC4	ENSG00000100968	True	-0.15552282425431863
GAN	ENSG00000261609	True	-0.15552282425431863
ANGPTL1	ENSG00000116194	True	-0.15614457737683893
APOA5		False	-0.15614457737683893
ACTL6B	ENSG00000077080	True	-0.1567672219019906
PIAS1	ENSG00000033800	True	-0.1567672219019906
INHBA		False	-0.1567672219019906
TLE4		False	-0.1567672219019906
DDX59	ENSG00000118197	True	-0.1567672219019906
AGAP3	ENSG00000133612	True	-0.1567672219019906
CYP3A4	ENSG00000160868	True	-0.1567672219019906
PENK	ENSG00000181195	True	-0.15739076038943792
GRIN1	ENSG00000176884	True	-0.15739076038943792
XYLB	ENSG00000093217	True	-0.15739076038943792
MAFF	ENSG00000185022	True	-0.15739076038943792
ARL6IP6	ENSG00000177917	True	-0.15739076038943792
CDCA4		False	-0.15801519540988615
PTTG1	ENSG00000164611	True	-0.15801519540988615
RASA2	ENSG00000155903	True	-0.15864052954514513
GALNT6	ENSG00000139629	True	-0.15864052954514513
TYSND1	ENSG00000156521	True	-0.15864052954514513
MTERF3		False	-0.1592667653881933
ETS1	ENSG00000134954	True	-0.1592667653881933
WEE1	ENSG00000166483	True	-0.15989390554324223
SPA17	ENSG00000064199	True	-0.15989390554324223
PHLDA2		False	-0.15989390554324223
CAPS2	ENSG00000180881	True	-0.15989390554324223
IL18BP	ENSG00000137496	True	-0.16052195262580163
ASTN2	ENSG00000148219	True	-0.16052195262580163
NR2C2	ENSG00000177463	True	-0.16052195262580163
SNX7	ENSG00000162627	True	-0.16052195262580163
IFI27	ENSG00000165949	True	-0.16115090926274472
CEP44	ENSG00000164118	True	-0.16115090926274472
SETDB1	ENSG00000143379	True	-0.16115090926274472
SLC39A3	ENSG00000141873	True	-0.16115090926274472
ACP6	ENSG00000162836	True	-0.1617807780923742
IRX5		False	-0.16241156176448873
POLR3F	ENSG00000132664	True	-0.16241156176448873
CLDN6		False	-0.16241156176448873
SLC25A18		False	-0.16304326294044955
C19orf47	ENSG00000160392	True	-0.16367588429324828
RBPMS2		False	-0.1643094285075744
SVBP	ENSG00000177868	True	-0.1643094285075744
UCK1	ENSG00000130717	True	-0.1643094285075744
PLEKHG3	ENSG00000126822	True	-0.1643094285075744
YY1AP1	ENSG00000163374	True	-0.1643094285075744
LCE1A		False	-0.1643094285075744
RAD51	ENSG00000051180	True	-0.16494389827988373
TMEM179B		False	-0.1655792963184674
CREB3L4	ENSG00000143578	True	-0.1655792963184674
TCF7L2	ENSG00000148737	True	-0.1655792963184674
PKMYT1		False	-0.16621562534352105
RPAP2	ENSG00000122484	True	-0.16621562534352105
LYRM1		False	-0.16621562534352105
ZNHIT6	ENSG00000117174	True	-0.16685288808721482
CACTIN	ENSG00000105298	True	-0.16685288808721482
ITGB6	ENSG00000115221	True	-0.16749108729376366
C1orf109	ENSG00000116922	True	-0.16749108729376366
C5orf30		False	-0.16749108729376366
KRTAP10-7		False	-0.16749108729376366
HMX3		False	-0.16749108729376366
MERTK	ENSG00000153208	True	-0.16877030613293661
SUPT20H	ENSG00000102710	True	-0.16877030613293661
ERCC4	ENSG00000175595	True	-0.16941133131485567
CYP2E1	ENSG00000130649	True	-0.17005330405836405
USP28	ENSG00000048028	True	-0.17005330405836405
SLC14A1	ENSG00000141469	True	-0.17005330405836405
SCN2B		False	-0.17069622716897506
CDC45	ENSG00000093009	True	-0.17069622716897506
SERINC1	ENSG00000111897	True	-0.17069622716897506
PPIP5K1	ENSG00000168781	True	-0.17069622716897506
DYM	ENSG00000141627	True	-0.17069622716897506
SLC7A6OS	ENSG00000103061	True	-0.17134010346468015
NOTCH2NLA	ENSG00000264343	True	-0.17134010346468015
NOTCH2NLC		False	-0.17134010346468015
GCSAM	ENSG00000174500	True	-0.1719849357760231
MED31	ENSG00000108590	True	-0.1719849357760231
TPRN	ENSG00000176058	True	-0.1719849357760231
MITF	ENSG00000187098	True	-0.17263072694617473
RASEF	ENSG00000165105	True	-0.17263072694617473
ALG11	ENSG00000253710	True	-0.17263072694617473
MPV17L2	ENSG00000254858	True	-0.17327747983100789
NCAN	ENSG00000130287	True	-0.17327747983100789
CNTN2	ENSG00000184144	True	-0.17327747983100789
PPP1R35	ENSG00000160813	True	-0.17327747983100789
VLDLR	ENSG00000147852	True	-0.17457388223217687
DENND2D	ENSG00000162777	True	-0.17457388223217687
PRAG1	ENSG00000275342	True	-0.17457388223217687
SLC4A4	ENSG00000080493	True	-0.17457388223217687
CNTN4		False	-0.17587416608345102
ACKR3	ENSG00000144476	True	-0.17587416608345102
MAN2B2		False	-0.17717835469689538
KRTAP1-1		False	-0.17717835469689538
LGSN	ENSG00000146166	True	-0.17717835469689538
CCDC127	ENSG00000164366	True	-0.17717835469689538
IRF2	ENSG00000168310	True	-0.1778319206319825
CDKN1A	ENSG00000124762	True	-0.1778319206319825
TAF5L		False	-0.1778319206319825
THAP11	ENSG00000168286	True	-0.1778319206319825
TRPV2	ENSG00000187688	True	-0.1778319206319825
EMSY	ENSG00000158636	True	-0.17848647159522685
ESPN	ENSG00000187017	True	-0.17848647159522685
CTNNAL1		False	-0.17848647159522685
WDR24	ENSG00000127580	True	-0.17914201056030005
SS18L1	ENSG00000184402	True	-0.17914201056030005
SLC25A29	ENSG00000197119	True	-0.17914201056030005
EMC9	ENSG00000100908	True	-0.17914201056030005
RERE	ENSG00000142599	True	-0.17979854051435976
ENGASE	ENSG00000167280	True	-0.17979854051435976
NFRKB	ENSG00000170322	True	-0.17979854051435976
TCEANC2	ENSG00000116205	True	-0.17979854051435976
CDC42EP3	ENSG00000163171	True	-0.17979854051435976
TPRG1L		False	-0.17979854051435976
CTRC	ENSG00000162438	True	-0.17979854051435976
UHRF2		False	-0.1804560644581313
PLEKHA7	ENSG00000166689	True	-0.1804560644581313
XAF1	ENSG00000132530	True	-0.1804560644581313
TWIST1		False	-0.18111458540599013
POMZP3	ENSG00000146707	True	-0.18111458540599013
GPSM1	ENSG00000160360	True	-0.1817741063860445
CLMP		False	-0.1817741063860445
MED12	ENSG00000184634	True	-0.1824346304402192
PIK3C2A	ENSG00000011405	True	-0.1824346304402192
HSCB	ENSG00000100209	True	-0.1824346304402192
SETD2	ENSG00000181555	True	-0.1824346304402192
NT5C3B	ENSG00000141698	True	-0.1830961606243397
CLDND1	ENSG00000080822	True	-0.1830961606243397
CCNB2	ENSG00000157456	True	-0.18375870000821692
TMEM87B	ENSG00000153214	True	-0.18375870000821692
ZBP1	ENSG00000124256	True	-0.18375870000821692
NOA1	ENSG00000084092	True	-0.18375870000821692
WDR41	ENSG00000164253	True	-0.18442225167573273
PPP1R9A	ENSG00000158528	True	-0.18508681872492605
PHF23	ENSG00000040633	True	-0.18508681872492605
ANGPTL6		False	-0.18508681872492605
UBE2J2		False	-0.18508681872492605
SYNGAP1	ENSG00000197283	True	-0.18641901143180803
LRP8	ENSG00000157193	True	-0.18708664335714442
CBX4	ENSG00000141582	True	-0.18708664335714442
POLR3B	ENSG00000013503	True	-0.18708664335714442
RNF34		False	-0.18775530319963074
PRR36	ENSG00000183248	True	-0.18775530319963074
TUFT1	ENSG00000143367	True	-0.18775530319963074
MAFK	ENSG00000198517	True	-0.18775530319963074
HTRA3	ENSG00000170801	True	-0.18842499412940666
H3BML4_HUMAN		False	-0.18842499412940666
MICAL3	ENSG00000243156	True	-0.18842499412940666
RGS14	ENSG00000169220	True	-0.18842499412940666
WBP4	ENSG00000120688	True	-0.18842499412940666
TAF6L	ENSG00000162227	True	-0.18842499412940666
GTF3C6	ENSG00000155115	True	-0.18842499412940666
CCSAP	ENSG00000154429	True	-0.18842499412940666
ANAPC2	ENSG00000176248	True	-0.1890957193312996
ERC2	ENSG00000187672	True	-0.1890957193312996
TTPAL	ENSG00000124120	True	-0.1890957193312996
NXT2	ENSG00000101888	True	-0.1890957193312996
HAL	ENSG00000084110	True	-0.1897674820049159
IRS1	ENSG00000169047	True	-0.19044028536473223
FASTKD1	ENSG00000138399	True	-0.19044028536473223
MTX3	ENSG00000177034	True	-0.19044028536473223
TANC1	ENSG00000115183	True	-0.19044028536473223
SPOCK1	ENSG00000152377	True	-0.19044028536473223
SBSPON	ENSG00000164764	True	-0.19044028536473223
FAM117A	ENSG00000121104	True	-0.19044028536473223
PGGT1B	ENSG00000164219	True	-0.1911141326401879
DVL3	ENSG00000161202	True	-0.1911141326401879
PTPRZ1	ENSG00000106278	True	-0.1917890270757779
MAP4K5	ENSG00000012983	True	-0.1917890270757779
SELENOK	ENSG00000113811	True	-0.1917890270757779
PCBP4		False	-0.19246497193114673
CYP3A7		False	-0.19246497193114673
EPHA1	ENSG00000146904	True	-0.19314197048118256
ATG13		False	-0.1938200260161128
SERPINI1	ENSG00000163536	True	-0.1938200260161128
CSF2RA	ENSG00000198223	True	-0.19517932127883766
CCZ1B	ENSG00000146574	True	-0.19517932127883766
CCZ1	ENSG00000122674	True	-0.19517932127883766
PDZK1IP1	ENSG00000162366	True	-0.19517932127883766
GTSE1		False	-0.19586056766464957
NAP1L5	ENSG00000177432	True	-0.19586056766464957
COL9A1	ENSG00000112280	True	-0.19654288435158612
H0Y626_HUMAN		False	-0.19654288435158612
ATP11A	ENSG00000068650	True	-0.19654288435158612
POMK	ENSG00000185900	True	-0.1972262747080243
ASB9	ENSG00000102048	True	-0.1972262747080243
DUS2	ENSG00000167264	True	-0.1972262747080243
SLC2A2	ENSG00000163581	True	-0.1979107421182673
NOM1	ENSG00000146909	True	-0.1979107421182673
F8A2		False	-0.1979107421182673
F8A3		False	-0.1979107421182673
F8A1		False	-0.1979107421182673
NAT14		False	-0.1979107421182673
TCF4	ENSG00000196628	True	-0.19928292171761497
CD1E	ENSG00000158488	True	-0.19997064075586568
LOXL3	ENSG00000115318	True	-0.19997064075586568
NPNT	ENSG00000168743	True	-0.19997064075586568
MAFG	ENSG00000197063	True	-0.19997064075586568
GALC	ENSG00000054983	True	-0.2006594505464183
PTPN14	ENSG00000152104	True	-0.2006594505464183
KIF1A		False	-0.2006594505464183
COBL	ENSG00000106078	True	-0.2006594505464183
ZDHHC18	ENSG00000204160	True	-0.20134935455473107
COMMD7-2		False	-0.20134935455473107
PLLP	ENSG00000102934	True	-0.20134935455473107
ITPRIP		False	-0.20134935455473107
SRPX		False	-0.20204035626280387
IKZF2	ENSG00000030419	True	-0.20204035626280387
CDRT15	ENSG00000223510	True	-0.20204035626280387
AKAP11	ENSG00000023516	True	-0.20273245916928356
AFF1		False	-0.20273245916928356
CCDC85C	ENSG00000205476	True	-0.20273245916928356
ELL	ENSG00000105656	True	-0.20273245916928356
RHO	ENSG00000163914	True	-0.20342566678957033
POLR2F	ENSG00000100142	True	-0.20342566678957033
GRIA2	ENSG00000120251	True	-0.20342566678957033
RBP5	ENSG00000139194	True	-0.20342566678957033
UGT8	ENSG00000174607	True	-0.2041199826559248
SH3PXD2A	ENSG00000107957	True	-0.2041199826559248
PALD1	ENSG00000107719	True	-0.2041199826559248
DHX40	ENSG00000108406	True	-0.20481541031757602
DUX4		False	-0.20481541031757602
STARD7	ENSG00000084090	True	-0.2055119533408304
TMEM126B	ENSG00000171204	True	-0.2055119533408304
METAP1D	ENSG00000172878	True	-0.2055119533408304
RIPOR2		False	-0.2055119533408304
LZTS2	ENSG00000107816	True	-0.2062096153091813
FLI1	ENSG00000151702	True	-0.2062096153091813
PNMT	ENSG00000141744	True	-0.2062096153091813
NPDC1	ENSG00000107281	True	-0.20690839982341983
WWOX	ENSG00000186153	True	-0.20690839982341983
TCEAL2		False	-0.20760831050174613
HMBOX1	ENSG00000147421	True	-0.20760831050174613
XPA	ENSG00000136936	True	-0.20760831050174613
PANK2	ENSG00000125779	True	-0.20760831050174613
MPDZ	ENSG00000107186	True	-0.20760831050174613
RMND5A	ENSG00000153561	True	-0.20760831050174613
CHM	ENSG00000188419	True	-0.208309350979882
C9orf85	ENSG00000155621	True	-0.20901152491118416
TTC7A	ENSG00000068724	True	-0.20901152491118416
P4HTM	ENSG00000178467	True	-0.20901152491118416
DIRAS2		False	-0.20971483596675833
RCVRN	ENSG00000109047	True	-0.21041928783557454
PLCB1	ENSG00000182621	True	-0.21041928783557454
CREBBP	ENSG00000005339	True	-0.21041928783557454
LTBP3		False	-0.21112488422458328
CYB561D2	ENSG00000114395	True	-0.21112488422458328
MKRN1		False	-0.21112488422458328
ZSWIM8	ENSG00000214655	True	-0.21183162885883233
AURKAIP1	ENSG00000175756	True	-0.21183162885883233
JTB	ENSG00000143543	True	-0.21183162885883233
RICTOR	ENSG00000164327	True	-0.21183162885883233
PPP1R37	ENSG00000104866	True	-0.21253952548158497
TAX1BP1	ENSG00000106052	True	-0.21253952548158497
CALCA	ENSG00000110680	True	-0.21253952548158497
RNF123	ENSG00000164068	True	-0.21324857785443882
MTG1	ENSG00000148824	True	-0.21324857785443882
ARID3B	ENSG00000179361	True	-0.21395878975744578
TM7SF3		False	-0.21395878975744578
CKLF		False	-0.21395878975744578
ZNF446	ENSG00000083838	True	-0.21395878975744578
PLXNA1	ENSG00000114554	True	-0.21467016498923297
ACOX2	ENSG00000168306	True	-0.21467016498923297
PIPOX		False	-0.21467016498923297
ITM2C		False	-0.21467016498923297
ACAN	ENSG00000157766	True	-0.21467016498923297
LPIN1	ENSG00000134324	True	-0.21467016498923297
RIPK3		False	-0.21538270736712464
TYW3	ENSG00000162623	True	-0.21538270736712464
PPP1R12B	ENSG00000077157	True	-0.21681130892474243
LIN54	ENSG00000189308	True	-0.21681130892474243
OR2Y1		False	-0.21681130892474243
RASAL2	ENSG00000075391	True	-0.21681130892474243
ARHGEF17	ENSG00000110237	True	-0.21681130892474243
DNASE1L1	ENSG00000013563	True	-0.2182446253475311
CCNE2	ENSG00000175305	True	-0.2182446253475311
ICA1	ENSG00000003147	True	-0.2182446253475311
FAM120C	ENSG00000184083	True	-0.2182446253475311
MOCS1	ENSG00000124615	True	-0.2182446253475311
BSPRY	ENSG00000119411	True	-0.22040350874217546
CDK20	ENSG00000156345	True	-0.22040350874217546
FAM168A	ENSG00000054965	True	-0.22040350874217546
SLC25A46	ENSG00000164209	True	-0.22112552799726048
CCDC61	ENSG00000104983	True	-0.22112552799726048
RNPC3		False	-0.22112552799726048
FOLH1	ENSG00000086205	True	-0.22112552799726048
GGT6	ENSG00000167741	True	-0.2218487496163564
TFE3	ENSG00000068323	True	-0.22257317761068865
BAG4	ENSG00000156735	True	-0.22257317761068865
C1orf21	ENSG00000116667	True	-0.22257317761068865
NKAPD1	ENSG00000150776	True	-0.22257317761068865
OASL	ENSG00000135114	True	-0.22329881601158919
IFT74	ENSG00000096872	True	-0.22329881601158919
ZRSR2		False	-0.22329881601158919
PPP2R5B	ENSG00000068971	True	-0.22329881601158919
RPP25L	ENSG00000164967	True	-0.22329881601158919
SIX6	ENSG00000184302	True	-0.22402566887063094
IFI27L1		False	-0.22402566887063094
TTC5	ENSG00000136319	True	-0.22402566887063094
HYAL1	ENSG00000114378	True	-0.22402566887063094
ERRFI1		False	-0.22402566887063094
DENND2B	ENSG00000166444	True	-0.22402566887063094
SLC12A5	ENSG00000124140	True	-0.22475374025976358
TENM3	ENSG00000218336	True	-0.22475374025976358
NUDT12	ENSG00000112874	True	-0.22548303427145044
ECM2	ENSG00000106823	True	-0.22548303427145044
ARHGAP21	ENSG00000107863	True	-0.22548303427145044
ALG9	ENSG00000086848	True	-0.22548303427145044
EDARADD	ENSG00000186197	True	-0.22621355501880647
FOXA3	ENSG00000170608	True	-0.22621355501880647
FZD8	ENSG00000177283	True	-0.22621355501880647
SP2	ENSG00000167182	True	-0.22694530663573742
AGAP2	ENSG00000135439	True	-0.22694530663573742
RFXANK	ENSG00000064490	True	-0.22694530663573742
EMP3		False	-0.22767829327708025
SOWAHC	ENSG00000198142	True	-0.22767829327708025
PNPLA8	ENSG00000135241	True	-0.22767829327708025
SOGA1	ENSG00000149639	True	-0.22841251911874466
ARRDC1	ENSG00000197070	True	-0.22841251911874466
ZNF691	ENSG00000164011	True	-0.22914798835785583
CCL3L1		False	-0.22914798835785583
RIOK3	ENSG00000101782	True	-0.22914798835785583
MROH1	ENSG00000179832	True	-0.22914798835785583
PLPP6	ENSG00000205808	True	-0.22914798835785583
TCP11L1	ENSG00000176148	True	-0.22914798835785583
CLP1	ENSG00000172409	True	-0.2298847052128984
NOTCH2NLB		False	-0.2298847052128984
DNAJB14	ENSG00000164031	True	-0.2298847052128984
R3HCC1L	ENSG00000166024	True	-0.23062267392386154
SMYD2	ENSG00000143499	True	-0.23062267392386154
SPIRE1	ENSG00000134278	True	-0.23062267392386154
KRTAP9-9		False	-0.23136189875238555
NAB1	ENSG00000138386	True	-0.23136189875238555
TEAD3	ENSG00000007866	True	-0.23136189875238555
TENT4B	ENSG00000121274	True	-0.23136189875238555
CD5	ENSG00000110448	True	-0.23136189875238555
WDR45	ENSG00000196998	True	-0.23210238398190938
SLC38A5	ENSG00000017483	True	-0.23210238398190938
PANK1		False	-0.23210238398190938
TRIM16L		False	-0.23210238398190938
ZFAND3	ENSG00000156639	True	-0.23210238398190938
VPS8	ENSG00000156931	True	-0.23284413391781958
PHETA1		False	-0.23284413391781958
C12orf29	ENSG00000133641	True	-0.23284413391781958
TEX2	ENSG00000136478	True	-0.23284413391781958
ZEB1	ENSG00000148516	True	-0.23284413391781958
ALG8	ENSG00000159063	True	-0.23358715288760054
COPZ2	ENSG00000005243	True	-0.23433144524098595
CUEDC2	ENSG00000107874	True	-0.23433144524098595
PRKCH	ENSG00000027075	True	-0.23433144524098595
TH	ENSG00000180176	True	-0.23507701535011155
OSBPL5	ENSG00000021762	True	-0.23507701535011155
CASKIN2	ENSG00000177303	True	-0.2358238676096693
MRM1	ENSG00000278619	True	-0.2358238676096693
FPGT		False	-0.2358238676096693
PLN	ENSG00000198523	True	-0.2358238676096693
PLCB2	ENSG00000137841	True	-0.23657200643706275
CDT1	ENSG00000167513	True	-0.23657200643706275
ZDHHC7	ENSG00000153786	True	-0.23732143627256383
NAA38		False	-0.23732143627256383
FABP6	ENSG00000170231	True	-0.23732143627256383
SMOC2		False	-0.23732143627256383
RBSN	ENSG00000131381	True	-0.23807216157947098
ZNF746	ENSG00000181220	True	-0.2388241868442686
LONRF2	ENSG00000170500	True	-0.239577516576788
GLT8D1	ENSG00000016864	True	-0.239577516576788
HELZ	ENSG00000198265	True	-0.239577516576788
GDPGP1	ENSG00000183208	True	-0.24033215531036956
TANC2	ENSG00000170921	True	-0.24033215531036956
EEPD1		False	-0.24033215531036956
TOX3	ENSG00000103460	True	-0.2410881076020265
PARP12	ENSG00000059378	True	-0.2410881076020265
CDC25C	ENSG00000158402	True	-0.2410881076020265
C7orf26		False	-0.2410881076020265
TMEM59	ENSG00000116209	True	-0.2410881076020265
CACUL1		False	-0.24184537803261005
ERICH1	ENSG00000104714	True	-0.24184537803261005
SMUG1		False	-0.24184537803261005
ARL14EP	ENSG00000152219	True	-0.24184537803261005
CNKSR1	ENSG00000142675	True	-0.24260397120697583
SLC12A9	ENSG00000146828	True	-0.24260397120697583
PINLYP	ENSG00000234465	True	-0.24412514432750865
H0YJX3_HUMAN		False	-0.24412514432750865
SLC16A10	ENSG00000112394	True	-0.24412514432750865
ERMAP	ENSG00000164010	True	-0.24412514432750865
SYBU	ENSG00000147642	True	-0.24488773360492885
KRTAP10-4		False	-0.24488773360492885
ALG3	ENSG00000214160	True	-0.24488773360492885
CERS6	ENSG00000172292	True	-0.24488773360492885
ACTR6	ENSG00000075089	True	-0.24488773360492885
NEK3	ENSG00000136098	True	-0.24565166428898116
ITGBL1		False	-0.24565166428898116
CD209	ENSG00000090659	True	-0.24641694110709347
ARL5A	ENSG00000162980	True	-0.24641694110709347
MSR1	ENSG00000038945	True	-0.24718356881172862
NGRN	ENSG00000182768	True	-0.24718356881172862
SHB	ENSG00000107338	True	-0.2479515521805615
ST3GAL1	ENSG00000008513	True	-0.2479515521805615
FPGS	ENSG00000136877	True	-0.2479515521805615
CAV3	ENSG00000182533	True	-0.24872089601665776
LYSMD1	ENSG00000163155	True	-0.24872089601665776
FRA10AC1	ENSG00000148690	True	-0.24872089601665776
ENSP00000486623		False	-0.24872089601665776
DENND6A	ENSG00000174839	True	-0.24949160514865382
RGMA	ENSG00000182175	True	-0.24949160514865382
MEIS1	ENSG00000143995	True	-0.24949160514865382
PHYKPL	ENSG00000175309	True	-0.2502636844309389
HLCS	ENSG00000159267	True	-0.2502636844309389
SETD1A	ENSG00000099381	True	-0.2502636844309389
FURIN	ENSG00000140564	True	-0.2502636844309389
PRR5	ENSG00000186654	True	-0.2502636844309389
CEP250		False	-0.25103713874383854
CLCN3	ENSG00000109572	True	-0.25103713874383854
RECQL5		False	-0.25103713874383854
BCL2L11	ENSG00000153094	True	-0.25103713874383854
SHANK3	ENSG00000251322	True	-0.25103713874383854
NAA80	ENSG00000243477	True	-0.25103713874383854
ZFYVE21	ENSG00000100711	True	-0.25103713874383854
CDK14	ENSG00000058091	True	-0.25181197299379954
FGF2	ENSG00000138685	True	-0.25181197299379954
TRIM7	ENSG00000146054	True	-0.25181197299379954
SLAMF6	ENSG00000162739	True	-0.25181197299379954
SVEP1	ENSG00000165124	True	-0.25258819211357664
PLPP2	ENSG00000141934	True	-0.25258819211357664
PASK	ENSG00000115687	True	-0.25258819211357664
CTSV	ENSG00000136943	True	-0.25336580106242124
SLC22A18	ENSG00000110628	True	-0.25336580106242124
GPN3	ENSG00000111231	True	-0.25336580106242124
WDR54	ENSG00000005448	True	-0.25336580106242124
WLS	ENSG00000116729	True	-0.25336580106242124
DDHD2	ENSG00000085788	True	-0.25414480482627105
SNX32	ENSG00000172803	True	-0.25414480482627105
E9PMD0_HUMAN		False	-0.25414480482627105
CCL17	ENSG00000102970	True	-0.25414480482627105
TMEM238		False	-0.25414480482627105
DNASE1L2		False	-0.25414480482627105
IFI27L2		False	-0.2549252084179425
STK17B	ENSG00000081320	True	-0.2549252084179425
CBLB	ENSG00000114423	True	-0.2549252084179425
ZNF800	ENSG00000048405	True	-0.2557070168773237
TMPRSS4	ENSG00000137648	True	-0.2557070168773237
PDE4DIP		False	-0.2557070168773237
SYT2	ENSG00000143858	True	-0.2557070168773237
PGBD5		False	-0.2557070168773237
RHOXF2	ENSG00000131721	True	-0.2564902352715702
MICAL2	ENSG00000133816	True	-0.2564902352715702
CERCAM	ENSG00000167123	True	-0.2564902352715702
BRMS1L	ENSG00000100916	True	-0.2564902352715702
ANGEL2	ENSG00000174606	True	-0.2580609222708011
PSTPIP1	ENSG00000140368	True	-0.2580609222708011
SH2D2A	ENSG00000027869	True	-0.2580609222708011
ADGRL2		False	-0.2580609222708011
NISCH	ENSG00000010322	True	-0.2580609222708011
CNFN	ENSG00000105427	True	-0.2580609222708011
MSH5		False	-0.2588484011482149
PGR	ENSG00000082175	True	-0.2588484011482149
CELA2A		False	-0.2596373105057561
GIPC2	ENSG00000137960	True	-0.26042765554990804
RGS4		False	-0.26042765554990804
MKNK1	ENSG00000079277	True	-0.26042765554990804
N4BP1	ENSG00000102921	True	-0.26042765554990804
AMOTL1	ENSG00000166025	True	-0.26042765554990804
MIP	ENSG00000135517	True	-0.2612194415156308
ENSP00000480571		False	-0.2612194415156308
METTL17	ENSG00000165792	True	-0.2612194415156308
LONP2	ENSG00000102910	True	-0.2612194415156308
TNFRSF17		False	-0.2620126736665692
TNIP2	ENSG00000168884	True	-0.2620126736665692
PHLPP1	ENSG00000081913	True	-0.2620126736665692
PANX1	ENSG00000110218	True	-0.2628073572952627
M0R2P5_HUMAN		False	-0.2628073572952627
PRR11	ENSG00000068489	True	-0.2628073572952627
NMNAT3	ENSG00000163864	True	-0.2628073572952627
COL13A1	ENSG00000197467	True	-0.2636034977233575
TEPSIN		False	-0.2636034977233575
SLC25A25	ENSG00000148339	True	-0.2636034977233575
MTMR3	ENSG00000100330	True	-0.26440110030182007
DBP		False	-0.265200170411153
G3V3Q6_HUMAN		False	-0.266000713461613
CXXC5	ENSG00000171604	True	-0.266000713461613
URM1	ENSG00000167118	True	-0.26680273489343054
CSF3		False	-0.26680273489343054
FITM2		False	-0.26680273489343054
KIF4B	ENSG00000226650	True	-0.26760624017703144
GPATCH11	ENSG00000152133	True	-0.26760624017703144
ITGAX	ENSG00000140678	True	-0.26760624017703144
PDSS1	ENSG00000148459	True	-0.26760624017703144
IFT22	ENSG00000128581	True	-0.2684112348132613
FAM89B	ENSG00000176973	True	-0.2684112348132613
USP22	ENSG00000124422	True	-0.2684112348132613
PLXND1	ENSG00000004399	True	-0.2684112348132613
BBOX1	ENSG00000129151	True	-0.2684112348132613
SDHAF4	ENSG00000154079	True	-0.2684112348132613
AADAC	ENSG00000114771	True	-0.2684112348132613
PWWP2A		False	-0.2692177243336108
RELB	ENSG00000104856	True	-0.2692177243336108
CIT	ENSG00000122966	True	-0.2692177243336108
SIGLEC5-2		False	-0.2692177243336108
SIGLEC5	ENSG00000268500	True	-0.2692177243336108
ADGRE2		False	-0.2692177243336108
KRTAP9-4		False	-0.2692177243336108
MAGEB1	ENSG00000214107	True	-0.27002571430044436
KIF13A	ENSG00000137177	True	-0.27002571430044436
AIG1	ENSG00000146416	True	-0.27002571430044436
CYP2S1	ENSG00000167600	True	-0.27002571430044436
NOSTRIN	ENSG00000163072	True	-0.27083521030722996
TOR3A	ENSG00000186283	True	-0.27083521030722996
ZNRF1	ENSG00000186187	True	-0.27083521030722996
CDAN1	ENSG00000140326	True	-0.27083521030722996
GNB5	ENSG00000069966	True	-0.27083521030722996
DGKZ	ENSG00000149091	True	-0.27083521030722996
REEP2	ENSG00000132563	True	-0.27164621797877153
C9orf16		False	-0.27164621797877153
ACTR5	ENSG00000101442	True	-0.27164621797877153
APBB2	ENSG00000163697	True	-0.27245874297144357
AP4S1	ENSG00000100478	True	-0.27245874297144357
SLC12A1	ENSG00000074803	True	-0.27245874297144357
CYP1A2	ENSG00000140505	True	-0.27245874297144357
TNFRSF10B	ENSG00000120889	True	-0.2732727909734277
NDRG4	ENSG00000103034	True	-0.2732727909734277
APH1A	ENSG00000117362	True	-0.2732727909734277
SNX16	ENSG00000104497	True	-0.2732727909734277
RMI2	ENSG00000175643	True	-0.2732727909734277
SIGLEC6	ENSG00000105492	True	-0.2732727909734277
KRTAP9-2		False	-0.2732727909734277
SLC24A2		False	-0.2732727909734277
NINJ1	ENSG00000131669	True	-0.2732727909734277
IDI2		False	-0.2732727909734277
ZHX2	ENSG00000178764	True	-0.2740883677049518
KLK10		False	-0.2740883677049518
COL17A1	ENSG00000065618	True	-0.2740883677049518
TMEM119	ENSG00000183160	True	-0.2749054789185309
CLEC4M	ENSG00000104938	True	-0.27572413039921095
PITX1	ENSG00000069011	True	-0.2765443279648142
ZSCAN18	ENSG00000121413	True	-0.2765443279648142
TMEM132A	ENSG00000006118	True	-0.2765443279648142
SKP2	ENSG00000145604	True	-0.27736607746618774
EFCAB6		False	-0.27736607746618774
GRIA4		False	-0.27736607746618774
PTPRD	ENSG00000153707	True	-0.27736607746618774
TARBP1	ENSG00000059588	True	-0.27818938478745336
CRISPLD2	ENSG00000103196	True	-0.27818938478745336
ENPP4	ENSG00000001561	True	-0.27818938478745336
INO80E	ENSG00000169592	True	-0.27818938478745336
PAPOLB		False	-0.27818938478745336
DNAJB8		False	-0.27901425584626094
LRIF1	ENSG00000121931	True	-0.27901425584626094
TMEM259	ENSG00000182087	True	-0.27901425584626094
RHBDF1		False	-0.27901425584626094
BAAT	ENSG00000136881	True	-0.27901425584626094
HERC2	ENSG00000128731	True	-0.27901425584626094
SEMA4A	ENSG00000196189	True	-0.27901425584626094
CRCT1		False	-0.27901425584626094
TNS4		False	-0.27901425584626094
WDR47	ENSG00000085433	True	-0.2798406965940431
TRMT10A	ENSG00000145331	True	-0.28066871301627333
ORC6	ENSG00000091651	True	-0.28066871301627333
SLC23A2	ENSG00000089057	True	-0.28066871301627333
SCARF1	ENSG00000074660	True	-0.2814983111327257
SHISA3		False	-0.28232949699773785
HIC2	ENSG00000169635	True	-0.28232949699773785
NFAT5	ENSG00000102908	True	-0.28232949699773785
MAPK11	ENSG00000185386	True	-0.2831622767004755
SIPA1L3	ENSG00000105738	True	-0.2831622767004755
CADPS	ENSG00000163618	True	-0.2831622767004755
ZBTB33	ENSG00000177485	True	-0.28399665636520083
KIRREL1	ENSG00000183853	True	-0.28399665636520083
CCDC186	ENSG00000165813	True	-0.28399665636520083
SRD5A3	ENSG00000128039	True	-0.28399665636520083
ING5	ENSG00000168395	True	-0.28399665636520083
BRMS1	ENSG00000174744	True	-0.28483264215154214
SPG7		False	-0.28567024025476695
GHR	ENSG00000112964	True	-0.28567024025476695
RAD17	ENSG00000152942	True	-0.28567024025476695
SLC25A35	ENSG00000125434	True	-0.28567024025476695
PLAAT3	ENSG00000176485	True	-0.2865094569060575
TUSC1	ENSG00000198680	True	-0.2865094569060575
GSTA4	ENSG00000170899	True	-0.28735029837278864
PROM2	ENSG00000155066	True	-0.28735029837278864
SPDL1	ENSG00000040275	True	-0.28735029837278864
BLK	ENSG00000136573	True	-0.28819277095880896
BHLHE22	ENSG00000180828	True	-0.28819277095880896
TMPRSS13		False	-0.28819277095880896
SLC20A2	ENSG00000168575	True	-0.28819277095880896
FAM160A2		False	-0.28819277095880896
SLA	ENSG00000155926	True	-0.28819277095880896
CDR2L	ENSG00000109089	True	-0.28819277095880896
TAB3	ENSG00000157625	True	-0.28903688100472424
RAB11FIP2	ENSG00000107560	True	-0.28903688100472424
AGAP1		False	-0.28903688100472424
FXYD6-FXYD2	ENSG00000255245	True	-0.28903688100472424
PACC1	ENSG00000065600	True	-0.28903688100472424
SMDT1	ENSG00000183172	True	-0.28903688100472424
FAM53C	ENSG00000120709	True	-0.28903688100472424
PTN	ENSG00000105894	True	-0.2898826348881837
AEBP2	ENSG00000139154	True	-0.2898826348881837
TUT1		False	-0.2907300390241692
SAYSD1		False	-0.29157909986528724
CHMP4C	ENSG00000164695	True	-0.29157909986528724
RAB44		False	-0.29157909986528724
LAMA3	ENSG00000053747	True	-0.2924298239020636
OSBP2	ENSG00000184792	True	-0.2924298239020636
CTNND2	ENSG00000169862	True	-0.2924298239020636
FAM133B		False	-0.2924298239020636
PNPLA4	ENSG00000006757	True	-0.2924298239020636
POLE		False	-0.2924298239020636
THSD4		False	-0.29328221766324125
FBXL15		False	-0.29328221766324125
LILRB4	ENSG00000186818	True	-0.29328221766324125
OPA3	ENSG00000125741	True	-0.29328221766324125
TMEM160	ENSG00000130748	True	-0.29328221766324125
CARTPT	ENSG00000164326	True	-0.29413628771608075
NRDE2	ENSG00000119720	True	-0.29413628771608075
PRKD3	ENSG00000115825	True	-0.294992040666664
PHF12	ENSG00000109118	True	-0.294992040666664
SCAMP5	ENSG00000198794	True	-0.294992040666664
NAT8	ENSG00000144035	True	-0.2958494831602009
KRTAP4-6		False	-0.2958494831602009
GDAP2	ENSG00000196505	True	-0.2958494831602009
ITPKB	ENSG00000143772	True	-0.2958494831602009
PXK	ENSG00000168297	True	-0.2958494831602009
PIMREG	ENSG00000129195	True	-0.2967086218813386
PRKCE	ENSG00000171132	True	-0.2967086218813386
SLC1A6	ENSG00000105143	True	-0.2967086218813386
PNPLA2	ENSG00000177666	True	-0.2967086218813386
KCTD21	ENSG00000188997	True	-0.2975694635544747
ABCC3	ENSG00000108846	True	-0.2975694635544747
SYNJ2	ENSG00000078269	True	-0.2975694635544747
SSPN		False	-0.2975694635544747
BRPF1	ENSG00000156983	True	-0.2975694635544747
LEPROT		False	-0.2975694635544747
HOMEZ	ENSG00000290292	True	-0.2984320149440726
ENPP6	ENSG00000164303	True	-0.2984320149440726
TNNI2	ENSG00000130598	True	-0.2984320149440726
CLSPN		False	-0.2984320149440726
INSR	ENSG00000171105	True	-0.29929628285498067
FBN2	ENSG00000138829	True	-0.29929628285498067
APOBEC3B		False	-0.29929628285498067
SP4	ENSG00000105866	True	-0.29929628285498067
FAM118A	ENSG00000100376	True	-0.30016227413275426
RNF169	ENSG00000166439	True	-0.30016227413275426
MTCL1	ENSG00000168502	True	-0.30016227413275426
KIF16B	ENSG00000089177	True	-0.30016227413275426
PARL	ENSG00000175193	True	-0.30016227413275426
KIFAP3	ENSG00000075945	True	-0.30016227413275426
SNAPC5	ENSG00000174446	True	-0.3010299956639812
WDR20		False	-0.3010299956639812
TRERF1	ENSG00000124496	True	-0.3010299956639812
MTO1	ENSG00000135297	True	-0.3018994543766101
NTAN1		False	-0.3018994543766101
NDUFAF8	ENSG00000224877	True	-0.3018994543766101
POLR3K	ENSG00000161980	True	-0.3018994543766101
PAXIP1	ENSG00000157212	True	-0.3018994543766101
ZACN		False	-0.3018994543766101
SLC35B1	ENSG00000121073	True	-0.3018994543766101
UGT2B4	ENSG00000156096	True	-0.3018994543766101
USP30	ENSG00000135093	True	-0.3018994543766101
RPP21		False	-0.3018994543766101
TDRD3	ENSG00000083544	True	-0.30277065724028246
POU5F1	ENSG00000204531	True	-0.30277065724028246
TOPBP1	ENSG00000163781	True	-0.30277065724028246
TRMT61B	ENSG00000171103	True	-0.30277065724028246
NRXN1		False	-0.30277065724028246
TRIM5	ENSG00000132256	True	-0.3036436112666679
NUDT13	ENSG00000166321	True	-0.3036436112666679
PMM1	ENSG00000100417	True	-0.3036436112666679
SAMD1	ENSG00000141858	True	-0.3036436112666679
LRRN4		False	-0.30451832350980257
WWP1	ENSG00000123124	True	-0.30451832350980257
SYS1	ENSG00000204070	True	-0.30451832350980257
ST6GAL1	ENSG00000073849	True	-0.30451832350980257
MTLN		False	-0.30451832350980257
AGPAT4	ENSG00000026652	True	-0.30451832350980257
KRTAP9-3		False	-0.30451832350980257
GXYLT1		False	-0.30451832350980257
USP50	ENSG00000170236	True	-0.3053948010664313
RB1CC1	ENSG00000023287	True	-0.3053948010664313
DCBLD2	ENSG00000057019	True	-0.3053948010664313
GMEB1	ENSG00000162419	True	-0.3053948010664313
CNOT8	ENSG00000155508	True	-0.3053948010664313
TVP23C	ENSG00000175106	True	-0.3053948010664313
LAMP5	ENSG00000125869	True	-0.3053948010664313
SCNM1	ENSG00000163156	True	-0.30627305107635305
ERICH5	ENSG00000177459	True	-0.30627305107635305
BRF1	ENSG00000185024	True	-0.30627305107635305
ZFYVE1	ENSG00000165861	True	-0.30715308072277
IGF1R	ENSG00000140443	True	-0.30715308072277
FRMD6	ENSG00000139926	True	-0.30715308072277
SH2D3C	ENSG00000095370	True	-0.30715308072277
MPL		False	-0.30715308072277
FBXO30	ENSG00000118496	True	-0.30803489723263966
CAMKK1	ENSG00000004660	True	-0.30803489723263966
LRRC42	ENSG00000116212	True	-0.30803489723263966
MAGEC2	ENSG00000046774	True	-0.30803489723263966
KIAA1211L		False	-0.30803489723263966
ELF3	ENSG00000163435	True	-0.30803489723263966
DEFB125		False	-0.3089185078770315
EZHIP	ENSG00000187690	True	-0.3089185078770315
SHROOM3	ENSG00000138771	True	-0.3089185078770315
NRBP2	ENSG00000185189	True	-0.3089185078770315
IL6R		False	-0.3089185078770315
RTL8C		False	-0.3089185078770315
FOXP1-2		False	-0.3089185078770315
RNF24	ENSG00000101236	True	-0.3089185078770315
FAM53B	ENSG00000189319	True	-0.3098039199714863
MSTN	ENSG00000138379	True	-0.3098039199714863
LRRC7		False	-0.3098039199714863
NCOA2		False	-0.3098039199714863
CRACD	ENSG00000109265	True	-0.3098039199714863
ITGA11	ENSG00000137809	True	-0.3098039199714863
FAM83B	ENSG00000168143	True	-0.3098039199714863
ARSF		False	-0.3098039199714863
WDR73	ENSG00000177082	True	-0.3106911408763798
NOTCH3	ENSG00000074181	True	-0.3106911408763798
PSRC1		False	-0.3106911408763798
PARL-2		False	-0.3106911408763798
PIBF1	ENSG00000083535	True	-0.3106911408763798
CLK1	ENSG00000013441	True	-0.3106911408763798
KLHL13	ENSG00000003096	True	-0.3106911408763798
PAX5	ENSG00000196092	True	-0.3115801779972894
DHRSX	ENSG00000169084	True	-0.3115801779972894
PHYHIP	ENSG00000168490	True	-0.3115801779972894
HENMT1	ENSG00000162639	True	-0.3115801779972894
NKTR	ENSG00000114857	True	-0.3124710387853657
SSX2IP	ENSG00000117155	True	-0.3124710387853657
SOX3		False	-0.3124710387853657
ZNF217	ENSG00000171940	True	-0.3124710387853657
ANAPC10	ENSG00000164162	True	-0.3124710387853657
BTN3A3	ENSG00000111801	True	-0.3124710387853657
FGFR2	ENSG00000066468	True	-0.3124710387853657
FAM174C	ENSG00000228300	True	-0.3133637307377066
MUC6	ENSG00000184956	True	-0.3133637307377066
FGFR4	ENSG00000160867	True	-0.3142582613977364
SP6		False	-0.3142582613977364
FOXC1		False	-0.3142582613977364
STXBP6	ENSG00000168952	True	-0.3142582613977364
DMXL1	ENSG00000172869	True	-0.31515463835558755
ALG1L		False	-0.31515463835558755
BLM	ENSG00000197299	True	-0.31515463835558755
STAC2		False	-0.31515463835558755
MOB2	ENSG00000182208	True	-0.31515463835558755
SENP1		False	-0.31605286924848786
POLG2	ENSG00000256525	True	-0.31605286924848786
FAM102B	ENSG00000162636	True	-0.31605286924848786
BAHD1		False	-0.31695296176115045
PIK3C2B	ENSG00000133056	True	-0.31695296176115045
GPANK1	ENSG00000204438	True	-0.31785492362616824
GTPBP8	ENSG00000163607	True	-0.31785492362616824
AQP3	ENSG00000165272	True	-0.3187587626244128
FRMD4A	ENSG00000151474	True	-0.3187587626244128
SALL4	ENSG00000101115	True	-0.3187587626244128
FOXO1	ENSG00000150907	True	-0.3196644865854368
MYB	ENSG00000118513	True	-0.3196644865854368
SGCB	ENSG00000163069	True	-0.3205721033878811
FAM151A	ENSG00000162391	True	-0.3205721033878811
STYXL1	ENSG00000127952	True	-0.3205721033878811
NOVA1	ENSG00000139910	True	-0.3205721033878811
GDPD1		False	-0.3214816209598861
KLK7	ENSG00000169035	True	-0.3214816209598861
ATXN1L		False	-0.3214816209598861
TCAF2C	ENSG00000283528	True	-0.3214816209598861
ZNF678	ENSG00000181450	True	-0.32239304727950685
OXNAD1	ENSG00000154814	True	-0.32239304727950685
FSD1	ENSG00000105255	True	-0.32239304727950685
ARHGEF18	ENSG00000104880	True	-0.32239304727950685
GIMAP8	ENSG00000171115	True	-0.32239304727950685
GTPBP6	ENSG00000178605	True	-0.3233063903751334
INVS		False	-0.324221658325915
V9GZ38_HUMAN		False	-0.324221658325915
IFT81	ENSG00000122970	True	-0.324221658325915
SLC36A2	ENSG00000186335	True	-0.324221658325915
HOPX	ENSG00000171476	True	-0.324221658325915
CXCL17		False	-0.32513885926218844
LCE3E		False	-0.32513885926218844
EIF4EBP3	ENSG00000243056	True	-0.32513885926218844
SDR16C5	ENSG00000170786	True	-0.32513885926218844
ATP1B2	ENSG00000129244	True	-0.32513885926218844
BCL11A	ENSG00000119866	True	-0.32513885926218844
PEAK1	ENSG00000173517	True	-0.32513885926218844
ARHGAP8	ENSG00000241484	True	-0.32513885926218844
TEAD1		False	-0.32605800136591223
ARNT	ENSG00000143437	True	-0.32605800136591223
SOGA3	ENSG00000214338	True	-0.32605800136591223
TAC1	ENSG00000006128	True	-0.3269790928711038
SYT5	ENSG00000129990	True	-0.3269790928711038
TGS1	ENSG00000137574	True	-0.3269790928711038
POLR3GL	ENSG00000121851	True	-0.3269790928711038
CYB561	ENSG00000008283	True	-0.3269790928711038
FBXO21	ENSG00000135108	True	-0.3279021420642826
GPR107	ENSG00000148358	True	-0.3279021420642826
SMPX		False	-0.3279021420642826
AMOTL2		False	-0.3279021420642826
POGK	ENSG00000143157	True	-0.32882715728491674
CLK2	ENSG00000176444	True	-0.32882715728491674
PMS2	ENSG00000122512	True	-0.32882715728491674
DPH6	ENSG00000134146	True	-0.32882715728491674
DLK1	ENSG00000185559	True	-0.32882715728491674
STARD13	ENSG00000133121	True	-0.32975414692587596
CEBPD		False	-0.32975414692587596
YIPF6	ENSG00000181704	True	-0.32975414692587596
CYP2A6	ENSG00000255974	True	-0.32975414692587596
PRAM1	ENSG00000133246	True	-0.32975414692587596
PLPP3	ENSG00000162407	True	-0.33068311943388784
SPPL2A	ENSG00000138600	True	-0.33068311943388784
L3MBTL3	ENSG00000198945	True	-0.33068311943388784
SHCBP1	ENSG00000171241	True	-0.33068311943388784
ALG6	ENSG00000088035	True	-0.33068311943388784
ANXA9	ENSG00000143412	True	-0.33068311943388784
SP140L	ENSG00000185404	True	-0.33068311943388784
FAM174A	ENSG00000174132	True	-0.3316140833099998
SGPP1	ENSG00000126821	True	-0.3316140833099998
CENPU		False	-0.3316140833099998
DSCC1	ENSG00000136982	True	-0.3316140833099998
WDYHV1		False	-0.3316140833099998
SDCBP2	ENSG00000125775	True	-0.33254704711004607
YIPF2	ENSG00000130733	True	-0.33254704711004607
HPGDS	ENSG00000163106	True	-0.33254704711004607
MAST2	ENSG00000086015	True	-0.33254704711004607
MTERF4	ENSG00000122085	True	-0.3334820194451191
KHNYN	ENSG00000100441	True	-0.3334820194451191
TSR3	ENSG00000007520	True	-0.3334820194451191
PRR14	ENSG00000156858	True	-0.3334820194451191
LAIR2		False	-0.3334820194451191
B3GALT6		False	-0.33441900898204685
C6orf132	ENSG00000188112	True	-0.33441900898204685
DNMBP	ENSG00000107554	True	-0.33441900898204685
GPC3		False	-0.33441900898204685
DTX1	ENSG00000135144	True	-0.33535802444387447
CDCA2	ENSG00000184661	True	-0.33535802444387447
CNTN3	ENSG00000113805	True	-0.33535802444387447
ANAPC13	ENSG00000129055	True	-0.33629907461035186
TRIM72	ENSG00000177238	True	-0.33629907461035186
MASTL	ENSG00000120539	True	-0.33629907461035186
NRP2	ENSG00000118257	True	-0.3372421683184259
RAB28	ENSG00000157869	True	-0.3372421683184259
PRR5-ARHGAP8		False	-0.3372421683184259
RXRG	ENSG00000143171	True	-0.3372421683184259
ZNF652	ENSG00000198740	True	-0.33818731446273875
SPOP		False	-0.33818731446273875
DCAF10	ENSG00000122741	True	-0.33818731446273875
EXT2		False	-0.33818731446273875
ID1	ENSG00000125968	True	-0.33818731446273875
CBY1		False	-0.33818731446273875
ZBTB4	ENSG00000174282	True	-0.33818731446273875
ALKBH4	ENSG00000160993	True	-0.3391345219961308
RCOR2	ENSG00000167771	True	-0.3391345219961308
SYDE1	ENSG00000105137	True	-0.3391345219961308
CDK5RAP2	ENSG00000136861	True	-0.3391345219961308
PIGX	ENSG00000163964	True	-0.3391345219961308
CYHR1		False	-0.3391345219961308
NR2F2		False	-0.3391345219961308
MS4A12	ENSG00000071203	True	-0.34008379993014975
BEX3	ENSG00000166681	True	-0.34008379993014975
SYN3	ENSG00000185666	True	-0.34008379993014975
CD27	ENSG00000139193	True	-0.34008379993014975
SEC14L3	ENSG00000100012	True	-0.341035157335565
WRB-SH3BGR		False	-0.341035157335565
PTPRE	ENSG00000132334	True	-0.341035157335565
AGO4	ENSG00000134698	True	-0.341035157335565
FAM3A	ENSG00000071889	True	-0.341035157335565
RBFOX3	ENSG00000167281	True	-0.341035157335565
RUNDC1	ENSG00000198863	True	-0.341035157335565
ENSP00000485259		False	-0.34198860334288755
CBFA2T3	ENSG00000129993	True	-0.34198860334288755
ZNF311	ENSG00000197935	True	-0.34198860334288755
ZFC3H1	ENSG00000133858	True	-0.34198860334288755
AJUBA	ENSG00000129474	True	-0.34198860334288755
JAG1	ENSG00000101384	True	-0.34198860334288755
SDHAF3	ENSG00000196636	True	-0.34198860334288755
ARHGEF18-2		False	-0.34294414714289606
HBP1	ENSG00000105856	True	-0.34294414714289606
TCHH	ENSG00000159450	True	-0.34294414714289606
NOL12	ENSG00000273899	True	-0.34294414714289606
GRIA1	ENSG00000155511	True	-0.34390179798716813
M0R3G1_HUMAN		False	-0.34390179798716813
ZBTB2	ENSG00000181472	True	-0.34390179798716813
TMEM101		False	-0.34390179798716813
SMCO3	ENSG00000179256	True	-0.34390179798716813
AKR1C8P		False	-0.34390179798716813
AKR1E2	ENSG00000165568	True	-0.3448615651886179
PTPN5	ENSG00000110786	True	-0.3448615651886179
FBXO38	ENSG00000145868	True	-0.3448615651886179
SMG7	ENSG00000116698	True	-0.3448615651886179
SDS	ENSG00000135094	True	-0.3448615651886179
TNK2	ENSG00000061938	True	-0.3448615651886179
PLB1		False	-0.34582345812203946
TMEM243	ENSG00000135185	True	-0.34582345812203946
TMEM147		False	-0.34582345812203946
TMEM102	ENSG00000181284	True	-0.34582345812203946
PRPF40B	ENSG00000110844	True	-0.34582345812203946
AUTS2	ENSG00000158321	True	-0.34582345812203946
MAGEA1	ENSG00000198681	True	-0.34582345812203946
KCNN4	ENSG00000104783	True	-0.34582345812203946
POU3F1		False	-0.3467874862246563
SLC26A6	ENSG00000225697	True	-0.3467874862246563
SIGIRR	ENSG00000185187	True	-0.3467874862246563
LGI1		False	-0.3467874862246563
SH3BP2	ENSG00000087266	True	-0.3467874862246563
LENG9	ENSG00000275183	True	-0.3467874862246563
TERF1		False	-0.3477536589966768
TADA2B	ENSG00000173011	True	-0.3477536589966768
FABP2	ENSG00000145384	True	-0.3477536589966768
TMEM201	ENSG00000188807	True	-0.3477536589966768
CEBPZOS	ENSG00000218739	True	-0.348721986001856
CGAS	ENSG00000164430	True	-0.348721986001856
CD19	ENSG00000177455	True	-0.348721986001856
MBOAT2	ENSG00000143797	True	-0.34969247686806354
EPO	ENSG00000130427	True	-0.34969247686806354
FGF1	ENSG00000113578	True	-0.34969247686806354
ADARB1		False	-0.35066514128785814
KCTD14	ENSG00000151364	True	-0.35066514128785814
FOXJ3		False	-0.35066514128785814
NRIP2	ENSG00000053702	True	-0.35066514128785814
OPHN1	ENSG00000079482	True	-0.35066514128785814
PPY	ENSG00000108849	True	-0.35066514128785814
ZCCHC9	ENSG00000131732	True	-0.35066514128785814
RAD51D-2		False	-0.3516399890190684
SSBP2	ENSG00000145687	True	-0.3516399890190684
TNN	ENSG00000120332	True	-0.3516399890190684
CCNC	ENSG00000112237	True	-0.3516399890190684
SOX2	ENSG00000181449	True	-0.3526170298853802
NR2F6		False	-0.3526170298853802
HDAC5	ENSG00000108840	True	-0.3526170298853802
POLR2M		False	-0.3526170298853802
ZNF451		False	-0.3535962737769304
RECK	ENSG00000122707	True	-0.3535962737769304
SEC14L1	ENSG00000129657	True	-0.3535962737769304
CYTH3	ENSG00000008256	True	-0.3535962737769304
ECRG4	ENSG00000119147	True	-0.3545777306509081
ARSK	ENSG00000164291	True	-0.3545777306509081
CHN1		False	-0.3545777306509081
TSEN2	ENSG00000154743	True	-0.3545777306509081
RUNX1T1	ENSG00000079102	True	-0.3545777306509081
HOGA1	ENSG00000241935	True	-0.3545777306509081
OFD1	ENSG00000046651	True	-0.3545777306509081
GPC6	ENSG00000183098	True	-0.35556141053216145
ARHGEF10L	ENSG00000074964	True	-0.35556141053216145
ZNF106	ENSG00000103994	True	-0.35556141053216145
C16orf89	ENSG00000153446	True	-0.35556141053216145
QRFPR	ENSG00000186867	True	-0.3565473235138126
RAD1	ENSG00000113456	True	-0.35753547975787864
RGR		False	-0.35753547975787864
CUEDC1	ENSG00000180891	True	-0.35753547975787864
POU2F3	ENSG00000137709	True	-0.35753547975787864
ZNF414	ENSG00000133250	True	-0.3585258894959005
SUSD5	ENSG00000173705	True	-0.3585258894959005
NHSL2	ENSG00000204131	True	-0.3585258894959005
TP63	ENSG00000073282	True	-0.3585258894959005
E9PCH4_HUMAN		False	-0.3585258894959005
CTSF	ENSG00000174080	True	-0.3595185630295782
RBBP8	ENSG00000101773	True	-0.3595185630295782
MGA	ENSG00000174197	True	-0.3595185630295782
ETV3	ENSG00000117036	True	-0.3595185630295782
ADGRG2	ENSG00000173698	True	-0.3595185630295782
UGT1A4		False	-0.3595185630295782
SH2D3A	ENSG00000125731	True	-0.36051351073141397
KDM2B		False	-0.36051351073141397
ZIC2		False	-0.36051351073141397
EFNA5	ENSG00000184349	True	-0.36051351073141397
ETNK1	ENSG00000139163	True	-0.3615107430453627
MYL5	ENSG00000215375	True	-0.3615107430453627
MAGI3		False	-0.3615107430453627
G3V2T6_HUMAN		False	-0.3625102704874893
BCAR3	ENSG00000137936	True	-0.3625102704874893
SLC10A6	ENSG00000145283	True	-0.3625102704874893
BOC	ENSG00000144857	True	-0.3625102704874893
UGT1A1		False	-0.3625102704874893
LY6E		False	-0.3625102704874893
BDNF	ENSG00000176697	True	-0.36351210364663455
MAPK7	ENSG00000166484	True	-0.36351210364663455
PJA1	ENSG00000181191	True	-0.36351210364663455
SAC3D1	ENSG00000168061	True	-0.36351210364663455
ING1	ENSG00000153487	True	-0.36351210364663455
RNF150	ENSG00000170153	True	-0.36351210364663455
MMADHC	ENSG00000168288	True	-0.3645162531850879
SGCE		False	-0.3645162531850879
RPS6KB2	ENSG00000175634	True	-0.3645162531850879
QSER1	ENSG00000060749	True	-0.3655227298392684
GRASP		False	-0.3655227298392684
IDNK	ENSG00000148057	True	-0.3655227298392684
CARD9	ENSG00000187796	True	-0.3655227298392684
DCAF5	ENSG00000139990	True	-0.3655227298392684
TTC36	ENSG00000172425	True	-0.3655227298392684
F8	ENSG00000185010	True	-0.3655227298392684
UGT1A9		False	-0.36653154442041347
MATK	ENSG00000007264	True	-0.36653154442041347
EEF1AKMT2	ENSG00000203791	True	-0.36653154442041347
AKIRIN2		False	-0.36653154442041347
BCL2L12	ENSG00000126453	True	-0.36653154442041347
SARM1	ENSG00000004139	True	-0.36653154442041347
PDSS2	ENSG00000164494	True	-0.36754270781527576
HDAC8	ENSG00000147099	True	-0.36754270781527576
TBCK	ENSG00000145348	True	-0.36754270781527576
SNX11	ENSG00000002919	True	-0.36754270781527576
SLC39A6	ENSG00000141424	True	-0.36754270781527576
PYDC1		False	-0.36754270781527576
ACAD10	ENSG00000111271	True	-0.36754270781527576
EYA4	ENSG00000112319	True	-0.368556230986828
PINX1-2		False	-0.368556230986828
FGFBP1	ENSG00000137440	True	-0.368556230986828
NPHS1	ENSG00000161270	True	-0.368556230986828
HEPACAM	ENSG00000165478	True	-0.368556230986828
CTU1	ENSG00000142544	True	-0.36957212497497616
BSCL2	ENSG00000168000	True	-0.36957212497497616
CDC42EP5	ENSG00000167617	True	-0.36957212497497616
AP5S1	ENSG00000125843	True	-0.37059040089728107
TPRA1	ENSG00000163870	True	-0.37059040089728107
LYRM9	ENSG00000232859	True	-0.37059040089728107
TGFBRAP1	ENSG00000135966	True	-0.37059040089728107
IGDCC4	ENSG00000103742	True	-0.37059040089728107
SMURF1	ENSG00000198742	True	-0.37059040089728107
SOX15	ENSG00000129194	True	-0.37059040089728107
FBXW9	ENSG00000132004	True	-0.37059040089728107
UBXN2B	ENSG00000215114	True	-0.37059040089728107
ERCC5	ENSG00000134899	True	-0.37161106994968846
PIK3R3	ENSG00000117461	True	-0.37161106994968846
SETMAR		False	-0.37263414340726736
PSG5	ENSG00000204941	True	-0.37263414340726736
GATA1	ENSG00000102145	True	-0.37365963262495766
DUSP9	ENSG00000130829	True	-0.37365963262495766
MYOC	ENSG00000034971	True	-0.37365963262495766
SEMA4B	ENSG00000185033	True	-0.37468754903832613
WNK2	ENSG00000165238	True	-0.37468754903832613
SUV39H1		False	-0.37468754903832613
SORL1	ENSG00000137642	True	-0.37468754903832613
SLC35A3	ENSG00000117620	True	-0.3757179041643317
RASAL1	ENSG00000111344	True	-0.3757179041643317
SLC12A6	ENSG00000140199	True	-0.3757179041643317
SPTY2D1	ENSG00000179119	True	-0.3757179041643317
KMT2D	ENSG00000167548	True	-0.3757179041643317
BCOR		False	-0.3757179041643317
FBRS	ENSG00000156860	True	-0.3757179041643317
KCNAB1	ENSG00000169282	True	-0.37675070960209955
TEP1		False	-0.37675070960209955
HJURP	ENSG00000123485	True	-0.37675070960209955
ZNF639	ENSG00000121864	True	-0.37675070960209955
ITFG1	ENSG00000129636	True	-0.37675070960209955
TM2D2	ENSG00000169490	True	-0.3777859770337047
PYROXD1	ENSG00000121350	True	-0.3777859770337047
BRD1	ENSG00000100425	True	-0.3777859770337047
SEMA3C		False	-0.3777859770337047
RNF41	ENSG00000181852	True	-0.3777859770337047
LIG4	ENSG00000174405	True	-0.3777859770337047
TEC	ENSG00000135605	True	-0.3788237182249648
SH3BGR	ENSG00000185437	True	-0.3788237182249648
UNC50	ENSG00000115446	True	-0.3788237182249648
GAS6	ENSG00000183087	True	-0.3798639450262425
KCNK1	ENSG00000135750	True	-0.3798639450262425
TTF2	ENSG00000116830	True	-0.3798639450262425
SOX1		False	-0.3798639450262425
P3R3URF-PIK3R3	ENSG00000278139	True	-0.3798639450262425
HSPB3		False	-0.3809066693732573
DBNDD1	ENSG00000003249	True	-0.3809066693732573
UBALD1	ENSG00000153443	True	-0.3809066693732573
FMNL3	ENSG00000161791	True	-0.3809066693732573
SASS6	ENSG00000156876	True	-0.3809066693732573
PHF21A	ENSG00000135365	True	-0.3809066693732573
EDEM3	ENSG00000116406	True	-0.3809066693732573
XBP1		False	-0.3809066693732573
KLHL12		False	-0.3819519032879073
KCTD3	ENSG00000136636	True	-0.3819519032879073
TBC1D22B	ENSG00000065491	True	-0.3829996588791011
USP34	ENSG00000115464	True	-0.384049948343599
TBC1D7	ENSG00000145979	True	-0.384049948343599
LRRK2	ENSG00000188906	True	-0.384049948343599
FGFR3	ENSG00000068078	True	-0.384049948343599
H7C1Q1_HUMAN		False	-0.3851027839668654
SH2B1	ENSG00000178188	True	-0.3851027839668654
SLC35F1	ENSG00000196376	True	-0.3851027839668654
B3GALT5	ENSG00000183778	True	-0.3851027839668654
CYP4A11		False	-0.38615817812393083
MTG2	ENSG00000101181	True	-0.38615817812393083
TEFM	ENSG00000172171	True	-0.38615817812393083
MARK4	ENSG00000007047	True	-0.38615817812393083
NUDT18	ENSG00000275074	True	-0.38615817812393083
TGIF2LY		False	-0.38615817812393083
ALKBH2	ENSG00000189046	True	-0.38721614328026455
JPH2	ENSG00000149596	True	-0.38721614328026455
ARHGAP32	ENSG00000134909	True	-0.38721614328026455
GLCE	ENSG00000138604	True	-0.38721614328026455
ANKRD26	ENSG00000107890	True	-0.38827669199265824
KDM6A	ENSG00000147050	True	-0.38827669199265824
CENPX		False	-0.38827669199265824
XPNPEP2	ENSG00000122121	True	-0.38827669199265824
C4orf48	ENSG00000243449	True	-0.3893398369101201
CALHM2	ENSG00000138172	True	-0.3893398369101201
ZNF460	ENSG00000197714	True	-0.39040559077478
GRB14	ENSG00000115290	True	-0.39040559077478
GORAB	ENSG00000120370	True	-0.39040559077478
DHRS13	ENSG00000167536	True	-0.39040559077478
APOBEC3F		False	-0.39040559077478
SCD5	ENSG00000145284	True	-0.39147396642280585
DNAH17	ENSG00000187775	True	-0.39147396642280585
LMO4	ENSG00000143013	True	-0.39147396642280585
ADAM20	ENSG00000134007	True	-0.39147396642280585
ZFP64	ENSG00000020256	True	-0.3925449767853314
FOXP1	ENSG00000114861	True	-0.3925449767853314
ATXN1	ENSG00000124788	True	-0.3925449767853314
KRTAP9-6		False	-0.3925449767853314
HSD17B14	ENSG00000087076	True	-0.3925449767853314
ZBTB10	ENSG00000205189	True	-0.393618634889395
FAM102A		False	-0.393618634889395
MCC	ENSG00000171444	True	-0.393618634889395
MND1	ENSG00000121211	True	-0.393618634889395
KYAT1	ENSG00000171097	True	-0.393618634889395
ARHGAP29	ENSG00000137962	True	-0.39469495385889053
CILP2	ENSG00000160161	True	-0.39469495385889053
SOX10	ENSG00000100146	True	-0.39469495385889053
ANKRD13D	ENSG00000172932	True	-0.39469495385889053
HOXB9		False	-0.3957739469155299
COL27A1	ENSG00000196739	True	-0.3957739469155299
KLHL9	ENSG00000198642	True	-0.3957739469155299
KDM4B		False	-0.3957739469155299
TGFBR1	ENSG00000106799	True	-0.3957739469155299
CPXM1		False	-0.3957739469155299
MT3	ENSG00000087250	True	-0.39685562737981767
KYAT1-2		False	-0.39685562737981767
KANK1	ENSG00000107104	True	-0.39685562737981767
VHL	ENSG00000134086	True	-0.39685562737981767
STK32C	ENSG00000165752	True	-0.39685562737981767
NPTX1	ENSG00000171246	True	-0.3979400086720376
GATA2	ENSG00000179348	True	-0.3979400086720376
TMCC1	ENSG00000172765	True	-0.3979400086720376
MCF2L		False	-0.3979400086720376
MEX3A		False	-0.3979400086720376
ROBO1	ENSG00000169855	True	-0.3979400086720376
OSGEPL1	ENSG00000128694	True	-0.3979400086720376
RSBN1	ENSG00000081019	True	-0.3990271043132517
AKAP10	ENSG00000108599	True	-0.3990271043132517
DYRK1B	ENSG00000105204	True	-0.3990271043132517
ALG9-2		False	-0.3990271043132517
MAPK4		False	-0.3990271043132517
IGHMBP2		False	-0.40011692792631215
ANKH		False	-0.40011692792631215
ICK		False	-0.40011692792631215
MMP3	ENSG00000149968	True	-0.40011692792631215
CST7	ENSG00000077984	True	-0.40011692792631215
ZNF740	ENSG00000139651	True	-0.40120949323688493
CELF6	ENSG00000140488	True	-0.40120949323688493
TENT2		False	-0.40120949323688493
SIN3B	ENSG00000127511	True	-0.40120949323688493
ALG13	ENSG00000101901	True	-0.40120949323688493
MIA	ENSG00000261857	True	-0.40230481407448765
SAMD4A	ENSG00000020577	True	-0.40230481407448765
PRELID1	ENSG00000169230	True	-0.40340290437353976
TRIT1	ENSG00000043514	True	-0.40340290437353976
SLC41A3	ENSG00000114544	True	-0.40340290437353976
ITGB1BP1		False	-0.40450377817442584
GAL	ENSG00000069482	True	-0.40450377817442584
IMMP2L	ENSG00000184903	True	-0.40450377817442584
SHROOM1	ENSG00000164403	True	-0.40450377817442584
ZHX1		False	-0.40450377817442584
PDE4A	ENSG00000065989	True	-0.4056074496245733
MIEF1		False	-0.4056074496245733
PHC1	ENSG00000111752	True	-0.4056074496245733
RADX	ENSG00000147231	True	-0.4067139329795427
PCGF5	ENSG00000180628	True	-0.4067139329795427
COL9A2	ENSG00000049089	True	-0.4067139329795427
CNOT6L	ENSG00000138767	True	-0.4067139329795427
PI4K2B	ENSG00000038210	True	-0.40782324260413316
SPTBN5	ENSG00000137877	True	-0.40782324260413316
PSD3	ENSG00000156011	True	-0.40782324260413316
ADAMTS2	ENSG00000087116	True	-0.40782324260413316
PPFIA2		False	-0.40782324260413316
HERC5	ENSG00000138646	True	-0.40782324260413316
KAT5	ENSG00000172977	True	-0.40782324260413316
CGNL1	ENSG00000128849	True	-0.40782324260413316
BICDL2	ENSG00000162069	True	-0.4089353929735008
SMURF2	ENSG00000108854	True	-0.4089353929735008
SRPK3		False	-0.4089353929735008
ASXL2		False	-0.4089353929735008
CWC25	ENSG00000273559	True	-0.41005039867429227
PRMT6	ENSG00000198890	True	-0.41005039867429227
SEC22A		False	-0.41005039867429227
PKNOX1	ENSG00000160199	True	-0.41005039867429227
PITPNM1	ENSG00000110697	True	-0.41005039867429227
TIFA	ENSG00000145365	True	-0.41116827440579273
GKAP1	ENSG00000165113	True	-0.41116827440579273
TGIF2		False	-0.41116827440579273
YIPF1	ENSG00000058799	True	-0.41116827440579273
PTPRB	ENSG00000127329	True	-0.41116827440579273
SMIM19	ENSG00000176209	True	-0.41116827440579273
TMEM35B	ENSG00000243749	True	-0.4122890349810886
CXCL16	ENSG00000161921	True	-0.4122890349810886
FLVCR2	ENSG00000119686	True	-0.4122890349810886
SULF1	ENSG00000137573	True	-0.4122890349810886
GRK4	ENSG00000125388	True	-0.4122890349810886
RCBTB1		False	-0.4122890349810886
TFR2	ENSG00000106327	True	-0.41341269532824504
PHF1	ENSG00000112511	True	-0.41341269532824504
GPATCH2	ENSG00000092978	True	-0.4145392704914993
WRN	ENSG00000165392	True	-0.4145392704914993
BTN1A1	ENSG00000124557	True	-0.4145392704914993
C12orf73	ENSG00000204954	True	-0.4145392704914993
TSPAN15	ENSG00000099282	True	-0.4145392704914993
ELF4	ENSG00000102034	True	-0.4145392704914993
MFSD6	ENSG00000151690	True	-0.4145392704914993
TRIM11	ENSG00000154370	True	-0.4156687756324692
LRRC14	ENSG00000160959	True	-0.4156687756324692
CDR2	ENSG00000140743	True	-0.41680122603137726
PALM3	ENSG00000187867	True	-0.41793663708829126
C15orf61		False	-0.41793663708829126
KIF2B	ENSG00000141200	True	-0.41793663708829126
APBB1	ENSG00000166313	True	-0.41793663708829126
PRKN	ENSG00000185345	True	-0.4190750243243807
ANGPT1	ENSG00000154188	True	-0.4190750243243807
CRISP1	ENSG00000124812	True	-0.4190750243243807
PTGER1		False	-0.4190750243243807
SGSM3	ENSG00000100359	True	-0.42021640338318983
SPICE1	ENSG00000163611	True	-0.42021640338318983
USP1	ENSG00000162607	True	-0.42021640338318983
RUNX2	ENSG00000124813	True	-0.42021640338318983
TRUB2	ENSG00000167112	True	-0.42021640338318983
NOVA2	ENSG00000104967	True	-0.42021640338318983
DUSP27		False	-0.42021640338318983
TMEM123		False	-0.42021640338318983
TOR2A	ENSG00000160404	True	-0.42021640338318983
IQSEC2		False	-0.42021640338318983
TRIM71	ENSG00000206557	True	-0.42136079003192767
NTS	ENSG00000133636	True	-0.42136079003192767
PHACTR1	ENSG00000112137	True	-0.42136079003192767
SESTD1	ENSG00000187231	True	-0.42136079003192767
KCTD2		False	-0.4225082001627747
PTP4A3	ENSG00000184489	True	-0.4225082001627747
ZNF280C	ENSG00000056277	True	-0.4225082001627747
PEX6	ENSG00000124587	True	-0.4225082001627747
UPRT	ENSG00000094841	True	-0.4225082001627747
GKN2	ENSG00000183607	True	-0.4225082001627747
SFR1	ENSG00000156384	True	-0.4225082001627747
RPS6KC1	ENSG00000136643	True	-0.4225082001627747
GPS2	ENSG00000132522	True	-0.42365864979420714
OSCP1	ENSG00000116885	True	-0.42365864979420714
CCDC9B	ENSG00000188549	True	-0.42481215507233894
HDAC10	ENSG00000100429	True	-0.42481215507233894
TAC4		False	-0.42481215507233894
ENSP00000496817		False	-0.42481215507233894
FGD1	ENSG00000102302	True	-0.42481215507233894
ASPA	ENSG00000108381	True	-0.42596873227228116
LTBR	ENSG00000111321	True	-0.42596873227228116
FRK	ENSG00000111816	True	-0.42712839779951983
ABITRAM	ENSG00000119328	True	-0.42712839779951983
LTA	ENSG00000226979	True	-0.42712839779951983
MUC21	ENSG00000204544	True	-0.42712839779951983
TTL		False	-0.42712839779951983
SNX21	ENSG00000124104	True	-0.42712839779951983
NHSL1	ENSG00000135540	True	-0.4282911681913124
HOXD11		False	-0.4282911681913124
GTF2H5		False	-0.4282911681913124
MEGF10		False	-0.4282911681913124
FGD2	ENSG00000146192	True	-0.4282911681913124
ZNF292	ENSG00000188994	True	-0.4282911681913124
KDELR3	ENSG00000100196	True	-0.4282911681913124
ZNF512B	ENSG00000196700	True	-0.4294570601181025
PHLDA3	ENSG00000174307	True	-0.4294570601181025
SPATA9	ENSG00000145757	True	-0.4294570601181025
STYX	ENSG00000198252	True	-0.4294570601181025
CETN1	ENSG00000177143	True	-0.4294570601181025
MAMDC2	ENSG00000165072	True	-0.4294570601181025
CDK5RAP1		False	-0.43062609038495414
CARD8	ENSG00000105483	True	-0.43062609038495414
CDK19	ENSG00000155111	True	-0.43062609038495414
TYRP1	ENSG00000107165	True	-0.43062609038495414
AKAP5	ENSG00000179841	True	-0.43062609038495414
LCE2C		False	-0.43062609038495414
TAL1	ENSG00000162367	True	-0.43062609038495414
BIRC2	ENSG00000110330	True	-0.431798275933005
SIRT7	ENSG00000187531	True	-0.431798275933005
DMXL2	ENSG00000104093	True	-0.431798275933005
LCE2D		False	-0.431798275933005
ENSP00000481571		False	-0.431798275933005
COL8A2	ENSG00000171812	True	-0.431798275933005
NKIRAS1	ENSG00000197885	True	-0.4329736338409396
IGSF3	ENSG00000143061	True	-0.4329736338409396
BEGAIN		False	-0.4329736338409396
SLC6A15	ENSG00000072041	True	-0.4329736338409396
SEPSECS		False	-0.4329736338409396
SLC28A1	ENSG00000156222	True	-0.4329736338409396
PGAP6	ENSG00000129925	True	-0.43415218132648237
SNX33	ENSG00000173548	True	-0.43415218132648237
DCBLD1	ENSG00000164465	True	-0.43415218132648237
SERGEF	ENSG00000129158	True	-0.43415218132648237
KLF5	ENSG00000102554	True	-0.43415218132648237
CDH3	ENSG00000062038	True	-0.43415218132648237
CTAGE1	ENSG00000212710	True	-0.43415218132648237
KRTAP4-3		False	-0.4353339357479107
PAPPA2	ENSG00000116183	True	-0.4353339357479107
MFSD12	ENSG00000161091	True	-0.43651891460558934
GRAMD1A	ENSG00000089351	True	-0.43651891460558934
BACH1	ENSG00000156273	True	-0.4377071355435253
ATP9A	ENSG00000054793	True	-0.4377071355435253
COL23A1	ENSG00000050767	True	-0.4377071355435253
CSAD	ENSG00000139631	True	-0.4377071355435253
PAX6	ENSG00000007372	True	-0.438898616350944
SCAP	ENSG00000114650	True	-0.438898616350944
CR1	ENSG00000203710	True	-0.4400933749638875
SYNPR	ENSG00000163630	True	-0.4400933749638875
OGFRL1		False	-0.4400933749638875
AHDC1	ENSG00000126705	True	-0.4400933749638875
ZNF395	ENSG00000186918	True	-0.4400933749638875
SLC34A2	ENSG00000157765	True	-0.4400933749638875
RAD21L1	ENSG00000244588	True	-0.4400933749638875
PLEKHA3	ENSG00000116095	True	-0.4412914294668343
PAFAH2	ENSG00000158006	True	-0.4412914294668343
PIAS2	ENSG00000078043	True	-0.4424927980943421
MYO5C	ENSG00000128833	True	-0.4424927980943421
RARA		False	-0.4424927980943421
NFATC3		False	-0.4424927980943421
TCAF2	ENSG00000170379	True	-0.4424927980943421
XXYLT1		False	-0.44369749923271273
CDH6	ENSG00000113361	True	-0.44369749923271273
PRXL2C	ENSG00000158122	True	-0.44369749923271273
DOCK6	ENSG00000130158	True	-0.44369749923271273
ENSP00000498126		False	-0.44490555142168087
PATE1	ENSG00000171053	True	-0.44490555142168087
CASTOR2	ENSG00000274070	True	-0.44490555142168087
MAN2A2		False	-0.44490555142168087
CPEB4		False	-0.44490555142168087
TKTL1	ENSG00000007350	True	-0.44611697335612566
SLC30A6	ENSG00000152683	True	-0.44611697335612566
MIS18A	ENSG00000159055	True	-0.44611697335612566
WWC1	ENSG00000113645	True	-0.44611697335612566
MAP4K3	ENSG00000011566	True	-0.44611697335612566
ZFP42	ENSG00000179059	True	-0.44611697335612566
SGK3	ENSG00000104205	True	-0.44611697335612566
R3HCC1	ENSG00000104679	True	-0.4473317838878068
SMG5		False	-0.4473317838878068
LRRC58	ENSG00000163428	True	-0.4473317838878068
SHROOM2	ENSG00000146950	True	-0.4473317838878068
SCARF2	ENSG00000244486	True	-0.4473317838878068
GNGT2	ENSG00000167083	True	-0.4473317838878068
RGS13	ENSG00000127074	True	-0.4473317838878068
CRISPLD1	ENSG00000121005	True	-0.4473317838878068
DIP2A	ENSG00000160305	True	-0.44855000202712486
FBXL8	ENSG00000135722	True	-0.44855000202712486
CD22	ENSG00000012124	True	-0.44855000202712486
FBXO44	ENSG00000132879	True	-0.44855000202712486
GPRIN1	ENSG00000169258	True	-0.44855000202712486
ZNF131	ENSG00000172262	True	-0.44855000202712486
FBXL12	ENSG00000127452	True	-0.44855000202712486
FAM193A	ENSG00000125386	True	-0.44977164694490596
UGT1A6	ENSG00000167165	True	-0.44977164694490596
SMIM24	ENSG00000095932	True	-0.44977164694490596
UBE2Q2		False	-0.44977164694490596
USP42		False	-0.44977164694490596
SGIP1	ENSG00000118473	True	-0.44977164694490596
CLEC14A	ENSG00000176435	True	-0.44977164694490596
UPF3A	ENSG00000169062	True	-0.4509967379742122
P3H2	ENSG00000090530	True	-0.4509967379742122
DACH1	ENSG00000276644	True	-0.4509967379742122
DPP8	ENSG00000074603	True	-0.4522252946121775
DNAJC15		False	-0.4522252946121775
TSPAN33	ENSG00000158457	True	-0.4522252946121775
NOL4L	ENSG00000197183	True	-0.4522252946121775
UBTD2	ENSG00000168246	True	-0.453457336521869
PDGFRL		False	-0.453457336521869
FCMR	ENSG00000162894	True	-0.453457336521869
NINJ2		False	-0.453457336521869
CYB5R4	ENSG00000065615	True	-0.453457336521869
ARHGAP22	ENSG00000128805	True	-0.4546928835341759
COQ10B	ENSG00000115520	True	-0.4546928835341759
MMP15	ENSG00000102996	True	-0.4559319556497244
NLRP13	ENSG00000173572	True	-0.4559319556497244
TEX30	ENSG00000151287	True	-0.4559319556497244
REEP1	ENSG00000068615	True	-0.4559319556497244
RASIP1	ENSG00000105538	True	-0.4559319556497244
GRPEL2	ENSG00000164284	True	-0.4559319556497244
MRS2	ENSG00000124532	True	-0.4559319556497244
RHBDD1	ENSG00000144468	True	-0.4559319556497244
RSPO3	ENSG00000146374	True	-0.45717457304082015
ERP27	ENSG00000139055	True	-0.45717457304082015
ZNF511	ENSG00000198546	True	-0.45717457304082015
ARHGAP19	ENSG00000213390	True	-0.4584207560534191
ANTXR2		False	-0.4584207560534191
TSEN54	ENSG00000182173	True	-0.4596705252091263
WIPI1	ENSG00000070540	True	-0.4596705252091263
RALGAPA2	ENSG00000188559	True	-0.4596705252091263
MRAS	ENSG00000158186	True	-0.4596705252091263
BAP1	ENSG00000163930	True	-0.4596705252091263
FCHSD2	ENSG00000137478	True	-0.46092390120722343
AQP2	ENSG00000167580	True	-0.46092390120722343
POMGNT2	ENSG00000144647	True	-0.46092390120722343
SOX9	ENSG00000125398	True	-0.46092390120722343
LPIN2	ENSG00000101577	True	-0.46092390120722343
ENSP00000498010		False	-0.46092390120722343
ARHGAP31	ENSG00000031081	True	-0.46092390120722343
NEPRO		False	-0.46092390120722343
SLC37A4	ENSG00000137700	True	-0.46092390120722343
INHA	ENSG00000123999	True	-0.46092390120722343
BBS2	ENSG00000125124	True	-0.46092390120722343
IL1B		False	-0.4621809049267259
PHOX2A	ENSG00000165462	True	-0.4621809049267259
PTPN13	ENSG00000163629	True	-0.4621809049267259
MBD4	ENSG00000129071	True	-0.4621809049267259
FCRL3	ENSG00000160856	True	-0.4621809049267259
ZBTB11	ENSG00000066422	True	-0.4621809049267259
KRTAP19-5		False	-0.4621809049267259
SLC8A2	ENSG00000118160	True	-0.46344155742846993
H0Y980_HUMAN		False	-0.46344155742846993
GLI2	ENSG00000074047	True	-0.46344155742846993
CACNB2	ENSG00000165995	True	-0.46344155742846993
HERC1	ENSG00000103657	True	-0.46344155742846993
RBL2	ENSG00000103479	True	-0.46344155742846993
PIK3CB	ENSG00000051382	True	-0.46470587995722945
MAK		False	-0.46470587995722945
ARID4A		False	-0.46470587995722945
FAM104A	ENSG00000133193	True	-0.46470587995722945
GAGE12H	ENSG00000224902	True	-0.46597389394386496
C16orf87	ENSG00000155330	True	-0.46597389394386496
MTNR1A		False	-0.46597389394386496
MB21D2	ENSG00000180611	True	-0.46597389394386496
FCRL5		False	-0.4672456210075022
CUL7	ENSG00000044090	True	-0.4672456210075022
K7EMI3_HUMAN		False	-0.4672456210075022
PCNT	ENSG00000160299	True	-0.4672456210075022
ZHX3		False	-0.4672456210075022
TMEM41A	ENSG00000163900	True	-0.46852108295774486
C5orf15	ENSG00000113583	True	-0.46852108295774486
GPATCH1	ENSG00000076650	True	-0.46852108295774486
JMY	ENSG00000152409	True	-0.46852108295774486
HIF1A	ENSG00000100644	True	-0.46852108295774486
APOBEC3A	ENSG00000128383	True	-0.46852108295774486
BEX5	ENSG00000184515	True	-0.4698003017969178
USP40	ENSG00000085982	True	-0.4698003017969178
MYPN	ENSG00000138347	True	-0.4698003017969178
SLC39A5		False	-0.4698003017969178
EFS	ENSG00000100842	True	-0.47108329972234525
MARVELD1		False	-0.47108329972234525
STEAP1	ENSG00000164647	True	-0.47108329972234525
DLGAP1		False	-0.47108329972234525
ITPKC	ENSG00000086544	True	-0.47108329972234525
FEZ2	ENSG00000171055	True	-0.47108329972234525
OXLD1	ENSG00000204237	True	-0.47108329972234525
PLCL1	ENSG00000115896	True	-0.47237009912866135
PPTC7	ENSG00000196850	True	-0.47237009912866135
VAX2		False	-0.47237009912866135
SLC39A9	ENSG00000029364	True	-0.47237009912866135
CLEC16A	ENSG00000038532	True	-0.4736607226101559
UTF1	ENSG00000171794	True	-0.4736607226101559
KLK8	ENSG00000129455	True	-0.4736607226101559
DROSHA		False	-0.4736607226101559
DNAJB9	ENSG00000128590	True	-0.4736607226101559
FAM111B	ENSG00000189057	True	-0.4736607226101559
WDR83	ENSG00000123154	True	-0.4736607226101559
MAP11		False	-0.47495519296315475
CBFA2T2	ENSG00000078699	True	-0.47495519296315475
PEG3	ENSG00000198300	True	-0.47495519296315475
LIX1L		False	-0.47495519296315475
NSMAF	ENSG00000035681	True	-0.4762535331884355
SPATA31D1	ENSG00000214929	True	-0.4762535331884355
PAPOLG	ENSG00000115421	True	-0.4762535331884355
STRA6	ENSG00000137868	True	-0.4762535331884355
C11orf87	ENSG00000185742	True	-0.4762535331884355
FNDC1	ENSG00000164694	True	-0.4762535331884355
MPP3	ENSG00000161647	True	-0.4775557664936801
USP6NL	ENSG00000148429	True	-0.4775557664936801
CARD11	ENSG00000198286	True	-0.4775557664936801
CCDC125	ENSG00000183323	True	-0.4775557664936801
KRTAP4-9		False	-0.4775557664936801
FAM110A	ENSG00000125898	True	-0.4775557664936801
FLCN	ENSG00000154803	True	-0.4775557664936801
RPUSD4	ENSG00000165526	True	-0.4775557664936801
CYP11B2	ENSG00000179142	True	-0.4775557664936801
RTL8B		False	-0.4788619162959637
SLC25A42	ENSG00000181035	True	-0.4788619162959637
TLCD1	ENSG00000160606	True	-0.4788619162959637
HPCAL4		False	-0.4788619162959637
PFKFB4	ENSG00000114268	True	-0.4788619162959637
ATR		False	-0.4788619162959637
PDE10A	ENSG00000112541	True	-0.48017200622428124
ANKIB1	ENSG00000001629	True	-0.48017200622428124
TONSL	ENSG00000160949	True	-0.48017200622428124
CHST14	ENSG00000169105	True	-0.48017200622428124
DNAJC6	ENSG00000116675	True	-0.48017200622428124
PCDH12	ENSG00000113555	True	-0.48017200622428124
TMEM25	ENSG00000149582	True	-0.4814860601221125
NFATC1	ENSG00000131196	True	-0.4814860601221125
CPEB3		False	-0.4814860601221125
CEACAM7	ENSG00000007306	True	-0.4814860601221125
YEATS2	ENSG00000163872	True	-0.4814860601221125
M0QYU9_HUMAN		False	-0.4814860601221125
SRGAP3	ENSG00000196220	True	-0.4814860601221125
RRN3	ENSG00000085721	True	-0.4814860601221125
ASB6	ENSG00000148331	True	-0.4814860601221125
ADGRF5		False	-0.48280410205002566
PJA2	ENSG00000198961	True	-0.48280410205002566
ATRIP	ENSG00000164053	True	-0.48280410205002566
ROGDI	ENSG00000067836	True	-0.48280410205002566
DDX11	ENSG00000013573	True	-0.4841261562883209
OLR1		False	-0.4841261562883209
WDR59	ENSG00000103091	True	-0.4841261562883209
MAPK6	ENSG00000069956	True	-0.4841261562883209
ZMAT3	ENSG00000172667	True	-0.4841261562883209
SMOC1	ENSG00000198732	True	-0.4841261562883209
ACOT12		False	-0.4841261562883209
WWC3	ENSG00000047644	True	-0.4854522473397139
GGT7	ENSG00000131067	True	-0.4854522473397139
HMGCR	ENSG00000113161	True	-0.4854522473397139
PTPRN2	ENSG00000155093	True	-0.4854522473397139
OPTC	ENSG00000188770	True	-0.4854522473397139
IL13RA1		False	-0.4854522473397139
XIRP2	ENSG00000163092	True	-0.4854522473397139
INO80C	ENSG00000153391	True	-0.48678239993206096
JMJD7	ENSG00000243789	True	-0.48678239993206096
DPP6	ENSG00000130226	True	-0.48678239993206096
CDNF	ENSG00000185267	True	-0.48678239993206096
RHBDF2	ENSG00000129667	True	-0.4881166390211256
JADE2	ENSG00000043143	True	-0.4881166390211256
DHX32	ENSG00000089876	True	-0.4881166390211256
SLC16A7	ENSG00000118596	True	-0.4881166390211256
ZNFX1	ENSG00000124201	True	-0.4881166390211256
VANGL2	ENSG00000162738	True	-0.4881166390211256
GLYCTK	ENSG00000168237	True	-0.4881166390211256
SOX6	ENSG00000110693	True	-0.4881166390211256
KRTAP4-7		False	-0.48945498979338786
CDC25B	ENSG00000101224	True	-0.48945498979338786
NEMP1	ENSG00000166881	True	-0.48945498979338786
SSH1	ENSG00000084112	True	-0.48945498979338786
DUSP11		False	-0.48945498979338786
APOBEC3D	ENSG00000243811	True	-0.4907974776688971
ENSP00000370980		False	-0.4907974776688971
COL7A1	ENSG00000114270	True	-0.4907974776688971
TRNAU1AP	ENSG00000180098	True	-0.4907974776688971
GLRX2	ENSG00000023572	True	-0.4907974776688971
GYS2	ENSG00000111713	True	-0.4921441283041691
HRK	ENSG00000135116	True	-0.4921441283041691
CDS1	ENSG00000163624	True	-0.4921441283041691
RNF13	ENSG00000082996	True	-0.4921441283041691
CSGALNACT2	ENSG00000169826	True	-0.4921441283041691
OSTM1	ENSG00000081087	True	-0.4921441283041691
CHKA	ENSG00000110721	True	-0.4934949675951279
AMT	ENSG00000145020	True	-0.4934949675951279
KCTD7		False	-0.4934949675951279
NEIL2		False	-0.4934949675951279
TMEM50B	ENSG00000142188	True	-0.4934949675951279
ZNF335		False	-0.4934949675951279
EPHB3	ENSG00000182580	True	-0.4934949675951279
CCND1	ENSG00000110092	True	-0.494850021680094
PARD3B	ENSG00000116117	True	-0.494850021680094
LIPT2	ENSG00000175536	True	-0.494850021680094
BEND3	ENSG00000178409	True	-0.494850021680094
STARD3	ENSG00000131748	True	-0.494850021680094
ZMIZ1	ENSG00000108175	True	-0.494850021680094
RANBP17	ENSG00000204764	True	-0.4962093169428189
AKNA		False	-0.4975728800155673
IL1RL1	ENSG00000115602	True	-0.4975728800155673
HECTD4	ENSG00000173064	True	-0.4975728800155673
DVL1	ENSG00000107404	True	-0.4975728800155673
E2F4		False	-0.4975728800155673
MLXIPL		False	-0.4975728800155673
SLC39A8	ENSG00000138821	True	-0.4975728800155673
CNNM4	ENSG00000158158	True	-0.4975728800155673
USP20	ENSG00000136878	True	-0.4989407377822485
TOP3A	ENSG00000177302	True	-0.4989407377822485
ZNF711	ENSG00000147180	True	-0.4989407377822485
PLEKHB2	ENSG00000115762	True	-0.4989407377822485
PPFIA4	ENSG00000143847	True	-0.4989407377822485
TRAF3IP1	ENSG00000204104	True	-0.4989407377822485
FAM3B	ENSG00000183844	True	-0.4989407377822485
ADCY6	ENSG00000174233	True	-0.4989407377822485
C2CD2	ENSG00000157617	True	-0.4989407377822485
ULBP2	ENSG00000131015	True	-0.4989407377822485
ARHGEF40	ENSG00000165801	True	-0.4989407377822485
GADD45G	ENSG00000130222	True	-0.5003129173815962
MSL3	ENSG00000005302	True	-0.5003129173815962
IDO1	ENSG00000131203	True	-0.5003129173815962
CR1L	ENSG00000197721	True	-0.5003129173815962
KRTCAP3	ENSG00000157992	True	-0.5003129173815962
HDGFL1	ENSG00000112273	True	-0.5003129173815962
CTSE	ENSG00000196188	True	-0.5003129173815962
CPXM2	ENSG00000121898	True	-0.5003129173815962
APC	ENSG00000134982	True	-0.5003129173815962
ULK1		False	-0.5016894462103995
CD79B	ENSG00000007312	True	-0.5016894462103995
SPG11	ENSG00000104133	True	-0.5016894462103995
GFOD1	ENSG00000145990	True	-0.5016894462103995
DTX3	ENSG00000178498	True	-0.5016894462103995
AMMECR1	ENSG00000101935	True	-0.5016894462103995
NBPF4	ENSG00000196427	True	-0.5016894462103995
CD180	ENSG00000134061	True	-0.5016894462103995
PTOV1	ENSG00000104960	True	-0.5030703519267851
LAMP3	ENSG00000078081	True	-0.5030703519267851
EBPL	ENSG00000123179	True	-0.5030703519267851
B4GALT3	ENSG00000158850	True	-0.5030703519267851
FCHSD1	ENSG00000197948	True	-0.5030703519267851
PPP5D1		False	-0.5030703519267851
CASKIN1	ENSG00000167971	True	-0.5030703519267851
MGRN1	ENSG00000102858	True	-0.5030703519267851
CLTRN	ENSG00000147003	True	-0.5044556624535516
CD1B	ENSG00000158485	True	-0.5044556624535516
WNK4	ENSG00000126562	True	-0.5044556624535516
ENSP00000497072		False	-0.5044556624535516
CWF19L2	ENSG00000152404	True	-0.5058454059815573
JDP2	ENSG00000140044	True	-0.5058454059815573
PIEZO1	ENSG00000103335	True	-0.5058454059815573
BNIPL		False	-0.5058454059815573
CDCP1	ENSG00000163814	True	-0.5072396109731625
KANK3	ENSG00000186994	True	-0.5072396109731625
PLEKHS1		False	-0.5072396109731625
PIAS4	ENSG00000105229	True	-0.5072396109731625
SCAI	ENSG00000173611	True	-0.5072396109731625
ARMCX1	ENSG00000126947	True	-0.5072396109731625
CDK2AP2	ENSG00000167797	True	-0.5072396109731625
EIF4E1B	ENSG00000175766	True	-0.5072396109731625
SLC13A3	ENSG00000158296	True	-0.5086383061657274
COL16A1		False	-0.5086383061657274
FGGY		False	-0.5086383061657274
LCE4A		False	-0.5086383061657274
KRTAP4-11		False	-0.5086383061657274
LDOC1	ENSG00000182195	True	-0.5086383061657274
GLI3	ENSG00000106571	True	-0.5086383061657274
KCTD9		False	-0.5086383061657274
PTAR1	ENSG00000188647	True	-0.5100415205751654
SCUBE2	ENSG00000175356	True	-0.5100415205751654
C1orf43	ENSG00000143612	True	-0.5100415205751654
SCML4	ENSG00000146285	True	-0.5100415205751654
DIPK2A	ENSG00000181744	True	-0.5100415205751654
EIF4E3	ENSG00000163412	True	-0.5100415205751654
TTC39A	ENSG00000085831	True	-0.5100415205751654
TTC39B		False	-0.5100415205751654
KRTAP7-1		False	-0.5100415205751654
UNC13B	ENSG00000198722	True	-0.5100415205751654
KANK4	ENSG00000132854	True	-0.5100415205751654
PCGF2	ENSG00000277258	True	-0.5114492834995558
KPTN	ENSG00000118162	True	-0.5114492834995558
UMAD1	ENSG00000219545	True	-0.5114492834995558
DENND1B	ENSG00000213047	True	-0.5114492834995558
CDCA7		False	-0.5114492834995558
BICRA	ENSG00000063169	True	-0.5114492834995558
NUDT6	ENSG00000170917	True	-0.5128616245228135
CMTM4	ENSG00000183723	True	-0.5128616245228135
SPINK2	ENSG00000128040	True	-0.5128616245228135
ACD	ENSG00000102977	True	-0.5128616245228135
LIME1	ENSG00000203896	True	-0.5128616245228135
GGTLC1	ENSG00000149435	True	-0.51427857351842
UGT2B15	ENSG00000196620	True	-0.51427857351842
RAD51B	ENSG00000182185	True	-0.51427857351842
LAPTM4A	ENSG00000068697	True	-0.51427857351842
JMJD1C	ENSG00000171988	True	-0.51427857351842
USP54	ENSG00000166348	True	-0.51427857351842
MYO19	ENSG00000278259	True	-0.51427857351842
FOXC2		False	-0.5157001606532142
CRTAM		False	-0.5157001606532142
PPP1R1A	ENSG00000135447	True	-0.5157001606532142
CNKSR3	ENSG00000153721	True	-0.5157001606532142
ACRV1	ENSG00000134940	True	-0.5157001606532142
SSBP4		False	-0.5157001606532142
ABRAXAS1	ENSG00000163322	True	-0.5157001606532142
MLIP	ENSG00000146147	True	-0.5157001606532142
C19orf12	ENSG00000131943	True	-0.5171264163912462
UGT2B17	ENSG00000197888	True	-0.5171264163912462
GIMAP6	ENSG00000133561	True	-0.5171264163912462
MBIP	ENSG00000151332	True	-0.5171264163912462
WDFY4	ENSG00000128815	True	-0.5171264163912462
PHF20L1	ENSG00000129292	True	-0.5171264163912462
CPA2	ENSG00000158516	True	-0.5171264163912462
SLC49A4		False	-0.518557371497695
C11orf52	ENSG00000149300	True	-0.518557371497695
TRIQK		False	-0.518557371497695
TEAD2		False	-0.5199930570428494
RMDN2	ENSG00000115841	True	-0.5199930570428494
SLC35C2	ENSG00000080189	True	-0.5199930570428494
MRGPRF	ENSG00000172935	True	-0.5199930570428494
CXCL10		False	-0.5199930570428494
TRAF5	ENSG00000082512	True	-0.5199930570428494
TRIM59	ENSG00000213186	True	-0.5199930570428494
ORC1	ENSG00000085840	True	-0.5199930570428494
TBATA		False	-0.5199930570428494
ACOT11	ENSG00000162390	True	-0.5214335044061567
DACT3	ENSG00000197380	True	-0.5214335044061567
HEPH	ENSG00000089472	True	-0.5214335044061567
UBR3	ENSG00000144357	True	-0.5214335044061567
POC1B-GALNT4		False	-0.5214335044061567
SAMD9L	ENSG00000177409	True	-0.5214335044061567
RNASEH1	ENSG00000171865	True	-0.5228787452803376
BCL3	ENSG00000069399	True	-0.5228787452803376
ASPM		False	-0.5228787452803376
AP5Z1	ENSG00000242802	True	-0.5228787452803376
SHC4		False	-0.5228787452803376
CASP5		False	-0.5243288116755703
RFLNA	ENSG00000178882	True	-0.5243288116755703
HIC1	ENSG00000177374	True	-0.5243288116755703
NAV2	ENSG00000166833	True	-0.5257837359237448
HBQ1	ENSG00000086506	True	-0.5257837359237448
TOX	ENSG00000198846	True	-0.5257837359237448
KCTD8	ENSG00000183783	True	-0.5257837359237448
GALNT4		False	-0.5257837359237448
CCDC34	ENSG00000109881	True	-0.5257837359237448
CABLES1		False	-0.5257837359237448
WDCP	ENSG00000163026	True	-0.5257837359237448
F2RL3		False	-0.5272435506827877
KIAA0040	ENSG00000235750	True	-0.5272435506827877
MSANTD3		False	-0.5272435506827877
CD164	ENSG00000135535	True	-0.5272435506827877
CT45A1	ENSG00000268940	True	-0.5272435506827877
ZCCHC7	ENSG00000147905	True	-0.5272435506827877
SKAP1	ENSG00000141293	True	-0.5287082889410615
KIF18B	ENSG00000186185	True	-0.5287082889410615
TCEAL7	ENSG00000182916	True	-0.5287082889410615
STC1	ENSG00000159167	True	-0.5287082889410615
PLXDC1	ENSG00000161381	True	-0.5287082889410615
UHRF1BP1L		False	-0.5287082889410615
MRFAP1L1		False	-0.5287082889410615
SERPINB10	ENSG00000242550	True	-0.5287082889410615
FASTK	ENSG00000164896	True	-0.5287082889410615
ESRRG	ENSG00000196482	True	-0.5287082889410615
RUBCN	ENSG00000145016	True	-0.530177984021837
MAP6D1	ENSG00000180834	True	-0.530177984021837
UBALD2	ENSG00000185262	True	-0.530177984021837
F8W6W0_HUMAN		False	-0.530177984021837
KIAA1210	ENSG00000250423	True	-0.530177984021837
EZH1	ENSG00000108799	True	-0.530177984021837
DAP	ENSG00000112977	True	-0.530177984021837
HERPUD1	ENSG00000051108	True	-0.5316526695878427
DHX35	ENSG00000101452	True	-0.5316526695878427
ZNF552	ENSG00000178935	True	-0.5316526695878427
PHLDA1	ENSG00000139289	True	-0.5316526695878427
CHI3L2	ENSG00000064886	True	-0.5316526695878427
CCNT2	ENSG00000082258	True	-0.5316526695878427
RBBP8NL		False	-0.5316526695878427
CCDC130		False	-0.5316526695878427
CDC42BPG	ENSG00000171219	True	-0.5331323796458906
FAM160B2		False	-0.5331323796458906
TMEM168	ENSG00000146802	True	-0.5331323796458906
TFDP2	ENSG00000114126	True	-0.5331323796458906
ERN1	ENSG00000178607	True	-0.5331323796458906
TCN2		False	-0.5331323796458906
KLK5	ENSG00000167754	True	-0.5331323796458906
C1QTNF5	ENSG00000223953	True	-0.5331323796458906
FAM83G	ENSG00000188522	True	-0.5331323796458906
MARVELD2	ENSG00000152939	True	-0.5331323796458906
SNAP47	ENSG00000143740	True	-0.5331323796458906
MECOM	ENSG00000085276	True	-0.5331323796458906
ATP13A3	ENSG00000133657	True	-0.5346171485515817
OSBPL6	ENSG00000079156	True	-0.5346171485515817
CA5B	ENSG00000169239	True	-0.5346171485515817
GDE1		False	-0.5346171485515817
TEDC1	ENSG00000185347	True	-0.5361070110140927
BSN	ENSG00000164061	True	-0.5361070110140927
MATN4		False	-0.5361070110140927
IBTK	ENSG00000005700	True	-0.5361070110140927
PCP4L1	ENSG00000248485	True	-0.5361070110140927
RELT		False	-0.5361070110140927
SLAMF8	ENSG00000158714	True	-0.5361070110140927
MTMR10	ENSG00000166912	True	-0.5361070110140927
TAPBPL	ENSG00000139192	True	-0.5361070110140927
HELZ2	ENSG00000130589	True	-0.5361070110140927
CDK15	ENSG00000138395	True	-0.5361070110140927
HOXA5		False	-0.5376020021010439
CLEC4G	ENSG00000182566	True	-0.5376020021010439
ZCCHC10	ENSG00000155329	True	-0.5376020021010439
EPHB1	ENSG00000154928	True	-0.5376020021010439
SIPA1L2	ENSG00000116991	True	-0.5376020021010439
ADGRL1	ENSG00000072071	True	-0.5376020021010439
RBL1	ENSG00000080839	True	-0.5391021572434522
TMCC3	ENSG00000057704	True	-0.5391021572434522
KANSL2	ENSG00000139620	True	-0.5391021572434522
SYNGR3	ENSG00000127561	True	-0.5406075122407692
ARHGAP26	ENSG00000145819	True	-0.5406075122407692
SPATA19	ENSG00000166118	True	-0.5406075122407692
HOXC6		False	-0.5406075122407692
KLRG2	ENSG00000188883	True	-0.5406075122407692
HACD1		False	-0.5406075122407692
CENPK		False	-0.5406075122407692
N4BP3	ENSG00000145911	True	-0.5406075122407692
GLYATL1	ENSG00000166840	True	-0.5421181032660077
KCNQ3		False	-0.5421181032660077
TNFRSF13C	ENSG00000159958	True	-0.5421181032660077
TNFAIP6	ENSG00000123610	True	-0.5421181032660077
MUS81	ENSG00000172732	True	-0.5421181032660077
UGGT2	ENSG00000102595	True	-0.5421181032660077
MFSD2B	ENSG00000205639	True	-0.5421181032660077
PXMP4	ENSG00000101417	True	-0.5421181032660077
ALKBH6		False	-0.5421181032660077
ETV4	ENSG00000175832	True	-0.543633966870957
CYP3A5		False	-0.543633966870957
PUSL1	ENSG00000169972	True	-0.543633966870957
UGT2B10	ENSG00000109181	True	-0.543633966870957
LINC00634		False	-0.5451551399914898
HMCN1	ENSG00000143341	True	-0.5451551399914898
AXIN1	ENSG00000103126	True	-0.5451551399914898
CYSRT1	ENSG00000197191	True	-0.5451551399914898
MACO1		False	-0.5451551399914898
CCDC174	ENSG00000154781	True	-0.5451551399914898
ZNF316		False	-0.5451551399914898
C18orf21	ENSG00000141428	True	-0.5466816599529624
WDR35	ENSG00000118965	True	-0.5466816599529624
PPM1D	ENSG00000170836	True	-0.5466816599529624
PCP2		False	-0.5466816599529624
ID3	ENSG00000117318	True	-0.5466816599529624
FAM89A	ENSG00000182118	True	-0.5482135644757098
SOX13		False	-0.5482135644757098
CEP350	ENSG00000135837	True	-0.5482135644757098
LARP6	ENSG00000166173	True	-0.5482135644757098
HYLS1	ENSG00000198331	True	-0.5482135644757098
RIMS1	ENSG00000079841	True	-0.5482135644757098
KRTAP9-8		False	-0.5482135644757098
RAB17	ENSG00000124839	True	-0.549750891680639
ERBB3	ENSG00000065361	True	-0.549750891680639
CCP110	ENSG00000103540	True	-0.549750891680639
ZFPM1	ENSG00000179588	True	-0.549750891680639
SLC27A6	ENSG00000113396	True	-0.549750891680639
ARHGAP39		False	-0.5512936800949201
CASZ1	ENSG00000130940	True	-0.5512936800949201
MARF1	ENSG00000166783	True	-0.5512936800949201
CABIN1	ENSG00000099991	True	-0.5512936800949201
SERINC3	ENSG00000132824	True	-0.5512936800949201
ESCO2		False	-0.5512936800949201
CYP1B1	ENSG00000138061	True	-0.5512936800949201
ABHD17A	ENSG00000129968	True	-0.5528419686577808
ACADL	ENSG00000115361	True	-0.5528419686577808
KNL1	ENSG00000137812	True	-0.5528419686577808
COX14	ENSG00000178449	True	-0.5543957967264024
ZKSCAN8	ENSG00000198315	True	-0.5543957967264024
DCUN1D3	ENSG00000188215	True	-0.5543957967264024
TMEM154	ENSG00000170006	True	-0.5543957967264024
CCDC141		False	-0.5543957967264024
RS1	ENSG00000102104	True	-0.5559552040819237
ATXN7		False	-0.5559552040819237
SLAMF7	ENSG00000026751	True	-0.5559552040819237
RAD51C		False	-0.5559552040819237
ERBB4	ENSG00000178568	True	-0.5559552040819237
NBPF6	ENSG00000186086	True	-0.5559552040819237
CASTOR1	ENSG00000239282	True	-0.5559552040819237
AMBRA1	ENSG00000110497	True	-0.5559552040819237
SLC25A26	ENSG00000144741	True	-0.5559552040819237
PMEPA1		False	-0.5559552040819237
IFT122	ENSG00000163913	True	-0.5575202309355514
SGO1	ENSG00000129810	True	-0.5575202309355514
GRAMD2B	ENSG00000155324	True	-0.5575202309355514
ZNF669	ENSG00000188295	True	-0.5575202309355514
ANGPTL4	ENSG00000167772	True	-0.5575202309355514
JADE3	ENSG00000102221	True	-0.5575202309355514
MGAT4B	ENSG00000161013	True	-0.5575202309355514
SEL1L3	ENSG00000091490	True	-0.5575202309355514
PRR15L	ENSG00000167183	True	-0.5575202309355514
KBTBD4	ENSG00000123444	True	-0.5575202309355514
SLC9B2	ENSG00000164038	True	-0.5590909179347823
MOSPD3	ENSG00000106330	True	-0.5590909179347823
POMGNT1	ENSG00000085998	True	-0.5590909179347823
NIPA1	ENSG00000170113	True	-0.5590909179347823
STUM		False	-0.5590909179347823
RERG	ENSG00000134533	True	-0.5590909179347823
TMPPE	ENSG00000188167	True	-0.5606673061697374
RSAD1	ENSG00000136444	True	-0.5606673061697374
PAX8	ENSG00000125618	True	-0.5606673061697374
CLDN1	ENSG00000163347	True	-0.5606673061697374
CERS4	ENSG00000090661	True	-0.562249437179612
MAD2L2	ENSG00000116670	True	-0.562249437179612
SAV1	ENSG00000151748	True	-0.562249437179612
PATZ1	ENSG00000100105	True	-0.562249437179612
CSDC2	ENSG00000172346	True	-0.562249437179612
PEX26	ENSG00000215193	True	-0.562249437179612
ZMIZ2	ENSG00000122515	True	-0.562249437179612
GON4L	ENSG00000116580	True	-0.562249437179612
COL6A6	ENSG00000206384	True	-0.563837352959244
DOT1L	ENSG00000104885	True	-0.563837352959244
DHFR2	ENSG00000178700	True	-0.563837352959244
SLC35A2	ENSG00000102100	True	-0.563837352959244
TOX2	ENSG00000124191	True	-0.563837352959244
CLDN18	ENSG00000066405	True	-0.563837352959244
YAE1	ENSG00000241127	True	-0.563837352959244
WIPF3	ENSG00000122574	True	-0.563837352959244
SIX5	ENSG00000177045	True	-0.563837352959244
DEAF1	ENSG00000177030	True	-0.5654310959658012
FOSL1	ENSG00000175592	True	-0.5654310959658012
CACNB1	ENSG00000067191	True	-0.5654310959658012
KCNA2	ENSG00000177301	True	-0.5654310959658012
ATG4A	ENSG00000101844	True	-0.5654310959658012
CCND3	ENSG00000112576	True	-0.5654310959658012
E2F6		False	-0.5654310959658012
PLAC9	ENSG00000189129	True	-0.5654310959658012
NEK1	ENSG00000137601	True	-0.5654310959658012
KDM5A		False	-0.5670307091255943
CT45A5	ENSG00000228836	True	-0.5670307091255943
CT45A3	ENSG00000269096	True	-0.5670307091255943
CT45A6	ENSG00000278289	True	-0.5670307091255943
CT45A7	ENSG00000273696	True	-0.5670307091255943
PCSK6	ENSG00000140479	True	-0.5670307091255943
LOC102724788		False	-0.5670307091255943
PODXL2	ENSG00000114631	True	-0.5670307091255943
GSDMB	ENSG00000073605	True	-0.5670307091255943
ENTPD2	ENSG00000054179	True	-0.5670307091255943
MLN	ENSG00000096395	True	-0.5670307091255943
ZNHIT3	ENSG00000273611	True	-0.5686362358410126
TAT		False	-0.5686362358410126
UGT1A10		False	-0.5686362358410126
KANSL3	ENSG00000114982	True	-0.5686362358410126
ELMO3	ENSG00000102890	True	-0.5686362358410126
PRRT3	ENSG00000163704	True	-0.5686362358410126
FAM76A	ENSG00000009780	True	-0.5686362358410126
CACNG8	ENSG00000142408	True	-0.5686362358410126
PLCL2	ENSG00000154822	True	-0.5702477199975919
ETS2		False	-0.5702477199975919
TYW5	ENSG00000162971	True	-0.5702477199975919
ZNF182	ENSG00000147118	True	-0.5702477199975919
F5H5T6_HUMAN		False	-0.5702477199975919
GPBP1L1	ENSG00000159592	True	-0.5702477199975919
OBI1	ENSG00000152193	True	-0.5702477199975919
ZNHIT1	ENSG00000106400	True	-0.5702477199975919
GPAT4	ENSG00000158669	True	-0.5702477199975919
SPHK2		False	-0.5702477199975919
TRIM36		False	-0.5718652059712112
HPS3	ENSG00000163755	True	-0.5718652059712112
ARSL	ENSG00000157399	True	-0.5718652059712112
GCNT3	ENSG00000140297	True	-0.5718652059712112
LGALS2	ENSG00000100079	True	-0.5718652059712112
SLC5A3		False	-0.5718652059712112
RASSF1	ENSG00000068028	True	-0.5718652059712112
MYCN		False	-0.5718652059712112
DTD2	ENSG00000129480	True	-0.5734887386354247
PPM1N		False	-0.5734887386354247
KLF2	ENSG00000127528	True	-0.5734887386354247
ZNF580	ENSG00000213015	True	-0.5734887386354247
HDAC11		False	-0.5734887386354247
KRTAP4-4		False	-0.5734887386354247
PCGF6		False	-0.5734887386354247
ZNF197	ENSG00000186448	True	-0.5734887386354247
MYOZ1	ENSG00000177791	True	-0.5734887386354247
NCKAP5L	ENSG00000167566	True	-0.5734887386354247
TMEM164	ENSG00000157600	True	-0.575118363368933
DPH3	ENSG00000154813	True	-0.575118363368933
ING3	ENSG00000071243	True	-0.575118363368933
ENSP00000492745		False	-0.575118363368933
KDM1B	ENSG00000165097	True	-0.575118363368933
RFX7	ENSG00000181827	True	-0.575118363368933
TGFB2		False	-0.575118363368933
CBX2	ENSG00000173894	True	-0.575118363368933
FAM174B	ENSG00000185442	True	-0.575118363368933
ADHFE1	ENSG00000147576	True	-0.5767541260631921
TRIM55	ENSG00000147573	True	-0.5767541260631921
MTF2		False	-0.5767541260631921
CEP135		False	-0.5767541260631921
FAM13A	ENSG00000138640	True	-0.5783960731301689
ZBTB3	ENSG00000185670	True	-0.5783960731301689
KCTD17	ENSG00000100379	True	-0.5783960731301689
OSMR	ENSG00000145623	True	-0.5783960731301689
LIPH	ENSG00000163898	True	-0.5783960731301689
OPRPN	ENSG00000171199	True	-0.5783960731301689
ATXN7-2		False	-0.5783960731301689
TBX2	ENSG00000121068	True	-0.5783960731301689
FBXO9		False	-0.5783960731301689
PRX	ENSG00000105227	True	-0.5783960731301689
AP1AR	ENSG00000138660	True	-0.5800442515102421
ZNF219	ENSG00000165804	True	-0.5800442515102421
TSPAN3	ENSG00000140391	True	-0.5800442515102421
ARHGAP23	ENSG00000275832	True	-0.5800442515102421
ZFP36	ENSG00000128016	True	-0.5800442515102421
OR5B2		False	-0.5800442515102421
UBE3B	ENSG00000151148	True	-0.5800442515102421
SLC20A1	ENSG00000144136	True	-0.5800442515102421
MAST4	ENSG00000069020	True	-0.5800442515102421
CCDC102A	ENSG00000135736	True	-0.5800442515102421
MAP2K5	ENSG00000137764	True	-0.5800442515102421
ITM2A		False	-0.5816987086802545
PRR13	ENSG00000205352	True	-0.5816987086802545
DHRS9	ENSG00000073737	True	-0.5816987086802545
RC3H1	ENSG00000135870	True	-0.5816987086802545
DACH2	ENSG00000126733	True	-0.5816987086802545
SIX4	ENSG00000100625	True	-0.5816987086802545
STARD5	ENSG00000172345	True	-0.583359492661719
BATF	ENSG00000156127	True	-0.583359492661719
SMPD2	ENSG00000135587	True	-0.583359492661719
TLE2	ENSG00000065717	True	-0.583359492661719
GTF2IRD2B		False	-0.583359492661719
SLC12A3	ENSG00000070915	True	-0.583359492661719
THAP12	ENSG00000137492	True	-0.583359492661719
SI	ENSG00000090402	True	-0.583359492661719
SHQ1	ENSG00000144736	True	-0.583359492661719
VTCN1	ENSG00000134258	True	-0.583359492661719
ATAD2B	ENSG00000119778	True	-0.583359492661719
CCDC28B	ENSG00000160050	True	-0.583359492661719
CELA2B		False	-0.583359492661719
TMEM159		False	-0.585026652029182
FUT11	ENSG00000196968	True	-0.585026652029182
CEP68	ENSG00000011523	True	-0.585026652029182
FCHO1	ENSG00000130475	True	-0.585026652029182
KRTAP10-8		False	-0.585026652029182
HEATR5A	ENSG00000129493	True	-0.585026652029182
SLC19A2	ENSG00000117479	True	-0.585026652029182
STXBP4	ENSG00000166263	True	-0.585026652029182
OR4K14		False	-0.585026652029182
SLC6A19	ENSG00000174358	True	-0.585026652029182
DXO	ENSG00000204348	True	-0.585026652029182
FAM78B	ENSG00000188859	True	-0.585026652029182
NEUROD6	ENSG00000164600	True	-0.5867002359187482
GRIP1	ENSG00000155974	True	-0.5867002359187482
PRODH	ENSG00000100033	True	-0.5867002359187482
SLFN13	ENSG00000154760	True	-0.5867002359187482
CLSTN3		False	-0.5867002359187482
UBL3	ENSG00000122042	True	-0.5883802940367698
ART4		False	-0.5883802940367698
ROR1		False	-0.5883802940367698
AP5M1	ENSG00000053770	True	-0.5883802940367698
GTF2IRD2		False	-0.5883802940367698
THAP4	ENSG00000176946	True	-0.5883802940367698
RNF220	ENSG00000187147	True	-0.5883802940367698
CHRD	ENSG00000090539	True	-0.5900668766687055
CCL23	ENSG00000274736	True	-0.5900668766687055
SLC30A5	ENSG00000145740	True	-0.5900668766687055
OR13F1		False	-0.5900668766687055
NCOA4	ENSG00000266412	True	-0.5900668766687055
DNER	ENSG00000187957	True	-0.5900668766687055
FAM90A1		False	-0.5900668766687055
ATF3	ENSG00000162772	True	-0.5900668766687055
GTF2IRD1	ENSG00000006704	True	-0.5900668766687055
FAM110B	ENSG00000169122	True	-0.5900668766687055
UBE3D	ENSG00000118420	True	-0.5900668766687055
ANKRD16	ENSG00000134461	True	-0.5917600346881504
CT45A8	ENSG00000278085	True	-0.5917600346881504
CT45A2	ENSG00000271449	True	-0.5917600346881504
CT45A9	ENSG00000270946	True	-0.5917600346881504
PTPRN	ENSG00000054356	True	-0.5917600346881504
RAD54L2	ENSG00000164080	True	-0.5917600346881504
NFE2L2	ENSG00000116044	True	-0.5917600346881504
JPH1	ENSG00000104369	True	-0.5917600346881504
SCGB1D1		False	-0.5917600346881504
CRB3	ENSG00000130545	True	-0.5934598195660449
AFMID	ENSG00000183077	True	-0.5934598195660449
TMEM39B	ENSG00000121775	True	-0.5934598195660449
PLSCR4	ENSG00000114698	True	-0.5934598195660449
ATP13A2	ENSG00000159363	True	-0.5934598195660449
SIX3		False	-0.5934598195660449
RNF146	ENSG00000118518	True	-0.5934598195660449
TMC4	ENSG00000167608	True	-0.5934598195660449
TMEM198	ENSG00000188760	True	-0.5934598195660449
GREM2	ENSG00000180875	True	-0.5934598195660449
CCNE1	ENSG00000105173	True	-0.5934598195660449
DNAL4	ENSG00000100246	True	-0.5934598195660449
SLC35D1		False	-0.5934598195660449
KDM5B	ENSG00000117139	True	-0.5934598195660449
SPRY2	ENSG00000136158	True	-0.595166283380062
RNF166		False	-0.595166283380062
LRRC25	ENSG00000175489	True	-0.595166283380062
CBLN4		False	-0.595166283380062
NPW	ENSG00000183971	True	-0.595166283380062
BTRC	ENSG00000166167	True	-0.595166283380062
UBD		False	-0.595166283380062
FKBPL	ENSG00000204315	True	-0.595166283380062
IL36RN		False	-0.5968794788241821
OGFOD3	ENSG00000181396	True	-0.5968794788241821
ADRA2A		False	-0.5968794788241821
ANKRD27	ENSG00000105186	True	-0.5968794788241821
FUT7		False	-0.5968794788241821
GLB1L	ENSG00000163521	True	-0.5968794788241821
KIR2DL4		False	-0.5968794788241821
CDYL2	ENSG00000166446	True	-0.5968794788241821
ARID5B	ENSG00000150347	True	-0.5968794788241821
TSPAN31	ENSG00000135452	True	-0.5968794788241821
ZYG11B	ENSG00000162378	True	-0.5968794788241821
KLHL11	ENSG00000178502	True	-0.5985994592184559
FBRSL1	ENSG00000112787	True	-0.5985994592184559
NBR1	ENSG00000188554	True	-0.6003262785189618
CEP78	ENSG00000148019	True	-0.6003262785189618
ANKRD22	ENSG00000152766	True	-0.6003262785189618
EXPH5		False	-0.6003262785189618
LY6G5B	ENSG00000240053	True	-0.6003262785189618
ANGPTL7		False	-0.6003262785189618
PTTG2	ENSG00000250254	True	-0.6003262785189618
ADAP2		False	-0.6003262785189618
SPATA18	ENSG00000163071	True	-0.6020599913279624
PEX7	ENSG00000112357	True	-0.6020599913279624
CD33	ENSG00000105383	True	-0.6020599913279624
SPRYD3	ENSG00000167778	True	-0.6020599913279624
PKD2	ENSG00000118762	True	-0.6020599913279624
MAPKAPK5	ENSG00000089022	True	-0.6020599913279624
TECPR1	ENSG00000205356	True	-0.6020599913279624
RMI1		False	-0.6020599913279624
FBLN7		False	-0.6020599913279624
CAVIN4	ENSG00000170681	True	-0.6020599913279624
XAGE1A		False	-0.6038006529042637
XAGE1B		False	-0.6038006529042637
SETX	ENSG00000107290	True	-0.6038006529042637
DRC3	ENSG00000171962	True	-0.6038006529042637
SELENON	ENSG00000162430	True	-0.6038006529042637
KLHL22		False	-0.6038006529042637
CCL20		False	-0.6038006529042637
SMIM8	ENSG00000111850	True	-0.6038006529042637
NLRP7	ENSG00000167634	True	-0.6038006529042637
METRNL	ENSG00000176845	True	-0.6038006529042637
ZNF618	ENSG00000157657	True	-0.6055483191737837
KAT6A	ENSG00000083168	True	-0.6055483191737837
PDGFC	ENSG00000145431	True	-0.6055483191737837
SACS	ENSG00000151835	True	-0.6055483191737837
FADS3	ENSG00000221968	True	-0.6055483191737837
UGT1A8		False	-0.6055483191737837
ACE2	ENSG00000130234	True	-0.6055483191737837
DMPK	ENSG00000104936	True	-0.6055483191737837
SPINK6	ENSG00000178172	True	-0.6055483191737837
TEKT2	ENSG00000092850	True	-0.6055483191737837
EFCAB14	ENSG00000159658	True	-0.6073030467403343
JAM2		False	-0.6073030467403343
SMTNL1		False	-0.6073030467403343
ARR3	ENSG00000120500	True	-0.6073030467403343
VCX3A	ENSG00000169059	True	-0.6073030467403343
CYP4F2	ENSG00000186115	True	-0.6073030467403343
FKBP1B	ENSG00000119782	True	-0.6073030467403343
NPY1R		False	-0.6073030467403343
SYNC	ENSG00000162520	True	-0.6073030467403343
FAM171A1	ENSG00000148468	True	-0.6090648928966209
DTX2	ENSG00000091073	True	-0.6090648928966209
VCX3B	ENSG00000205642	True	-0.6090648928966209
C1orf68		False	-0.6090648928966209
CCDC28A	ENSG00000024862	True	-0.6090648928966209
ADAL	ENSG00000168803	True	-0.6090648928966209
CACNB4	ENSG00000182389	True	-0.6090648928966209
SHH		False	-0.6090648928966209
FLYWCH1	ENSG00000059122	True	-0.6090648928966209
SPOCK2	ENSG00000107742	True	-0.6090648928966209
DNAJC16	ENSG00000116138	True	-0.6090648928966209
ATXN7L3	ENSG00000087152	True	-0.6090648928966209
SENP6	ENSG00000112701	True	-0.6108339156354675
MAML1	ENSG00000161021	True	-0.6108339156354675
GID4	ENSG00000141034	True	-0.6108339156354675
RTL9	ENSG00000243978	True	-0.6108339156354675
WHRN	ENSG00000095397	True	-0.6108339156354675
LIN7B		False	-0.6108339156354675
LPAR1		False	-0.6126101736612706
CENPT	ENSG00000102901	True	-0.6126101736612706
BTN3A1	ENSG00000026950	True	-0.6126101736612706
NKX2-3	ENSG00000119919	True	-0.6126101736612706
FCAR	ENSG00000186431	True	-0.6126101736612706
TPCN1	ENSG00000186815	True	-0.6126101736612706
GOLGA7B	ENSG00000155265	True	-0.6143937264016879
NT5DC4	ENSG00000144130	True	-0.6143937264016879
IFT43	ENSG00000119650	True	-0.6143937264016879
ENSP00000485615		False	-0.6143937264016879
DCLK2	ENSG00000170390	True	-0.6143937264016879
BRSK1	ENSG00000160469	True	-0.6143937264016879
VSIG10	ENSG00000176834	True	-0.6143937264016879
RNF135	ENSG00000181481	True	-0.6143937264016879
KIAA0355		False	-0.6143937264016879
BRF2	ENSG00000104221	True	-0.6161846340195687
NIBAN3	ENSG00000167483	True	-0.6161846340195687
CTAG2	ENSG00000126890	True	-0.6161846340195687
EGFL7	ENSG00000172889	True	-0.6161846340195687
PTCD1	ENSG00000106246	True	-0.6161846340195687
GPAM	ENSG00000119927	True	-0.6179829574251317
KDM6B	ENSG00000132510	True	-0.6179829574251317
MIER3	ENSG00000155545	True	-0.6179829574251317
TREM2	ENSG00000095970	True	-0.6179829574251317
AQP10	ENSG00000143595	True	-0.6179829574251317
PANK3	ENSG00000120137	True	-0.6179829574251317
SLC43A1	ENSG00000149150	True	-0.6179829574251317
EME1	ENSG00000154920	True	-0.6179829574251317
CADPS2		False	-0.6179829574251317
ADAMTS12	ENSG00000151388	True	-0.6179829574251317
ZBTB14	ENSG00000198081	True	-0.6179829574251317
ADAM22		False	-0.6179829574251317
ARL13B	ENSG00000169379	True	-0.619788758288394
DERPC	ENSG00000286140	True	-0.619788758288394
SMIM15		False	-0.619788758288394
CCDC92	ENSG00000119242	True	-0.619788758288394
GAGE10	ENSG00000215274	True	-0.619788758288394
LHFPL5	ENSG00000197753	True	-0.619788758288394
RUSC1	ENSG00000160753	True	-0.619788758288394
ENSP00000466140		False	-0.619788758288394
MAP7D2	ENSG00000184368	True	-0.619788758288394
MAMSTR		False	-0.6216020990518624
UBE2W	ENSG00000104343	True	-0.6216020990518624
ZNF48	ENSG00000180035	True	-0.6216020990518624
ERCC6		False	-0.6216020990518624
PLEK2	ENSG00000100558	True	-0.6216020990518624
CCDC120		False	-0.6216020990518624
RNF168		False	-0.623423042943488
DPM2	ENSG00000136908	True	-0.623423042943488
FMO1	ENSG00000010932	True	-0.623423042943488
ADAM30	ENSG00000134249	True	-0.623423042943488
C4orf3	ENSG00000164096	True	-0.623423042943488
ITFG2	ENSG00000111203	True	-0.623423042943488
PLCH1	ENSG00000114805	True	-0.623423042943488
FAM83D		False	-0.623423042943488
PMS1		False	-0.623423042943488
L3MBTL2		False	-0.623423042943488
AMDHD1	ENSG00000139344	True	-0.623423042943488
NIPAL1	ENSG00000163293	True	-0.623423042943488
NDFIP1	ENSG00000131507	True	-0.6252516539898961
BIVM-ERCC5	ENSG00000270181	True	-0.6252516539898961
NOX1		False	-0.6252516539898961
SH3RF1	ENSG00000154447	True	-0.6252516539898961
TNFSF13	ENSG00000161955	True	-0.6252516539898961
CLK4	ENSG00000113240	True	-0.6252516539898961
TUB	ENSG00000166402	True	-0.6252516539898961
MSX2	ENSG00000120149	True	-0.6252516539898961
MCM10	ENSG00000065328	True	-0.6270879970298935
TAF13	ENSG00000197780	True	-0.6270879970298935
RIN2	ENSG00000132669	True	-0.6270879970298935
SLC11A2	ENSG00000110911	True	-0.6270879970298935
ZIC5		False	-0.6270879970298935
UNC5B	ENSG00000107731	True	-0.6270879970298935
RRAD	ENSG00000166592	True	-0.6270879970298935
ISM2	ENSG00000100593	True	-0.6270879970298935
PUS7L	ENSG00000129317	True	-0.6270879970298935
SHC2	ENSG00000129946	True	-0.6270879970298935
HPN	ENSG00000105707	True	-0.6270879970298935
ELK1	ENSG00000126767	True	-0.6289321377282637
PILRA	ENSG00000085514	True	-0.6289321377282637
CLCA4	ENSG00000016602	True	-0.6289321377282637
AP1S3	ENSG00000152056	True	-0.6307841425898572
PLEKHA4	ENSG00000105559	True	-0.6307841425898572
PAQR7	ENSG00000182749	True	-0.6307841425898572
DGKE	ENSG00000153933	True	-0.6307841425898572
FAM83F	ENSG00000133477	True	-0.6307841425898572
IMPG1	ENSG00000112706	True	-0.6307841425898572
SSX1	ENSG00000126752	True	-0.6307841425898572
UGT1A3		False	-0.6307841425898572
MMS22L		False	-0.6307841425898572
DDR2		False	-0.632644078973981
CNTRL	ENSG00000119397	True	-0.632644078973981
UGT1A7		False	-0.632644078973981
PRKCZ	ENSG00000067606	True	-0.632644078973981
IQCE	ENSG00000106012	True	-0.632644078973981
FAM111A	ENSG00000166801	True	-0.632644078973981
CABLES2		False	-0.632644078973981
NLGN4Y	ENSG00000165246	True	-0.632644078973981
ALOX15	ENSG00000161905	True	-0.632644078973981
PLA1A		False	-0.6345120151091003
MTERF1	ENSG00000127989	True	-0.6345120151091003
MFSD2A	ENSG00000168389	True	-0.6345120151091003
GABBR1	ENSG00000204681	True	-0.6345120151091003
EPHA7	ENSG00000135333	True	-0.6345120151091003
PTH2R	ENSG00000144407	True	-0.6345120151091003
RHOD		False	-0.6345120151091003
ZNF408	ENSG00000175213	True	-0.6363880201078557
CYP3A43	ENSG00000021461	True	-0.6363880201078557
MAP9		False	-0.6363880201078557
FAM156B	ENSG00000179304	True	-0.6363880201078557
FAM156A	ENSG00000268350	True	-0.6363880201078557
LATS1	ENSG00000131023	True	-0.6363880201078557
SCAND1		False	-0.6363880201078557
PEMT	ENSG00000133027	True	-0.6363880201078557
TMPRSS11E	ENSG00000087128	True	-0.6363880201078557
PAN2		False	-0.6363880201078557
PHF11		False	-0.6363880201078557
CYP2A13	ENSG00000197838	True	-0.638272163982407
NHLH1		False	-0.638272163982407
GPR39	ENSG00000183840	True	-0.638272163982407
BICC1		False	-0.638272163982407
C1QTNF2	ENSG00000145861	True	-0.638272163982407
REG3G	ENSG00000143954	True	-0.638272163982407
TUT4	ENSG00000134744	True	-0.638272163982407
GPRIN3	ENSG00000185477	True	-0.638272163982407
BTN2A2	ENSG00000124508	True	-0.640164517660112
ZNF362	ENSG00000160094	True	-0.640164517660112
PDC	ENSG00000116703	True	-0.640164517660112
NFIL3	ENSG00000165030	True	-0.640164517660112
OR5H6		False	-0.640164517660112
PERP	ENSG00000112378	True	-0.640164517660112
DCDC2	ENSG00000146038	True	-0.640164517660112
ZZZ3	ENSG00000036549	True	-0.6420651529995461
PHLDB3	ENSG00000176531	True	-0.6420651529995461
TMCO4	ENSG00000162542	True	-0.6420651529995461
ARHGEF26	ENSG00000114790	True	-0.6420651529995461
EPC1		False	-0.6420651529995461
DOCK4		False	-0.6420651529995461
HTN3	ENSG00000205649	True	-0.6420651529995461
CT47A4	ENSG00000230594	True	-0.6420651529995461
CT47A5	ENSG00000237957	True	-0.6420651529995461
CT47A12	ENSG00000226685	True	-0.6420651529995461
CT47A7	ENSG00000228517	True	-0.6420651529995461
CT47A1	ENSG00000236371	True	-0.6420651529995461
CT47A3	ENSG00000236126	True	-0.6420651529995461
CT47A6	ENSG00000226023	True	-0.6420651529995461
CT47A8	ENSG00000230347	True	-0.6420651529995461
CT47A9	ENSG00000226600	True	-0.6420651529995461
CT47A11	ENSG00000226929	True	-0.6420651529995461
CT47A10	ENSG00000224089	True	-0.6420651529995461
CT47A2	ENSG00000242362	True	-0.6420651529995461
MT-ND6		False	-0.6439741428068773
CHD7		False	-0.6439741428068773
TMEM100	ENSG00000166292	True	-0.6439741428068773
ACY3	ENSG00000132744	True	-0.6439741428068773
EMILIN3	ENSG00000183798	True	-0.6439741428068773
HSD3B7	ENSG00000099377	True	-0.645891560852599
TBC1D25	ENSG00000068354	True	-0.645891560852599
C4orf33	ENSG00000151470	True	-0.645891560852599
LTO1		False	-0.645891560852599
LPAR2	ENSG00000064547	True	-0.645891560852599
HOXA10	ENSG00000253293	True	-0.645891560852599
VPS13D	ENSG00000048707	True	-0.645891560852599
TNFRSF13B	ENSG00000240505	True	-0.6478174818886375
SLC6A6	ENSG00000131389	True	-0.6478174818886375
PRDM1	ENSG00000057657	True	-0.6478174818886375
PLEKHM2	ENSG00000116786	True	-0.6478174818886375
SP140	ENSG00000079263	True	-0.6478174818886375
TMPRSS11B		False	-0.6478174818886375
STMN3	ENSG00000197457	True	-0.6478174818886375
GRAMD1B	ENSG00000023171	True	-0.6478174818886375
RNF8	ENSG00000112130	True	-0.6497519816658371
RASL11B	ENSG00000128045	True	-0.6497519816658371
C19orf38		False	-0.6497519816658371
MSANTD2	ENSG00000120458	True	-0.6497519816658371
SNRNP48	ENSG00000168566	True	-0.6497519816658371
DHX34	ENSG00000134815	True	-0.6497519816658371
AURKC	ENSG00000105146	True	-0.6497519816658371
MBLAC1	ENSG00000214309	True	-0.6497519816658371
SIGLEC11	ENSG00000161640	True	-0.6497519816658371
ALAS1	ENSG00000023330	True	-0.6497519816658371
SLC25A36	ENSG00000114120	True	-0.6497519816658371
PLIN5		False	-0.6516951369518393
HOXC10	ENSG00000180818	True	-0.6516951369518393
ELAVL3	ENSG00000196361	True	-0.6516951369518393
KLHDC3	ENSG00000124702	True	-0.6516951369518393
ANAPC15	ENSG00000110200	True	-0.6516951369518393
SLC39A1		False	-0.6516951369518393
KLK12	ENSG00000186474	True	-0.6516951369518393
GH2	ENSG00000136487	True	-0.6516951369518393
POLI	ENSG00000101751	True	-0.6516951369518393
SMPD1		False	-0.6536470255493614
LRRC8D		False	-0.6536470255493614
MXD4		False	-0.6536470255493614
ASGR1	ENSG00000141505	True	-0.6536470255493614
CDKN1C	ENSG00000129757	True	-0.6536470255493614
EPSTI1	ENSG00000133106	True	-0.6536470255493614
TTC26	ENSG00000105948	True	-0.6536470255493614
UBXN2A	ENSG00000173960	True	-0.6536470255493614
ATG2A	ENSG00000110046	True	-0.6536470255493614
TMEM50A		False	-0.6536470255493614
SS18L2	ENSG00000008324	True	-0.6536470255493614
SAMD12	ENSG00000177570	True	-0.6556077263148893
C9orf153		False	-0.6556077263148893
CHPF	ENSG00000123989	True	-0.6556077263148893
NAGPA	ENSG00000103174	True	-0.6556077263148893
PAX2	ENSG00000075891	True	-0.6556077263148893
IL36G		False	-0.6556077263148893
MLC1	ENSG00000100427	True	-0.6556077263148893
FAM234B	ENSG00000084444	True	-0.6556077263148893
PRDM10	ENSG00000170325	True	-0.6556077263148893
ANKRD39	ENSG00000213337	True	-0.6575773191777937
POLL		False	-0.6575773191777937
LY75	ENSG00000054219	True	-0.6575773191777937
LY6K	ENSG00000160886	True	-0.6575773191777937
SSX2	ENSG00000241476	True	-0.6575773191777937
SSX2B	ENSG00000268447	True	-0.6575773191777937
GTDC1		False	-0.6575773191777937
TINAG	ENSG00000137251	True	-0.6575773191777937
AP4M1	ENSG00000221838	True	-0.6575773191777937
CLDND2	ENSG00000160318	True	-0.6575773191777937
HPS5	ENSG00000110756	True	-0.6575773191777937
ALKBH3	ENSG00000166199	True	-0.6595558851598816
TNK1	ENSG00000174292	True	-0.6595558851598816
CLCN5	ENSG00000171365	True	-0.6595558851598816
SELPLG	ENSG00000110876	True	-0.6595558851598816
SIK2	ENSG00000170145	True	-0.6595558851598816
AP4B1	ENSG00000134262	True	-0.6595558851598816
NTRK3	ENSG00000140538	True	-0.6595558851598816
EHF	ENSG00000135373	True	-0.6595558851598816
C12orf4	ENSG00000047621	True	-0.6615435063953952
USP32	ENSG00000170832	True	-0.6615435063953952
ZFYVE27	ENSG00000155256	True	-0.6615435063953952
KLF8		False	-0.6615435063953952
HIGD1C		False	-0.6615435063953952
SYPL2		False	-0.6615435063953952
ZNF524	ENSG00000171443	True	-0.6615435063953952
FUT6	ENSG00000156413	True	-0.6615435063953952
OTULINL	ENSG00000145569	True	-0.6615435063953952
DPY19L3	ENSG00000178904	True	-0.6615435063953952
ERG	ENSG00000157554	True	-0.6635402661514705
WDR76	ENSG00000092470	True	-0.6635402661514705
TMOD4	ENSG00000163157	True	-0.6635402661514705
MIS18BP1	ENSG00000129534	True	-0.6635402661514705
PLEKHG2	ENSG00000090924	True	-0.6635402661514705
LIAS	ENSG00000121897	True	-0.6635402661514705
CERS5	ENSG00000139624	True	-0.6635402661514705
CLCN6	ENSG00000011021	True	-0.6635402661514705
SPATA2	ENSG00000158480	True	-0.6635402661514705
ZNF629	ENSG00000102870	True	-0.6635402661514705
DEPDC1B	ENSG00000035499	True	-0.6635402661514705
UBN2	ENSG00000157741	True	-0.6635402661514705
BRSK2		False	-0.6635402661514705
PIGO		False	-0.6635402661514705
GALNT12	ENSG00000119514	True	-0.6635402661514705
RTL8A		False	-0.6655462488490691
BRS3		False	-0.6655462488490691
TAF1	ENSG00000147133	True	-0.6655462488490691
C17orf80	ENSG00000141219	True	-0.6655462488490691
STAT4	ENSG00000138378	True	-0.6655462488490691
CDK8		False	-0.6655462488490691
ARL4C	ENSG00000188042	True	-0.6655462488490691
C14orf119	ENSG00000179933	True	-0.6655462488490691
CYP2D6	ENSG00000100197	True	-0.6655462488490691
TTC13	ENSG00000143643	True	-0.6655462488490691
ETV7	ENSG00000010030	True	-0.6655462488490691
TMEM106C	ENSG00000134291	True	-0.6675615400843947
CLRN3	ENSG00000180745	True	-0.6675615400843947
LCN15	ENSG00000177984	True	-0.6675615400843947
CXorf40A		False	-0.6675615400843947
MTRF1L	ENSG00000112031	True	-0.6675615400843947
DGKH	ENSG00000102780	True	-0.6675615400843947
RFLNB	ENSG00000183688	True	-0.6675615400843947
TNRC18	ENSG00000182095	True	-0.6675615400843947
HES1		False	-0.6675615400843947
SNRK	ENSG00000163788	True	-0.6675615400843947
BAMBI	ENSG00000095739	True	-0.6675615400843947
COL9A3	ENSG00000092758	True	-0.6675615400843947
TGFB3		False	-0.6675615400843947
PTH	ENSG00000152266	True	-0.6675615400843947
VEZT	ENSG00000028203	True	-0.6675615400843947
ANKRD50	ENSG00000151458	True	-0.6675615400843947
ZBED1	ENSG00000214717	True	-0.6675615400843947
FGD5	ENSG00000154783	True	-0.6675615400843947
KCTD18	ENSG00000155729	True	-0.6675615400843947
FIG4	ENSG00000112367	True	-0.6675615400843947
CARNMT1	ENSG00000156017	True	-0.6695862266508091
HCFC2	ENSG00000111727	True	-0.6695862266508091
RND3	ENSG00000115963	True	-0.6695862266508091
PTPRO	ENSG00000151490	True	-0.6695862266508091
ST8SIA1	ENSG00000111728	True	-0.6695862266508091
NRXN3	ENSG00000021645	True	-0.6695862266508091
SCN4B	ENSG00000177098	True	-0.6695862266508091
IER3	ENSG00000137331	True	-0.6695862266508091
ZNF146	ENSG00000167635	True	-0.6695862266508091
COX16	ENSG00000133983	True	-0.6695862266508091
LTB	ENSG00000227507	True	-0.6695862266508091
LMO3		False	-0.6695862266508091
KAT2A	ENSG00000108773	True	-0.6695862266508091
PBX4	ENSG00000105717	True	-0.6716203965612623
TNFAIP1	ENSG00000109079	True	-0.6716203965612623
TNRC6C	ENSG00000078687	True	-0.6716203965612623
SLC4A10	ENSG00000144290	True	-0.6716203965612623
SP8	ENSG00000164651	True	-0.6716203965612623
SLC5A12	ENSG00000148942	True	-0.6716203965612623
RASSF4	ENSG00000107551	True	-0.6716203965612623
BCLAF3	ENSG00000173681	True	-0.6716203965612623
ICE2		False	-0.6716203965612623
DAO	ENSG00000110887	True	-0.6716203965612623
TNP2		False	-0.6736641390712486
URGCP	ENSG00000106608	True	-0.6736641390712486
PER1		False	-0.6736641390712486
UBQLN3	ENSG00000175520	True	-0.6736641390712486
RTBDN		False	-0.6736641390712486
CXorf40B		False	-0.6736641390712486
PUS10	ENSG00000162927	True	-0.6736641390712486
MYSM1	ENSG00000162601	True	-0.6736641390712486
GPAT3	ENSG00000138678	True	-0.6736641390712486
KRTAP4-12		False	-0.6736641390712486
KIF12	ENSG00000136883	True	-0.6736641390712486
SPATA33	ENSG00000167523	True	-0.6736641390712486
MMP19		False	-0.6757175447023074
MOCOS	ENSG00000075643	True	-0.6757175447023074
KRTAP4-5		False	-0.6757175447023074
MRNIP	ENSG00000161010	True	-0.6757175447023074
GAS2	ENSG00000148935	True	-0.6757175447023074
PDIA2	ENSG00000185615	True	-0.6757175447023074
STK16	ENSG00000115661	True	-0.6757175447023074
ST3GAL2	ENSG00000157350	True	-0.6757175447023074
RHOXF1	ENSG00000101883	True	-0.6757175447023074
EEF1AKMT1	ENSG00000150456	True	-0.6757175447023074
SLITRK1	ENSG00000178235	True	-0.6777807052660807
SBNO2	ENSG00000064932	True	-0.6777807052660807
ZNF696	ENSG00000185730	True	-0.6777807052660807
ARHGAP24	ENSG00000138639	True	-0.6777807052660807
ZNF276	ENSG00000158805	True	-0.6777807052660807
CXCL9		False	-0.6777807052660807
CRIM1	ENSG00000150938	True	-0.6777807052660807
GAS1	ENSG00000180447	True	-0.6777807052660807
ZBTB1	ENSG00000126804	True	-0.6777807052660807
TRMT13	ENSG00000122435	True	-0.679853713888946
HNF4A	ENSG00000101076	True	-0.679853713888946
ARHGEF25	ENSG00000240771	True	-0.679853713888946
GATA6	ENSG00000141448	True	-0.679853713888946
TINF2		False	-0.679853713888946
PRMT9	ENSG00000164169	True	-0.679853713888946
NCOA6	ENSG00000198646	True	-0.679853713888946
SECISBP2L	ENSG00000138593	True	-0.679853713888946
ZBTB20	ENSG00000181722	True	-0.6819366650372385
POPDC2	ENSG00000121577	True	-0.6819366650372385
DPEP3	ENSG00000141096	True	-0.6819366650372385
FSD1L	ENSG00000106701	True	-0.6819366650372385
ZNF485	ENSG00000198298	True	-0.6819366650372385
PRUNE2	ENSG00000106772	True	-0.6819366650372385
RFX3	ENSG00000080298	True	-0.6840296545430823
RAD54L	ENSG00000085999	True	-0.6840296545430823
LAMA1	ENSG00000101680	True	-0.6840296545430823
CMTM7		False	-0.6840296545430823
SMR3A	ENSG00000109208	True	-0.6840296545430823
TMEM35A	ENSG00000126950	True	-0.6840296545430823
BICD1	ENSG00000151746	True	-0.6840296545430823
SMCR8	ENSG00000176994	True	-0.6840296545430823
OBSL1	ENSG00000124006	True	-0.6840296545430823
HIPK1	ENSG00000163349	True	-0.6840296545430823
CCL11		False	-0.6840296545430823
TNFRSF1A	ENSG00000067182	True	-0.6861327796308466
NEU3	ENSG00000162139	True	-0.6861327796308466
E4F1	ENSG00000167967	True	-0.6861327796308466
TMEM120A		False	-0.6861327796308466
FBXW8	ENSG00000174989	True	-0.6861327796308466
SLC7A11		False	-0.6861327796308466
MAPK8IP3	ENSG00000138834	True	-0.6861327796308466
CFLAR	ENSG00000003402	True	-0.6882461389442457
RIMS3		False	-0.6882461389442457
IFNGR1	ENSG00000027697	True	-0.6882461389442457
PI15	ENSG00000137558	True	-0.6882461389442457
RDH12		False	-0.6882461389442457
FOXJ2	ENSG00000065970	True	-0.6882461389442457
TRO		False	-0.6882461389442457
CGB5	ENSG00000189052	True	-0.6882461389442457
CGB3	ENSG00000104827	True	-0.6882461389442457
CGB8	ENSG00000213030	True	-0.6882461389442457
EDRF1		False	-0.6882461389442457
MON1A	ENSG00000164077	True	-0.6882461389442457
KRTAP16-1	ENSG00000212657	True	-0.6882461389442457
PFKFB1		False	-0.6882461389442457
METTL9	ENSG00000197006	True	-0.6882461389442457
CSPP1		False	-0.6882461389442457
CYTH4	ENSG00000100055	True	-0.6903698325741012
RNF111	ENSG00000157450	True	-0.6903698325741012
KLF1	ENSG00000105610	True	-0.6903698325741012
PIKFYVE	ENSG00000115020	True	-0.6903698325741012
JARID2	ENSG00000008083	True	-0.6903698325741012
STRADA	ENSG00000266173	True	-0.6903698325741012
ACHE		False	-0.6903698325741012
ABCD4	ENSG00000119688	True	-0.6903698325741012
PTPN3	ENSG00000070159	True	-0.6903698325741012
FOS	ENSG00000170345	True	-0.6903698325741012
EXOC3L2	ENSG00000283632	True	-0.6903698325741012
ZBTB44	ENSG00000196323	True	-0.6903698325741012
MOXD1	ENSG00000079931	True	-0.6925039620867871
MAP3K11	ENSG00000173327	True	-0.6925039620867871
ARHGAP11A	ENSG00000198826	True	-0.6925039620867871
POC5	ENSG00000152359	True	-0.6925039620867871
C17orf97	ENSG00000187624	True	-0.6925039620867871
ZNF692	ENSG00000171163	True	-0.6925039620867871
ZNF655	ENSG00000197343	True	-0.6925039620867871
CRH		False	-0.6925039620867871
SFTPC	ENSG00000168484	True	-0.6925039620867871
ZBTB38		False	-0.6925039620867871
OR8J1		False	-0.6925039620867871
CROCC2	ENSG00000226321	True	-0.6925039620867871
NMRK2	ENSG00000077009	True	-0.6925039620867871
CABP1	ENSG00000157782	True	-0.6925039620867871
CENPS		False	-0.6925039620867871
CCDC57	ENSG00000176155	True	-0.6946486305533762
UBASH3A		False	-0.6946486305533762
AVP	ENSG00000101200	True	-0.6946486305533762
ENSP00000481316		False	-0.6946486305533762
CDK5R2		False	-0.6946486305533762
TBRG1		False	-0.6968039425795111
LRRTM4		False	-0.6968039425795111
PTHLH	ENSG00000087494	True	-0.6968039425795111
CCL28	ENSG00000151882	True	-0.6968039425795111
GJA8	ENSG00000121634	True	-0.6968039425795111
SRMS	ENSG00000125508	True	-0.6968039425795111
MPPE1	ENSG00000154889	True	-0.6989700043360187
CTF1	ENSG00000150281	True	-0.6989700043360187
SGCA	ENSG00000108823	True	-0.6989700043360187
FAM219B	ENSG00000178761	True	-0.6989700043360187
MEX3B	ENSG00000183496	True	-0.6989700043360187
JOSD1	ENSG00000100221	True	-0.6989700043360187
TTC21B	ENSG00000123607	True	-0.6989700043360187
TBC1D9	ENSG00000109436	True	-0.6989700043360187
B4GALT7	ENSG00000027847	True	-0.6989700043360187
EXO1		False	-0.6989700043360187
HOMER2	ENSG00000103942	True	-0.6989700043360187
NEK4	ENSG00000114904	True	-0.7011469235902933
LY75-CD302	ENSG00000248672	True	-0.7011469235902933
KMT2C		False	-0.7011469235902933
MNT		False	-0.7011469235902933
UGT1A5		False	-0.7033348097384688
TASOR2	ENSG00000108021	True	-0.7033348097384688
H0YL77_HUMAN		False	-0.7033348097384688
ZNF644	ENSG00000122482	True	-0.7033348097384688
SCRT1	ENSG00000261678	True	-0.7033348097384688
OMA1	ENSG00000162600	True	-0.7033348097384688
HEYL	ENSG00000163909	True	-0.7033348097384688
FCGR1A		False	-0.7033348097384688
FBXW5	ENSG00000159069	True	-0.7033348097384688
SSX7	ENSG00000187754	True	-0.7033348097384688
KBTBD2	ENSG00000170852	True	-0.7033348097384688
NIN	ENSG00000100503	True	-0.7033348097384688
CHML	ENSG00000203668	True	-0.7033348097384688
GLIPR1	ENSG00000139278	True	-0.7055337738384071
KCNB1	ENSG00000158445	True	-0.7055337738384071
MS4A3	ENSG00000149516	True	-0.7055337738384071
TTLL11	ENSG00000175764	True	-0.7055337738384071
MOB3B		False	-0.7055337738384071
TNFRSF10C	ENSG00000173535	True	-0.7055337738384071
LYST		False	-0.7055337738384071
ICAM5	ENSG00000105376	True	-0.7055337738384071
SIVA1		False	-0.7055337738384071
MMP11	ENSG00000099953	True	-0.7055337738384071
CALML4	ENSG00000129007	True	-0.7055337738384071
SLC8A3		False	-0.7055337738384071
KDM4A	ENSG00000066135	True	-0.7055337738384071
SNPH	ENSG00000101298	True	-0.707743928643524
TCERG1L		False	-0.707743928643524
INO80C-2		False	-0.707743928643524
ACTL8		False	-0.707743928643524
ACRBP	ENSG00000111644	True	-0.707743928643524
LZTS1	ENSG00000061337	True	-0.707743928643524
ZXDB	ENSG00000198455	True	-0.7099653886374819
SMIM14	ENSG00000163683	True	-0.7099653886374819
LAPTM5	ENSG00000162511	True	-0.7099653886374819
LCE2B		False	-0.7099653886374819
CCPG1	ENSG00000260916	True	-0.7099653886374819
CDK10	ENSG00000185324	True	-0.7099653886374819
BMP7		False	-0.7099653886374819
STK19	ENSG00000204344	True	-0.712198270069774
CYP4F3	ENSG00000186529	True	-0.712198270069774
CYP8B1		False	-0.712198270069774
ALG10	ENSG00000139133	True	-0.712198270069774
ACVR1	ENSG00000115170	True	-0.712198270069774
SLC25A33	ENSG00000171612	True	-0.712198270069774
C16orf74	ENSG00000154102	True	-0.712198270069774
ALG1L2	ENSG00000251287	True	-0.712198270069774
PTGER2		False	-0.712198270069774
SH3YL1	ENSG00000035115	True	-0.712198270069774
DGKQ	ENSG00000145214	True	-0.712198270069774
MAP3K1	ENSG00000095015	True	-0.7144426909922262
SREK1IP1	ENSG00000153006	True	-0.7144426909922262
ALG10B	ENSG00000175548	True	-0.7144426909922262
SETD1B	ENSG00000139718	True	-0.7144426909922262
FAM222B	ENSG00000173065	True	-0.7144426909922262
CNNM2		False	-0.7144426909922262
FATE1	ENSG00000147378	True	-0.7144426909922262
CYLC2		False	-0.7144426909922262
DCLRE1C		False	-0.7144426909922262
HLA-DOB	ENSG00000241106	True	-0.7144426909922262
WFDC1	ENSG00000103175	True	-0.7144426909922262
CHPT1	ENSG00000111666	True	-0.7144426909922262
MACC1	ENSG00000183742	True	-0.7166987712964504
KLK14	ENSG00000129437	True	-0.7166987712964504
ZFX	ENSG00000005889	True	-0.7166987712964504
AFF2	ENSG00000155966	True	-0.7166987712964504
FBXO42	ENSG00000037637	True	-0.7166987712964504
LHFPL2	ENSG00000145685	True	-0.7166987712964504
ITGB8	ENSG00000105855	True	-0.7166987712964504
CHD9	ENSG00000177200	True	-0.7166987712964504
VCX2	ENSG00000177504	True	-0.7166987712964504
VCX	ENSG00000182583	True	-0.7166987712964504
KEL		False	-0.7166987712964504
LPIN3	ENSG00000132793	True	-0.7166987712964504
TNFRSF8	ENSG00000120949	True	-0.7189666327522725
DDX25	ENSG00000109832	True	-0.7189666327522725
CACNA2D2	ENSG00000007402	True	-0.7189666327522725
FUT3	ENSG00000171124	True	-0.7189666327522725
PPM1J	ENSG00000155367	True	-0.7189666327522725
ABHD13	ENSG00000139826	True	-0.7189666327522725
LRCH2	ENSG00000130224	True	-0.7189666327522725
ADAT1	ENSG00000065457	True	-0.7189666327522725
KRTAP9-7		False	-0.7189666327522725
SETD5	ENSG00000168137	True	-0.7189666327522725
C2orf83		False	-0.7189666327522725
LCE1F		False	-0.7189666327522725
TTC3	ENSG00000182670	True	-0.7189666327522725
ROM1	ENSG00000149489	True	-0.7189666327522725
IRX2	ENSG00000170561	True	-0.721246399047171
KIR3DL1		False	-0.721246399047171
LACC1	ENSG00000179630	True	-0.721246399047171
OTP	ENSG00000171540	True	-0.721246399047171
PIGBOS1		False	-0.721246399047171
DCUN1D2	ENSG00000150401	True	-0.721246399047171
PDE4B	ENSG00000184588	True	-0.721246399047171
MAB21L4		False	-0.721246399047171
FANCA		False	-0.721246399047171
CITED2	ENSG00000164442	True	-0.721246399047171
TRPM4	ENSG00000130529	True	-0.7235381958267558
ZXDA	ENSG00000198205	True	-0.7235381958267558
OR8H3		False	-0.7235381958267558
ANKRD46	ENSG00000186106	True	-0.7235381958267558
MYRF		False	-0.7235381958267558
SOX5		False	-0.7235381958267558
TMEM19	ENSG00000139291	True	-0.7235381958267558
TSBP1	ENSG00000204296	True	-0.7235381958267558
DIRAS1		False	-0.7235381958267558
FAM126B		False	-0.7258421507363202
CD6	ENSG00000013725	True	-0.7258421507363202
CNTROB	ENSG00000170037	True	-0.7258421507363202
NR1H4		False	-0.7258421507363202
ALOX12B	ENSG00000179477	True	-0.7258421507363202
CYP4F11	ENSG00000171903	True	-0.7258421507363202
TDG	ENSG00000139372	True	-0.7258421507363202
ARHGAP36	ENSG00000147256	True	-0.7258421507363202
SPDEF		False	-0.7258421507363202
B4GALT4	ENSG00000121578	True	-0.7258421507363202
SREBF1	ENSG00000072310	True	-0.7258421507363202
POLM		False	-0.7281583934635011
INMT		False	-0.7281583934635011
ZNF341	ENSG00000131061	True	-0.7281583934635011
UGT2A3	ENSG00000135220	True	-0.7281583934635011
CDRT4	ENSG00000239704	True	-0.7281583934635011
PDE6G	ENSG00000185527	True	-0.7281583934635011
IFT140	ENSG00000187535	True	-0.7281583934635011
PRRX2	ENSG00000167157	True	-0.7281583934635011
TCTN1	ENSG00000204852	True	-0.7281583934635011
RHBDD3	ENSG00000100263	True	-0.7281583934635011
FOXF1		False	-0.7281583934635011
CYP2C19	ENSG00000165841	True	-0.7304870557820837
RHOXF2B	ENSG00000203989	True	-0.7304870557820837
SOS2	ENSG00000100485	True	-0.7304870557820837
TYRO3	ENSG00000092445	True	-0.7304870557820837
RNF141	ENSG00000110315	True	-0.7304870557820837
PPP1R13B	ENSG00000088808	True	-0.7304870557820837
GOLGA8S		False	-0.7304870557820837
AQP5	ENSG00000161798	True	-0.7304870557820837
CBX6	ENSG00000183741	True	-0.7304870557820837
FOXL2	ENSG00000183770	True	-0.7304870557820837
DUSP22	ENSG00000112679	True	-0.7304870557820837
MYO7B	ENSG00000169994	True	-0.7304870557820837
MYO15A	ENSG00000091536	True	-0.7328282715969862
MARVELD3		False	-0.7328282715969862
ZFYVE9	ENSG00000157077	True	-0.7328282715969862
ARHGEF37	ENSG00000183111	True	-0.7328282715969862
GPR180	ENSG00000152749	True	-0.7328282715969862
USP33	ENSG00000077254	True	-0.7328282715969862
RC3H2	ENSG00000056586	True	-0.7328282715969862
XG		False	-0.7328282715969862
FRRS1	ENSG00000156869	True	-0.7328282715969862
TBPL2	ENSG00000182521	True	-0.7351821769904635
SDC3	ENSG00000162512	True	-0.7351821769904635
FLT1	ENSG00000102755	True	-0.7351821769904635
MEOX1	ENSG00000005102	True	-0.7351821769904635
EVI5	ENSG00000067208	True	-0.7351821769904635
DMP1	ENSG00000152592	True	-0.7375489102695706
TAPT1	ENSG00000169762	True	-0.7375489102695706
ABTB2	ENSG00000166016	True	-0.7375489102695706
ZNF121	ENSG00000197961	True	-0.7375489102695706
RELL2		False	-0.7375489102695706
KCNQ5	ENSG00000185760	True	-0.7375489102695706
CGB1	ENSG00000267631	True	-0.7375489102695706
CTAG1B	ENSG00000184033	True	-0.7375489102695706
CTAG1A	ENSG00000268651	True	-0.7375489102695706
FNIP1	ENSG00000217128	True	-0.7375489102695706
GZF1	ENSG00000125812	True	-0.7375489102695706
CUZD1	ENSG00000138161	True	-0.7375489102695706
DYNC2LI1	ENSG00000138036	True	-0.7375489102695706
TRIM9		False	-0.7375489102695706
SLC3A1	ENSG00000138079	True	-0.7375489102695706
PLD1	ENSG00000075651	True	-0.7375489102695706
CRB2	ENSG00000148204	True	-0.7375489102695706
DCUN1D4	ENSG00000109184	True	-0.7375489102695706
METTL8	ENSG00000123600	True	-0.7375489102695706
CFAP157	ENSG00000160401	True	-0.7375489102695706
IGSF1	ENSG00000147255	True	-0.7399286120149252
DIP2C	ENSG00000151240	True	-0.7399286120149252
BCL6	ENSG00000113916	True	-0.7399286120149252
PLAGL1		False	-0.7399286120149252
SV2B	ENSG00000185518	True	-0.7399286120149252
C19orf54	ENSG00000188493	True	-0.7399286120149252
MIB2	ENSG00000197530	True	-0.7399286120149252
COP1		False	-0.7399286120149252
PEX11G	ENSG00000104883	True	-0.7399286120149252
IL27RA		False	-0.7423214251308154
ARHGAP44	ENSG00000006740	True	-0.7423214251308154
UTS2B	ENSG00000188958	True	-0.7423214251308154
FAIM2	ENSG00000135472	True	-0.7423214251308154
TEX101	ENSG00000131126	True	-0.7423214251308154
VILL	ENSG00000136059	True	-0.7423214251308154
MR1		False	-0.744727494896694
CEACAM3	ENSG00000170956	True	-0.744727494896694
SDCCAG8	ENSG00000054282	True	-0.744727494896694
SAPCD2	ENSG00000186193	True	-0.744727494896694
CENPP	ENSG00000188312	True	-0.744727494896694
ABCG2	ENSG00000118777	True	-0.744727494896694
OBP2B		False	-0.744727494896694
RGL1	ENSG00000143344	True	-0.744727494896694
ZNF608	ENSG00000168916	True	-0.744727494896694
FOXRED2	ENSG00000100350	True	-0.744727494896694
ZNF532	ENSG00000074657	True	-0.744727494896694
FAM204A	ENSG00000165669	True	-0.744727494896694
PALB2	ENSG00000083093	True	-0.744727494896694
GRAPL	ENSG00000189152	True	-0.744727494896694
WNT5A		False	-0.744727494896694
NCOA1	ENSG00000084676	True	-0.744727494896694
SPATA13	ENSG00000182957	True	-0.7471469690201068
MAGEA8	ENSG00000156009	True	-0.7471469690201068
TAGAP	ENSG00000164691	True	-0.7471469690201068
OTX2	ENSG00000165588	True	-0.7471469690201068
PDK4	ENSG00000004799	True	-0.7471469690201068
MAFIP-2		False	-0.7471469690201068
ADAM23	ENSG00000114948	True	-0.7471469690201068
ATP8B1	ENSG00000081923	True	-0.7471469690201068
CYP4A22		False	-0.7471469690201068
FUT5	ENSG00000130383	True	-0.7495799976911061
LILRA5		False	-0.7495799976911061
RASSF8	ENSG00000123094	True	-0.7495799976911061
PRR18	ENSG00000176381	True	-0.7495799976911061
RNLS		False	-0.7495799976911061
ANKRD6	ENSG00000135299	True	-0.7495799976911061
RNF115	ENSG00000265491	True	-0.7495799976911061
BCL2L15	ENSG00000188761	True	-0.7495799976911061
SPI1	ENSG00000066336	True	-0.7495799976911061
PID1	ENSG00000153823	True	-0.7495799976911061
SSX4	ENSG00000268009	True	-0.7520267336381934
SSX4B	ENSG00000269791	True	-0.7520267336381934
ASB15		False	-0.7520267336381934
CFAP70	ENSG00000156042	True	-0.7520267336381934
CD200R1		False	-0.7520267336381934
FIBIN	ENSG00000176971	True	-0.7520267336381934
CPEB2		False	-0.7520267336381934
LYL1		False	-0.7520267336381934
B3GNT7	ENSG00000156966	True	-0.7520267336381934
FOXD2		False	-0.7520267336381934
SOX11	ENSG00000176887	True	-0.7520267336381934
ARMCX5	ENSG00000125962	True	-0.7520267336381934
AADAT	ENSG00000109576	True	-0.7520267336381934
CYP4X1	ENSG00000186377	True	-0.7520267336381934
ZCCHC2	ENSG00000141664	True	-0.7520267336381934
TMEM176B	ENSG00000106565	True	-0.7544873321858502
FAM189B		False	-0.7544873321858502
ABCC5	ENSG00000114770	True	-0.7544873321858502
TMEM248	ENSG00000106609	True	-0.7544873321858502
TAZ		False	-0.7544873321858502
STK33	ENSG00000130413	True	-0.7544873321858502
SENP7	ENSG00000138468	True	-0.7544873321858502
SH3GL3	ENSG00000140600	True	-0.7544873321858502
IL10RB	ENSG00000243646	True	-0.7544873321858502
TMEM247	ENSG00000284701	True	-0.7544873321858502
OR6V1		False	-0.7544873321858502
NR1H2	ENSG00000131408	True	-0.7544873321858502
CACNB3		False	-0.7569619513137056
ST6GALNAC1	ENSG00000070526	True	-0.7569619513137056
ZNF445	ENSG00000185219	True	-0.7569619513137056
TRDMT1	ENSG00000107614	True	-0.7569619513137056
FAM185A	ENSG00000222011	True	-0.7569619513137056
ARSD	ENSG00000006756	True	-0.7569619513137056
ZNF358	ENSG00000198816	True	-0.7569619513137056
FAM199X	ENSG00000123575	True	-0.7569619513137056
THPO		False	-0.7569619513137056
RGS12		False	-0.7569619513137056
ZNF277	ENSG00000198839	True	-0.7569619513137056
C3orf33	ENSG00000174928	True	-0.7569619513137056
TTC14	ENSG00000163728	True	-0.7569619513137056
ITGA9	ENSG00000144668	True	-0.7569619513137056
GALNT10	ENSG00000164574	True	-0.7594507517174003
MAST3	ENSG00000099308	True	-0.7594507517174003
DPH7	ENSG00000148399	True	-0.7594507517174003
DNAJB5	ENSG00000137094	True	-0.7594507517174003
IL33	ENSG00000137033	True	-0.7594507517174003
BAZ2B	ENSG00000123636	True	-0.7594507517174003
LFNG	ENSG00000106003	True	-0.7594507517174003
ZNF286A		False	-0.7594507517174003
CD86	ENSG00000114013	True	-0.7594507517174003
NR2C1	ENSG00000120798	True	-0.7594507517174003
MSL2	ENSG00000174579	True	-0.7594507517174003
C8orf37		False	-0.7619538968712046
PCMTD2	ENSG00000203880	True	-0.7619538968712046
BMERB1	ENSG00000166780	True	-0.7619538968712046
MAP3K6	ENSG00000142733	True	-0.7619538968712046
GPR143	ENSG00000101850	True	-0.7619538968712046
HILPDA	ENSG00000135245	True	-0.7619538968712046
TNFRSF21	ENSG00000146072	True	-0.7619538968712046
ARMC7	ENSG00000125449	True	-0.7619538968712046
SHC3	ENSG00000148082	True	-0.7619538968712046
ZBTB22		False	-0.7644715530924511
EGR2		False	-0.7644715530924511
REST	ENSG00000084093	True	-0.7644715530924511
TMEM63B	ENSG00000137216	True	-0.7644715530924511
TCTEX1D4		False	-0.7644715530924511
ICE1	ENSG00000164151	True	-0.7644715530924511
KLF12	ENSG00000118922	True	-0.7644715530924511
ZEB2	ENSG00000169554	True	-0.7644715530924511
ARSG	ENSG00000141337	True	-0.7644715530924511
CCL8		False	-0.7644715530924511
SLC40A1	ENSG00000138449	True	-0.7644715530924511
SCARA5	ENSG00000168079	True	-0.7670038896078462
C1GALT1	ENSG00000106392	True	-0.7670038896078462
GBA2	ENSG00000070610	True	-0.7670038896078462
AGGF1		False	-0.7670038896078462
ZDHHC12	ENSG00000160446	True	-0.7670038896078462
CLDN12	ENSG00000157224	True	-0.7670038896078462
TFCP2L1	ENSG00000115112	True	-0.7670038896078462
SLC2A13	ENSG00000151229	True	-0.7670038896078462
ARMH4	ENSG00000139971	True	-0.7670038896078462
PEX5L	ENSG00000114757	True	-0.7670038896078462
MLLT3	ENSG00000171843	True	-0.7670038896078462
FAM20A	ENSG00000108950	True	-0.7670038896078462
CPZ		False	-0.769551078621726
MS4A7	ENSG00000166927	True	-0.769551078621726
DGKB		False	-0.769551078621726
WT1	ENSG00000184937	True	-0.769551078621726
SYT6		False	-0.769551078621726
ASB16	ENSG00000161664	True	-0.769551078621726
PPP2R3A	ENSG00000073711	True	-0.769551078621726
SPO11		False	-0.769551078621726
SLC5A2	ENSG00000140675	True	-0.769551078621726
STK11	ENSG00000118046	True	-0.7721132953863264
VWA2	ENSG00000165816	True	-0.7721132953863264
GFRA2	ENSG00000168546	True	-0.7721132953863264
CGB2	ENSG00000104818	True	-0.7721132953863264
SSX3	ENSG00000165584	True	-0.7721132953863264
DNAJC25	ENSG00000059769	True	-0.7721132953863264
PKIA	ENSG00000171033	True	-0.7721132953863264
PLEKHG5	ENSG00000171680	True	-0.7746907182741372
METTL21A	ENSG00000144401	True	-0.7746907182741372
FOXS1	ENSG00000179772	True	-0.7746907182741372
AFAP1L1		False	-0.7746907182741372
TRAF3IP2	ENSG00000056972	True	-0.7746907182741372
DNAAF2	ENSG00000165506	True	-0.7746907182741372
SLC25A16	ENSG00000122912	True	-0.7746907182741372
APBA1		False	-0.7746907182741372
BCL2L2	ENSG00000129473	True	-0.7746907182741372
RYR1	ENSG00000196218	True	-0.7746907182741372
NRG1	ENSG00000157168	True	-0.7772835288524167
EVI5L	ENSG00000142459	True	-0.7772835288524167
SCRG1	ENSG00000164106	True	-0.7772835288524167
KRTAP10-3		False	-0.7772835288524167
V9GYH0_HUMAN		False	-0.7772835288524167
SNAI1	ENSG00000124216	True	-0.7772835288524167
MDFI	ENSG00000112559	True	-0.7772835288524167
TRAT1	ENSG00000163519	True	-0.7772835288524167
NRIP1	ENSG00000180530	True	-0.7772835288524167
CDH15	ENSG00000129910	True	-0.7772835288524167
GLS2	ENSG00000135423	True	-0.7772835288524167
H3BUI4_HUMAN		False	-0.7772835288524167
TCF7L1		False	-0.7772835288524167
FCGR1B		False	-0.7772835288524167
PDCD7	ENSG00000090470	True	-0.7772835288524167
IFT88		False	-0.7798919119599449
DRAM2	ENSG00000156171	True	-0.7798919119599449
CELF5	ENSG00000161082	True	-0.7798919119599449
MAPK15		False	-0.7798919119599449
SCLT1	ENSG00000151466	True	-0.7798919119599449
PPP1R2C		False	-0.7798919119599449
SUPT3H	ENSG00000196284	True	-0.7798919119599449
ZNF8	ENSG00000278129	True	-0.7798919119599449
NCBP2L	ENSG00000170935	True	-0.7798919119599449
PCSK1	ENSG00000175426	True	-0.7798919119599449
MAGI2	ENSG00000187391	True	-0.7798919119599449
CCDC77	ENSG00000120647	True	-0.7798919119599449
TBR1	ENSG00000136535	True	-0.7798919119599449
BRPF3	ENSG00000096070	True	-0.7798919119599449
MLLT10	ENSG00000078403	True	-0.7798919119599449
TESK2	ENSG00000070759	True	-0.7798919119599449
PTPN22	ENSG00000134242	True	-0.7798919119599449
RHD	ENSG00000187010	True	-0.7798919119599449
IKBKE	ENSG00000263528	True	-0.7825160557860937
SYT17		False	-0.7825160557860937
SLC17A7	ENSG00000104888	True	-0.7825160557860937
EPB41L4B	ENSG00000095203	True	-0.7825160557860937
PERCC1		False	-0.7825160557860937
MEIS3	ENSG00000105419	True	-0.7825160557860937
POU3F2		False	-0.7825160557860937
KIR3DL2		False	-0.7825160557860937
CT55		False	-0.7825160557860937
ARHGEF4	ENSG00000136002	True	-0.7825160557860937
STK17A	ENSG00000164543	True	-0.7825160557860937
V9GYQ6_HUMAN		False	-0.7825160557860937
MEPE	ENSG00000152595	True	-0.7825160557860937
CEP83	ENSG00000173588	True	-0.7851561519523022
PCSK5	ENSG00000099139	True	-0.7851561519523022
ZNF750	ENSG00000141579	True	-0.7851561519523022
TTC28		False	-0.7851561519523022
SHROOM4	ENSG00000158352	True	-0.7851561519523022
TPO	ENSG00000115705	True	-0.7851561519523022
ATG2B	ENSG00000066739	True	-0.7851561519523022
NLK	ENSG00000087095	True	-0.7851561519523022
TMEM134	ENSG00000172663	True	-0.7851561519523022
HOXD1		False	-0.7851561519523022
PGF		False	-0.7851561519523022
PIGA	ENSG00000165195	True	-0.7851561519523022
FAM83A		False	-0.7851561519523022
OR52B6		False	-0.7851561519523022
DNAJC30		False	-0.7851561519523022
ADAMTS4	ENSG00000158859	True	-0.7851561519523022
ZNF704	ENSG00000164684	True	-0.7878123955960422
TRAF7	ENSG00000131653	True	-0.7878123955960422
DIO3		False	-0.7878123955960422
ZNF664		False	-0.7878123955960422
LAMC3	ENSG00000050555	True	-0.7878123955960422
CYP2W1		False	-0.7878123955960422
PDZRN3	ENSG00000121440	True	-0.7878123955960422
AP5B1	ENSG00000254470	True	-0.7878123955960422
CXCL13	ENSG00000156234	True	-0.7878123955960422
GABRB2	ENSG00000145864	True	-0.7878123955960422
NEU4	ENSG00000204099	True	-0.7878123955960422
NET1	ENSG00000173848	True	-0.7878123955960422
PFN3		False	-0.7878123955960422
PRODH2	ENSG00000250799	True	-0.7878123955960422
PPP1R3F	ENSG00000049769	True	-0.7878123955960422
SLC13A2	ENSG00000007216	True	-0.790484985457369
DAPK2		False	-0.790484985457369
ING2	ENSG00000168556	True	-0.790484985457369
GPATCH2L	ENSG00000089916	True	-0.790484985457369
BHLHE40	ENSG00000134107	True	-0.790484985457369
ANKS1B	ENSG00000185046	True	-0.790484985457369
MED13L	ENSG00000123066	True	-0.790484985457369
TBC1D16	ENSG00000167291	True	-0.790484985457369
PDE1A	ENSG00000115252	True	-0.790484985457369
CLUAP1	ENSG00000103351	True	-0.790484985457369
BMF	ENSG00000104081	True	-0.790484985457369
FGFRL1	ENSG00000127418	True	-0.790484985457369
ELK3	ENSG00000111145	True	-0.7931741239681502
RELN		False	-0.7931741239681502
TUBE1	ENSG00000074935	True	-0.7931741239681502
PNLIPRP1		False	-0.7931741239681502
MINDY2	ENSG00000128923	True	-0.7931741239681502
PRICKLE4	ENSG00000278224	True	-0.7931741239681502
ENSP00000428055		False	-0.7931741239681502
FGF13		False	-0.7931741239681502
SYCP3	ENSG00000139351	True	-0.7958800173440752
MMP10	ENSG00000166670	True	-0.7958800173440752
ITGB3BP	ENSG00000142856	True	-0.7958800173440752
BRWD1	ENSG00000185658	True	-0.7958800173440752
TBX18		False	-0.7958800173440752
B3GALNT1		False	-0.7958800173440752
MGAT5	ENSG00000152127	True	-0.7958800173440752
NUDT22	ENSG00000149761	True	-0.7958800173440752
SULT1C2	ENSG00000198203	True	-0.7958800173440752
KIF20B	ENSG00000138182	True	-0.7958800173440752
PMAIP1	ENSG00000141682	True	-0.7958800173440752
COL24A1		False	-0.7958800173440752
MAFA		False	-0.7958800173440752
SGCZ	ENSG00000185053	True	-0.7958800173440752
ZDHHC24	ENSG00000174165	True	-0.7986028756795485
LZTR1	ENSG00000099949	True	-0.7986028756795485
GDAP1L1	ENSG00000124194	True	-0.7986028756795485
FAM133A		False	-0.7986028756795485
SNX19	ENSG00000120451	True	-0.7986028756795485
ZC3H12A	ENSG00000163874	True	-0.7986028756795485
PIGG	ENSG00000174227	True	-0.7986028756795485
KMT2E	ENSG00000005483	True	-0.7986028756795485
HTD2	ENSG00000255154	True	-0.7986028756795485
RCE1	ENSG00000173653	True	-0.7986028756795485
TCF19		False	-0.7986028756795485
MOGAT2	ENSG00000166391	True	-0.7986028756795485
TBC1D30	ENSG00000111490	True	-0.7986028756795485
ZNF367	ENSG00000165244	True	-0.7986028756795485
ADAT3	ENSG00000213638	True	-0.7986028756795485
RASA4	ENSG00000105808	True	-0.7986028756795485
MDM1	ENSG00000111554	True	-0.8013429130455774
LRRK1	ENSG00000154237	True	-0.8013429130455774
AFF3	ENSG00000144218	True	-0.8013429130455774
ZNF462	ENSG00000148143	True	-0.8013429130455774
CGB7	ENSG00000196337	True	-0.8013429130455774
LMOD2	ENSG00000170807	True	-0.8013429130455774
ANKRD11	ENSG00000167522	True	-0.8013429130455774
NAT9	ENSG00000109065	True	-0.8013429130455774
ASAH2	ENSG00000188611	True	-0.8013429130455774
KIFC3	ENSG00000140859	True	-0.8013429130455774
WDR5B	ENSG00000196981	True	-0.8013429130455774
LRRC4B	ENSG00000131409	True	-0.8013429130455774
SYTL3	ENSG00000164674	True	-0.8013429130455774
CDIP1	ENSG00000089486	True	-0.8013429130455774
NSMF	ENSG00000165802	True	-0.8013429130455774
SLCO4A1	ENSG00000101187	True	-0.8013429130455774
SPIN2A	ENSG00000147059	True	-0.8013429130455774
CCDC85A	ENSG00000055813	True	-0.8013429130455774
CCL22		False	-0.8041003475907662
RGMB		False	-0.8041003475907662
SLC6A1	ENSG00000157103	True	-0.8041003475907662
LGR5	ENSG00000139292	True	-0.8041003475907662
CCDC82	ENSG00000149231	True	-0.8041003475907662
LOC101929738		False	-0.8041003475907662
FRS2		False	-0.8041003475907662
PLD2	ENSG00000129219	True	-0.8041003475907662
EOMES	ENSG00000163508	True	-0.8041003475907662
TTC8		False	-0.8041003475907662
WDR19	ENSG00000157796	True	-0.8041003475907662
TEAD4	ENSG00000197905	True	-0.8041003475907662
FZD6	ENSG00000164930	True	-0.8041003475907662
LRP10		False	-0.8041003475907662
SUV39H2	ENSG00000152455	True	-0.8041003475907662
PGGHG	ENSG00000142102	True	-0.8041003475907662
CCSER2	ENSG00000107771	True	-0.8041003475907662
DMRT1	ENSG00000137090	True	-0.8041003475907662
FBXO46	ENSG00000177051	True	-0.8041003475907662
TAF11		False	-0.8041003475907662
BARD1	ENSG00000138376	True	-0.8041003475907662
SLC23A1	ENSG00000170482	True	-0.8068754016455384
PLEKHA8		False	-0.8068754016455384
HOXC9		False	-0.8068754016455384
CARD17		False	-0.8068754016455384
RASA4B	ENSG00000170667	True	-0.8068754016455384
EMP2	ENSG00000213853	True	-0.8068754016455384
ST7	ENSG00000004866	True	-0.8068754016455384
LCE5A		False	-0.8068754016455384
PIAS3	ENSG00000131788	True	-0.8068754016455384
BHLHE41		False	-0.8068754016455384
FDCSP	ENSG00000181617	True	-0.8068754016455384
TMEFF1	ENSG00000241697	True	-0.8068754016455384
CYP2A7	ENSG00000198077	True	-0.8096683018297085
KRTAP10-2		False	-0.8096683018297085
SPIN2B	ENSG00000186787	True	-0.8096683018297085
PRM2	ENSG00000122304	True	-0.8096683018297085
MST1R	ENSG00000164078	True	-0.8096683018297085
CLOCK	ENSG00000134852	True	-0.8096683018297085
IRAK3	ENSG00000090376	True	-0.8096683018297085
ABHD17C	ENSG00000136379	True	-0.8096683018297085
FCAMR	ENSG00000162897	True	-0.8096683018297085
CEP192	ENSG00000101639	True	-0.8096683018297085
SERPINE3	ENSG00000253309	True	-0.8096683018297085
NPFFR2		False	-0.8096683018297085
STN1		False	-0.8124792791635369
CTSO	ENSG00000256043	True	-0.8124792791635369
OBP2A	ENSG00000122136	True	-0.8124792791635369
MID2		False	-0.8124792791635369
CEP89		False	-0.8124792791635369
C2orf69	ENSG00000178074	True	-0.8124792791635369
PNMA5	ENSG00000198883	True	-0.8124792791635369
RASSF7		False	-0.8124792791635369
GLDN	ENSG00000186417	True	-0.8124792791635369
MAGEA3		False	-0.8124792791635369
KIR2DL3		False	-0.8124792791635369
SLIT3	ENSG00000184347	True	-0.8124792791635369
KRTAP10-5		False	-0.8124792791635369
PRMT2	ENSG00000160310	True	-0.8124792791635369
IFT52	ENSG00000101052	True	-0.8124792791635369
PRRG3	ENSG00000130032	True	-0.8124792791635369
NTN4	ENSG00000074527	True	-0.8153085691824012
SEMA6D		False	-0.8153085691824012
RTEL1		False	-0.8153085691824012
ZCCHC24	ENSG00000165424	True	-0.8153085691824012
TWNK	ENSG00000107815	True	-0.8153085691824012
DKKL1	ENSG00000104901	True	-0.8153085691824012
FOXD3	ENSG00000187140	True	-0.8153085691824012
DHX58	ENSG00000108771	True	-0.8153085691824012
SLC10A3	ENSG00000126903	True	-0.8153085691824012
HORMAD1	ENSG00000143452	True	-0.8153085691824012
NPAS3	ENSG00000151322	True	-0.8153085691824012
TICRR		False	-0.8153085691824012
WDR34		False	-0.8153085691824012
SLC29A2	ENSG00000174669	True	-0.8153085691824012
MYO9A	ENSG00000066933	True	-0.8153085691824012
DDI1	ENSG00000170967	True	-0.8153085691824012
KCTD16	ENSG00000183775	True	-0.8181564120552275
ALKBH1	ENSG00000100601	True	-0.8181564120552275
AKIRIN1	ENSG00000174574	True	-0.8181564120552275
BOK		False	-0.8181564120552275
CFAP410	ENSG00000160226	True	-0.8181564120552275
SLC6A8		False	-0.8181564120552275
OLIG3	ENSG00000177468	True	-0.8181564120552275
PAK6	ENSG00000137843	True	-0.8181564120552275
AKIP1		False	-0.8181564120552275
SCGB3A2		False	-0.8181564120552275
VPS54		False	-0.8181564120552275
RAB19	ENSG00000146955	True	-0.8181564120552275
CMTM3	ENSG00000140931	True	-0.8181564120552275
KLK13	ENSG00000167759	True	-0.8181564120552275
ANKRD49	ENSG00000168876	True	-0.8181564120552275
USP43	ENSG00000154914	True	-0.8181564120552275
IFI6	ENSG00000126709	True	-0.8181564120552275
IL2RG	ENSG00000147168	True	-0.8210230527068306
AZIN1	ENSG00000155096	True	-0.8210230527068306
ZER1		False	-0.8210230527068306
FBXO17		False	-0.8210230527068306
CDH22	ENSG00000149654	True	-0.8210230527068306
EEF2KMT	ENSG00000118894	True	-0.8210230527068306
EVPLL	ENSG00000214860	True	-0.8210230527068306
AKAP14	ENSG00000186471	True	-0.8210230527068306
ADCK1	ENSG00000063761	True	-0.8210230527068306
PDGFRA	ENSG00000134853	True	-0.8210230527068306
REM2		False	-0.8210230527068306
NAIP	ENSG00000249437	True	-0.8210230527068306
POU5F1B		False	-0.8210230527068306
FGD6	ENSG00000180263	True	-0.8210230527068306
ARNT2	ENSG00000172379	True	-0.8210230527068306
BTLA	ENSG00000186265	True	-0.8210230527068306
DIS3L	ENSG00000166938	True	-0.8210230527068306
SPRY1	ENSG00000164056	True	-0.8210230527068306
NAIF1		False	-0.8210230527068306
AIPL1	ENSG00000129221	True	-0.8210230527068306
CCDC142	ENSG00000135637	True	-0.8239087409443188
RWDD2B	ENSG00000156253	True	-0.8239087409443188
ST6GALNAC4		False	-0.8239087409443188
CHD6		False	-0.8239087409443188
GRAMD4		False	-0.8239087409443188
CNTNAP2	ENSG00000174469	True	-0.8239087409443188
OSBPL7	ENSG00000006025	True	-0.8239087409443188
FZD7	ENSG00000155760	True	-0.8239087409443188
SIGLEC9	ENSG00000129450	True	-0.8239087409443188
ENSP00000490530		False	-0.8239087409443188
ATG4C	ENSG00000125703	True	-0.8239087409443188
TREH	ENSG00000118094	True	-0.8239087409443188
EYA2	ENSG00000064655	True	-0.8239087409443188
TTYH1	ENSG00000167614	True	-0.8239087409443188
CEP72	ENSG00000112877	True	-0.826813731587726
CDH16	ENSG00000166589	True	-0.826813731587726
PWWP2B	ENSG00000171813	True	-0.826813731587726
MAMLD1	ENSG00000013619	True	-0.826813731587726
MPND	ENSG00000008382	True	-0.826813731587726
MFSD1	ENSG00000118855	True	-0.826813731587726
NPHS2	ENSG00000116218	True	-0.826813731587726
OTX1	ENSG00000115507	True	-0.826813731587726
ACVRL1	ENSG00000139567	True	-0.826813731587726
CDPF1	ENSG00000205643	True	-0.826813731587726
ARHGAP28	ENSG00000088756	True	-0.826813731587726
RAB33A	ENSG00000134594	True	-0.826813731587726
RAB20	ENSG00000139832	True	-0.826813731587726
ESX1	ENSG00000123576	True	-0.8297382846050426
DIPK1A	ENSG00000154511	True	-0.8297382846050426
HOXD13		False	-0.8297382846050426
PPM1E	ENSG00000175175	True	-0.8297382846050426
SPOCK3		False	-0.8297382846050426
PAX3		False	-0.8297382846050426
ZNF513	ENSG00000163795	True	-0.8297382846050426
PANX2	ENSG00000073150	True	-0.8297382846050426
TRPV4	ENSG00000111199	True	-0.8297382846050426
TPGS1		False	-0.8297382846050426
ZBTB9	ENSG00000213588	True	-0.8297382846050426
GRM5		False	-0.8297382846050426
SLC35A1		False	-0.8297382846050426
C2CD4C	ENSG00000183186	True	-0.8297382846050426
C6orf89	ENSG00000198663	True	-0.8297382846050426
IL2RA	ENSG00000134460	True	-0.8297382846050426
ACTL7B	ENSG00000148156	True	-0.8326826652518239
AGTPBP1	ENSG00000135049	True	-0.8326826652518239
ARMCX6	ENSG00000198960	True	-0.8326826652518239
FZD2	ENSG00000180340	True	-0.8326826652518239
NEURL4	ENSG00000215041	True	-0.8326826652518239
TRIM54	ENSG00000138100	True	-0.8326826652518239
KMT5A		False	-0.8326826652518239
CELSR1		False	-0.8326826652518239
KLF4	ENSG00000136826	True	-0.8326826652518239
KIAA1328	ENSG00000150477	True	-0.8326826652518239
ARHGEF28	ENSG00000214944	True	-0.8326826652518239
ARAP3	ENSG00000120318	True	-0.8326826652518239
ABCB4	ENSG00000005471	True	-0.8326826652518239
KDF1	ENSG00000175707	True	-0.8326826652518239
MARCHF7	ENSG00000136536	True	-0.8326826652518239
SNRNP25	ENSG00000161981	True	-0.8326826652518239
ADAMTS14		False	-0.8326826652518239
SLC25A44		False	-0.8326826652518239
RILP		False	-0.8326826652518239
TMCO6	ENSG00000113119	True	-0.8326826652518239
C6orf136	ENSG00000204564	True	-0.8326826652518239
TNFAIP8L3	ENSG00000183578	True	-0.835647144215563
PUS3	ENSG00000110060	True	-0.835647144215563
POC1B		False	-0.835647144215563
ERVMER34-1	ENSG00000226887	True	-0.835647144215563
FBXO11		False	-0.835647144215563
PYROXD2	ENSG00000119943	True	-0.835647144215563
SLC35B4	ENSG00000205060	True	-0.835647144215563
EPHA3	ENSG00000044524	True	-0.835647144215563
KLHDC7A	ENSG00000179023	True	-0.835647144215563
ALS2	ENSG00000003393	True	-0.835647144215563
CAPN12		False	-0.835647144215563
RNASE7	ENSG00000165799	True	-0.835647144215563
EFR3B	ENSG00000084710	True	-0.835647144215563
GTF3A	ENSG00000122034	True	-0.835647144215563
TTC17	ENSG00000052841	True	-0.8386319977650252
TROAP	ENSG00000135451	True	-0.8386319977650252
WFDC6		False	-0.8386319977650252
FOXO4	ENSG00000184481	True	-0.8386319977650252
POU4F1	ENSG00000152192	True	-0.8386319977650252
ECE2-2		False	-0.8386319977650252
PACRGL		False	-0.8386319977650252
FBH1	ENSG00000134452	True	-0.8386319977650252
TRAF3	ENSG00000131323	True	-0.8386319977650252
IFT57	ENSG00000114446	True	-0.8386319977650252
GLB1L2	ENSG00000149328	True	-0.8386319977650252
MYPOP		False	-0.8386319977650252
XKR5		False	-0.8386319977650252
YDJC		False	-0.8386319977650252
TRIM50	ENSG00000146755	True	-0.8386319977650252
OR4C16		False	-0.8386319977650252
TULP3	ENSG00000078246	True	-0.8386319977650252
CA14	ENSG00000118298	True	-0.8386319977650252
VRTN	ENSG00000133980	True	-0.8386319977650252
SLC66A2	ENSG00000122490	True	-0.8386319977650252
LINGO1	ENSG00000169783	True	-0.8386319977650252
KDM5D		False	-0.8386319977650252
TMEM255A	ENSG00000125355	True	-0.8386319977650252
SOCS6	ENSG00000170677	True	-0.8386319977650252
KLHDC8B	ENSG00000185909	True	-0.8416375079047503
ENSP00000496158		False	-0.8416375079047503
SIDT2	ENSG00000149577	True	-0.8416375079047503
NABP1		False	-0.8416375079047503
J3QRE1_HUMAN		False	-0.8416375079047503
SLC15A3	ENSG00000110446	True	-0.8416375079047503
ADGRA1	ENSG00000197177	True	-0.8416375079047503
EVA1A	ENSG00000115363	True	-0.8416375079047503
HERC6	ENSG00000138642	True	-0.8416375079047503
TNFRSF6B	ENSG00000243509	True	-0.8416375079047503
HSH2D		False	-0.8416375079047503
INSRR	ENSG00000027644	True	-0.8416375079047503
ZNF74	ENSG00000185252	True	-0.8416375079047503
C15orf39	ENSG00000167173	True	-0.8416375079047503
DOLK		False	-0.8416375079047503
GREB1	ENSG00000196208	True	-0.8416375079047503
ZSCAN21	ENSG00000166529	True	-0.8416375079047503
CD1A	ENSG00000158477	True	-0.8416375079047503
SLC6A13		False	-0.8416375079047503
ADAT2	ENSG00000189007	True	-0.8446639625349383
ZNF385B		False	-0.8446639625349383
CECR2	ENSG00000099954	True	-0.8446639625349383
PCDH7	ENSG00000169851	True	-0.8446639625349383
LCE3A		False	-0.8446639625349383
ANO1	ENSG00000131620	True	-0.8446639625349383
CFAP97	ENSG00000164323	True	-0.8446639625349383
SAMD13	ENSG00000203943	True	-0.8446639625349383
DYDC1	ENSG00000170788	True	-0.8446639625349383
RBM18	ENSG00000119446	True	-0.8446639625349383
CEBPA	ENSG00000245848	True	-0.8446639625349383
PCGF1	ENSG00000115289	True	-0.8446639625349383
GDF11	ENSG00000135414	True	-0.8446639625349383
GYG2	ENSG00000056998	True	-0.8446639625349383
ZNF10	ENSG00000256223	True	-0.8446639625349383
RAET1L		False	-0.8477116556169435
FHL5		False	-0.8477116556169435
TMEM135	ENSG00000166575	True	-0.8477116556169435
GALNT13	ENSG00000144278	True	-0.8477116556169435
AP4E1	ENSG00000081014	True	-0.8477116556169435
MKNK2	ENSG00000099875	True	-0.8477116556169435
C1GALT1C1	ENSG00000171155	True	-0.8477116556169435
SDR9C7		False	-0.8477116556169435
ALG12	ENSG00000182858	True	-0.8477116556169435
CTAGE15	ENSG00000271079	True	-0.8477116556169435
CTAGE6	ENSG00000271321	True	-0.8477116556169435
CD244		False	-0.8507808873446201
JAG2	ENSG00000184916	True	-0.8507808873446201
ABCA2	ENSG00000107331	True	-0.8507808873446201
XRCC3		False	-0.8507808873446201
JADE1	ENSG00000077684	True	-0.8507808873446201
MRM2	ENSG00000122687	True	-0.8507808873446201
AHR	ENSG00000106546	True	-0.8507808873446201
USP45	ENSG00000123552	True	-0.8507808873446201
DEPDC5	ENSG00000100150	True	-0.8507808873446201
UFSP1	ENSG00000176125	True	-0.8507808873446201
EDEM2	ENSG00000088298	True	-0.8538719643217619
DCAF8L2		False	-0.8538719643217619
ATP6V0A4	ENSG00000105929	True	-0.8538719643217619
RFESD	ENSG00000175449	True	-0.8538719643217619
SLC37A3		False	-0.8538719643217619
AFG1L	ENSG00000135537	True	-0.8538719643217619
PRADC1	ENSG00000135617	True	-0.8538719643217619
BCORL1	ENSG00000085185	True	-0.8538719643217619
PAMR1		False	-0.8538719643217619
TRPC4		False	-0.8538719643217619
ABHD2	ENSG00000140526	True	-0.8538719643217619
TMEM204	ENSG00000131634	True	-0.8538719643217619
METTL25	ENSG00000127720	True	-0.8538719643217619
TSPYL2	ENSG00000184205	True	-0.8538719643217619
VEGFD	ENSG00000165197	True	-0.8538719643217619
RALGPS1	ENSG00000136828	True	-0.8538719643217619
TEK	ENSG00000120156	True	-0.8538719643217619
POT1		False	-0.8538719643217619
SPANXN4	ENSG00000189326	True	-0.8538719643217619
CALCB		False	-0.8538719643217619
BICRAL	ENSG00000112624	True	-0.8538719643217619
CMTR2	ENSG00000180917	True	-0.8569851997459049
CCDC7		False	-0.8569851997459049
APBB3	ENSG00000113108	True	-0.8569851997459049
AKAP7	ENSG00000118507	True	-0.8569851997459049
MIEF2	ENSG00000177427	True	-0.8569851997459049
GPN2	ENSG00000142751	True	-0.8569851997459049
SENP5		False	-0.8569851997459049
ATXN7L1	ENSG00000146776	True	-0.8569851997459049
LEFTY1	ENSG00000243709	True	-0.8569851997459049
HS3ST6		False	-0.8569851997459049
PGS1	ENSG00000087157	True	-0.8569851997459049
CARD14		False	-0.8569851997459049
PWWP3A	ENSG00000160953	True	-0.8569851997459049
ZNF444	ENSG00000167685	True	-0.8569851997459049
ENSP00000488802		False	-0.8569851997459049
FAM71B		False	-0.8569851997459049
FBXL6		False	-0.8569851997459049
ZFY	ENSG00000067646	True	-0.8601209135987634
RAB40C		False	-0.8601209135987634
SPEF2	ENSG00000152582	True	-0.8601209135987634
MAFB	ENSG00000204103	True	-0.8601209135987634
TXNDC16	ENSG00000087301	True	-0.8601209135987634
ENOX2	ENSG00000165675	True	-0.8601209135987634
AMIGO2	ENSG00000139211	True	-0.8601209135987634
CYTIP	ENSG00000115165	True	-0.8601209135987634
ARID3C		False	-0.8601209135987634
DDIT4	ENSG00000168209	True	-0.8601209135987634
PRICKLE3	ENSG00000012211	True	-0.8601209135987634
LMX1B		False	-0.8601209135987634
SPATA3	ENSG00000173699	True	-0.8601209135987634
DUSP6	ENSG00000139318	True	-0.8601209135987634
PITPNM3	ENSG00000091622	True	-0.8601209135987634
LY9	ENSG00000122224	True	-0.8632794328435932
ZBTB24	ENSG00000112365	True	-0.8632794328435932
ZFP2	ENSG00000198939	True	-0.8632794328435932
SLC51B	ENSG00000186198	True	-0.8632794328435932
ATP4B	ENSG00000186009	True	-0.8632794328435932
POM121L1P		False	-0.8632794328435932
HRH3		False	-0.8632794328435932
EBF3		False	-0.8632794328435932
EGLN3		False	-0.8632794328435932
NKX2-6		False	-0.8632794328435932
TNRC6A	ENSG00000090905	True	-0.8632794328435932
CDC7	ENSG00000097046	True	-0.8632794328435932
CYREN	ENSG00000122783	True	-0.8632794328435932
CYP24A1	ENSG00000019186	True	-0.8632794328435932
TEF		False	-0.8632794328435932
ITGAD	ENSG00000156886	True	-0.8632794328435932
DONSON	ENSG00000159147	True	-0.8632794328435932
CRAMP1	ENSG00000007545	True	-0.8664610916297825
MYLK3	ENSG00000140795	True	-0.8664610916297825
GLI4	ENSG00000250571	True	-0.8664610916297825
SMC1B	ENSG00000077935	True	-0.8664610916297825
CD1C		False	-0.8664610916297825
ALKBH8	ENSG00000137760	True	-0.8664610916297825
FAAP24	ENSG00000131944	True	-0.8664610916297825
ZKSCAN2	ENSG00000155592	True	-0.8664610916297825
KRTAP20-3	ENSG00000206104	True	-0.8664610916297825
MYOZ3	ENSG00000164591	True	-0.8664610916297825
RAD51D		False	-0.8664610916297825
BCL6B	ENSG00000161940	True	-0.8664610916297825
PLEKHG1	ENSG00000120278	True	-0.8664610916297825
WRAP73	ENSG00000116213	True	-0.8696662315049939
ZNF92		False	-0.8696662315049939
K7ERJ3_HUMAN		False	-0.8696662315049939
TMEM242	ENSG00000215712	True	-0.8696662315049939
GFI1	ENSG00000162676	True	-0.8696662315049939
DYNC2H1	ENSG00000187240	True	-0.8696662315049939
MYO10	ENSG00000145555	True	-0.8696662315049939
GLT8D2	ENSG00000120820	True	-0.8696662315049939
GET1	ENSG00000182093	True	-0.8696662315049939
IRF1	ENSG00000125347	True	-0.8696662315049939
HMGCLL1		False	-0.8696662315049939
SNAPC4	ENSG00000165684	True	-0.8696662315049939
MMP13	ENSG00000137745	True	-0.8696662315049939
CDX2	ENSG00000165556	True	-0.8696662315049939
LCOR	ENSG00000196233	True	-0.8696662315049939
ARL5B	ENSG00000165997	True	-0.8696662315049939
TESPA1	ENSG00000135426	True	-0.8696662315049939
MED13		False	-0.8696662315049939
FAM181B	ENSG00000182103	True	-0.8696662315049939
KLF10		False	-0.8696662315049939
GASK1B	ENSG00000164125	True	-0.8696662315049939
E2F5		False	-0.8696662315049939
ZNF76	ENSG00000065029	True	-0.8696662315049939
IKZF5		False	-0.8728952016351923
PROSER1	ENSG00000120685	True	-0.8728952016351923
ATG14	ENSG00000126775	True	-0.8728952016351923
ADGRF4	ENSG00000153294	True	-0.8728952016351923
LVRN	ENSG00000172901	True	-0.8728952016351923
ZNF773	ENSG00000152439	True	-0.8728952016351923
NTNG1		False	-0.8728952016351923
GATA4	ENSG00000136574	True	-0.8728952016351923
NUS1	ENSG00000153989	True	-0.8728952016351923
FOXO6		False	-0.8728952016351923
UBIAD1		False	-0.8728952016351923
SNED1	ENSG00000162804	True	-0.8728952016351923
FEV		False	-0.8728952016351923
FBXW2	ENSG00000119402	True	-0.8728952016351923
SUSD3	ENSG00000157303	True	-0.8728952016351923
SOX21	ENSG00000125285	True	-0.8728952016351923
TRIM39-RPP21	ENSG00000248167	True	-0.8728952016351923
CCDC84		False	-0.8728952016351923
SLC41A1	ENSG00000133065	True	-0.8728952016351923
NGEF	ENSG00000066248	True	-0.8728952016351923
TMEM141	ENSG00000244187	True	-0.8761483590329142
SLC4A8		False	-0.8761483590329142
NOL4		False	-0.8761483590329142
CLCA2	ENSG00000137975	True	-0.8761483590329142
PET100		False	-0.8761483590329142
SIAH1	ENSG00000196470	True	-0.8761483590329142
ASIC3	ENSG00000213199	True	-0.8761483590329142
CD72	ENSG00000137101	True	-0.8761483590329142
ARNTL		False	-0.8761483590329142
EBF1		False	-0.8761483590329142
HTR2C		False	-0.8761483590329142
NPRL3	ENSG00000103148	True	-0.8761483590329142
WNT10B	ENSG00000169884	True	-0.8761483590329142
CHPF2	ENSG00000033100	True	-0.8761483590329142
RNF39	ENSG00000204618	True	-0.8761483590329142
SAMD8		False	-0.8761483590329142
ZDHHC4	ENSG00000136247	True	-0.8761483590329142
MATN3		False	-0.8761483590329142
SLC15A4	ENSG00000139370	True	-0.8761483590329142
TMEM231	ENSG00000205084	True	-0.8761483590329142
ZBTB40		False	-0.8761483590329142
CENPN		False	-0.8761483590329142
POMC	ENSG00000115138	True	-0.8794260687941501
ZDHHC17	ENSG00000186908	True	-0.8794260687941501
LATS2	ENSG00000150457	True	-0.8794260687941501
TAFA2		False	-0.8794260687941501
SH3BP5	ENSG00000131370	True	-0.8794260687941501
IL17RA	ENSG00000177663	True	-0.8794260687941501
PAK5	ENSG00000101349	True	-0.8794260687941501
CCDC106	ENSG00000173581	True	-0.8794260687941501
TRH	ENSG00000170893	True	-0.8794260687941501
CRACR2B	ENSG00000177685	True	-0.8794260687941501
AMMECR1L	ENSG00000144233	True	-0.8794260687941501
AQP11		False	-0.8794260687941501
CTAGE9	ENSG00000236761	True	-0.8794260687941501
AGXT2	ENSG00000113492	True	-0.8794260687941501
ZBTB43	ENSG00000169155	True	-0.8794260687941501
TMPRSS6		False	-0.8794260687941501
NKX3-2	ENSG00000109705	True	-0.8794260687941501
ST3GAL6	ENSG00000064225	True	-0.8794260687941501
C21orf58	ENSG00000160298	True	-0.8794260687941501
PRELID3B	ENSG00000101166	True	-0.8794260687941501
SESN1		False	-0.8794260687941501
IGLON5	ENSG00000142549	True	-0.8827287043442357
PRLH	ENSG00000071677	True	-0.8827287043442357
HACE1		False	-0.8827287043442357
TMEM131	ENSG00000075568	True	-0.8827287043442357
ST7L	ENSG00000007341	True	-0.8827287043442357
ZIC3	ENSG00000156925	True	-0.8827287043442357
HS6ST2	ENSG00000171004	True	-0.8827287043442357
RAI2	ENSG00000131831	True	-0.8827287043442357
MEOX2	ENSG00000106511	True	-0.8827287043442357
SLC39A13	ENSG00000165915	True	-0.8827287043442357
BCL2L14	ENSG00000121380	True	-0.8827287043442357
NDFIP2	ENSG00000102471	True	-0.8827287043442357
ZNF3	ENSG00000166526	True	-0.8827287043442357
TRIM40	ENSG00000204614	True	-0.8827287043442357
CLDN19		False	-0.8827287043442357
KIAA0556		False	-0.8827287043442357
STMND1	ENSG00000230873	True	-0.8827287043442357
MAGEA6		False	-0.8827287043442357
CEP120	ENSG00000168944	True	-0.8860566476931632
HIPK4		False	-0.8860566476931632
FBXO45	ENSG00000174013	True	-0.8860566476931632
PAX9	ENSG00000198807	True	-0.8860566476931632
OR5K2		False	-0.8860566476931632
CDON	ENSG00000064309	True	-0.8860566476931632
SEMA4C	ENSG00000168758	True	-0.8860566476931632
MCUB	ENSG00000005059	True	-0.8860566476931632
GNG13	ENSG00000127588	True	-0.8860566476931632
ZBTB5	ENSG00000168795	True	-0.8860566476931632
ARHGEF3	ENSG00000163947	True	-0.8860566476931632
SLC26A3	ENSG00000091138	True	-0.8860566476931632
ZNF625		False	-0.8860566476931632
MLXIP	ENSG00000175727	True	-0.8860566476931632
DNAJC24	ENSG00000170946	True	-0.8860566476931632
TNFAIP8L1		False	-0.8860566476931632
ITLN2	ENSG00000158764	True	-0.8860566476931632
MPZL2	ENSG00000149573	True	-0.8860566476931632
CHFR	ENSG00000072609	True	-0.889410289700751
ZNF397	ENSG00000186812	True	-0.889410289700751
CLSTN2	ENSG00000158258	True	-0.889410289700751
NTNG2	ENSG00000196358	True	-0.889410289700751
PIK3CA	ENSG00000121879	True	-0.889410289700751
SLCO2A1	ENSG00000174640	True	-0.889410289700751
HNF4G	ENSG00000164749	True	-0.889410289700751
CEP128	ENSG00000100629	True	-0.889410289700751
KDR	ENSG00000128052	True	-0.889410289700751
CCR5		False	-0.889410289700751
SPINK4	ENSG00000122711	True	-0.889410289700751
FAM171A2	ENSG00000161682	True	-0.889410289700751
DKK1		False	-0.8927900303521317
VASH1	ENSG00000071246	True	-0.8927900303521317
ZNF138		False	-0.8927900303521317
KIF21B	ENSG00000116852	True	-0.8927900303521317
TMEM208	ENSG00000168701	True	-0.8927900303521317
EMCN	ENSG00000164035	True	-0.8927900303521317
MGAT4A	ENSG00000071073	True	-0.8927900303521317
DGKD	ENSG00000077044	True	-0.8927900303521317
TMEM17	ENSG00000186889	True	-0.8927900303521317
VIP	ENSG00000146469	True	-0.8927900303521317
TNFRSF10A	ENSG00000104689	True	-0.8961962790440431
PROX1		False	-0.8961962790440431
PRL	ENSG00000172179	True	-0.8961962790440431
RPE65		False	-0.8961962790440431
PLEKHG4		False	-0.8961962790440431
ADIPOR1		False	-0.8961962790440431
COPS9	ENSG00000172428	True	-0.8961962790440431
ARHGEF15		False	-0.8961962790440431
SSH2	ENSG00000141298	True	-0.8961962790440431
ASB4	ENSG00000005981	True	-0.8961962790440431
MXI1	ENSG00000119950	True	-0.8961962790440431
ZNF189	ENSG00000136870	True	-0.8961962790440431
RHOBTB1	ENSG00000072422	True	-0.8961962790440431
TMEM254	ENSG00000133678	True	-0.8961962790440431
ICA1L	ENSG00000163596	True	-0.8961962790440431
RNF121	ENSG00000137522	True	-0.8961962790440431
DNAAF3		False	-0.8961962790440431
TRIM39	ENSG00000204599	True	-0.8961962790440431
PAX7		False	-0.8961962790440431
ULK2	ENSG00000083290	True	-0.8961962790440431
GPR108	ENSG00000125734	True	-0.8961962790440431
ANKS3	ENSG00000168096	True	-0.8996294548824371
ANKRD23	ENSG00000163126	True	-0.8996294548824371
SESN3		False	-0.8996294548824371
NOCT	ENSG00000151014	True	-0.8996294548824371
CLEC4A	ENSG00000111729	True	-0.8996294548824371
SMAD6		False	-0.8996294548824371
VSTM2B		False	-0.8996294548824371
ARX		False	-0.8996294548824371
ENSP00000293826		False	-0.8996294548824371
PNMA1	ENSG00000176903	True	-0.8996294548824371
TULP1		False	-0.8996294548824371
DHDDS	ENSG00000117682	True	-0.8996294548824371
FAT1	ENSG00000083857	True	-0.8996294548824371
C6orf223		False	-0.8996294548824371
FAR2	ENSG00000064763	True	-0.8996294548824371
PDZD4	ENSG00000067840	True	-0.8996294548824371
TUBGCP6	ENSG00000128159	True	-0.8996294548824371
DEDD2		False	-0.8996294548824371
UPK1B	ENSG00000114638	True	-0.8996294548824371
CELSR2	ENSG00000143126	True	-0.8996294548824371
FFAR2	ENSG00000126262	True	-0.9030899869919435
HDAC9	ENSG00000048052	True	-0.9030899869919435
BVES	ENSG00000112276	True	-0.9030899869919435
RLIM	ENSG00000131263	True	-0.9030899869919435
KRIT1	ENSG00000001631	True	-0.9030899869919435
SPPL2B	ENSG00000005206	True	-0.9030899869919435
FMN2		False	-0.9030899869919435
TEN1		False	-0.9030899869919435
RHBDL3	ENSG00000141314	True	-0.9030899869919435
ZBTB42	ENSG00000179627	True	-0.9030899869919435
MS4A6A	ENSG00000110077	True	-0.9030899869919435
CCR10	ENSG00000184451	True	-0.9030899869919435
TUBD1	ENSG00000108423	True	-0.9030899869919435
CNTNAP4	ENSG00000152910	True	-0.9030899869919435
ABCC2	ENSG00000023839	True	-0.9030899869919435
MAP3K8	ENSG00000107968	True	-0.906578314837765
SLC13A1	ENSG00000081800	True	-0.906578314837765
PRDM2	ENSG00000116731	True	-0.906578314837765
KLHDC2	ENSG00000165516	True	-0.906578314837765
LMBR1	ENSG00000105983	True	-0.906578314837765
FOXE3		False	-0.906578314837765
HTR7	ENSG00000148680	True	-0.906578314837765
TNFSF10	ENSG00000121858	True	-0.906578314837765
HMSD		False	-0.906578314837765
TECPR2	ENSG00000196663	True	-0.906578314837765
PTGER3	ENSG00000050628	True	-0.906578314837765
PARD6G	ENSG00000178184	True	-0.906578314837765
BCAS4	ENSG00000124243	True	-0.906578314837765
J3KTA2_HUMAN		False	-0.906578314837765
IFT172	ENSG00000138002	True	-0.906578314837765
AGBL5	ENSG00000084693	True	-0.906578314837765
HAPLN4	ENSG00000187664	True	-0.906578314837765
PDZD2	ENSG00000133401	True	-0.906578314837765
KLHL36	ENSG00000135686	True	-0.9100948885606021
ZNF827	ENSG00000151612	True	-0.9100948885606021
MBTD1	ENSG00000011258	True	-0.9100948885606021
VPS13B		False	-0.9100948885606021
RLF	ENSG00000117000	True	-0.9100948885606021
LIPT1	ENSG00000144182	True	-0.9100948885606021
C1orf61		False	-0.9100948885606021
INSIG1		False	-0.9100948885606021
P2RX7	ENSG00000089041	True	-0.9100948885606021
PNMA8B	ENSG00000204851	True	-0.9100948885606021
PLPPR4		False	-0.9100948885606021
PET117	ENSG00000232838	True	-0.9100948885606021
EQTN	ENSG00000120160	True	-0.9100948885606021
IL5	ENSG00000113525	True	-0.9100948885606021
TTYH2		False	-0.9100948885606021
MSANTD4	ENSG00000170903	True	-0.9100948885606021
MDFIC	ENSG00000135272	True	-0.9136401693252518
SLC1A7	ENSG00000162383	True	-0.9136401693252518
ZDHHC6	ENSG00000023041	True	-0.9136401693252518
SLC22A3	ENSG00000146477	True	-0.9136401693252518
GABBR2	ENSG00000136928	True	-0.9136401693252518
TIAM2	ENSG00000146426	True	-0.9136401693252518
TREX2	ENSG00000183479	True	-0.9136401693252518
ANKS4B	ENSG00000175311	True	-0.9136401693252518
LONRF3	ENSG00000175556	True	-0.9136401693252518
ZC3H10	ENSG00000135482	True	-0.9136401693252518
TXLNB	ENSG00000164440	True	-0.9136401693252518
BTBD2		False	-0.9136401693252518
URGCP-MRPS24		False	-0.9136401693252518
IGFBPL1	ENSG00000137142	True	-0.9136401693252518
PER2	ENSG00000132326	True	-0.9136401693252518
LRRC8E	ENSG00000171017	True	-0.9172146296835499
FAAP100	ENSG00000185504	True	-0.9172146296835499
DNAH12	ENSG00000174844	True	-0.9172146296835499
CHAC1	ENSG00000128965	True	-0.9172146296835499
FXYD7	ENSG00000221946	True	-0.9172146296835499
GPR148	ENSG00000173302	True	-0.9172146296835499
KLHL42	ENSG00000087448	True	-0.9172146296835499
C19orf73	ENSG00000221916	True	-0.9172146296835499
CCDC71L	ENSG00000253276	True	-0.9172146296835499
LRP11		False	-0.9172146296835499
KAT6B	ENSG00000156650	True	-0.9172146296835499
CCDC14	ENSG00000175455	True	-0.9172146296835499
NKD2	ENSG00000145506	True	-0.9172146296835499
CFAP44	ENSG00000206530	True	-0.9172146296835499
FAM107A	ENSG00000168309	True	-0.9172146296835499
TMEFF2	ENSG00000144339	True	-0.9172146296835499
CD160		False	-0.9172146296835499
SLC22A1	ENSG00000175003	True	-0.9172146296835499
SLC66A3		False	-0.9172146296835499
SLCO1A2		False	-0.9172146296835499
SERPINA12		False	-0.9172146296835499
TCHP	ENSG00000139437	True	-0.9172146296835499
TIAF1		False	-0.9172146296835499
SEMA3F	ENSG00000001617	True	-0.9172146296835499
SPATA7	ENSG00000042317	True	-0.9208187539523752
ICOS	ENSG00000163600	True	-0.9208187539523752
PIP5K1B	ENSG00000107242	True	-0.9208187539523752
CTAGE4	ENSG00000288784	True	-0.9208187539523752
MIDN	ENSG00000167470	True	-0.9208187539523752
FOXA2	ENSG00000125798	True	-0.9208187539523752
HOXB7	ENSG00000260027	True	-0.9208187539523752
ABHD4	ENSG00000100439	True	-0.9208187539523752
TRPM7	ENSG00000092439	True	-0.9208187539523752
RASD1	ENSG00000108551	True	-0.9208187539523752
TMEM178A	ENSG00000152154	True	-0.9208187539523752
C4orf46	ENSG00000205208	True	-0.9208187539523752
TGIF2-RAB5IF		False	-0.9244530386074693
BTBD10	ENSG00000148925	True	-0.9244530386074693
BBS1	ENSG00000174483	True	-0.9244530386074693
TM2D3	ENSG00000184277	True	-0.9244530386074693
PTPN21	ENSG00000070778	True	-0.9244530386074693
SLC17A5		False	-0.9244530386074693
B3GAT2	ENSG00000112309	True	-0.9244530386074693
PLEKHM1	ENSG00000225190	True	-0.9244530386074693
TNFSF8		False	-0.9244530386074693
CCL7		False	-0.9244530386074693
ZNF761		False	-0.9244530386074693
SLC16A2		False	-0.9244530386074693
NYAP2	ENSG00000144460	True	-0.9244530386074693
DYRK2	ENSG00000127334	True	-0.9244530386074693
TTPA		False	-0.9244530386074693
CLCF1	ENSG00000175505	True	-0.9244530386074693
KIF26B	ENSG00000162849	True	-0.9281179926938746
C6orf163	ENSG00000203872	True	-0.9281179926938746
PCNX3	ENSG00000197136	True	-0.9281179926938746
TRPC4AP	ENSG00000100991	True	-0.9281179926938746
TMEM128	ENSG00000132406	True	-0.9281179926938746
KNDC1	ENSG00000171798	True	-0.9281179926938746
UGT2A2	ENSG00000271271	True	-0.9281179926938746
E2F8	ENSG00000129173	True	-0.9281179926938746
CNOT6	ENSG00000113300	True	-0.9281179926938746
CRYBG2		False	-0.9281179926938746
ZBTB17	ENSG00000116809	True	-0.9281179926938746
VSIG10L	ENSG00000186806	True	-0.9281179926938746
ZFHX3	ENSG00000140836	True	-0.9318141382538383
NIPA2	ENSG00000140157	True	-0.9318141382538383
SIGLEC1	ENSG00000088827	True	-0.9318141382538383
WNK3	ENSG00000196632	True	-0.9318141382538383
ANKRD13C		False	-0.9318141382538383
ADGRL3	ENSG00000150471	True	-0.9318141382538383
NKX2-4		False	-0.9318141382538383
DKK2	ENSG00000155011	True	-0.9318141382538383
GPR183	ENSG00000169508	True	-0.9318141382538383
FIGN	ENSG00000182263	True	-0.9318141382538383
MYNN	ENSG00000085274	True	-0.9318141382538383
PEX13	ENSG00000162928	True	-0.9318141382538383
CCDC69	ENSG00000198624	True	-0.9318141382538383
ZSCAN31	ENSG00000235109	True	-0.9318141382538383
THNSL2	ENSG00000144115	True	-0.9355420107730815
AGRP	ENSG00000159723	True	-0.9355420107730815
WFIKKN2		False	-0.9355420107730815
MTFMT	ENSG00000103707	True	-0.9355420107730815
KCNK3		False	-0.9355420107730815
SEZ6L		False	-0.9355420107730815
SLX4	ENSG00000188827	True	-0.9355420107730815
UGT2B11	ENSG00000213759	True	-0.9355420107730815
TMEM88B	ENSG00000205116	True	-0.9355420107730815
SUN3	ENSG00000164744	True	-0.9355420107730815
ANKRD10	ENSG00000088448	True	-0.9355420107730815
CTAGE8	ENSG00000289604	True	-0.9355420107730815
ADRA1A	ENSG00000120907	True	-0.9355420107730815
GABPB2	ENSG00000143458	True	-0.9355420107730815
NRXN2		False	-0.9355420107730815
POLK		False	-0.9355420107730815
DLL3		False	-0.9355420107730815
NACC2	ENSG00000148411	True	-0.9355420107730815
KLF13		False	-0.9355420107730815
RNF185		False	-0.9355420107730815
PRRG1		False	-0.9355420107730815
SGK1	ENSG00000118515	True	-0.9355420107730815
SLAIN1		False	-0.9355420107730815
LAYN	ENSG00000204381	True	-0.9393021596463883
SMOX	ENSG00000088826	True	-0.9393021596463883
IL37	ENSG00000125571	True	-0.9393021596463883
VEGFB		False	-0.9393021596463883
SMIM26		False	-0.9393021596463883
ZMAT5	ENSG00000100319	True	-0.9393021596463883
ACMSD	ENSG00000153086	True	-0.9393021596463883
FCRL1	ENSG00000163534	True	-0.9393021596463883
SLC6A11	ENSG00000132164	True	-0.9393021596463883
TPPP2	ENSG00000179636	True	-0.9393021596463883
PRSS21	ENSG00000007038	True	-0.9393021596463883
GNG8		False	-0.9393021596463883
CBARP		False	-0.9393021596463883
DNAJB7	ENSG00000172404	True	-0.9393021596463883
CCHCR1		False	-0.9393021596463883
FANCE	ENSG00000112039	True	-0.9393021596463883
GCH1	ENSG00000131979	True	-0.9393021596463883
ACSM1	ENSG00000166743	True	-0.9393021596463883
ACOT4	ENSG00000177465	True	-0.9393021596463883
BTBD1	ENSG00000064726	True	-0.9393021596463883
MAP3K21	ENSG00000143674	True	-0.9393021596463883
hCG_1642624		False	-0.9393021596463883
RNF11	ENSG00000123091	True	-0.9430951486635274
ADAM8	ENSG00000151651	True	-0.9430951486635274
TSPYL4	ENSG00000187189	True	-0.9430951486635274
SLC22A6	ENSG00000197901	True	-0.9430951486635274
EDN3		False	-0.9430951486635274
SOWAHA	ENSG00000198944	True	-0.9430951486635274
PLPPR3	ENSG00000129951	True	-0.9430951486635274
TMEM81		False	-0.9430951486635274
ABCC6		False	-0.9430951486635274
CABYR	ENSG00000154040	True	-0.9430951486635274
TRMT2B	ENSG00000188917	True	-0.9430951486635274
DCAF15		False	-0.9430951486635274
UVSSA	ENSG00000163945	True	-0.9430951486635274
HFE	ENSG00000010704	True	-0.9430951486635274
PRICKLE2		False	-0.9430951486635274
DSTYK	ENSG00000133059	True	-0.9430951486635274
LRRC26	ENSG00000184709	True	-0.9430951486635274
NRAP	ENSG00000197893	True	-0.9469215565165803
ARL10	ENSG00000175414	True	-0.9469215565165803
SMIM3		False	-0.9469215565165803
DLX5	ENSG00000105880	True	-0.9469215565165803
SIMC1	ENSG00000170085	True	-0.9469215565165803
LNX2	ENSG00000139517	True	-0.9469215565165803
GAST	ENSG00000184502	True	-0.9469215565165803
NBPF26	ENSG00000273136	True	-0.9469215565165803
C16orf86	ENSG00000159761	True	-0.9469215565165803
GJB1	ENSG00000169562	True	-0.9469215565165803
KRTAP1-4		False	-0.9469215565165803
NUFIP1	ENSG00000083635	True	-0.9469215565165803
TRIM41	ENSG00000146063	True	-0.9469215565165803
DAPL1	ENSG00000163331	True	-0.9469215565165803
IFIT1B	ENSG00000204010	True	-0.9469215565165803
ARPP21	ENSG00000172995	True	-0.9469215565165803
SNX10	ENSG00000086300	True	-0.9469215565165803
SGO2	ENSG00000163535	True	-0.9469215565165803
SAGE1	ENSG00000181433	True	-0.9469215565165803
ENPP7	ENSG00000182156	True	-0.9507819773298184
ACVR1B	ENSG00000135503	True	-0.9507819773298184
KLHL26	ENSG00000167487	True	-0.9507819773298184
USP18	ENSG00000184979	True	-0.9507819773298184
ARHGEF9	ENSG00000131089	True	-0.9507819773298184
KCNIP4		False	-0.9507819773298184
LHX6	ENSG00000106852	True	-0.9507819773298184
TYW1	ENSG00000198874	True	-0.9507819773298184
SEZ6	ENSG00000063015	True	-0.9507819773298184
CAPN13	ENSG00000162949	True	-0.9507819773298184
TAS2R60	ENSG00000185899	True	-0.9507819773298184
CD302		False	-0.9507819773298184
SLC30A4		False	-0.9507819773298184
HCAR2	ENSG00000182782	True	-0.9507819773298184
MCTP1		False	-0.9507819773298184
ZSCAN10		False	-0.9507819773298184
BEX4	ENSG00000102409	True	-0.9507819773298184
ACBD4	ENSG00000181513	True	-0.9507819773298184
SCUBE1	ENSG00000159307	True	-0.9507819773298184
SEPTIN12		False	-0.9507819773298184
RNF216	ENSG00000011275	True	-0.9507819773298184
NAALADL2	ENSG00000177694	True	-0.9507819773298184
SFMBT1		False	-0.9507819773298184
TKTL2		False	-0.9546770212133425
CST8		False	-0.9546770212133425
TMEM251	ENSG00000153485	True	-0.9546770212133425
HOXB6		False	-0.9546770212133425
GK2	ENSG00000196475	True	-0.9546770212133425
FAM180A	ENSG00000189320	True	-0.9546770212133425
ABCA9	ENSG00000154258	True	-0.9546770212133425
THAP8	ENSG00000161277	True	-0.9546770212133425
ZNF320	ENSG00000182986	True	-0.9546770212133425
SPINT4	ENSG00000149651	True	-0.9546770212133425
ZNF43	ENSG00000198521	True	-0.9546770212133425
FAM122C		False	-0.9546770212133425
ALAS2		False	-0.9546770212133425
KDM8	ENSG00000155666	True	-0.9546770212133425
VNN2		False	-0.9546770212133425
ADORA2A	ENSG00000128271	True	-0.9546770212133425
PCGF3	ENSG00000185619	True	-0.9546770212133425
GBP7	ENSG00000213512	True	-0.958607314841775
LEFTY2	ENSG00000143768	True	-0.958607314841775
EFCAB7	ENSG00000203965	True	-0.958607314841775
KIAA0100		False	-0.958607314841775
MDM4	ENSG00000198625	True	-0.958607314841775
TIGD3		False	-0.958607314841775
FGF5		False	-0.958607314841775
LAPTM4B	ENSG00000104341	True	-0.958607314841775
OR51M1	ENSG00000184698	True	-0.958607314841775
OPN1MW2		False	-0.958607314841775
OPN1LW		False	-0.958607314841775
OPN1MW3		False	-0.958607314841775
OPN1MW		False	-0.958607314841775
EPHA5		False	-0.958607314841775
IGHV1-3		False	-0.958607314841775
MIOX	ENSG00000100253	True	-0.958607314841775
TRIM44	ENSG00000166326	True	-0.958607314841775
CTCFL	ENSG00000124092	True	-0.958607314841775
APBA3	ENSG00000011132	True	-0.958607314841775
FZD5	ENSG00000163251	True	-0.958607314841775
EPM2A		False	-0.958607314841775
REM1	ENSG00000088320	True	-0.9625735020593764
GJB2	ENSG00000165474	True	-0.9625735020593764
UPK3BL1	ENSG00000267368	True	-0.9625735020593764
UPK3BL2	ENSG00000284981	True	-0.9625735020593764
OR52N1	ENSG00000181001	True	-0.9625735020593764
TBX5	ENSG00000089225	True	-0.9625735020593764
ZNF716		False	-0.9625735020593764
N4BP2	ENSG00000078177	True	-0.9625735020593764
OTUD1	ENSG00000165312	True	-0.9625735020593764
CAMKMT		False	-0.9625735020593764
ZNF287	ENSG00000141040	True	-0.9625735020593764
RBM46		False	-0.9625735020593764
SMYD4	ENSG00000186532	True	-0.9625735020593764
SPRED2	ENSG00000198369	True	-0.9625735020593764
CACNG5	ENSG00000075429	True	-0.9625735020593764
MOV10L1	ENSG00000073146	True	-0.9625735020593764
LEPROTL1	ENSG00000104660	True	-0.9625735020593764
SYT12	ENSG00000173227	True	-0.9625735020593764
TLCD2	ENSG00000185561	True	-0.9625735020593764
USP49	ENSG00000164663	True	-0.9625735020593764
SNX20	ENSG00000167208	True	-0.9625735020593764
ZSCAN2	ENSG00000176371	True	-0.9625735020593764
NPR1		False	-0.9625735020593764
VCY1B	ENSG00000129862	True	-0.9625735020593764
VCY	ENSG00000129864	True	-0.9625735020593764
SOX12		False	-0.9625735020593764
NEDD9	ENSG00000111859	True	-0.9625735020593764
FRMD1	ENSG00000153303	True	-0.9665762445130504
SEMA6A	ENSG00000092421	True	-0.9665762445130504
BAIAP2L2	ENSG00000128298	True	-0.9665762445130504
OR5C1		False	-0.9665762445130504
TLR4	ENSG00000136869	True	-0.9665762445130504
TUBGCP5	ENSG00000275835	True	-0.9665762445130504
ZFP28	ENSG00000196867	True	-0.9665762445130504
KLHL25	ENSG00000183655	True	-0.9665762445130504
SIGLEC10	ENSG00000142512	True	-0.9665762445130504
ZNF784	ENSG00000179922	True	-0.9665762445130504
CRYBG3		False	-0.9665762445130504
TSGA10		False	-0.9665762445130504
BLZF1	ENSG00000117475	True	-0.9665762445130504
TMEM177	ENSG00000144120	True	-0.9665762445130504
ZNF521	ENSG00000198795	True	-0.9665762445130504
ZNF581	ENSG00000171425	True	-0.9665762445130504
SIAH2	ENSG00000181788	True	-0.9665762445130504
NKAIN4	ENSG00000101198	True	-0.9665762445130504
RAMP3		False	-0.9665762445130504
C2orf72	ENSG00000204128	True	-0.9665762445130504
IQCM		False	-0.9665762445130504
EVX2	ENSG00000174279	True	-0.9665762445130504
TDRD10		False	-0.9706162223147904
FPGT-TNNI3K		False	-0.9706162223147904
RNF208	ENSG00000212864	True	-0.9706162223147904
KRTAP9-1		False	-0.9706162223147904
AMER2	ENSG00000165566	True	-0.9706162223147904
TBX1		False	-0.9706162223147904
PLXNC1		False	-0.9706162223147904
JAKMIP2	ENSG00000176049	True	-0.9706162223147904
PKN3	ENSG00000160447	True	-0.9706162223147904
MYRIP		False	-0.9706162223147904
ZSCAN29	ENSG00000140265	True	-0.9706162223147904
FEZF2		False	-0.9706162223147904
LDB2	ENSG00000169744	True	-0.9706162223147904
SULT4A1	ENSG00000130540	True	-0.9706162223147904
OLAH	ENSG00000152463	True	-0.9706162223147904
CRY2	ENSG00000121671	True	-0.9706162223147904
FAM104B	ENSG00000182518	True	-0.9706162223147904
TMEM38A	ENSG00000072954	True	-0.9706162223147904
COL28A1	ENSG00000215018	True	-0.9706162223147904
ASAH2B	ENSG00000204147	True	-0.9746941347352298
ZMYM1		False	-0.9746941347352298
SCIMP	ENSG00000161929	True	-0.9746941347352298
ATXN3L	ENSG00000123594	True	-0.9746941347352298
IRX3		False	-0.9746941347352298
HIVEP1	ENSG00000095951	True	-0.9746941347352298
BEND5	ENSG00000162373	True	-0.9746941347352298
FAM217B	ENSG00000196227	True	-0.9746941347352298
TLR2		False	-0.9746941347352298
IER5	ENSG00000162783	True	-0.9746941347352298
ATP9B	ENSG00000166377	True	-0.9746941347352298
ANKRD33B	ENSG00000164236	True	-0.9746941347352298
C6orf141	ENSG00000197261	True	-0.9746941347352298
MEX3C	ENSG00000176624	True	-0.9746941347352298
SLC50A1	ENSG00000169241	True	-0.9746941347352298
GARNL3	ENSG00000136895	True	-0.9746941347352298
TNFSF11	ENSG00000120659	True	-0.9746941347352298
ST8SIA6	ENSG00000148488	True	-0.9746941347352298
ENSP00000398526		False	-0.9746941347352298
ZNF280D-2		False	-0.9746941347352298
SMAGP	ENSG00000170545	True	-0.9746941347352298
NDP		False	-0.9746941347352298
TCP11L2	ENSG00000166046	True	-0.978810700930062
DDN	ENSG00000181418	True	-0.978810700930062
FOXP2	ENSG00000128573	True	-0.978810700930062
INO80		False	-0.978810700930062
RNF149	ENSG00000163162	True	-0.978810700930062
DEPP1	ENSG00000165507	True	-0.978810700930062
ATP8B2	ENSG00000143515	True	-0.978810700930062
KBTBD6	ENSG00000165572	True	-0.978810700930062
CA9	ENSG00000107159	True	-0.978810700930062
CDR1		False	-0.978810700930062
NECAB2	ENSG00000103154	True	-0.978810700930062
OR6T1	ENSG00000181499	True	-0.978810700930062
ARMC2	ENSG00000118690	True	-0.978810700930062
DYRK3		False	-0.978810700930062
GRIN2B	ENSG00000273079	True	-0.978810700930062
M0QYG6_HUMAN		False	-0.978810700930062
GALNT5	ENSG00000136542	True	-0.978810700930062
WFDC11		False	-0.978810700930062
FAAH2		False	-0.978810700930062
MAGEA2B		False	-0.978810700930062
MAGEA2		False	-0.978810700930062
ZFYVE26	ENSG00000072121	True	-0.978810700930062
SEMA6C		False	-0.978810700930062
MYO7A	ENSG00000137474	True	-0.978810700930062
ZNF816-ZNF321P	ENSG00000221874	True	-0.9829666607012196
RASGRF2	ENSG00000113319	True	-0.9829666607012196
OR14J1		False	-0.9829666607012196
LMTK2	ENSG00000164715	True	-0.9829666607012196
WDR31	ENSG00000148225	True	-0.9829666607012196
ELL2		False	-0.9829666607012196
LINS1	ENSG00000140471	True	-0.9829666607012196
PAIP2B	ENSG00000124374	True	-0.9829666607012196
NEUROD1	ENSG00000162992	True	-0.9829666607012196
HYAL2	ENSG00000068001	True	-0.9829666607012196
CLDN34		False	-0.9829666607012196
TRIM15		False	-0.9829666607012196
ENSP00000480527		False	-0.9829666607012196
NATD1		False	-0.9829666607012196
TMEM163	ENSG00000152128	True	-0.9829666607012196
NEK2	ENSG00000117650	True	-0.9829666607012196
MPPED2		False	-0.9829666607012196
E2F7		False	-0.9829666607012196
SNAPC1		False	-0.9829666607012196
KITLG	ENSG00000049130	True	-0.9829666607012196
DMRTA2	ENSG00000142700	True	-0.9829666607012196
TLX3	ENSG00000164438	True	-0.9829666607012196
PHF13	ENSG00000116273	True	-0.9829666607012196
COQ2	ENSG00000173085	True	-0.9829666607012196
GCK	ENSG00000106633	True	-0.9829666607012196
CSRNP1		False	-0.9829666607012196
SPATA6		False	-0.9829666607012196
CHRNA6		False	-0.9829666607012196
PSORS1C2	ENSG00000204538	True	-0.9829666607012196
STARD8	ENSG00000130052	True	-0.9829666607012196
SLIT2	ENSG00000145147	True	-0.9829666607012196
C14orf93	ENSG00000100802	True	-0.9871627752948278
AMH		False	-0.9871627752948278
MAGEB4	ENSG00000120289	True	-0.9871627752948278
RTTN	ENSG00000176225	True	-0.9871627752948278
MEGF11		False	-0.9871627752948278
ODF3L1		False	-0.9871627752948278
CREBRF		False	-0.9871627752948278
NSD1	ENSG00000165671	True	-0.9871627752948278
RTL1	ENSG00000254656	True	-0.9871627752948278
TESMIN		False	-0.9871627752948278
ZNF528		False	-0.9871627752948278
FAM110D	ENSG00000197245	True	-0.9871627752948278
DDO	ENSG00000203797	True	-0.9871627752948278
SLC28A3	ENSG00000197506	True	-0.9871627752948278
RNF139	ENSG00000170881	True	-0.9871627752948278
ARID5A	ENSG00000196843	True	-0.9871627752948278
ZC3H12D	ENSG00000178199	True	-0.9871627752948278
FGF14		False	-0.9871627752948278
PLXNA2	ENSG00000076356	True	-0.9871627752948278
GML		False	-0.9871627752948278
ZNF491		False	-0.9871627752948278
PRR5L		False	-0.9871627752948278
CD300LF	ENSG00000186074	True	-0.9871627752948278
ZNF496		False	-0.9913998282380825
LRP1B	ENSG00000168702	True	-0.9913998282380825
SLC2A10	ENSG00000197496	True	-0.9913998282380825
ZNF84	ENSG00000198040	True	-0.9913998282380825
TMEM44	ENSG00000145014	True	-0.9913998282380825
FHDC1	ENSG00000137460	True	-0.9913998282380825
GGNBP2	ENSG00000278311	True	-0.9913998282380825
CHST15	ENSG00000182022	True	-0.9913998282380825
HAO2		False	-0.9913998282380825
MIIP	ENSG00000116691	True	-0.9913998282380825
S1PR5	ENSG00000180739	True	-0.9913998282380825
RNFT1		False	-0.9913998282380825
BACH2	ENSG00000112182	True	-0.9913998282380825
SKOR1	ENSG00000188779	True	-0.9913998282380825
NPFF		False	-0.9913998282380825
RNF222	ENSG00000189051	True	-0.9913998282380825
STK31	ENSG00000196335	True	-0.9913998282380825
FBXL13	ENSG00000161040	True	-0.9913998282380825
CARNS1	ENSG00000172508	True	-0.9913998282380825
ENPP3	ENSG00000154269	True	-0.9956786262173574
PCLO	ENSG00000186472	True	-0.9956786262173574
UTS2R		False	-0.9956786262173574
SLC35G2	ENSG00000168917	True	-0.9956786262173574
TMCO3	ENSG00000150403	True	-0.9956786262173574
MESP1		False	-0.9956786262173574
EPC2	ENSG00000135999	True	-0.9956786262173574
JAKMIP1	ENSG00000152969	True	-0.9956786262173574
MUTYH	ENSG00000132781	True	-0.9956786262173574
SBF2	ENSG00000133812	True	-0.9956786262173574
TTC16		False	-0.9956786262173574
C22orf42	ENSG00000205856	True	-0.9956786262173574
KIF25	ENSG00000125337	True	-0.9956786262173574
DMRTB1	ENSG00000143006	True	-0.9956786262173574
ZNF175	ENSG00000105497	True	-0.9956786262173574
SDHAF1		False	-0.9956786262173574
KBTBD3	ENSG00000182359	True	-0.9956786262173574
RETREG1		False	-0.9956786262173574
RNF10	ENSG00000022840	True	-0.9956786262173574
ZNF264		False	-0.9956786262173574
ARMC5	ENSG00000140691	True	-0.9956786262173574
NACAD	ENSG00000136274	True	-0.9956786262173574
TMEM143	ENSG00000161558	True	-0.9956786262173574
PLAAT2	ENSG00000133328	True	-1.0
OR56A3		False	-1.0
TTC32	ENSG00000183891	True	-1.0
VCPKMT	ENSG00000100483	True	-1.0
IPCEF1	ENSG00000074706	True	-1.0
CUL9	ENSG00000112659	True	-1.0
PCDH17	ENSG00000118946	True	-1.0
PNRC1	ENSG00000146278	True	-1.0
UNKL	ENSG00000059145	True	-1.0
SH2B3	ENSG00000111252	True	-1.0
MUC4	ENSG00000145113	True	-1.0
PRIMPOL	ENSG00000164306	True	-1.0
HIVEP2		False	-1.0
AMER3	ENSG00000178171	True	-1.0
ZNF280D	ENSG00000137871	True	-1.0
CD8B	ENSG00000172116	True	-1.0
LRRC18	ENSG00000165383	True	-1.0
DENND11	ENSG00000257093	True	-1.0
GINM1	ENSG00000055211	True	-1.0
SPACA9	ENSG00000165698	True	-1.0
CX3CL1	ENSG00000006210	True	-1.0
TTBK1	ENSG00000146216	True	-1.0
CES3	ENSG00000172828	True	-1.0
USP46	ENSG00000109189	True	-1.0
COX10	ENSG00000006695	True	-1.0
GUCY2D		False	-1.0
PRPH2	ENSG00000112619	True	-1.0
APH1B		False	-1.0
PXYLP1	ENSG00000155893	True	-1.0
TIRAP	ENSG00000150455	True	-1.0
LMF1		False	-1.0
GFRA4		False	-1.00436480540245
SCAPER	ENSG00000140386	True	-1.00436480540245
GLIPR1L2	ENSG00000180481	True	-1.00436480540245
CRY1	ENSG00000008405	True	-1.00436480540245
ANKRD12	ENSG00000101745	True	-1.00436480540245
GPRIN2	ENSG00000204175	True	-1.00436480540245
NPHP3	ENSG00000113971	True	-1.00436480540245
PYGO1	ENSG00000171016	True	-1.00436480540245
C19orf57		False	-1.00436480540245
MTFR2	ENSG00000146410	True	-1.00436480540245
ENTPD6	ENSG00000197586	True	-1.00436480540245
MANEA	ENSG00000172469	True	-1.00436480540245
GAD1	ENSG00000128683	True	-1.00436480540245
RGS2		False	-1.00436480540245
CCDC74B		False	-1.00436480540245
PLEKHD1	ENSG00000175985	True	-1.00436480540245
FOXG1		False	-1.00436480540245
RHOU	ENSG00000116574	True	-1.00436480540245
OLFML2B	ENSG00000162745	True	-1.00436480540245
CALR3	ENSG00000269058	True	-1.00436480540245
NOXA1	ENSG00000188747	True	-1.00436480540245
MCTP2	ENSG00000140563	True	-1.00436480540245
SMIM5	ENSG00000204323	True	-1.0087739243075051
CFAP77	ENSG00000188523	True	-1.0087739243075051
IL9R	ENSG00000124334	True	-1.0087739243075051
INSIG2	ENSG00000125629	True	-1.0087739243075051
TEX35	ENSG00000240021	True	-1.0087739243075051
TCEAL9	ENSG00000185222	True	-1.0087739243075051
APBA2	ENSG00000034053	True	-1.0087739243075051
STARD4	ENSG00000164211	True	-1.0087739243075051
ADCYAP1R1	ENSG00000078549	True	-1.0087739243075051
ARHGAP11B	ENSG00000285077	True	-1.0087739243075051
ARHGAP11B-2		False	-1.0087739243075051
DNA2	ENSG00000138346	True	-1.0087739243075051
ARL17A	ENSG00000185829	True	-1.0087739243075051
CFAP126	ENSG00000188931	True	-1.0087739243075051
NXPH4		False	-1.0087739243075051
RASSF3	ENSG00000153179	True	-1.0087739243075051
CDH4		False	-1.0087739243075051
PDE1C		False	-1.0087739243075051
ZMYND10		False	-1.0087739243075051
PXDC1		False	-1.0087739243075051
ENKD1	ENSG00000124074	True	-1.0087739243075051
TSLP		False	-1.0087739243075051
C3orf67		False	-1.0087739243075051
SOX14		False	-1.0087739243075051
TRAIP	ENSG00000183763	True	-1.0087739243075051
TMTC1	ENSG00000133687	True	-1.0087739243075051
SAXO2	ENSG00000188659	True	-1.0087739243075051
ESM1	ENSG00000164283	True	-1.0087739243075051
ZDHHC3	ENSG00000163812	True	-1.0087739243075051
SPAG8	ENSG00000137098	True	-1.0087739243075051
DEDD	ENSG00000158796	True	-1.0087739243075051
BBS7	ENSG00000138686	True	-1.0087739243075051
REX1BD	ENSG00000006015	True	-1.0132282657337552
CBLN1		False	-1.0132282657337552
SLCO2B1	ENSG00000137491	True	-1.0132282657337552
PRR19		False	-1.0132282657337552
C2CD4B	ENSG00000205502	True	-1.0132282657337552
ENSP00000500339		False	-1.0132282657337552
RIC1	ENSG00000107036	True	-1.0132282657337552
PTCD2	ENSG00000049883	True	-1.0132282657337552
SKIL	ENSG00000136603	True	-1.0132282657337552
BHLHE23	ENSG00000125533	True	-1.0132282657337552
ZNF676		False	-1.0132282657337552
C2orf68	ENSG00000168887	True	-1.0132282657337552
TMEM39A	ENSG00000176142	True	-1.0132282657337552
FBXL19		False	-1.0132282657337552
TCAIM		False	-1.0132282657337552
MTMR4		False	-1.0132282657337552
ADCY1	ENSG00000164742	True	-1.0132282657337552
ZC4H2	ENSG00000126970	True	-1.0132282657337552
TANGO6	ENSG00000103047	True	-1.0132282657337552
HOXA1		False	-1.0132282657337552
TMEM156		False	-1.0132282657337552
HELB		False	-1.0132282657337552
ARL17B	ENSG00000228696	True	-1.0132282657337552
TMEM94	ENSG00000177728	True	-1.0177287669604316
WDR53	ENSG00000185798	True	-1.0177287669604316
ZNF354C	ENSG00000177932	True	-1.0177287669604316
KIAA0753	ENSG00000198920	True	-1.0177287669604316
AGAP9	ENSG00000204172	True	-1.0177287669604316
FABP9	ENSG00000205186	True	-1.0177287669604316
STON1	ENSG00000243244	True	-1.0177287669604316
WNT16		False	-1.0177287669604316
KMT5C	ENSG00000133247	True	-1.0177287669604316
NDUFA4L2	ENSG00000185633	True	-1.0177287669604316
GRIN2A	ENSG00000183454	True	-1.0177287669604316
OR13D1		False	-1.0177287669604316
CHST2		False	-1.0177287669604316
SLC7A7	ENSG00000155465	True	-1.0177287669604316
INSM2	ENSG00000168348	True	-1.0177287669604316
WWC2	ENSG00000151718	True	-1.0177287669604316
S100PBP	ENSG00000116497	True	-1.0177287669604316
ATF4	ENSG00000128272	True	-1.0177287669604316
C1QTNF9B	ENSG00000205863	True	-1.0177287669604316
SLC39A12		False	-1.0177287669604316
RNF19A	ENSG00000034677	True	-1.0177287669604316
KCNE4	ENSG00000152049	True	-1.0177287669604316
SYCE3		False	-1.0177287669604316
USP27X		False	-1.0222763947111522
EGFLAM	ENSG00000164318	True	-1.0222763947111522
SNAPC3		False	-1.0222763947111522
PRKX	ENSG00000183943	True	-1.0222763947111522
SLC22A8	ENSG00000149452	True	-1.0222763947111522
SLC35F5	ENSG00000115084	True	-1.0222763947111522
LRRC17		False	-1.0222763947111522
CREB3L2	ENSG00000182158	True	-1.0222763947111522
LRRN4CL	ENSG00000177363	True	-1.0222763947111522
MTRF1	ENSG00000120662	True	-1.0222763947111522
TMEM151B	ENSG00000178233	True	-1.0222763947111522
TMEM184C	ENSG00000164168	True	-1.0222763947111522
TENT4A	ENSG00000112941	True	-1.0222763947111522
DOC2A		False	-1.0222763947111522
LSMEM1	ENSG00000181016	True	-1.0222763947111522
TBX4	ENSG00000121075	True	-1.0222763947111522
PLPP7	ENSG00000160539	True	-1.0222763947111522
TRAK1	ENSG00000182606	True	-1.0222763947111522
MGAM2	ENSG00000257743	True	-1.0222763947111522
TIAM1	ENSG00000156299	True	-1.0222763947111522
RECQL4	ENSG00000160957	True	-1.0222763947111522
MYF5		False	-1.0222763947111522
GAB3	ENSG00000160219	True	-1.0222763947111522
SIAH3	ENSG00000215475	True	-1.0222763947111522
CPLX3		False	-1.0222763947111522
FZD4	ENSG00000174804	True	-1.0222763947111522
PTPDC1	ENSG00000158079	True	-1.0222763947111522
OR2AE1	ENSG00000244623	True	-1.0222763947111522
TRIM63		False	-1.0268721464003014
IGIP	ENSG00000182700	True	-1.0268721464003014
ZNF556		False	-1.0268721464003014
MICB		False	-1.0268721464003014
ABCG1	ENSG00000160179	True	-1.0268721464003014
ADCK5	ENSG00000173137	True	-1.0268721464003014
MYOCD	ENSG00000141052	True	-1.0268721464003014
TRNP1		False	-1.0268721464003014
RNF130	ENSG00000113269	True	-1.0268721464003014
MSGN1		False	-1.0268721464003014
MCHR1		False	-1.0268721464003014
DALRD3	ENSG00000178149	True	-1.0268721464003014
KBTBD7	ENSG00000120696	True	-1.0268721464003014
CRPPA		False	-1.0268721464003014
CHP2	ENSG00000166869	True	-1.0268721464003014
FAM149A	ENSG00000109794	True	-1.0268721464003014
ENPP5	ENSG00000112796	True	-1.0268721464003014
SPHK1	ENSG00000176170	True	-1.0268721464003014
IL13RA2		False	-1.0268721464003014
SLC25A47		False	-1.0268721464003014
NRIP3	ENSG00000175352	True	-1.031517051446065
CENPS-CORT		False	-1.031517051446065
CCDC140		False	-1.031517051446065
CLEC7A		False	-1.031517051446065
FAM221A	ENSG00000188732	True	-1.031517051446065
GAREM1	ENSG00000141441	True	-1.031517051446065
GANC	ENSG00000214013	True	-1.031517051446065
IFNAR2		False	-1.031517051446065
HSPB9		False	-1.031517051446065
SLC25A14		False	-1.031517051446065
SLC52A2	ENSG00000185803	True	-1.031517051446065
KCTD6	ENSG00000168301	True	-1.031517051446065
ZCCHC4	ENSG00000168228	True	-1.031517051446065
ZBTB48	ENSG00000204859	True	-1.031517051446065
SLC22A17	ENSG00000092096	True	-1.031517051446065
SETD6	ENSG00000103037	True	-1.031517051446065
RAB11FIP4	ENSG00000131242	True	-1.031517051446065
RAX2	ENSG00000173976	True	-1.031517051446065
SLC5A10	ENSG00000154025	True	-1.031517051446065
ZNF345	ENSG00000251247	True	-1.031517051446065
LY6G6D	ENSG00000244355	True	-1.031517051446065
ZNF331		False	-1.031517051446065
INSM1		False	-1.031517051446065
ELK4	ENSG00000158711	True	-1.031517051446065
DEF8	ENSG00000140995	True	-1.031517051446065
SNURF		False	-1.031517051446065
TRDN	ENSG00000186439	True	-1.031517051446065
EGFL8	ENSG00000241404	True	-1.031517051446065
SESN2	ENSG00000130766	True	-1.031517051446065
NRG2	ENSG00000158458	True	-1.031517051446065
WDR60		False	-1.031517051446065
USP21	ENSG00000143258	True	-1.031517051446065
LCE3B		False	-1.031517051446065
GLB1L3	ENSG00000166105	True	-1.031517051446065
SUGCT	ENSG00000175600	True	-1.031517051446065
MCCD1		False	-1.0362121726544447
SNX14	ENSG00000135317	True	-1.0362121726544447
OR3A1		False	-1.0362121726544447
FER1L5		False	-1.0362121726544447
TOB1	ENSG00000141232	True	-1.0362121726544447
SREBF2	ENSG00000198911	True	-1.0362121726544447
FBXO5	ENSG00000112029	True	-1.0362121726544447
SZT2	ENSG00000198198	True	-1.0362121726544447
F2R	ENSG00000181104	True	-1.0362121726544447
TTC31	ENSG00000115282	True	-1.0362121726544447
ANKRD30A		False	-1.0362121726544447
ZBTB18	ENSG00000179456	True	-1.0362121726544447
CD80	ENSG00000121594	True	-1.0362121726544447
WNT2B		False	-1.0362121726544447
LEPR	ENSG00000116678	True	-1.0362121726544447
TAF1D	ENSG00000166012	True	-1.0362121726544447
CBLIF	ENSG00000134812	True	-1.0362121726544447
OR2T3		False	-1.0362121726544447
DMWD	ENSG00000185800	True	-1.0362121726544447
EYA1		False	-1.0362121726544447
SYCE1	ENSG00000171772	True	-1.0362121726544447
CCDC74A		False	-1.0362121726544447
NR1I3		False	-1.0362121726544447
SMPD3	ENSG00000103056	True	-1.0362121726544447
EPPIN-WFDC6	ENSG00000249139	True	-1.0362121726544447
NHS	ENSG00000188158	True	-1.0362121726544447
CCDC149	ENSG00000181982	True	-1.0409586076789064
SLC22A2	ENSG00000112499	True	-1.0409586076789064
DLGAP3	ENSG00000116544	True	-1.0409586076789064
ODF3B	ENSG00000177989	True	-1.0409586076789064
E2F3		False	-1.0409586076789064
SLC47A1	ENSG00000142494	True	-1.0409586076789064
USH1C	ENSG00000006611	True	-1.0409586076789064
CXorf49		False	-1.0409586076789064
CXorf49B		False	-1.0409586076789064
TCF23		False	-1.0409586076789064
ADRB1	ENSG00000043591	True	-1.0409586076789064
BCO2	ENSG00000197580	True	-1.0409586076789064
PAOX		False	-1.0409586076789064
PDCD1	ENSG00000188389	True	-1.0409586076789064
TATDN2	ENSG00000157014	True	-1.0409586076789064
FGF4	ENSG00000075388	True	-1.0409586076789064
GPR88		False	-1.0409586076789064
PRTG		False	-1.0409586076789064
OR1C1		False	-1.0409586076789064
INSL3	ENSG00000248099	True	-1.0409586076789064
TAF1C		False	-1.0409586076789064
GPR151		False	-1.0409586076789064
VIT		False	-1.0409586076789064
SLC9B1		False	-1.0409586076789064
VEPH1	ENSG00000197415	True	-1.0409586076789064
ZNF79	ENSG00000196152	True	-1.0409586076789064
CARD18	ENSG00000255501	True	-1.0409586076789064
RARG	ENSG00000172819	True	-1.0409586076789064
REXO1	ENSG00000079313	True	-1.0457574905606752
WDFY3	ENSG00000163625	True	-1.0457574905606752
ZNF620	ENSG00000177842	True	-1.0457574905606752
FRY	ENSG00000073910	True	-1.0457574905606752
TMIGD2	ENSG00000167664	True	-1.0457574905606752
ADCY3	ENSG00000138031	True	-1.0457574905606752
DNASE1L3	ENSG00000163687	True	-1.0457574905606752
MAPKBP1	ENSG00000137802	True	-1.0457574905606752
PLA2R1	ENSG00000153246	True	-1.0457574905606752
ZNF630	ENSG00000221994	True	-1.0457574905606752
IPPK	ENSG00000127080	True	-1.0457574905606752
ZBTB32	ENSG00000011590	True	-1.0457574905606752
C8orf34	ENSG00000165084	True	-1.0457574905606752
GPSM2	ENSG00000121957	True	-1.0457574905606752
GDF9	ENSG00000164404	True	-1.0457574905606752
MUC20		False	-1.0457574905606752
COLGALT2	ENSG00000198756	True	-1.0457574905606752
KRTAP5-3		False	-1.0457574905606752
MFSD5	ENSG00000182544	True	-1.0457574905606752
C1orf105		False	-1.0457574905606752
M0R2N6_HUMAN		False	-1.0457574905606752
MRPL36	ENSG00000171421	True	-1.0457574905606752
OR8D4		False	-1.0457574905606752
OR2G2		False	-1.0457574905606752
ERVW-1		False	-1.0457574905606752
SHLD2	ENSG00000122376	True	-1.0457574905606752
FOXF2		False	-1.0506099933550872
GPRASP2	ENSG00000158301	True	-1.0506099933550872
DUSP7	ENSG00000164086	True	-1.0506099933550872
HOXA7		False	-1.0506099933550872
TCTN3	ENSG00000119977	True	-1.0506099933550872
KIF7	ENSG00000166813	True	-1.0506099933550872
EXT1	ENSG00000182197	True	-1.0506099933550872
CHST10	ENSG00000115526	True	-1.0506099933550872
STOML1	ENSG00000067221	True	-1.0506099933550872
PILRB	ENSG00000121716	True	-1.0506099933550872
FAM47A	ENSG00000185448	True	-1.0506099933550872
UPK2	ENSG00000110375	True	-1.0506099933550872
TMEM45B	ENSG00000151715	True	-1.0506099933550872
SLC6A17	ENSG00000197106	True	-1.0506099933550872
MAGEF1	ENSG00000177383	True	-1.0506099933550872
PARD6A	ENSG00000102981	True	-1.0506099933550872
CABP2		False	-1.0506099933550872
JMJD4	ENSG00000081692	True	-1.0506099933550872
KCNQ2	ENSG00000075043	True	-1.0506099933550872
OR7G2		False	-1.0506099933550872
KLHL2		False	-1.0506099933550872
LAX1	ENSG00000122188	True	-1.0506099933550872
WNT10A	ENSG00000135925	True	-1.0506099933550872
ABCA3	ENSG00000167972	True	-1.0506099933550872
IFNA10	ENSG00000186803	True	-1.0555173278498313
SPOPL	ENSG00000144228	True	-1.0555173278498313
UPK1A	ENSG00000105668	True	-1.0555173278498313
UBXN8	ENSG00000104691	True	-1.0555173278498313
KIAA0895		False	-1.0555173278498313
EIF2AK1	ENSG00000086232	True	-1.0555173278498313
FAM162B	ENSG00000183807	True	-1.0555173278498313
CDC6	ENSG00000094804	True	-1.0555173278498313
ALK	ENSG00000171094	True	-1.0555173278498313
OTOF	ENSG00000115155	True	-1.0555173278498313
SIM1		False	-1.0555173278498313
PRR14L	ENSG00000183530	True	-1.0555173278498313
CKAP2L	ENSG00000169607	True	-1.0555173278498313
ZCCHC14		False	-1.0555173278498313
ZNF705E		False	-1.0555173278498313
CENPL	ENSG00000120334	True	-1.0555173278498313
TEX14	ENSG00000121101	True	-1.0555173278498313
GRIK2	ENSG00000164418	True	-1.0555173278498313
CDKL5	ENSG00000008086	True	-1.0555173278498313
WDPCP	ENSG00000143951	True	-1.0555173278498313
NUAK1		False	-1.0555173278498313
TBKBP1	ENSG00000198933	True	-1.0555173278498313
HHEX	ENSG00000152804	True	-1.0555173278498313
DQX1	ENSG00000144045	True	-1.0555173278498313
M1AP	ENSG00000159374	True	-1.0555173278498313
MACROD2	ENSG00000172264	True	-1.0555173278498313
SMIM10L2B		False	-1.0555173278498313
SMIM10L2A		False	-1.0555173278498313
HIF3A	ENSG00000124440	True	-1.0555173278498313
CEP112		False	-1.0555173278498313
IFT80	ENSG00000068885	True	-1.0555173278498313
ANKRD30BL		False	-1.0555173278498313
ZC3H6	ENSG00000188177	True	-1.0604807473813815
RIBC1		False	-1.0604807473813815
OR10J1		False	-1.0604807473813815
GXYLT2	ENSG00000172986	True	-1.0604807473813815
MYORG	ENSG00000164976	True	-1.0604807473813815
CYP2J2		False	-1.0604807473813815
TCTEX1D2		False	-1.0604807473813815
NAP1L2		False	-1.0604807473813815
SH2D5		False	-1.0604807473813815
NPRL2	ENSG00000114388	True	-1.0604807473813815
FRMD5		False	-1.0604807473813815
TRIM10	ENSG00000204613	True	-1.0604807473813815
PCDHGC3	ENSG00000240184	True	-1.0604807473813815
LHCGR	ENSG00000138039	True	-1.0604807473813815
ZNF365	ENSG00000138311	True	-1.0604807473813815
SULT1C3		False	-1.0604807473813815
S100A7L2		False	-1.0604807473813815
SPIRE2	ENSG00000204991	True	-1.0604807473813815
JHY	ENSG00000109944	True	-1.0604807473813815
RSPH4A	ENSG00000111834	True	-1.0604807473813815
NBEAL1	ENSG00000144426	True	-1.0604807473813815
ODF2L	ENSG00000122417	True	-1.0604807473813815
GPR157	ENSG00000180758	True	-1.0604807473813815
LHX3		False	-1.0604807473813815
VSX1		False	-1.0604807473813815
SPAG11A	ENSG00000178287	True	-1.0604807473813815
ZBTB46	ENSG00000130584	True	-1.0604807473813815
OR2M3		False	-1.0604807473813815
C10orf88	ENSG00000119965	True	-1.0604807473813815
CENPE	ENSG00000138778	True	-1.0604807473813815
SOWAHB	ENSG00000186212	True	-1.0604807473813815
CMTM1	ENSG00000089505	True	-1.0604807473813815
M0QX08_HUMAN		False	-1.0655015487564323
MFSD14A	ENSG00000156875	True	-1.0655015487564323
LBX1	ENSG00000138136	True	-1.0655015487564323
OSGIN2	ENSG00000164823	True	-1.0655015487564323
FOXN2	ENSG00000170802	True	-1.0655015487564323
PPP2R3C	ENSG00000092020	True	-1.0655015487564323
CCRL2	ENSG00000121797	True	-1.0655015487564323
SLC26A4	ENSG00000091137	True	-1.0655015487564323
KLHL18	ENSG00000114648	True	-1.0655015487564323
FEM1B	ENSG00000169018	True	-1.0655015487564323
PCSK4	ENSG00000115257	True	-1.0655015487564323
SLC25A27		False	-1.0655015487564323
DNAH8	ENSG00000124721	True	-1.0655015487564323
OLFM3		False	-1.0655015487564323
SLC30A3	ENSG00000115194	True	-1.0655015487564323
HPS1	ENSG00000107521	True	-1.0655015487564323
DSPP	ENSG00000152591	True	-1.0655015487564323
DUSP28	ENSG00000188542	True	-1.0655015487564323
RHOH	ENSG00000168421	True	-1.0655015487564323
IMPG2	ENSG00000081148	True	-1.0655015487564323
CYP7B1	ENSG00000172817	True	-1.0655015487564323
OR10K2	ENSG00000180708	True	-1.0655015487564323
FBXL17	ENSG00000145743	True	-1.0655015487564323
CNK3/IPCEF1		False	-1.0655015487564323
INHBB		False	-1.0655015487564323
ZNF417	ENSG00000173480	True	-1.0655015487564323
TRHR	ENSG00000174417	True	-1.0655015487564323
ABCB9	ENSG00000150967	True	-1.0655015487564323
ITGA8	ENSG00000077943	True	-1.0655015487564323
ZCCHC18	ENSG00000166707	True	-1.0655015487564323
CPA6		False	-1.0655015487564323
MBD6	ENSG00000166987	True	-1.0655015487564323
ZNF781		False	-1.0655015487564323
WDFY2		False	-1.0705810742857071
TMEM269		False	-1.0705810742857071
ST6GALNAC6	ENSG00000160408	True	-1.0705810742857071
ADORA1	ENSG00000163485	True	-1.0705810742857071
BSPH1	ENSG00000188334	True	-1.0705810742857071
GPR135	ENSG00000181619	True	-1.0705810742857071
MYOT	ENSG00000120729	True	-1.0705810742857071
TAS2R43		False	-1.0705810742857071
APPBP2	ENSG00000062725	True	-1.0705810742857071
DNALI1	ENSG00000163879	True	-1.0705810742857071
OR52N4		False	-1.0705810742857071
PTF1A		False	-1.0705810742857071
CLCN2	ENSG00000114859	True	-1.0705810742857071
UTY	ENSG00000183878	True	-1.0705810742857071
CCNG2	ENSG00000138764	True	-1.0705810742857071
GAS2L3	ENSG00000139354	True	-1.0705810742857071
FGF12		False	-1.0705810742857071
IFNA4	ENSG00000236637	True	-1.0705810742857071
FASTKD3	ENSG00000124279	True	-1.0705810742857071
CLIP4	ENSG00000115295	True	-1.0705810742857071
ACSM5	ENSG00000183549	True	-1.0705810742857071
NRL	ENSG00000129535	True	-1.0705810742857071
VSIG2	ENSG00000019102	True	-1.0705810742857071
BFAR		False	-1.0705810742857071
LURAP1	ENSG00000171357	True	-1.0705810742857071
CTRL	ENSG00000141086	True	-1.0705810742857071
OR2M4	ENSG00000171180	True	-1.0705810742857071
MSANTD3-TMEFF1		False	-1.0705810742857071
C12orf50		False	-1.0705810742857071
SCUBE3	ENSG00000146197	True	-1.0705810742857071
IL2	ENSG00000109471	True	-1.0705810742857071
SGK2	ENSG00000101049	True	-1.0705810742857071
ASH1L	ENSG00000116539	True	-1.0705810742857071
KRTAP4-1		False	-1.0705810742857071
PLCH2	ENSG00000149527	True	-1.0705810742857071
KLF15	ENSG00000163884	True	-1.0757207139381184
CHRM1	ENSG00000168539	True	-1.0757207139381184
TACR2		False	-1.0757207139381184
LARGE2	ENSG00000165905	True	-1.0757207139381184
TRAK2	ENSG00000115993	True	-1.0757207139381184
GALNT14		False	-1.0757207139381184
ELOVL2		False	-1.0757207139381184
ABCA1	ENSG00000165029	True	-1.0757207139381184
OR8K1	ENSG00000150261	True	-1.0757207139381184
SDK2		False	-1.0757207139381184
PTK6	ENSG00000101213	True	-1.0757207139381184
UPK3B	ENSG00000243566	True	-1.0757207139381184
ASXL1		False	-1.0757207139381184
DNAJC5G	ENSG00000163793	True	-1.0757207139381184
NAPEPLD	ENSG00000161048	True	-1.0757207139381184
LDLRAD1	ENSG00000203985	True	-1.0757207139381184
SLC2A4RG		False	-1.0757207139381184
TRIM37	ENSG00000108395	True	-1.0757207139381184
ASB13	ENSG00000196372	True	-1.0757207139381184
CNR1	ENSG00000118432	True	-1.0757207139381184
ZNF454	ENSG00000178187	True	-1.0757207139381184
EBF4		False	-1.0757207139381184
PRKG2	ENSG00000138669	True	-1.0757207139381184
S1PR3		False	-1.0757207139381184
TMIGD3		False	-1.0757207139381184
NEURL1	ENSG00000107954	True	-1.0757207139381184
LCORL	ENSG00000178177	True	-1.0757207139381184
FMR1NB	ENSG00000176988	True	-1.0757207139381184
ALG14	ENSG00000172339	True	-1.0757207139381184
ALX1	ENSG00000180318	True	-1.0757207139381184
TFEC	ENSG00000105967	True	-1.0757207139381184
SOX17	ENSG00000164736	True	-1.0757207139381184
CELF3	ENSG00000159409	True	-1.0757207139381184
FOXP3	ENSG00000049768	True	-1.0757207139381184
SPPL3	ENSG00000157837	True	-1.080921907623926
ASB1	ENSG00000065802	True	-1.080921907623926
GCNA	ENSG00000147174	True	-1.080921907623926
SENP2	ENSG00000163904	True	-1.080921907623926
ZNF701	ENSG00000167562	True	-1.080921907623926
TMEM98	ENSG00000006042	True	-1.080921907623926
CLEC2D	ENSG00000069493	True	-1.080921907623926
SLC25A28		False	-1.080921907623926
USP12	ENSG00000152484	True	-1.080921907623926
FABP12	ENSG00000197416	True	-1.080921907623926
THRSP	ENSG00000151365	True	-1.080921907623926
SLC29A3	ENSG00000198246	True	-1.080921907623926
PMCH	ENSG00000183395	True	-1.080921907623926
WNT6	ENSG00000115596	True	-1.080921907623926
E2F1	ENSG00000101412	True	-1.080921907623926
NEK11	ENSG00000114670	True	-1.080921907623926
NT5M	ENSG00000205309	True	-1.080921907623926
SFRP5		False	-1.080921907623926
LRATD1	ENSG00000162981	True	-1.080921907623926
CCDC36		False	-1.080921907623926
SMCO4	ENSG00000166002	True	-1.080921907623926
FAM86C1		False	-1.080921907623926
NR4A1	ENSG00000123358	True	-1.080921907623926
OR51A7	ENSG00000176895	True	-1.080921907623926
NKX2-5		False	-1.080921907623926
GPR78	ENSG00000155269	True	-1.080921907623926
PITX3		False	-1.080921907623926
PLXNA3		False	-1.080921907623926
SLC22A12	ENSG00000197891	True	-1.080921907623926
RARB	ENSG00000077092	True	-1.080921907623926
ARC		False	-1.080921907623926
RBM20	ENSG00000203867	True	-1.080921907623926
ZNF628	ENSG00000197483	True	-1.080921907623926
ZNF862	ENSG00000106479	True	-1.0861861476162833
MYBPC2	ENSG00000086967	True	-1.0861861476162833
SIGLEC7	ENSG00000168995	True	-1.0861861476162833
FRRS1L	ENSG00000260230	True	-1.0861861476162833
SMIM28		False	-1.0861861476162833
PURG	ENSG00000172733	True	-1.0861861476162833
FOXL1		False	-1.0861861476162833
BBOF1	ENSG00000119636	True	-1.0861861476162833
JMJD8		False	-1.0861861476162833
NETO1		False	-1.0861861476162833
CYB561D1	ENSG00000174151	True	-1.0861861476162833
TLNRD1		False	-1.0861861476162833
SLC25A21	ENSG00000183032	True	-1.0861861476162833
FAM229B		False	-1.0861861476162833
CSPG5	ENSG00000114646	True	-1.0861861476162833
PPP1R16A	ENSG00000160972	True	-1.0861861476162833
ZNF248	ENSG00000198105	True	-1.0861861476162833
NAALAD2	ENSG00000077616	True	-1.0861861476162833
WDR83OS	ENSG00000105583	True	-1.0861861476162833
MZF1	ENSG00000099326	True	-1.0861861476162833
CHSY1		False	-1.0861861476162833
NETO2	ENSG00000171208	True	-1.0861861476162833
ZBTB45	ENSG00000119574	True	-1.0861861476162833
NLRC4	ENSG00000091106	True	-1.0915149811213503
SCN3B		False	-1.0915149811213503
RAB7B		False	-1.0915149811213503
DBF4		False	-1.0915149811213503
PARM1	ENSG00000169116	True	-1.0915149811213503
FOXN3	ENSG00000053254	True	-1.0915149811213503
SLCO3A1	ENSG00000176463	True	-1.0915149811213503
TAS2R10		False	-1.0915149811213503
MAGEH1	ENSG00000187601	True	-1.0915149811213503
ZNF296	ENSG00000170684	True	-1.0915149811213503
OR5AR1		False	-1.0915149811213503
C1QTNF1	ENSG00000173918	True	-1.0915149811213503
HPS4	ENSG00000100099	True	-1.0915149811213503
CNBD2	ENSG00000149646	True	-1.0915149811213503
CENPO		False	-1.0915149811213503
MUL1		False	-1.0915149811213503
C10orf90	ENSG00000154493	True	-1.0915149811213503
HSF2	ENSG00000025156	True	-1.0915149811213503
PRDM4	ENSG00000110851	True	-1.0915149811213503
CEP152	ENSG00000103995	True	-1.0915149811213503
ANAPC11	ENSG00000141552	True	-1.0915149811213503
MYLK4	ENSG00000145949	True	-1.0915149811213503
MAGEA12		False	-1.0915149811213503
POLN		False	-1.0915149811213503
SLC22A4	ENSG00000197208	True	-1.0915149811213503
PDZD3	ENSG00000172367	True	-1.0915149811213503
ENTHD1	ENSG00000176177	True	-1.0915149811213503
PIGQ	ENSG00000007541	True	-1.0915149811213503
KCNA3	ENSG00000177272	True	-1.0915149811213503
CD24	ENSG00000272398	True	-1.0915149811213503
WNT5B		False	-1.0915149811213503
UBOX5	ENSG00000185019	True	-1.0915149811213503
CRLS1		False	-1.0915149811213503
TNIP3	ENSG00000050730	True	-1.0915149811213503
NREP	ENSG00000134986	True	-1.0969100130080565
RGP1	ENSG00000107185	True	-1.0969100130080565
PDE6A	ENSG00000132915	True	-1.0969100130080565
PADI1	ENSG00000142623	True	-1.0969100130080565
CHST8	ENSG00000124302	True	-1.0969100130080565
LYPD2		False	-1.0969100130080565
CCDC113	ENSG00000103021	True	-1.0969100130080565
VSX2	ENSG00000119614	True	-1.0969100130080565
FAM151B	ENSG00000152380	True	-1.0969100130080565
BTBD9	ENSG00000183826	True	-1.0969100130080565
DPF1	ENSG00000011332	True	-1.0969100130080565
ZNF732		False	-1.0969100130080565
MTERF2	ENSG00000120832	True	-1.0969100130080565
WBP2NL	ENSG00000183066	True	-1.0969100130080565
DMBX1		False	-1.0969100130080565
GOLGA8N		False	-1.0969100130080565
SLC22A25	ENSG00000196600	True	-1.0969100130080565
CMTM8	ENSG00000170293	True	-1.0969100130080565
FAM160A1		False	-1.0969100130080565
SLC36A4	ENSG00000180773	True	-1.0969100130080565
UNC13A		False	-1.0969100130080565
ZNF541	ENSG00000118156	True	-1.0969100130080565
OR6C4		False	-1.0969100130080565
ANKRD60	ENSG00000124227	True	-1.0969100130080565
ZFP90	ENSG00000184939	True	-1.0969100130080565
OR5M11		False	-1.0969100130080565
CALCRL	ENSG00000064989	True	-1.0969100130080565
CHST3	ENSG00000122863	True	-1.0969100130080565
ULBP3	ENSG00000131019	True	-1.0969100130080565
ADAD1		False	-1.0969100130080565
ELOVL7	ENSG00000164181	True	-1.0969100130080565
CACNA1A	ENSG00000141837	True	-1.0969100130080565
CDH7	ENSG00000081138	True	-1.1023729087095586
ZFP1	ENSG00000184517	True	-1.1023729087095586
SIGLEC8	ENSG00000105366	True	-1.1023729087095586
VAX1	ENSG00000148704	True	-1.1023729087095586
FAM83E	ENSG00000105523	True	-1.1023729087095586
ADGRF1	ENSG00000153292	True	-1.1023729087095586
VSIG1	ENSG00000101842	True	-1.1023729087095586
HOXA11	ENSG00000005073	True	-1.1023729087095586
MKRN3	ENSG00000179455	True	-1.1023729087095586
AJAP1		False	-1.1023729087095586
ATP6V0D2	ENSG00000147614	True	-1.1023729087095586
FRAT1	ENSG00000165879	True	-1.1023729087095586
SAMD3	ENSG00000164483	True	-1.1023729087095586
KRBA2	ENSG00000184619	True	-1.1023729087095586
ONECUT1	ENSG00000169856	True	-1.1023729087095586
CCDC138	ENSG00000163006	True	-1.1023729087095586
FGFBP3	ENSG00000174721	True	-1.1023729087095586
COL10A1		False	-1.1023729087095586
RBPJL	ENSG00000124232	True	-1.1023729087095586
DUSP16	ENSG00000111266	True	-1.1023729087095586
MAGED4B	ENSG00000187243	True	-1.1023729087095586
MAGED4	ENSG00000154545	True	-1.1023729087095586
RNASE11	ENSG00000173464	True	-1.1023729087095586
TSTD2	ENSG00000136925	True	-1.1023729087095586
ATG4D	ENSG00000130734	True	-1.1023729087095586
PITPNM2	ENSG00000090975	True	-1.1023729087095586
ZNF813	ENSG00000198346	True	-1.1023729087095586
DENND2C	ENSG00000175984	True	-1.1023729087095586
ANKRD35	ENSG00000198483	True	-1.1023729087095586
TMEM117	ENSG00000139173	True	-1.1023729087095586
RHBDL2	ENSG00000158315	True	-1.1023729087095586
SOX18		False	-1.1023729087095586
ATG16L2	ENSG00000168010	True	-1.1023729087095586
RASSF10		False	-1.1023729087095586
SLC25A23	ENSG00000125648	True	-1.1079053973095196
SATL1	ENSG00000184788	True	-1.1079053973095196
SPRN		False	-1.1079053973095196
STAB2	ENSG00000136011	True	-1.1079053973095196
TBXT	ENSG00000164458	True	-1.1079053973095196
DISC1		False	-1.1079053973095196
ANOS1		False	-1.1079053973095196
ATP6V1C2	ENSG00000143882	True	-1.1079053973095196
PIGF	ENSG00000151665	True	-1.1079053973095196
C1QL3		False	-1.1079053973095196
NTF4		False	-1.1079053973095196
NLGN3	ENSG00000196338	True	-1.1079053973095196
PHF20	ENSG00000025293	True	-1.1079053973095196
CALY	ENSG00000130643	True	-1.1079053973095196
CLEC12A	ENSG00000172322	True	-1.1079053973095196
PDE7A	ENSG00000205268	True	-1.1079053973095196
NEUROG1		False	-1.1079053973095196
B4GALT5		False	-1.1079053973095196
ALS2CL	ENSG00000178038	True	-1.1079053973095196
GSX2		False	-1.1079053973095196
ACTL10		False	-1.1079053973095196
OR13C9		False	-1.1079053973095196
NKX2-8	ENSG00000136327	True	-1.1079053973095196
OPN3	ENSG00000054277	True	-1.1079053973095196
SPATA17	ENSG00000162814	True	-1.1079053973095196
RASGRP4		False	-1.1079053973095196
EPB41L4A	ENSG00000129595	True	-1.1079053973095196
NTSR1		False	-1.1135092748275182
ZBTB47	ENSG00000114853	True	-1.1135092748275182
VWA7	ENSG00000204396	True	-1.1135092748275182
MAGEB6	ENSG00000176746	True	-1.1135092748275182
SKI	ENSG00000157933	True	-1.1135092748275182
RGL3	ENSG00000205517	True	-1.1135092748275182
GPR132	ENSG00000183484	True	-1.1135092748275182
SLC35G5		False	-1.1135092748275182
KCNN2	ENSG00000080709	True	-1.1135092748275182
DYDC2	ENSG00000133665	True	-1.1135092748275182
SNAPC2	ENSG00000104976	True	-1.1135092748275182
ZNF680		False	-1.1135092748275182
PHOX2B	ENSG00000109132	True	-1.1135092748275182
PITX2		False	-1.1135092748275182
SALL3	ENSG00000256463	True	-1.1135092748275182
ABCC11		False	-1.1135092748275182
RAB40B		False	-1.1135092748275182
PDZD7		False	-1.1135092748275182
C12orf65		False	-1.1135092748275182
DAZAP2		False	-1.1135092748275182
SLC38A3		False	-1.1135092748275182
MMP12		False	-1.1135092748275182
SORCS2		False	-1.1135092748275182
ARMC4		False	-1.1135092748275182
PRR23C	ENSG00000233701	True	-1.1135092748275182
GFOD2	ENSG00000141098	True	-1.1135092748275182
CYP2C18		False	-1.1135092748275182
USP31	ENSG00000103404	True	-1.1135092748275182
HIVEP3	ENSG00000127124	True	-1.1135092748275182
DOP1A	ENSG00000083097	True	-1.1135092748275182
AASDH	ENSG00000157426	True	-1.1135092748275182
C12orf54		False	-1.1135092748275182
ORAI2	ENSG00000160991	True	-1.1135092748275182
ABCA12		False	-1.1191864077192086
SERAC1	ENSG00000122335	True	-1.1191864077192086
DPY19L2	ENSG00000177990	True	-1.1191864077192086
C1orf210	ENSG00000253313	True	-1.1191864077192086
ACP7	ENSG00000183760	True	-1.1191864077192086
GRAMD1C	ENSG00000178075	True	-1.1191864077192086
SLC10A5	ENSG00000253598	True	-1.1191864077192086
HOXA4	ENSG00000197576	True	-1.1191864077192086
KCNE5		False	-1.1191864077192086
LRRC36	ENSG00000159708	True	-1.1191864077192086
MBTPS2	ENSG00000012174	True	-1.1191864077192086
UGCG	ENSG00000148154	True	-1.1191864077192086
KCNK2		False	-1.1191864077192086
COQ10A		False	-1.1191864077192086
GLT6D1	ENSG00000204007	True	-1.1191864077192086
HRH1	ENSG00000196639	True	-1.1191864077192086
AZIN2		False	-1.1191864077192086
PPM1M	ENSG00000164088	True	-1.1191864077192086
GNPTAB	ENSG00000111670	True	-1.1191864077192086
HSPBAP1	ENSG00000169087	True	-1.1191864077192086
RFX2	ENSG00000087903	True	-1.1191864077192086
FOXD1		False	-1.1191864077192086
TMEM181	ENSG00000146433	True	-1.1191864077192086
CEP290	ENSG00000198707	True	-1.1191864077192086
TET2	ENSG00000168769	True	-1.1191864077192086
BSND	ENSG00000162399	True	-1.1191864077192086
ZNF483		False	-1.1191864077192086
SC5D	ENSG00000109929	True	-1.1191864077192086
LRP2BP	ENSG00000109771	True	-1.1191864077192086
NKD1	ENSG00000140807	True	-1.1191864077192086
TMPRSS11F	ENSG00000198092	True	-1.1191864077192086
KCNK5	ENSG00000164626	True	-1.1191864077192086
GALNT18	ENSG00000110328	True	-1.1191864077192086
SPACA5B	ENSG00000171478	True	-1.1191864077192086
SPACA5	ENSG00000171489	True	-1.1191864077192086
ZNF888		False	-1.1249387366083
FAM166A	ENSG00000188163	True	-1.1249387366083
CRLF1	ENSG00000006016	True	-1.1249387366083
E2F2	ENSG00000007968	True	-1.1249387366083
FZD1	ENSG00000157240	True	-1.1249387366083
HSF2BP	ENSG00000160207	True	-1.1249387366083
GEM	ENSG00000164949	True	-1.1249387366083
LRRC73	ENSG00000204052	True	-1.1249387366083
P2RY10	ENSG00000078589	True	-1.1249387366083
PCDHB2	ENSG00000112852	True	-1.1249387366083
DCT	ENSG00000080166	True	-1.1249387366083
MUC16	ENSG00000181143	True	-1.1249387366083
BIRC3	ENSG00000023445	True	-1.1249387366083
CACNG6		False	-1.1249387366083
ZNF587B	ENSG00000269343	True	-1.1249387366083
SCRT2		False	-1.1249387366083
ZIM2		False	-1.1249387366083
RASL12		False	-1.1249387366083
BEX2	ENSG00000133134	True	-1.1249387366083
CPT1C	ENSG00000169169	True	-1.1249387366083
TTC12	ENSG00000149292	True	-1.1249387366083
ZNF582	ENSG00000018869	True	-1.1249387366083
C2CD4A		False	-1.1249387366083
FAM193B	ENSG00000146067	True	-1.1249387366083
TADA2A		False	-1.1249387366083
H0YCG3_HUMAN		False	-1.1249387366083
MYBPH	ENSG00000133055	True	-1.1249387366083
FASLG	ENSG00000117560	True	-1.1249387366083
COLQ		False	-1.1249387366083
WFDC3		False	-1.1249387366083
KIF18A	ENSG00000121621	True	-1.1249387366083
FRAT2	ENSG00000181274	True	-1.1249387366083
TMEM217-2		False	-1.1249387366083
CBX7	ENSG00000100307	True	-1.1249387366083
KCNK18	ENSG00000186795	True	-1.1249387366083
SLIT1		False	-1.1249387366083
SLC6A7	ENSG00000011083	True	-1.1249387366083
AGAP4	ENSG00000188234	True	-1.1249387366083
C9orf152	ENSG00000188959	True	-1.1249387366083
GOLGA8R		False	-1.1249387366083
RPS6KL1	ENSG00000198208	True	-1.1249387366083
KLHL20	ENSG00000076321	True	-1.1249387366083
SORCS3		False	-1.1249387366083
PDE4C-2		False	-1.1307682802690238
PDE4C	ENSG00000105650	True	-1.1307682802690238
ENKUR	ENSG00000151023	True	-1.1307682802690238
FLRT2		False	-1.1307682802690238
MFSD3	ENSG00000167700	True	-1.1307682802690238
C1QL4		False	-1.1307682802690238
EFHC1	ENSG00000096093	True	-1.1307682802690238
VASH2		False	-1.1307682802690238
SLC25A2	ENSG00000120329	True	-1.1307682802690238
NFKBIZ	ENSG00000144802	True	-1.1307682802690238
PIGN	ENSG00000197563	True	-1.1307682802690238
IKZF4	ENSG00000123411	True	-1.1307682802690238
A4GALT		False	-1.1307682802690238
NPAT		False	-1.1307682802690238
C10orf120		False	-1.1307682802690238
MAGEB3	ENSG00000198798	True	-1.1307682802690238
ZNF488		False	-1.1307682802690238
STRADB	ENSG00000082146	True	-1.1307682802690238
ID2		False	-1.1307682802690238
KCNG1	ENSG00000026559	True	-1.1307682802690238
TOB2	ENSG00000183864	True	-1.1307682802690238
ADRA2C	ENSG00000184160	True	-1.1307682802690238
C11orf95		False	-1.1307682802690238
EPG5	ENSG00000152223	True	-1.1307682802690238
TYW1B	ENSG00000277149	True	-1.1307682802690238
ZNF865	ENSG00000261221	True	-1.1307682802690238
ZNF14	ENSG00000105708	True	-1.1307682802690238
WBP1L	ENSG00000166272	True	-1.1307682802690238
AMPD1	ENSG00000116748	True	-1.1307682802690238
NCR3		False	-1.1307682802690238
CCDC191	ENSG00000163617	True	-1.1307682802690238
MCF2		False	-1.1307682802690238
IGSF21		False	-1.1307682802690238
SUCO	ENSG00000094975	True	-1.1307682802690238
CAMK2N1	ENSG00000162545	True	-1.1307682802690238
PEX10	ENSG00000157911	True	-1.1307682802690238
HOXB2		False	-1.1307682802690238
TAF1L	ENSG00000122728	True	-1.1307682802690238
ITPKA	ENSG00000137825	True	-1.1307682802690238
TMEM30B	ENSG00000182107	True	-1.1307682802690238
SPRED1	ENSG00000166068	True	-1.1307682802690238
ZNF607	ENSG00000198182	True	-1.1307682802690238
EPOP	ENSG00000273604	True	-1.1307682802690238
ZNF791	ENSG00000173875	True	-1.1307682802690238
INAVA	ENSG00000163362	True	-1.136677139879544
INPP5J		False	-1.136677139879544
KCTD20	ENSG00000112078	True	-1.136677139879544
LGALS12		False	-1.136677139879544
GPR21	ENSG00000188394	True	-1.136677139879544
SLC35G3		False	-1.136677139879544
ZNF7	ENSG00000147789	True	-1.136677139879544
ZDHHC14	ENSG00000175048	True	-1.136677139879544
HTR4	ENSG00000164270	True	-1.136677139879544
TACR3	ENSG00000169836	True	-1.136677139879544
EAF2	ENSG00000145088	True	-1.136677139879544
KLHL28		False	-1.136677139879544
BRIP1	ENSG00000136492	True	-1.136677139879544
KAT14	ENSG00000149474	True	-1.136677139879544
LRTOMT-2		False	-1.136677139879544
STON1-GTF2A1L	ENSG00000068781	True	-1.136677139879544
NAV3	ENSG00000067798	True	-1.136677139879544
ADAM11	ENSG00000073670	True	-1.136677139879544
FNDC11		False	-1.136677139879544
FREM2	ENSG00000150893	True	-1.136677139879544
ENSP00000457704		False	-1.136677139879544
GRM8	ENSG00000179603	True	-1.136677139879544
KLHL38	ENSG00000175946	True	-1.136677139879544
CEP162	ENSG00000135315	True	-1.136677139879544
POU3F3	ENSG00000198914	True	-1.136677139879544
C16orf82		False	-1.136677139879544
NEK10	ENSG00000163491	True	-1.136677139879544
AJM1	ENSG00000232434	True	-1.136677139879544
MMP16	ENSG00000156103	True	-1.1426675035687315
FBXW4	ENSG00000107829	True	-1.1426675035687315
OR2T34		False	-1.1426675035687315
HNF1A	ENSG00000135100	True	-1.1426675035687315
MFSD4A	ENSG00000174514	True	-1.1426675035687315
ANKRD13B	ENSG00000198720	True	-1.1426675035687315
CPSF4L	ENSG00000187959	True	-1.1426675035687315
GPR156	ENSG00000175697	True	-1.1426675035687315
TSNARE1	ENSG00000171045	True	-1.1426675035687315
RIMKLB		False	-1.1426675035687315
UGT2B28	ENSG00000135226	True	-1.1426675035687315
SLC25A51	ENSG00000122696	True	-1.1426675035687315
CENPI		False	-1.1426675035687315
PANX3		False	-1.1426675035687315
LIPG	ENSG00000101670	True	-1.1426675035687315
TGM5		False	-1.1426675035687315
CYP2U1	ENSG00000155016	True	-1.1426675035687315
TMEM120B	ENSG00000188735	True	-1.1426675035687315
OVOL2	ENSG00000125850	True	-1.1426675035687315
OR2K2	ENSG00000171133	True	-1.1426675035687315
ZNF845		False	-1.1426675035687315
OR2T4		False	-1.1426675035687315
GPR27	ENSG00000170837	True	-1.1426675035687315
PLCD4	ENSG00000115556	True	-1.1426675035687315
VGLL3	ENSG00000206538	True	-1.1426675035687315
ITIH6	ENSG00000102313	True	-1.1426675035687315
FAM214B		False	-1.1426675035687315
CHRNA5	ENSG00000169684	True	-1.1426675035687315
OR7A10		False	-1.1426675035687315
CAMK1G		False	-1.1426675035687315
ELFN1		False	-1.1426675035687315
WDR78		False	-1.1426675035687315
RALGDS	ENSG00000160271	True	-1.1426675035687315
GABRB3		False	-1.1426675035687315
BEND2	ENSG00000177324	True	-1.1426675035687315
PDE9A	ENSG00000160191	True	-1.1487416512809248
PER3	ENSG00000049246	True	-1.1487416512809248
FAM13B	ENSG00000031003	True	-1.1487416512809248
F2RL1	ENSG00000164251	True	-1.1487416512809248
WNT9B	ENSG00000158955	True	-1.1487416512809248
OR5T1	ENSG00000181698	True	-1.1487416512809248
LCE1D		False	-1.1487416512809248
TMEM175	ENSG00000127419	True	-1.1487416512809248
CDH8	ENSG00000150394	True	-1.1487416512809248
ZNF559	ENSG00000188321	True	-1.1487416512809248
MPP4		False	-1.1487416512809248
FEZ1	ENSG00000149557	True	-1.1487416512809248
TEX9	ENSG00000151575	True	-1.1487416512809248
C16orf54	ENSG00000185905	True	-1.1487416512809248
KIAA1109		False	-1.1487416512809248
EPHA6	ENSG00000080224	True	-1.1487416512809248
LRFN2	ENSG00000156564	True	-1.1487416512809248
SAMD7		False	-1.1487416512809248
ARHGEF39	ENSG00000137135	True	-1.1487416512809248
HR		False	-1.1487416512809248
UBE2U		False	-1.1487416512809248
INTS6L	ENSG00000165359	True	-1.1487416512809248
CYLC1	ENSG00000183035	True	-1.1487416512809248
FAM161A	ENSG00000170264	True	-1.1487416512809248
OTUD7A		False	-1.1487416512809248
HES4		False	-1.1487416512809248
LKAAEAR1		False	-1.1487416512809248
SMCO1		False	-1.1487416512809248
MOSPD1	ENSG00000101928	True	-1.1487416512809248
ASB7	ENSG00000183475	True	-1.1487416512809248
SLC35C1	ENSG00000181830	True	-1.1487416512809248
THUMPD2	ENSG00000138050	True	-1.1487416512809248
BARHL2		False	-1.1487416512809248
JRKL	ENSG00000183340	True	-1.1487416512809248
NCR3LG1	ENSG00000188211	True	-1.1487416512809248
HROB	ENSG00000125319	True	-1.1487416512809248
CYP4F12	ENSG00000186204	True	-1.1487416512809248
ZNF547	ENSG00000152433	True	-1.1487416512809248
ST3GAL5	ENSG00000115525	True	-1.1487416512809248
DLK2	ENSG00000171462	True	-1.1487416512809248
CAPN9	ENSG00000135773	True	-1.1487416512809248
TBC1D14	ENSG00000132405	True	-1.154901959985743
JMJD7-PLA2G4B	ENSG00000168970	True	-1.154901959985743
MCHR2		False	-1.154901959985743
REN	ENSG00000143839	True	-1.154901959985743
TSPAN18		False	-1.154901959985743
NOX4		False	-1.154901959985743
MAP3K12	ENSG00000139625	True	-1.154901959985743
CYS1		False	-1.154901959985743
CDC14B		False	-1.154901959985743
ZNF141		False	-1.154901959985743
TDO2	ENSG00000151790	True	-1.154901959985743
SH2B2	ENSG00000160999	True	-1.154901959985743
MCEMP1	ENSG00000183019	True	-1.154901959985743
CAPRIN2	ENSG00000110888	True	-1.154901959985743
ADCY10	ENSG00000143199	True	-1.154901959985743
CENPJ		False	-1.154901959985743
CHRNA3	ENSG00000080644	True	-1.154901959985743
MAP3K15		False	-1.154901959985743
GPR75		False	-1.154901959985743
IFNA2	ENSG00000188379	True	-1.154901959985743
CEMIP		False	-1.154901959985743
OR4A47	ENSG00000237388	True	-1.154901959985743
TIGD2	ENSG00000180346	True	-1.154901959985743
TRIML1		False	-1.154901959985743
TAC3	ENSG00000166863	True	-1.154901959985743
PIGH	ENSG00000100564	True	-1.154901959985743
GOLGA8Q		False	-1.154901959985743
CPLX4	ENSG00000166569	True	-1.154901959985743
WHAMM	ENSG00000156232	True	-1.154901959985743
SLC16A4	ENSG00000168679	True	-1.154901959985743
RITA1	ENSG00000139405	True	-1.154901959985743
OR4F6		False	-1.154901959985743
TENT5C	ENSG00000183508	True	-1.154901959985743
CYP4F22	ENSG00000171954	True	-1.154901959985743
LRP3		False	-1.154901959985743
CISH	ENSG00000114737	True	-1.154901959985743
JPH4		False	-1.154901959985743
SLC7A10	ENSG00000130876	True	-1.154901959985743
DNTT		False	-1.154901959985743
SPRTN	ENSG00000010072	True	-1.154901959985743
AXIN2	ENSG00000168646	True	-1.154901959985743
GLYATL3	ENSG00000203972	True	-1.154901959985743
FITM1	ENSG00000139914	True	-1.154901959985743
HPSE2	ENSG00000172987	True	-1.1611509092627446
CCR2	ENSG00000121807	True	-1.1611509092627446
B3GNT3	ENSG00000179913	True	-1.1611509092627446
TSPY1	ENSG00000258992	True	-1.1611509092627446
RIPPLY2	ENSG00000203877	True	-1.1611509092627446
ZNF33A	ENSG00000189180	True	-1.1611509092627446
SLCO1B1	ENSG00000134538	True	-1.1611509092627446
PPP1R15A	ENSG00000087074	True	-1.1611509092627446
CCDC146	ENSG00000135205	True	-1.1611509092627446
KCNIP3	ENSG00000115041	True	-1.1611509092627446
FAM171B	ENSG00000144369	True	-1.1611509092627446
WNT11	ENSG00000085741	True	-1.1611509092627446
AGBL2	ENSG00000165923	True	-1.1611509092627446
SLC22A7	ENSG00000137204	True	-1.1611509092627446
BHLHA15	ENSG00000180535	True	-1.1611509092627446
CCK	ENSG00000187094	True	-1.1611509092627446
NPY4R	ENSG00000204174	True	-1.1611509092627446
NPY4R2	ENSG00000264717	True	-1.1611509092627446
IL1R1	ENSG00000115594	True	-1.1611509092627446
KCNA6		False	-1.1611509092627446
MRO	ENSG00000134042	True	-1.1611509092627446
HS3ST3A1	ENSG00000153976	True	-1.1611509092627446
SLC48A1	ENSG00000211584	True	-1.1611509092627446
PRIMA1	ENSG00000175785	True	-1.1611509092627446
TMEM186	ENSG00000184857	True	-1.1611509092627446
B9D1	ENSG00000108641	True	-1.1611509092627446
ZNF132	ENSG00000131849	True	-1.1611509092627446
CAPN15	ENSG00000103326	True	-1.1611509092627446
ZNF20	ENSG00000132010	True	-1.1611509092627446
NPHP3-ACAD11		False	-1.1611509092627446
CREBZF	ENSG00000137504	True	-1.1611509092627446
ACAP3	ENSG00000131584	True	-1.1611509092627446
LRIG1	ENSG00000144749	True	-1.1611509092627446
OR6K2		False	-1.1611509092627446
PMFBP1	ENSG00000118557	True	-1.1611509092627446
MAST1	ENSG00000105613	True	-1.1611509092627446
DCAF4L1	ENSG00000182308	True	-1.1611509092627446
SP7	ENSG00000170374	True	-1.1611509092627446
ESPL1	ENSG00000135476	True	-1.1611509092627446
LY96		False	-1.1611509092627446
SLC13A4	ENSG00000164707	True	-1.1611509092627446
THAP6	ENSG00000174796	True	-1.1611509092627446
TNFRSF19		False	-1.1611509092627446
PRSS41		False	-1.1611509092627446
INPP5E	ENSG00000148384	True	-1.1611509092627446
TBX15	ENSG00000092607	True	-1.1611509092627446
SYT14		False	-1.1611509092627446
KRTAP13-3		False	-1.1674910872937636
NR0B1		False	-1.1674910872937636
CABCOCO1	ENSG00000183346	True	-1.1674910872937636
SOCS2	ENSG00000120833	True	-1.1674910872937636
BNC2	ENSG00000173068	True	-1.1674910872937636
B4GALNT1	ENSG00000135454	True	-1.1674910872937636
TAS2R30		False	-1.1674910872937636
ITGB1BP2		False	-1.1674910872937636
DENND5A	ENSG00000184014	True	-1.1674910872937636
NPAS2	ENSG00000170485	True	-1.1674910872937636
TSPY9P		False	-1.1674910872937636
PLEKHN1	ENSG00000187583	True	-1.1674910872937636
SPAG6	ENSG00000077327	True	-1.1674910872937636
MEF2B	ENSG00000213999	True	-1.1674910872937636
PHF7	ENSG00000010318	True	-1.1674910872937636
RFX4	ENSG00000111783	True	-1.1674910872937636
PPP1R26	ENSG00000196422	True	-1.1674910872937636
DLC1	ENSG00000164741	True	-1.1674910872937636
RASGRF1	ENSG00000058335	True	-1.1674910872937636
ATOH7	ENSG00000179774	True	-1.1674910872937636
OR4F21	ENSG00000176269	True	-1.1674910872937636
OR4F16	ENSG00000284662	True	-1.1674910872937636
OR4F3	ENSG00000230178	True	-1.1674910872937636
OR4F29	ENSG00000284733	True	-1.1674910872937636
MCM9	ENSG00000111877	True	-1.1674910872937636
TAF1A	ENSG00000143498	True	-1.1674910872937636
GSC2	ENSG00000063515	True	-1.1674910872937636
CALCR	ENSG00000004948	True	-1.1674910872937636
PLD5		False	-1.1674910872937636
SPATA45	ENSG00000185523	True	-1.1674910872937636
SLC5A5	ENSG00000105641	True	-1.1674910872937636
SCN2A	ENSG00000136531	True	-1.1674910872937636
KCTD13	ENSG00000174943	True	-1.1674910872937636
SPSB4		False	-1.1674910872937636
CCDC85B	ENSG00000175602	True	-1.1674910872937636
DEFB132	ENSG00000186458	True	-1.1674910872937636
NPB		False	-1.1674910872937636
CAPSL	ENSG00000152611	True	-1.1674910872937636
FGF3	ENSG00000186895	True	-1.1739251972991736
DACT1	ENSG00000165617	True	-1.1739251972991736
TEX45		False	-1.1739251972991736
SERTAD1		False	-1.1739251972991736
ASB12	ENSG00000198881	True	-1.1739251972991736
NPR3	ENSG00000113389	True	-1.1739251972991736
CEP76	ENSG00000101624	True	-1.1739251972991736
ABCA4	ENSG00000198691	True	-1.1739251972991736
KLHL3	ENSG00000146021	True	-1.1739251972991736
NEUROD2		False	-1.1739251972991736
MSMP	ENSG00000215183	True	-1.1739251972991736
MYT1	ENSG00000196132	True	-1.1739251972991736
RFNG	ENSG00000169733	True	-1.1739251972991736
HOXD9		False	-1.1739251972991736
SLC2A6	ENSG00000160326	True	-1.1739251972991736
CDX1	ENSG00000113722	True	-1.1739251972991736
ZNF391	ENSG00000124613	True	-1.1739251972991736
HAGHL	ENSG00000103253	True	-1.1739251972991736
KIAA1614	ENSG00000135835	True	-1.1739251972991736
JSRP1	ENSG00000167476	True	-1.1739251972991736
HEMK1	ENSG00000114735	True	-1.1739251972991736
PNMA8A	ENSG00000182013	True	-1.1739251972991736
UGT2A1	ENSG00000173610	True	-1.1739251972991736
TMEM106A		False	-1.1739251972991736
ENSP00000455145		False	-1.1739251972991736
MAGEE1	ENSG00000198934	True	-1.1739251972991736
NUAK2	ENSG00000163545	True	-1.1739251972991736
NDN		False	-1.1739251972991736
KRBA1	ENSG00000133619	True	-1.1739251972991736
ATAD5		False	-1.1739251972991736
ZNF777	ENSG00000196453	True	-1.1739251972991736
PLK4	ENSG00000142731	True	-1.1739251972991736
TLR3	ENSG00000164342	True	-1.1739251972991736
TAFA4		False	-1.1739251972991736
DND1		False	-1.1739251972991736
BRDT	ENSG00000137948	True	-1.1739251972991736
KIR3DL3		False	-1.1739251972991736
GLIPR1L1	ENSG00000173401	True	-1.1739251972991736
TTLL1	ENSG00000100271	True	-1.1804560644581312
OR13C3		False	-1.1804560644581312
OLFML2A	ENSG00000185585	True	-1.1804560644581312
IL7	ENSG00000104432	True	-1.1804560644581312
ZNF285	ENSG00000267508	True	-1.1804560644581312
PIH1D3		False	-1.1804560644581312
ZNF689	ENSG00000156853	True	-1.1804560644581312
MTMR11	ENSG00000014914	True	-1.1804560644581312
SLX4IP	ENSG00000149346	True	-1.1804560644581312
BARX2	ENSG00000043039	True	-1.1804560644581312
NR4A3	ENSG00000119508	True	-1.1804560644581312
ABCC12	ENSG00000140798	True	-1.1804560644581312
OR10C1	ENSG00000206474	True	-1.1804560644581312
TEKT3	ENSG00000125409	True	-1.1804560644581312
C1QTNF9	ENSG00000240654	True	-1.1804560644581312
TMC1		False	-1.1804560644581312
HES2	ENSG00000069812	True	-1.1804560644581312
DEFB126		False	-1.1804560644581312
ECEL1	ENSG00000171551	True	-1.1804560644581312
TIGD1	ENSG00000221944	True	-1.1804560644581312
ZNF18	ENSG00000154957	True	-1.1804560644581312
OR4D6		False	-1.1804560644581312
MSRB1	ENSG00000198736	True	-1.1804560644581312
IFNA17	ENSG00000234829	True	-1.1804560644581312
CDRT15L2		False	-1.1804560644581312
LHX8		False	-1.1804560644581312
TMEM190		False	-1.1804560644581312
TTLL13P		False	-1.1804560644581312
ZNF575	ENSG00000176472	True	-1.1804560644581312
ZNF576	ENSG00000124444	True	-1.1804560644581312
C16orf46	ENSG00000166455	True	-1.1804560644581312
ZNF814	ENSG00000204514	True	-1.1804560644581312
GRIP2		False	-1.1804560644581312
ZNF587	ENSG00000198466	True	-1.1804560644581312
BATF3		False	-1.1804560644581312
ZNF766	ENSG00000196214	True	-1.1804560644581312
KLHDC8A		False	-1.1804560644581312
ARIH2OS		False	-1.1804560644581312
FAM227B	ENSG00000166262	True	-1.1804560644581312
ST8SIA2	ENSG00000140557	True	-1.1804560644581312
NEB	ENSG00000183091	True	-1.1804560644581312
ZNF667	ENSG00000198046	True	-1.1804560644581312
ADGRG4	ENSG00000156920	True	-1.1870866433571443
SPATA2L	ENSG00000158792	True	-1.1870866433571443
PAX1		False	-1.1870866433571443
RASGEF1A	ENSG00000198915	True	-1.1870866433571443
LNX1	ENSG00000072201	True	-1.1870866433571443
NPS	ENSG00000214285	True	-1.1870866433571443
PLA2G4C	ENSG00000105499	True	-1.1870866433571443
HGF	ENSG00000019991	True	-1.1870866433571443
SLC6A20		False	-1.1870866433571443
MARCHF1	ENSG00000145416	True	-1.1870866433571443
LHX1	ENSG00000273706	True	-1.1870866433571443
AVPR2		False	-1.1870866433571443
DGCR6L		False	-1.1870866433571443
IL36A		False	-1.1870866433571443
PLCXD1	ENSG00000182378	True	-1.1870866433571443
NKX2-2	ENSG00000125820	True	-1.1870866433571443
ABCA6		False	-1.1870866433571443
ZNF551		False	-1.1870866433571443
TRIM74		False	-1.1870866433571443
RESF1	ENSG00000174718	True	-1.1870866433571443
ZNF100	ENSG00000197020	True	-1.1870866433571443
SLC6A4	ENSG00000108576	True	-1.1870866433571443
CCDC192		False	-1.1870866433571443
BBS4	ENSG00000140463	True	-1.1870866433571443
DDX60L	ENSG00000181381	True	-1.1870866433571443
TMEM219	ENSG00000149932	True	-1.1870866433571443
HEXD	ENSG00000169660	True	-1.1870866433571443
FOPNL		False	-1.1870866433571443
ADIPOR2	ENSG00000006831	True	-1.1870866433571443
MAML2	ENSG00000184384	True	-1.1870866433571443
SLC6A9	ENSG00000196517	True	-1.1870866433571443
CLIP3	ENSG00000105270	True	-1.1870866433571443
DOCK3	ENSG00000088538	True	-1.1870866433571443
LSM11	ENSG00000155858	True	-1.1870866433571443
KRTAP15-1		False	-1.1870866433571443
LUZP2	ENSG00000187398	True	-1.1870866433571443
SLC37A2	ENSG00000134955	True	-1.1870866433571443
DAZL	ENSG00000092345	True	-1.1870866433571443
LHX2		False	-1.1870866433571443
CELF4	ENSG00000101489	True	-1.1870866433571443
RSAD2	ENSG00000134321	True	-1.1870866433571443
FBN3	ENSG00000142449	True	-1.193820026016113
BMPR2	ENSG00000204217	True	-1.193820026016113
MICU3	ENSG00000155970	True	-1.193820026016113
TAS2R38	ENSG00000257138	True	-1.193820026016113
LRRC45	ENSG00000169683	True	-1.193820026016113
ZNF227	ENSG00000131115	True	-1.193820026016113
IL34		False	-1.193820026016113
RUSC2	ENSG00000198853	True	-1.193820026016113
ARL4D	ENSG00000175906	True	-1.193820026016113
DIPK1C	ENSG00000187773	True	-1.193820026016113
OVGP1	ENSG00000085465	True	-1.193820026016113
NELL1	ENSG00000165973	True	-1.193820026016113
ENAM		False	-1.193820026016113
NLGN2	ENSG00000169992	True	-1.193820026016113
ZNF449	ENSG00000173275	True	-1.193820026016113
IL10	ENSG00000136634	True	-1.193820026016113
SLC6A2	ENSG00000103546	True	-1.193820026016113
RNF157	ENSG00000141576	True	-1.193820026016113
ADNP2	ENSG00000101544	True	-1.193820026016113
SAMD11		False	-1.193820026016113
TMEM91	ENSG00000142046	True	-1.193820026016113
PIWIL1	ENSG00000125207	True	-1.193820026016113
CCN6		False	-1.193820026016113
H2AB1		False	-1.193820026016113
FANCB	ENSG00000181544	True	-1.193820026016113
IFNA5	ENSG00000147873	True	-1.193820026016113
LCN9	ENSG00000148386	True	-1.193820026016113
SCHIP1	ENSG00000151967	True	-1.193820026016113
ILDR1	ENSG00000145103	True	-1.193820026016113
TRIM73	ENSG00000178809	True	-1.193820026016113
ERFE		False	-1.193820026016113
XKRX		False	-1.193820026016113
GDF2	ENSG00000263761	True	-1.193820026016113
CCDC71	ENSG00000177352	True	-1.193820026016113
TMEM79	ENSG00000163472	True	-1.193820026016113
ZNF543		False	-1.193820026016113
IQCJ-SCHIP1	ENSG00000283154	True	-1.193820026016113
OR5D14		False	-1.193820026016113
WTIP		False	-1.193820026016113
GAS2L2	ENSG00000270765	True	-1.193820026016113
OR8D2		False	-1.193820026016113
ZNF181	ENSG00000197841	True	-1.193820026016113
BACE2	ENSG00000182240	True	-1.193820026016113
TRHDE		False	-1.193820026016113
FMN1	ENSG00000248905	True	-1.193820026016113
ENTPD8	ENSG00000188833	True	-1.193820026016113
GDPD2		False	-1.193820026016113
LHX9	ENSG00000143355	True	-1.2006594505464183
CEP57L1	ENSG00000183137	True	-1.2006594505464183
KDM4C		False	-1.2006594505464183
JAZF1	ENSG00000153814	True	-1.2006594505464183
AGAP5	ENSG00000172650	True	-1.2006594505464183
GPR158	ENSG00000151025	True	-1.2006594505464183
OR6N2	ENSG00000188340	True	-1.2006594505464183
ANKEF1	ENSG00000132623	True	-1.2006594505464183
FILIP1	ENSG00000118407	True	-1.2006594505464183
GABRA1	ENSG00000022355	True	-1.2006594505464183
ZNF16	ENSG00000170631	True	-1.2006594505464183
OR10W1		False	-1.2006594505464183
SLC5A1	ENSG00000100170	True	-1.2006594505464183
ANKRD34A	ENSG00000272031	True	-1.2006594505464183
ADAMTS10	ENSG00000142303	True	-1.2006594505464183
GATA5		False	-1.2006594505464183
PPP1R15B		False	-1.2006594505464183
C1orf162	ENSG00000143110	True	-1.2006594505464183
TNFRSF25		False	-1.2006594505464183
ZNF468		False	-1.2006594505464183
ZNF275	ENSG00000063587	True	-1.2006594505464183
ZNF771	ENSG00000179965	True	-1.2006594505464183
PHACTR3		False	-1.2006594505464183
RDM1	ENSG00000278023	True	-1.2006594505464183
ZSCAN5A	ENSG00000131848	True	-1.2006594505464183
HMX1		False	-1.2006594505464183
DLX6	ENSG00000006377	True	-1.2006594505464183
TRIM68	ENSG00000167333	True	-1.2006594505464183
ZNF273		False	-1.2006594505464183
XYLT2		False	-1.2006594505464183
ZDHHC8	ENSG00000099904	True	-1.2006594505464183
ANKRD42	ENSG00000137494	True	-1.2006594505464183
NFE2L3	ENSG00000050344	True	-1.2006594505464183
ZNF174	ENSG00000103343	True	-1.2006594505464183
SLC18A3		False	-1.2006594505464183
KLF9		False	-1.2006594505464183
H2AB2		False	-1.2006594505464183
H2AB3		False	-1.2006594505464183
CCDC185		False	-1.2006594505464183
GOLGA8O		False	-1.2006594505464183
ZNF765		False	-1.2006594505464183
IRX1	ENSG00000170549	True	-1.2006594505464183
CRHR2		False	-1.2006594505464183
ACSBG1	ENSG00000103740	True	-1.2006594505464183
FEM1C	ENSG00000145780	True	-1.2006594505464183
MCOLN1	ENSG00000090674	True	-1.2006594505464183
SLC25A52	ENSG00000141437	True	-1.2006594505464183
TMC6	ENSG00000141524	True	-1.2006594505464183
IGSF11	ENSG00000144847	True	-1.2006594505464183
SYT15	ENSG00000204176	True	-1.2006594505464183
NKPD1	ENSG00000179846	True	-1.2006594505464183
NLRC3		False	-1.2006594505464183
GRM7		False	-1.2006594505464183
TMEM184B	ENSG00000198792	True	-1.2006594505464183
EIF2AK3	ENSG00000172071	True	-1.207608310501746
SLCO1C1		False	-1.207608310501746
JAK2	ENSG00000096968	True	-1.207608310501746
ADAMTSL5		False	-1.207608310501746
SPTSSA		False	-1.207608310501746
ELFN2	ENSG00000166897	True	-1.207608310501746
FCRLB	ENSG00000162746	True	-1.207608310501746
OPN4	ENSG00000122375	True	-1.207608310501746
SLC4A3		False	-1.207608310501746
PROK2	ENSG00000163421	True	-1.207608310501746
GRK1	ENSG00000185974	True	-1.207608310501746
TENT5B		False	-1.207608310501746
MANEAL		False	-1.207608310501746
SHOX		False	-1.207608310501746
POMT1		False	-1.207608310501746
VWCE	ENSG00000167992	True	-1.207608310501746
ERICH6	ENSG00000163645	True	-1.207608310501746
GPR63	ENSG00000112218	True	-1.207608310501746
N4BP2L2	ENSG00000244754	True	-1.207608310501746
BMX	ENSG00000102010	True	-1.207608310501746
NANOS1	ENSG00000188613	True	-1.207608310501746
SLC1A1	ENSG00000106688	True	-1.207608310501746
C15orf41		False	-1.207608310501746
NLGN4X	ENSG00000146938	True	-1.207608310501746
THSD7A	ENSG00000005108	True	-1.207608310501746
M0R2Z0_HUMAN		False	-1.207608310501746
ZNF160	ENSG00000170949	True	-1.207608310501746
ZBED4	ENSG00000100426	True	-1.207608310501746
PDX1	ENSG00000139515	True	-1.207608310501746
SYTL5	ENSG00000147041	True	-1.207608310501746
PAQR6		False	-1.207608310501746
SLC2A8	ENSG00000136856	True	-1.207608310501746
GAL3ST1	ENSG00000128242	True	-1.207608310501746
ZBED5	ENSG00000236287	True	-1.207608310501746
SH3RF3	ENSG00000172985	True	-1.207608310501746
STAG3	ENSG00000066923	True	-1.207608310501746
CNKSR2		False	-1.207608310501746
HECTD2	ENSG00000165338	True	-1.207608310501746
KCNMB3	ENSG00000171121	True	-1.207608310501746
TLL2		False	-1.207608310501746
CCNJL	ENSG00000135083	True	-1.207608310501746
ADAD2	ENSG00000140955	True	-1.214670164989233
EREG		False	-1.214670164989233
BMP5		False	-1.214670164989233
MPHOSPH9	ENSG00000051825	True	-1.214670164989233
ZNF260	ENSG00000254004	True	-1.214670164989233
ZNF616	ENSG00000204611	True	-1.214670164989233
PPP1R32	ENSG00000162148	True	-1.214670164989233
NR1H3	ENSG00000025434	True	-1.214670164989233
GOLGA8B	ENSG00000215252	True	-1.214670164989233
GOLGA8A	ENSG00000175265	True	-1.214670164989233
PNPLA3	ENSG00000100344	True	-1.214670164989233
BACE1	ENSG00000186318	True	-1.214670164989233
LOC102724488		False	-1.214670164989233
CCDC62	ENSG00000130783	True	-1.214670164989233
CCDC151		False	-1.214670164989233
TXNDC11	ENSG00000153066	True	-1.214670164989233
SHF		False	-1.214670164989233
AWAT1	ENSG00000204195	True	-1.214670164989233
LRP12	ENSG00000147650	True	-1.214670164989233
PPP1R3G	ENSG00000219607	True	-1.214670164989233
PGAP1		False	-1.214670164989233
ALMS1	ENSG00000116127	True	-1.214670164989233
SMIM6	ENSG00000259120	True	-1.214670164989233
APEX2		False	-1.214670164989233
WNT3A		False	-1.214670164989233
AMIGO1	ENSG00000181754	True	-1.214670164989233
DEPDC1	ENSG00000024526	True	-1.214670164989233
IAPP	ENSG00000121351	True	-1.214670164989233
ZNF436	ENSG00000125945	True	-1.214670164989233
FOSB	ENSG00000125740	True	-1.214670164989233
CYP27C1		False	-1.214670164989233
SLC38A8		False	-1.214670164989233
UCN	ENSG00000163794	True	-1.214670164989233
SLC25A30		False	-1.214670164989233
PRND	ENSG00000171864	True	-1.214670164989233
DMTF1	ENSG00000135164	True	-1.214670164989233
RBAK		False	-1.214670164989233
TMEM129		False	-1.214670164989233
PRR30		False	-1.214670164989233
SIGLEC12		False	-1.214670164989233
KRTAP5-10		False	-1.214670164989233
TAF4B	ENSG00000141384	True	-1.214670164989233
ZNF419	ENSG00000105136	True	-1.214670164989233
PRR16	ENSG00000184838	True	-1.214670164989233
POU4F3	ENSG00000091010	True	-1.2218487496163564
RSRP1	ENSG00000117616	True	-1.2218487496163564
GK5	ENSG00000175066	True	-1.2218487496163564
FAM131A	ENSG00000175182	True	-1.2218487496163564
GUCY1A2	ENSG00000152402	True	-1.2218487496163564
TMPRSS9	ENSG00000178297	True	-1.2218487496163564
NCR1		False	-1.2218487496163564
ZNF467	ENSG00000181444	True	-1.2218487496163564
EFNB3	ENSG00000108947	True	-1.2218487496163564
MORC1	ENSG00000114487	True	-1.2218487496163564
IQCF1		False	-1.2218487496163564
SCMH1		False	-1.2218487496163564
FSCB	ENSG00000189139	True	-1.2218487496163564
HIPK2	ENSG00000064393	True	-1.2218487496163564
SHPRH	ENSG00000146414	True	-1.2218487496163564
CDKN3		False	-1.2218487496163564
SLC38A7	ENSG00000103042	True	-1.2218487496163564
TCHHL1	ENSG00000182898	True	-1.2218487496163564
NPPB		False	-1.2218487496163564
CASR	ENSG00000036828	True	-1.2218487496163564
NR5A2	ENSG00000116833	True	-1.2218487496163564
RAD52		False	-1.2218487496163564
NDNF		False	-1.2218487496163564
DACT2	ENSG00000164488	True	-1.2218487496163564
IFNA6	ENSG00000120235	True	-1.2218487496163564
ZNF136		False	-1.2218487496163564
COL21A1		False	-1.2218487496163564
SLC6A16		False	-1.2218487496163564
BBS10	ENSG00000179941	True	-1.2218487496163564
GIMAP2	ENSG00000106560	True	-1.2218487496163564
CYP2B6	ENSG00000197408	True	-1.2218487496163564
GUCD1		False	-1.2218487496163564
SCN10A		False	-1.2218487496163564
CCDC81		False	-1.2218487496163564
CPAMD8	ENSG00000160111	True	-1.2218487496163564
SLC5A9		False	-1.2218487496163564
ANKK1	ENSG00000170209	True	-1.2218487496163564
OR4C12		False	-1.2218487496163564
LNP1		False	-1.2218487496163564
PNMA6A	ENSG00000235961	True	-1.2218487496163564
SLC46A3	ENSG00000139508	True	-1.2218487496163564
KCNJ10	ENSG00000177807	True	-1.2218487496163564
RAG2		False	-1.2218487496163564
ZNF646	ENSG00000167395	True	-1.2291479883578558
C11orf74		False	-1.2291479883578558
TP53AIP1	ENSG00000120471	True	-1.2291479883578558
DCAF12	ENSG00000198876	True	-1.2291479883578558
MEGF6	ENSG00000162591	True	-1.2291479883578558
ZNF394	ENSG00000160908	True	-1.2291479883578558
ACOD1	ENSG00000102794	True	-1.2291479883578558
ADCY5	ENSG00000173175	True	-1.2291479883578558
KALRN	ENSG00000160145	True	-1.2291479883578558
GDF6	ENSG00000156466	True	-1.2291479883578558
BRCA2	ENSG00000139618	True	-1.2291479883578558
PHETA2	ENSG00000177096	True	-1.2291479883578558
CD1D	ENSG00000158473	True	-1.2291479883578558
ZBTB34	ENSG00000177125	True	-1.2291479883578558
ZC3H3	ENSG00000014164	True	-1.2291479883578558
ZBED3	ENSG00000132846	True	-1.2291479883578558
STIL		False	-1.2291479883578558
HLF		False	-1.2291479883578558
CD300E	ENSG00000186407	True	-1.2291479883578558
CACNG1		False	-1.2291479883578558
LY6G6C		False	-1.2291479883578558
GRID2IP		False	-1.2291479883578558
NRG3		False	-1.2291479883578558
GJD4	ENSG00000177291	True	-1.2291479883578558
GDPD4		False	-1.2291479883578558
BTG1		False	-1.2291479883578558
ZNF586	ENSG00000083828	True	-1.2291479883578558
TAS2R40		False	-1.2291479883578558
RNF44	ENSG00000146083	True	-1.2291479883578558
MKX	ENSG00000150051	True	-1.2291479883578558
APOLD1	ENSG00000178878	True	-1.2291479883578558
ZNF516	ENSG00000101493	True	-1.2291479883578558
AKAP6	ENSG00000151320	True	-1.2291479883578558
LGR6	ENSG00000133067	True	-1.2291479883578558
BEST4	ENSG00000142959	True	-1.2291479883578558
MYBL1	ENSG00000185697	True	-1.2291479883578558
RAB26		False	-1.2291479883578558
SLC17A6	ENSG00000091664	True	-1.2291479883578558
TPTE	ENSG00000274391	True	-1.2291479883578558
ZNF35	ENSG00000169981	True	-1.2291479883578558
R3HDML	ENSG00000101074	True	-1.2291479883578558
PKHD1L1	ENSG00000205038	True	-1.2291479883578558
MAS1	ENSG00000130368	True	-1.2291479883578558
ZNF212	ENSG00000170260	True	-1.2291479883578558
ZBTB37	ENSG00000185278	True	-1.2291479883578558
ZNF710	ENSG00000140548	True	-1.2291479883578558
GOLGA8F		False	-1.2291479883578558
FBXO41		False	-1.2291479883578558
FOXN4	ENSG00000139445	True	-1.2291479883578558
ENSP00000485074		False	-1.2291479883578558
IGFLR1	ENSG00000126246	True	-1.2291479883578558
C2CD3	ENSG00000168014	True	-1.2291479883578558
NTN1	ENSG00000065320	True	-1.2291479883578558
ZNF839	ENSG00000022976	True	-1.2291479883578558
PCDH9		False	-1.2365720064370627
KMT5B		False	-1.2365720064370627
SLC17A8		False	-1.2365720064370627
ADGRA2	ENSG00000020181	True	-1.2365720064370627
IYD	ENSG00000009765	True	-1.2365720064370627
UCN3	ENSG00000178473	True	-1.2365720064370627
ZNF835	ENSG00000127903	True	-1.2365720064370627
ZNF398		False	-1.2365720064370627
ZNF337	ENSG00000130684	True	-1.2365720064370627
HOXC5	ENSG00000172789	True	-1.2365720064370627
EPPIN	ENSG00000101448	True	-1.2365720064370627
CLDN14		False	-1.2365720064370627
KLHL35	ENSG00000149243	True	-1.2365720064370627
SLC9A8	ENSG00000197818	True	-1.2365720064370627
STIMATE-MUSTN1	ENSG00000248592	True	-1.2365720064370627
CDH20		False	-1.2365720064370627
KIFC2	ENSG00000167702	True	-1.2365720064370627
MARCHF6	ENSG00000145495	True	-1.2365720064370627
TMEM88	ENSG00000167874	True	-1.2365720064370627
TMEM18	ENSG00000151353	True	-1.2365720064370627
MTF1	ENSG00000188786	True	-1.2365720064370627
KCNK17	ENSG00000124780	True	-1.2365720064370627
GDPD5	ENSG00000158555	True	-1.2365720064370627
DZIP3	ENSG00000198919	True	-1.2365720064370627
EDNRA	ENSG00000151617	True	-1.2365720064370627
KPNA7	ENSG00000185467	True	-1.2365720064370627
SLC35B3	ENSG00000124786	True	-1.2365720064370627
YPEL2	ENSG00000175155	True	-1.2365720064370627
ABRA		False	-1.2365720064370627
SLCO1B3	ENSG00000111700	True	-1.2365720064370627
HOXC4		False	-1.2365720064370627
DPPA3		False	-1.2365720064370627
GABRG2		False	-1.2365720064370627
ZNF747	ENSG00000169955	True	-1.2365720064370627
FOXD4L4	ENSG00000184659	True	-1.2365720064370627
TBC1D8	ENSG00000204634	True	-1.2365720064370627
C1QTNF12	ENSG00000184163	True	-1.2365720064370627
MBD3L1	ENSG00000170948	True	-1.2365720064370627
LRRC19		False	-1.2365720064370627
FUT10	ENSG00000172728	True	-1.2365720064370627
ALOXE3	ENSG00000179148	True	-1.2365720064370627
CELA1		False	-1.2365720064370627
TSKS	ENSG00000126467	True	-1.2365720064370627
SLC39A4		False	-1.2365720064370627
CYSLTR1	ENSG00000173198	True	-1.2365720064370627
RNF26	ENSG00000173456	True	-1.2365720064370627
GRM3		False	-1.2365720064370627
NPSR1		False	-1.2365720064370627
KLHL15	ENSG00000174010	True	-1.2441251443275085
H1-7	ENSG00000187166	True	-1.2441251443275085
TAS1R2		False	-1.2441251443275085
PCED1A	ENSG00000132635	True	-1.2441251443275085
C3orf18	ENSG00000088543	True	-1.2441251443275085
KATNBL1	ENSG00000134152	True	-1.2441251443275085
SPATS1	ENSG00000249481	True	-1.2441251443275085
FAM71F2		False	-1.2441251443275085
KSR2	ENSG00000171435	True	-1.2441251443275085
PRKY		False	-1.2441251443275085
SMCO2	ENSG00000165935	True	-1.2441251443275085
GRM4	ENSG00000124493	True	-1.2441251443275085
CCN4	ENSG00000104415	True	-1.2441251443275085
OR4C3		False	-1.2441251443275085
ATP23	ENSG00000166896	True	-1.2441251443275085
NGB	ENSG00000165553	True	-1.2441251443275085
SYNDIG1L	ENSG00000183379	True	-1.2441251443275085
RAET1E		False	-1.2441251443275085
ZNF133	ENSG00000125846	True	-1.2441251443275085
ZSCAN16	ENSG00000196812	True	-1.2441251443275085
FGF11	ENSG00000161958	True	-1.2441251443275085
PSMB11	ENSG00000222028	True	-1.2441251443275085
FAM47B	ENSG00000189132	True	-1.2441251443275085
CLCN4	ENSG00000073464	True	-1.2441251443275085
KLHL21	ENSG00000162413	True	-1.2441251443275085
IQCF2		False	-1.2441251443275085
TMIGD1		False	-1.2441251443275085
ETNK2	ENSG00000143845	True	-1.2441251443275085
M0R082_HUMAN		False	-1.2441251443275085
ETV1		False	-1.2441251443275085
SOCS4	ENSG00000180008	True	-1.2441251443275085
ZNF432	ENSG00000256087	True	-1.2441251443275085
ZNF610	ENSG00000167554	True	-1.2441251443275085
CCDC38		False	-1.2441251443275085
GPR61	ENSG00000156097	True	-1.2441251443275085
ZBTB26	ENSG00000171448	True	-1.2441251443275085
LOC402624		False	-1.2441251443275085
OR52L1		False	-1.2441251443275085
ACVR1C	ENSG00000123612	True	-1.2441251443275085
ITGA10		False	-1.2441251443275085
SLC7A14	ENSG00000013293	True	-1.2441251443275085
TCFL5	ENSG00000101190	True	-1.2441251443275085
PIFO		False	-1.2441251443275085
CNGA3	ENSG00000144191	True	-1.2441251443275085
ZNF266	ENSG00000174652	True	-1.2441251443275085
RPA4	ENSG00000204086	True	-1.2441251443275085
HINFP	ENSG00000172273	True	-1.2441251443275085
LRRC39	ENSG00000122477	True	-1.2441251443275085
SLC15A1	ENSG00000088386	True	-1.2441251443275085
ZKSCAN5	ENSG00000196652	True	-1.2441251443275085
ZSWIM9	ENSG00000185453	True	-1.2441251443275085
USP29	ENSG00000131864	True	-1.2441251443275085
AMN	ENSG00000166126	True	-1.2441251443275085
MNX1		False	-1.2441251443275085
OXER1	ENSG00000162881	True	-1.2441251443275085
PSD2		False	-1.2441251443275085
FEZF1	ENSG00000128610	True	-1.2518119729937995
GOLGA8G		False	-1.2518119729937995
OR2M7		False	-1.2518119729937995
MAGEB18	ENSG00000176774	True	-1.2518119729937995
F8W1H4_HUMAN		False	-1.2518119729937995
MAGEB16	ENSG00000189023	True	-1.2518119729937995
ATP6V0E1		False	-1.2518119729937995
FBXL3		False	-1.2518119729937995
LY6G5C	ENSG00000204428	True	-1.2518119729937995
ZNF19	ENSG00000157429	True	-1.2518119729937995
CREBL2	ENSG00000111269	True	-1.2518119729937995
CKLF-CMTM1	ENSG00000254788	True	-1.2518119729937995
ESCO1	ENSG00000141446	True	-1.2518119729937995
SPATA32	ENSG00000184361	True	-1.2518119729937995
HOXA6	ENSG00000106006	True	-1.2518119729937995
NKAPL		False	-1.2518119729937995
TMEM151A	ENSG00000179292	True	-1.2518119729937995
ZNF324	ENSG00000083812	True	-1.2518119729937995
FAM71C		False	-1.2518119729937995
SH3RF2	ENSG00000156463	True	-1.2518119729937995
TIGD6	ENSG00000164296	True	-1.2518119729937995
CSF2		False	-1.2518119729937995
C1orf112	ENSG00000000460	True	-1.2518119729937995
PTPRU	ENSG00000060656	True	-1.2518119729937995
IGSF5	ENSG00000183067	True	-1.2518119729937995
TRMT9B	ENSG00000250305	True	-1.2518119729937995
TMEM158	ENSG00000249992	True	-1.2518119729937995
IMMP1L	ENSG00000148950	True	-1.2518119729937995
TEX44	ENSG00000177673	True	-1.2518119729937995
P2RY2	ENSG00000175591	True	-1.2518119729937995
COX18	ENSG00000163626	True	-1.2518119729937995
ZNF85	ENSG00000105750	True	-1.2518119729937995
MUC15	ENSG00000169550	True	-1.2518119729937995
KIAA0232	ENSG00000170871	True	-1.2518119729937995
AK8	ENSG00000165695	True	-1.2518119729937995
PSKH2	ENSG00000147613	True	-1.2518119729937995
ACTL7A	ENSG00000187003	True	-1.2518119729937995
CWH43	ENSG00000109182	True	-1.2518119729937995
ZNF101	ENSG00000181896	True	-1.2518119729937995
MAMDC4		False	-1.2518119729937995
HCRTR2	ENSG00000137252	True	-1.2518119729937995
TNFRSF9		False	-1.2518119729937995
FOXJ1	ENSG00000129654	True	-1.2518119729937995
ZNF709	ENSG00000242852	True	-1.2518119729937995
ENSP00000404127		False	-1.2518119729937995
OTUD6A	ENSG00000189401	True	-1.2518119729937995
POU3F4		False	-1.2518119729937995
TMEM42	ENSG00000169964	True	-1.2518119729937995
RIPK4	ENSG00000183421	True	-1.2518119729937995
ONECUT3		False	-1.2518119729937995
ZNF875	ENSG00000181666	True	-1.2518119729937995
KRTAP5-5		False	-1.2518119729937995
CXCR5	ENSG00000160683	True	-1.2518119729937995
CCNG1	ENSG00000113328	True	-1.2518119729937995
NR1D1	ENSG00000126368	True	-1.2518119729937995
TMEM268	ENSG00000157693	True	-1.2518119729937995
OR13H1		False	-1.2518119729937995
PDE7B	ENSG00000171408	True	-1.2518119729937995
FOXD4L6	ENSG00000273514	True	-1.2518119729937995
FKRP	ENSG00000181027	True	-1.2518119729937995
XCL2	ENSG00000143185	True	-1.2596373105057561
PSENEN	ENSG00000205155	True	-1.2596373105057561
PIGP	ENSG00000185808	True	-1.2596373105057561
NDST1	ENSG00000070614	True	-1.2596373105057561
DDX43	ENSG00000080007	True	-1.2596373105057561
LCA5	ENSG00000135338	True	-1.2596373105057561
ZNF729		False	-1.2596373105057561
CYP2F1		False	-1.2596373105057561
C4orf17	ENSG00000138813	True	-1.2596373105057561
GALNT16	ENSG00000100626	True	-1.2596373105057561
LURAP1L	ENSG00000153714	True	-1.2596373105057561
BTNL3		False	-1.2596373105057561
CDH23	ENSG00000107736	True	-1.2596373105057561
CDX4	ENSG00000131264	True	-1.2596373105057561
ANKRD18B	ENSG00000230453	True	-1.2596373105057561
MIPOL1	ENSG00000151338	True	-1.2596373105057561
KCNA1	ENSG00000111262	True	-1.2596373105057561
MAEL	ENSG00000143194	True	-1.2596373105057561
ADGRL4	ENSG00000162618	True	-1.2596373105057561
FXYD5	ENSG00000089327	True	-1.2596373105057561
BDP1		False	-1.2596373105057561
PDE8B-2		False	-1.2596373105057561
NIPAL3	ENSG00000001461	True	-1.2596373105057561
STK36	ENSG00000163482	True	-1.2596373105057561
IP6K2	ENSG00000068745	True	-1.2596373105057561
ZNF418	ENSG00000196724	True	-1.2596373105057561
KCNV2	ENSG00000168263	True	-1.2596373105057561
TMEM200C	ENSG00000206432	True	-1.2596373105057561
ZNF674	ENSG00000251192	True	-1.2596373105057561
SNX22		False	-1.2596373105057561
MAGEB5	ENSG00000188408	True	-1.2596373105057561
TSSK1B	ENSG00000212122	True	-1.2596373105057561
PDE6B	ENSG00000133256	True	-1.2596373105057561
XYLT1	ENSG00000103489	True	-1.2596373105057561
ZNF28		False	-1.2596373105057561
POU6F2		False	-1.2596373105057561
SOBP	ENSG00000112320	True	-1.2596373105057561
MEIG1		False	-1.2596373105057561
DPP10	ENSG00000175497	True	-1.2596373105057561
CNTN6	ENSG00000134115	True	-1.2596373105057561
KLRK1	ENSG00000213809	True	-1.2596373105057561
RNF32	ENSG00000105982	True	-1.2596373105057561
IFNA21	ENSG00000137080	True	-1.2596373105057561
ADCY9	ENSG00000162104	True	-1.2596373105057561
PDPN	ENSG00000162493	True	-1.2596373105057561
CEP85L	ENSG00000111860	True	-1.2596373105057561
ANTKMT	ENSG00000103254	True	-1.2596373105057561
C1QL1		False	-1.2596373105057561
ABCC10	ENSG00000124574	True	-1.2596373105057561
SYT11	ENSG00000132718	True	-1.2596373105057561
NOTO	ENSG00000214513	True	-1.2596373105057561
LMX1A		False	-1.2676062401770316
RFWD3	ENSG00000168411	True	-1.2676062401770316
LRRC66	ENSG00000188993	True	-1.2676062401770316
RNF17	ENSG00000132972	True	-1.2676062401770316
CALHM6		False	-1.2676062401770316
ZNF660	ENSG00000144792	True	-1.2676062401770316
DPF3	ENSG00000205683	True	-1.2676062401770316
PCDH8	ENSG00000136099	True	-1.2676062401770316
OR10A7	ENSG00000179919	True	-1.2676062401770316
FSTL4	ENSG00000053108	True	-1.2676062401770316
MCM8-2		False	-1.2676062401770316
ENSP00000493691		False	-1.2676062401770316
TRIM31	ENSG00000204616	True	-1.2676062401770316
DMRTC1B	ENSG00000184911	True	-1.2676062401770316
DMRTC1	ENSG00000269502	True	-1.2676062401770316
FOXD4L5	ENSG00000204779	True	-1.2676062401770316
TSGA13	ENSG00000213265	True	-1.2676062401770316
CCDC181	ENSG00000117477	True	-1.2676062401770316
AXDND1	ENSG00000162779	True	-1.2676062401770316
LCN10	ENSG00000187922	True	-1.2676062401770316
GOLGA6A	ENSG00000159289	True	-1.2676062401770316
PIGL	ENSG00000108474	True	-1.2676062401770316
OR8J3		False	-1.2676062401770316
OR9G1		False	-1.2676062401770316
CGA	ENSG00000135346	True	-1.2676062401770316
ZNF525		False	-1.2676062401770316
DCLRE1A	ENSG00000198924	True	-1.2676062401770316
DIXDC1	ENSG00000150764	True	-1.2676062401770316
SDK1	ENSG00000146555	True	-1.2676062401770316
IL12A	ENSG00000168811	True	-1.2676062401770316
OR6C76		False	-1.2676062401770316
SLC41A2	ENSG00000136052	True	-1.2676062401770316
NFE2	ENSG00000123405	True	-1.2676062401770316
CRIP3	ENSG00000146215	True	-1.2676062401770316
UBL4B	ENSG00000186150	True	-1.2676062401770316
IQCK	ENSG00000174628	True	-1.2676062401770316
OTUD3	ENSG00000169914	True	-1.2676062401770316
ZNF627	ENSG00000198551	True	-1.2676062401770316
SNCAIP	ENSG00000064692	True	-1.2676062401770316
BMP6	ENSG00000153162	True	-1.2676062401770316
OR5H1		False	-1.2676062401770316
SLFN12L	ENSG00000205045	True	-1.2676062401770316
ZBTB41	ENSG00000177888	True	-1.2676062401770316
NPR2		False	-1.2676062401770316
ACCS	ENSG00000110455	True	-1.2676062401770316
SIX1	ENSG00000126778	True	-1.2676062401770316
C5orf52		False	-1.2676062401770316
BTBD3	ENSG00000132640	True	-1.2676062401770316
PSTK	ENSG00000179988	True	-1.2676062401770316
NKAIN2		False	-1.2676062401770316
PLPPR1	ENSG00000148123	True	-1.2676062401770316
SLC15A2		False	-1.2676062401770316
GABRP	ENSG00000094755	True	-1.2676062401770316
FUT4	ENSG00000196371	True	-1.2676062401770316
MKS1	ENSG00000011143	True	-1.275724130399211
TMEM138	ENSG00000149483	True	-1.275724130399211
TAF11L2		False	-1.275724130399211
IFNA8	ENSG00000120242	True	-1.275724130399211
THAP2	ENSG00000173451	True	-1.275724130399211
FAM13C	ENSG00000148541	True	-1.275724130399211
TBX22		False	-1.275724130399211
CCNQ	ENSG00000262919	True	-1.275724130399211
STH		False	-1.275724130399211
ABHD8	ENSG00000127220	True	-1.275724130399211
LIPC		False	-1.275724130399211
ZCCHC13	ENSG00000187969	True	-1.275724130399211
GPR85		False	-1.275724130399211
KIAA1958	ENSG00000165185	True	-1.275724130399211
CASP8AP2		False	-1.275724130399211
LRRCC1	ENSG00000133739	True	-1.275724130399211
IER2		False	-1.275724130399211
CUX2		False	-1.275724130399211
BTG4		False	-1.275724130399211
TAAR9		False	-1.275724130399211
ATRNL1		False	-1.275724130399211
TREML4	ENSG00000188056	True	-1.275724130399211
MIGA1	ENSG00000180488	True	-1.275724130399211
FAM169B		False	-1.275724130399211
LHX4		False	-1.275724130399211
ZNF565	ENSG00000196357	True	-1.275724130399211
PPARG	ENSG00000132170	True	-1.275724130399211
ZNF708		False	-1.275724130399211
TIMP4		False	-1.275724130399211
FGF21	ENSG00000105550	True	-1.275724130399211
TMEM266	ENSG00000169758	True	-1.275724130399211
MYBPHL		False	-1.275724130399211
PTCH1	ENSG00000185920	True	-1.275724130399211
TSNAXIP1		False	-1.275724130399211
FCRL6		False	-1.275724130399211
ZNF442	ENSG00000198342	True	-1.275724130399211
SCARA3	ENSG00000168077	True	-1.275724130399211
MCM8		False	-1.275724130399211
NLRP4		False	-1.275724130399211
HOXD8		False	-1.275724130399211
COA8		False	-1.275724130399211
UST	ENSG00000111962	True	-1.275724130399211
USP2	ENSG00000036672	True	-1.275724130399211
C9orf43		False	-1.275724130399211
ZNF304	ENSG00000131845	True	-1.275724130399211
SLF2	ENSG00000119906	True	-1.2839966563652008
ZNF184	ENSG00000096654	True	-1.2839966563652008
IL1A		False	-1.2839966563652008
GPR3	ENSG00000181773	True	-1.2839966563652008
SLITRK3	ENSG00000121871	True	-1.2839966563652008
PTPRT	ENSG00000196090	True	-1.2839966563652008
TRIM17	ENSG00000162931	True	-1.2839966563652008
CIPC		False	-1.2839966563652008
TRIM46	ENSG00000163462	True	-1.2839966563652008
CCR9	ENSG00000173585	True	-1.2839966563652008
ZFP3	ENSG00000180787	True	-1.2839966563652008
ZNF99		False	-1.2839966563652008
ZNF653	ENSG00000161914	True	-1.2839966563652008
DEFB123		False	-1.2839966563652008
ATMIN	ENSG00000166454	True	-1.2839966563652008
FLT3		False	-1.2839966563652008
CCSER1	ENSG00000184305	True	-1.2839966563652008
GBX2		False	-1.2839966563652008
TAF1B		False	-1.2839966563652008
CEP104	ENSG00000116198	True	-1.2839966563652008
CFAP97D1	ENSG00000231256	True	-1.2839966563652008
LYPD1		False	-1.2839966563652008
TRIM42		False	-1.2839966563652008
ZNF566	ENSG00000186017	True	-1.2839966563652008
MCPH1	ENSG00000147316	True	-1.2839966563652008
ENSP00000492202		False	-1.2839966563652008
FAM86B1	ENSG00000186523	True	-1.2839966563652008
FOXM1	ENSG00000111206	True	-1.2839966563652008
DLL1		False	-1.2839966563652008
P4HA3	ENSG00000149380	True	-1.2839966563652008
GABRE	ENSG00000102287	True	-1.2839966563652008
HOXB5		False	-1.2839966563652008
KLF18		False	-1.2839966563652008
KRTAP5-9		False	-1.2839966563652008
ACER2		False	-1.2839966563652008
ABCG8	ENSG00000143921	True	-1.2839966563652008
TSSK3		False	-1.2839966563652008
MFAP3	ENSG00000037749	True	-1.2839966563652008
AMN1	ENSG00000151743	True	-1.2839966563652008
LRFN3	ENSG00000126243	True	-1.2839966563652008
ZNF195	ENSG00000005801	True	-1.2839966563652008
TMEM64	ENSG00000180694	True	-1.2839966563652008
SPNS3	ENSG00000182557	True	-1.2839966563652008
ERI2	ENSG00000196678	True	-1.2839966563652008
APLNR	ENSG00000134817	True	-1.2839966563652008
RNF6	ENSG00000127870	True	-1.2839966563652008
SOST		False	-1.2839966563652008
TTC30A	ENSG00000197557	True	-1.2839966563652008
CDHR1	ENSG00000148600	True	-1.2839966563652008
SLC26A9	ENSG00000174502	True	-1.2839966563652008
ADAM33	ENSG00000149451	True	-1.2839966563652008
CDO1	ENSG00000129596	True	-1.2839966563652008
FBXO33	ENSG00000165355	True	-1.2839966563652008
FAM135A	ENSG00000082269	True	-1.2839966563652008
KCNQ4	ENSG00000117013	True	-1.2839966563652008
ASIC1		False	-1.2839966563652008
ZNF546		False	-1.2839966563652008
GCM1	ENSG00000137270	True	-1.2839966563652008
GPR15	ENSG00000154165	True	-1.2839966563652008
TMEM252	ENSG00000181778	True	-1.2839966563652008
GOLGA6C	ENSG00000167195	True	-1.2839966563652008
ZNF479		False	-1.2839966563652008
GPR152	ENSG00000175514	True	-1.2839966563652008
TGFA	ENSG00000163235	True	-1.2839966563652008
LYZL2		False	-1.2839966563652008
RBM48	ENSG00000127993	True	-1.2839966563652008
GJC2		False	-1.2839966563652008
NDST3	ENSG00000164100	True	-1.2839966563652008
HOXB8		False	-1.2839966563652008
EBF2		False	-1.2839966563652008
PACRG	ENSG00000112530	True	-1.2839966563652008
D6RAR5_HUMAN		False	-1.2839966563652008
KLHDC7B	ENSG00000130487	True	-1.2839966563652008
ADPRM	ENSG00000170222	True	-1.2839966563652008
PDE6H	ENSG00000139053	True	-1.2924298239020637
CFAP100	ENSG00000163885	True	-1.2924298239020637
ZNF540	ENSG00000171817	True	-1.2924298239020637
FAM83C	ENSG00000125998	True	-1.2924298239020637
SLITRK4	ENSG00000179542	True	-1.2924298239020637
IQCA1L		False	-1.2924298239020637
PKHD1	ENSG00000170927	True	-1.2924298239020637
C12orf76		False	-1.2924298239020637
KCNC1	ENSG00000129159	True	-1.2924298239020637
MAGEA11		False	-1.2924298239020637
RBM41	ENSG00000089682	True	-1.2924298239020637
CNEP1R1	ENSG00000205423	True	-1.2924298239020637
HASPIN	ENSG00000177602	True	-1.2924298239020637
RHEX		False	-1.2924298239020637
PNLDC1	ENSG00000146453	True	-1.2924298239020637
TSPAN2	ENSG00000134198	True	-1.2924298239020637
INSYN2A	ENSG00000188916	True	-1.2924298239020637
CHIC2	ENSG00000109220	True	-1.2924298239020637
PLEKHH2		False	-1.2924298239020637
SLC6A14	ENSG00000268104	True	-1.2924298239020637
GBGT1	ENSG00000148288	True	-1.2924298239020637
TMEM161B	ENSG00000164180	True	-1.2924298239020637
POC1A	ENSG00000164087	True	-1.2924298239020637
MED12L	ENSG00000144893	True	-1.2924298239020637
OR10K1	ENSG00000173285	True	-1.2924298239020637
GMNC	ENSG00000205835	True	-1.2924298239020637
ATOH8		False	-1.2924298239020637
SH3D21	ENSG00000214193	True	-1.2924298239020637
TRMT12	ENSG00000183665	True	-1.2924298239020637
ATP6V1G3	ENSG00000151418	True	-1.2924298239020637
ZMAT4	ENSG00000165061	True	-1.2924298239020637
GFRAL	ENSG00000187871	True	-1.2924298239020637
OR6C74		False	-1.2924298239020637
EFCAB11		False	-1.2924298239020637
HTR2A	ENSG00000102468	True	-1.2924298239020637
VEGFC		False	-1.2924298239020637
VN1R2	ENSG00000196131	True	-1.2924298239020637
PSORS1C1		False	-1.2924298239020637
ZNF501	ENSG00000186446	True	-1.2924298239020637
SLC12A8	ENSG00000221955	True	-1.2924298239020637
NMNAT2	ENSG00000157064	True	-1.2924298239020637
SCN7A	ENSG00000136546	True	-1.2924298239020637
CALHM3	ENSG00000183128	True	-1.2924298239020637
OR2AK2		False	-1.2924298239020637
SLC26A11	ENSG00000181045	True	-1.2924298239020637
LRIG3	ENSG00000139263	True	-1.2924298239020637
SPHKAP	ENSG00000153820	True	-1.2924298239020637
KLF11		False	-1.2924298239020637
ZNF256	ENSG00000152454	True	-1.2924298239020637
FEM1A		False	-1.2924298239020637
CCDC157	ENSG00000187860	True	-1.2924298239020637
WDR88	ENSG00000166359	True	-1.2924298239020637
CCDC154	ENSG00000197599	True	-1.2924298239020637
PRSS22	ENSG00000005001	True	-1.2924298239020637
NPY5R		False	-1.2924298239020637
NKX3-1	ENSG00000167034	True	-1.2924298239020637
NME9	ENSG00000181322	True	-1.2924298239020637
PRKAG3		False	-1.2924298239020637
FANCL	ENSG00000115392	True	-1.2924298239020637
SEC14L4		False	-1.2924298239020637
PROSER3	ENSG00000167595	True	-1.2924298239020637
C1orf100		False	-1.2924298239020637
ABTB1	ENSG00000114626	True	-1.2924298239020637
ANO7	ENSG00000146205	True	-1.3010299956639813
FAM209B	ENSG00000213714	True	-1.3010299956639813
MDGA1	ENSG00000112139	True	-1.3010299956639813
CMKLR1	ENSG00000174600	True	-1.3010299956639813
KLK15	ENSG00000174562	True	-1.3010299956639813
KLHL5	ENSG00000109790	True	-1.3010299956639813
UNC5CL	ENSG00000124602	True	-1.3010299956639813
CD8B2		False	-1.3010299956639813
KRTAP5-1		False	-1.3010299956639813
DNAJC27	ENSG00000115137	True	-1.3010299956639813
DAW1	ENSG00000123977	True	-1.3010299956639813
MATN1	ENSG00000162510	True	-1.3010299956639813
ASB10	ENSG00000146926	True	-1.3010299956639813
ADGRE1	ENSG00000174837	True	-1.3010299956639813
MCOLN3	ENSG00000055732	True	-1.3010299956639813
CST9	ENSG00000173335	True	-1.3010299956639813
HGSNAT	ENSG00000165102	True	-1.3010299956639813
CLHC1	ENSG00000162994	True	-1.3010299956639813
AMHR2		False	-1.3010299956639813
AIM2	ENSG00000163568	True	-1.3010299956639813
KIAA1841		False	-1.3010299956639813
RIBC2	ENSG00000128408	True	-1.3010299956639813
HYKK	ENSG00000188266	True	-1.3010299956639813
C9orf72	ENSG00000147894	True	-1.3010299956639813
DAB1	ENSG00000173406	True	-1.3010299956639813
SEC31B	ENSG00000075826	True	-1.3010299956639813
SLFN12	ENSG00000172123	True	-1.3010299956639813
ZNF431	ENSG00000196705	True	-1.3010299956639813
CEP63	ENSG00000182923	True	-1.3010299956639813
CFAP45	ENSG00000213085	True	-1.3010299956639813
TRIM34		False	-1.3010299956639813
RHOBTB2	ENSG00000008853	True	-1.3010299956639813
LANCL3	ENSG00000147036	True	-1.3010299956639813
HERPUD2	ENSG00000122557	True	-1.3010299956639813
C1QTNF4	ENSG00000172247	True	-1.3010299956639813
CDH19	ENSG00000071991	True	-1.3010299956639813
ZNF550	ENSG00000251369	True	-1.3010299956639813
EFCAB10	ENSG00000185055	True	-1.3010299956639813
ENSP00000441269		False	-1.3010299956639813
ZSCAN26		False	-1.3010299956639813
C1orf87	ENSG00000162598	True	-1.3010299956639813
SULT6B1		False	-1.3010299956639813
EPHA8	ENSG00000070886	True	-1.3010299956639813
ENSP00000480507		False	-1.3010299956639813
SWI5	ENSG00000175854	True	-1.3010299956639813
SEC14L5		False	-1.3010299956639813
VGLL1	ENSG00000102243	True	-1.3010299956639813
SLITRK2		False	-1.3010299956639813
SBK2	ENSG00000187550	True	-1.3010299956639813
SGMS1	ENSG00000198964	True	-1.3010299956639813
MTMR8		False	-1.3010299956639813
CCNB1IP1		False	-1.3010299956639813
DELE1	ENSG00000081791	True	-1.3010299956639813
ABCB11	ENSG00000073734	True	-1.3010299956639813
ZKSCAN4	ENSG00000187626	True	-1.3010299956639813
TRIM52	ENSG00000183718	True	-1.3010299956639813
CLDN8	ENSG00000156284	True	-1.3010299956639813
SPDYE4	ENSG00000183318	True	-1.3098039199714864
CSGALNACT1		False	-1.3098039199714864
ZNF700	ENSG00000196757	True	-1.3098039199714864
SOSTDC1		False	-1.3098039199714864
FCRL4	ENSG00000163518	True	-1.3098039199714864
CX3CR1	ENSG00000168329	True	-1.3098039199714864
ZNF672	ENSG00000171161	True	-1.3098039199714864
HOXB1	ENSG00000120094	True	-1.3098039199714864
RINL	ENSG00000187994	True	-1.3098039199714864
RD3	ENSG00000198570	True	-1.3098039199714864
ZNF383	ENSG00000188283	True	-1.3098039199714864
SLC7A4	ENSG00000099960	True	-1.3098039199714864
LYPD4		False	-1.3098039199714864
NME8	ENSG00000086288	True	-1.3098039199714864
OR10AG1		False	-1.3098039199714864
LTC4S		False	-1.3098039199714864
TMEM155		False	-1.3098039199714864
NPHP4	ENSG00000131697	True	-1.3098039199714864
TRPM3	ENSG00000083067	True	-1.3098039199714864
HCRT	ENSG00000161610	True	-1.3098039199714864
CEP164	ENSG00000110274	True	-1.3098039199714864
EPHB6		False	-1.3098039199714864
EID1	ENSG00000255302	True	-1.3098039199714864
NIPAL2	ENSG00000104361	True	-1.3098039199714864
METTL6	ENSG00000206562	True	-1.3098039199714864
SPNS2	ENSG00000183018	True	-1.3098039199714864
ZNF410		False	-1.3098039199714864
OR4D5	ENSG00000171014	True	-1.3098039199714864
BMP8B		False	-1.3098039199714864
SPATA22		False	-1.3098039199714864
OR2T6		False	-1.3098039199714864
OR2T12		False	-1.3098039199714864
GPR62		False	-1.3098039199714864
PLAAT5		False	-1.3098039199714864
LCN8		False	-1.3098039199714864
MMP27	ENSG00000137675	True	-1.3098039199714864
TYR	ENSG00000077498	True	-1.3098039199714864
ISL2		False	-1.3098039199714864
MAGEB17	ENSG00000182798	True	-1.3098039199714864
PLK5	ENSG00000185988	True	-1.3098039199714864
NR3C2	ENSG00000151623	True	-1.3098039199714864
GPR31	ENSG00000120436	True	-1.3098039199714864
NRTN		False	-1.3098039199714864
APOBEC1		False	-1.3098039199714864
PRSS27	ENSG00000172382	True	-1.3098039199714864
CATSPERZ		False	-1.3098039199714864
CERS3	ENSG00000154227	True	-1.3098039199714864
MYO3B	ENSG00000071909	True	-1.3098039199714864
ADGRF3	ENSG00000173567	True	-1.3098039199714864
ADRB2		False	-1.3098039199714864
KIF24	ENSG00000186638	True	-1.3098039199714864
HNF1B	ENSG00000275410	True	-1.3098039199714864
CREB3L3	ENSG00000060566	True	-1.3098039199714864
TRIM8	ENSG00000171206	True	-1.3098039199714864
HSD17B3	ENSG00000130948	True	-1.3098039199714864
ZNF253		False	-1.3098039199714864
SLC26A10		False	-1.3098039199714864
KCNH2		False	-1.3187587626244128
ZNF560		False	-1.3187587626244128
ZRANB3		False	-1.3187587626244128
TMC3	ENSG00000188869	True	-1.3187587626244128
CEP70	ENSG00000114107	True	-1.3187587626244128
NOS2	ENSG00000007171	True	-1.3187587626244128
CSAG3		False	-1.3187587626244128
KCNG3		False	-1.3187587626244128
FMO4	ENSG00000076258	True	-1.3187587626244128
GPR84	ENSG00000139572	True	-1.3187587626244128
PPP1R17	ENSG00000106341	True	-1.3187587626244128
NTRK1	ENSG00000198400	True	-1.3187587626244128
STPG4	ENSG00000239605	True	-1.3187587626244128
NHLH2	ENSG00000177551	True	-1.3187587626244128
ZNF267	ENSG00000185947	True	-1.3187587626244128
IRX4		False	-1.3187587626244128
PRSS50	ENSG00000283706	True	-1.3187587626244128
ENSP00000418875		False	-1.3187587626244128
ARHGEF19		False	-1.3187587626244128
SYT13	ENSG00000019505	True	-1.3187587626244128
IRAK2	ENSG00000134070	True	-1.3187587626244128
ENO4	ENSG00000188316	True	-1.3187587626244128
ATG10	ENSG00000152348	True	-1.3187587626244128
MTHFD2L	ENSG00000163738	True	-1.3187587626244128
MXD3		False	-1.3187587626244128
CORIN		False	-1.3187587626244128
PEX11A		False	-1.3187587626244128
ZNF423		False	-1.3187587626244128
AVPR1B	ENSG00000198049	True	-1.3187587626244128
ATP7B	ENSG00000123191	True	-1.3187587626244128
RTL10	ENSG00000215012	True	-1.3187587626244128
THRA	ENSG00000126351	True	-1.3187587626244128
SLC16A13		False	-1.3187587626244128
LDLRAD3	ENSG00000179241	True	-1.3187587626244128
SLC35G6		False	-1.3187587626244128
TMEM37	ENSG00000171227	True	-1.3187587626244128
LRIT1		False	-1.3187587626244128
ASMT		False	-1.3187587626244128
CLEC5A		False	-1.3187587626244128
KCNB2		False	-1.3187587626244128
ZNF514	ENSG00000144026	True	-1.3187587626244128
MAGEB10	ENSG00000177689	True	-1.3187587626244128
EFNA4	ENSG00000243364	True	-1.3187587626244128
NOS1	ENSG00000089250	True	-1.3187587626244128
DMRTC2	ENSG00000142025	True	-1.3187587626244128
DGCR2	ENSG00000070413	True	-1.3187587626244128
OR8D1	ENSG00000196341	True	-1.3187587626244128
CXorf66		False	-1.3187587626244128
ELSPBP1	ENSG00000169393	True	-1.3187587626244128
SOX30	ENSG00000039600	True	-1.3187587626244128
ARL13A	ENSG00000174225	True	-1.3187587626244128
CACNA1S	ENSG00000081248	True	-1.3187587626244128
TNFSF13B	ENSG00000102524	True	-1.3187587626244128
FOXR1		False	-1.3187587626244128
WNT3		False	-1.3187587626244128
FAM71E1		False	-1.3187587626244128
KLF14	ENSG00000266265	True	-1.3187587626244128
DGAT2		False	-1.3187587626244128
COL19A1	ENSG00000082293	True	-1.3187587626244128
CAPN3	ENSG00000092529	True	-1.3187587626244128
FOXD4L3	ENSG00000187559	True	-1.3279021420642825
C11orf49		False	-1.3279021420642825
ASIC2	ENSG00000108684	True	-1.3279021420642825
LY86	ENSG00000112799	True	-1.3279021420642825
TMEM176A	ENSG00000002933	True	-1.3279021420642825
FFAR3	ENSG00000185897	True	-1.3279021420642825
TEX12	ENSG00000150783	True	-1.3279021420642825
ZNF317	ENSG00000130803	True	-1.3279021420642825
NOTCH4		False	-1.3279021420642825
LRRN1	ENSG00000175928	True	-1.3279021420642825
ICAM4		False	-1.3279021420642825
GPR34	ENSG00000171659	True	-1.3279021420642825
CACNA1G	ENSG00000006283	True	-1.3279021420642825
FTMT		False	-1.3279021420642825
FBXO40		False	-1.3279021420642825
SERINC5	ENSG00000164300	True	-1.3279021420642825
SHISA7	ENSG00000187902	True	-1.3279021420642825
ZNF107		False	-1.3279021420642825
BMPR1B		False	-1.3279021420642825
DCAF4	ENSG00000119599	True	-1.3279021420642825
PERM1	ENSG00000187642	True	-1.3279021420642825
ADGRE3	ENSG00000131355	True	-1.3279021420642825
C1orf53		False	-1.3279021420642825
DCHS1	ENSG00000166341	True	-1.3279021420642825
TPH2	ENSG00000139287	True	-1.3279021420642825
ANKAR	ENSG00000151687	True	-1.3279021420642825
FA2H	ENSG00000103089	True	-1.3279021420642825
ZNF319	ENSG00000166188	True	-1.3279021420642825
USP37	ENSG00000135913	True	-1.3279021420642825
CLCN1		False	-1.3279021420642825
GOLGA6D	ENSG00000140478	True	-1.3279021420642825
USP6		False	-1.3279021420642825
STK35	ENSG00000125834	True	-1.3279021420642825
XK	ENSG00000047597	True	-1.3279021420642825
RAMP2		False	-1.3279021420642825
TCF21	ENSG00000118526	True	-1.3279021420642825
GJC1		False	-1.3279021420642825
LGR4	ENSG00000205213	True	-1.3279021420642825
DEUP1		False	-1.3279021420642825
IPP	ENSG00000197429	True	-1.3279021420642825
CITED1	ENSG00000125931	True	-1.3279021420642825
BPIFB4		False	-1.3279021420642825
SHOC1		False	-1.3279021420642825
ZNF480	ENSG00000198464	True	-1.3279021420642825
SLC36A1	ENSG00000123643	True	-1.3279021420642825
ZGLP1	ENSG00000220201	True	-1.3279021420642825
PVRIG	ENSG00000213413	True	-1.3279021420642825
CT83		False	-1.3279021420642825
OR10J5		False	-1.3279021420642825
CYP4B1	ENSG00000142973	True	-1.3279021420642825
SLC44A3	ENSG00000143036	True	-1.3279021420642825
C19orf44	ENSG00000105072	True	-1.3279021420642825
SYDE2	ENSG00000097096	True	-1.3279021420642825
SLC26A1	ENSG00000145217	True	-1.3279021420642825
IL36B	ENSG00000136696	True	-1.3279021420642825
CHRNG		False	-1.3279021420642825
TRIB3	ENSG00000101255	True	-1.3279021420642825
TCTA	ENSG00000145022	True	-1.3279021420642825
TLX2		False	-1.3279021420642825
ERCC8		False	-1.3279021420642825
CCDC110		False	-1.337242168318426
ZNF649	ENSG00000198093	True	-1.337242168318426
PDIK1L		False	-1.337242168318426
CCDC107		False	-1.337242168318426
OTOL1	ENSG00000182447	True	-1.337242168318426
ADAMTS20	ENSG00000173157	True	-1.337242168318426
PARP8	ENSG00000151883	True	-1.337242168318426
VSTM4	ENSG00000165633	True	-1.337242168318426
RIC3	ENSG00000166405	True	-1.337242168318426
ASPHD1	ENSG00000174939	True	-1.337242168318426
AREL1	ENSG00000119682	True	-1.337242168318426
IL17RC	ENSG00000163702	True	-1.337242168318426
LIX1	ENSG00000145721	True	-1.337242168318426
ZNF324B	ENSG00000249471	True	-1.337242168318426
CCDC73	ENSG00000186714	True	-1.337242168318426
PDZRN4	ENSG00000165966	True	-1.337242168318426
DIO2		False	-1.337242168318426
CDKL3		False	-1.337242168318426
RAD54B	ENSG00000197275	True	-1.337242168318426
STKLD1	ENSG00000198870	True	-1.337242168318426
NOBOX		False	-1.337242168318426
CLEC4E	ENSG00000166523	True	-1.337242168318426
CAMTA2		False	-1.337242168318426
PCDHA6	ENSG00000081842	True	-1.337242168318426
TCP11X2	ENSG00000215029	True	-1.337242168318426
EDN2	ENSG00000127129	True	-1.337242168318426
ZNF792	ENSG00000180884	True	-1.337242168318426
IL2RB	ENSG00000100385	True	-1.337242168318426
SOX8		False	-1.337242168318426
ZNF526	ENSG00000167625	True	-1.337242168318426
ZNF571		False	-1.337242168318426
RNASE9		False	-1.337242168318426
TMEM185A	ENSG00000269556	True	-1.337242168318426
C22orf39		False	-1.337242168318426
FKTN	ENSG00000106692	True	-1.337242168318426
ABCG5		False	-1.337242168318426
UCP2	ENSG00000175567	True	-1.337242168318426
IFNA7	ENSG00000214042	True	-1.337242168318426
SLC5A7		False	-1.337242168318426
KRTAP5-7		False	-1.337242168318426
SLC2A11	ENSG00000133460	True	-1.337242168318426
ZNF563	ENSG00000188868	True	-1.337242168318426
ZP4	ENSG00000116996	True	-1.337242168318426
LYPD8		False	-1.337242168318426
NRARP	ENSG00000198435	True	-1.337242168318426
SYCP2		False	-1.337242168318426
CCDC42		False	-1.337242168318426
NAP1L3		False	-1.337242168318426
KCNJ11	ENSG00000187486	True	-1.337242168318426
TRIM13	ENSG00000204977	True	-1.337242168318426
ZNF730		False	-1.337242168318426
CLDN2	ENSG00000165376	True	-1.337242168318426
AQP12B	ENSG00000185176	True	-1.337242168318426
INO80D	ENSG00000114933	True	-1.337242168318426
TMEM255B	ENSG00000184497	True	-1.337242168318426
AVPI1	ENSG00000119986	True	-1.337242168318426
PORCN	ENSG00000102312	True	-1.337242168318426
NAT2	ENSG00000156006	True	-1.337242168318426
VSTM1		False	-1.337242168318426
CHN2	ENSG00000106069	True	-1.3467874862246563
BTBD6	ENSG00000184887	True	-1.3467874862246563
SPATA1		False	-1.3467874862246563
JAML	ENSG00000160593	True	-1.3467874862246563
SLC38A11	ENSG00000169507	True	-1.3467874862246563
GPR65	ENSG00000140030	True	-1.3467874862246563
GOLGA8M		False	-1.3467874862246563
RGS9	ENSG00000108370	True	-1.3467874862246563
COL26A1	ENSG00000160963	True	-1.3467874862246563
AQP9	ENSG00000103569	True	-1.3467874862246563
DCST2		False	-1.3467874862246563
RSPH1	ENSG00000160188	True	-1.3467874862246563
ANKRD20A2		False	-1.3467874862246563
FSHR		False	-1.3467874862246563
APOBEC3H	ENSG00000100298	True	-1.3467874862246563
IFNG	ENSG00000111537	True	-1.3467874862246563
ZRANB1	ENSG00000019995	True	-1.3467874862246563
SH3TC1	ENSG00000125089	True	-1.3467874862246563
ZNF852	ENSG00000178917	True	-1.3467874862246563
HELQ	ENSG00000163312	True	-1.3467874862246563
ANKRD34B	ENSG00000189127	True	-1.3467874862246563
CNGB1		False	-1.3467874862246563
OR4A5		False	-1.3467874862246563
LAMB4	ENSG00000091128	True	-1.3467874862246563
DMRT3	ENSG00000064218	True	-1.3467874862246563
METTL22	ENSG00000067365	True	-1.3467874862246563
DNAAF1	ENSG00000154099	True	-1.3467874862246563
EN1	ENSG00000163064	True	-1.3467874862246563
LUZP4	ENSG00000102021	True	-1.3467874862246563
LRIG2	ENSG00000198799	True	-1.3467874862246563
TENM1	ENSG00000009694	True	-1.3467874862246563
ZNF202		False	-1.3467874862246563
SCN1B		False	-1.3467874862246563
ZNF615	ENSG00000197619	True	-1.3467874862246563
MAL		False	-1.3467874862246563
TRIM45	ENSG00000134253	True	-1.3467874862246563
PDE8B	ENSG00000113231	True	-1.3467874862246563
SLC34A3	ENSG00000198569	True	-1.3467874862246563
NPY2R		False	-1.3467874862246563
TNFSF14	ENSG00000125735	True	-1.3467874862246563
NEUROG2	ENSG00000178403	True	-1.3467874862246563
CDC25A		False	-1.3467874862246563
NBPF15	ENSG00000266338	True	-1.3467874862246563
TMEM200A	ENSG00000164484	True	-1.3467874862246563
TENT5D	ENSG00000174016	True	-1.3467874862246563
ARRDC4	ENSG00000140450	True	-1.3467874862246563
NOXRED1	ENSG00000165555	True	-1.3467874862246563
ATXN7L2	ENSG00000162650	True	-1.3467874862246563
CCR6	ENSG00000112486	True	-1.3467874862246563
EBLN2	ENSG00000255423	True	-1.3467874862246563
ISLR2	ENSG00000167178	True	-1.3467874862246563
ZFP14	ENSG00000142065	True	-1.3467874862246563
ANKRD20A3		False	-1.3467874862246563
TRPV5	ENSG00000127412	True	-1.3467874862246563
MMP23B		False	-1.3467874862246563
CCR7	ENSG00000126353	True	-1.3467874862246563
TMEM185B	ENSG00000226479	True	-1.3467874862246563
SLC46A2	ENSG00000119457	True	-1.3467874862246563
ZNF25	ENSG00000175395	True	-1.3467874862246563
TFAP2D		False	-1.3467874862246563
TMEM61	ENSG00000143001	True	-1.3467874862246563
SLF1	ENSG00000133302	True	-1.3467874862246563
TMEM236	ENSG00000148483	True	-1.3467874862246563
OR8B8		False	-1.3565473235138126
CABS1	ENSG00000145309	True	-1.3565473235138126
DUS4L	ENSG00000105865	True	-1.3565473235138126
ZNF66		False	-1.3565473235138126
GPHA2		False	-1.3565473235138126
ALX4		False	-1.3565473235138126
DPPA2	ENSG00000163530	True	-1.3565473235138126
ADORA2B		False	-1.3565473235138126
LTB4R	ENSG00000213903	True	-1.3565473235138126
TSHZ3	ENSG00000121297	True	-1.3565473235138126
ZNF490	ENSG00000188033	True	-1.3565473235138126
S1PR1	ENSG00000170989	True	-1.3565473235138126
OSTN	ENSG00000188729	True	-1.3565473235138126
GREB1L	ENSG00000141449	True	-1.3565473235138126
CYB5D1	ENSG00000182224	True	-1.3565473235138126
TDRD1	ENSG00000095627	True	-1.3565473235138126
CACNA1C	ENSG00000151067	True	-1.3565473235138126
USH1G	ENSG00000182040	True	-1.3565473235138126
PRDM13	ENSG00000112238	True	-1.3565473235138126
TLCD4-RWDD3		False	-1.3565473235138126
BIRC7		False	-1.3565473235138126
OR1K1		False	-1.3565473235138126
TMC7	ENSG00000170537	True	-1.3565473235138126
MS4A10	ENSG00000172689	True	-1.3565473235138126
MMP21		False	-1.3565473235138126
TLX1		False	-1.3565473235138126
KIF6	ENSG00000164627	True	-1.3565473235138126
PIWIL2		False	-1.3565473235138126
EXOC3L1	ENSG00000179044	True	-1.3565473235138126
ZXDC		False	-1.3565473235138126
ASCL2		False	-1.3565473235138126
TMPRSS3		False	-1.3565473235138126
RPTN	ENSG00000215853	True	-1.3565473235138126
VENTX	ENSG00000151650	True	-1.3565473235138126
QRICH2	ENSG00000129646	True	-1.3565473235138126
IFNAR1	ENSG00000142166	True	-1.3565473235138126
DLX1	ENSG00000144355	True	-1.3565473235138126
MFSD11	ENSG00000092931	True	-1.3565473235138126
KIZ		False	-1.3565473235138126
TREM1	ENSG00000124731	True	-1.3565473235138126
ZNF621		False	-1.3565473235138126
NTN5		False	-1.3565473235138126
EID3	ENSG00000255150	True	-1.3565473235138126
C12orf49		False	-1.3565473235138126
CCDC87		False	-1.3565473235138126
CHRNA4	ENSG00000101204	True	-1.3565473235138126
BORA	ENSG00000136122	True	-1.3565473235138126
FGF22		False	-1.3565473235138126
FNDC8	ENSG00000073598	True	-1.3565473235138126
IFNA13	ENSG00000233816	True	-1.3565473235138126
C1GALT1C1L		False	-1.3565473235138126
SLC25A43	ENSG00000077713	True	-1.3565473235138126
AQP12A	ENSG00000184945	True	-1.3565473235138126
CCNO	ENSG00000152669	True	-1.3565473235138126
NR5A1		False	-1.3565473235138126
NPHP1	ENSG00000144061	True	-1.3565473235138126
RFPL4AL1	ENSG00000229292	True	-1.3565473235138126
GLI1	ENSG00000111087	True	-1.3565473235138126
GSG1L	ENSG00000169181	True	-1.3565473235138126
ZFP82	ENSG00000181007	True	-1.3565473235138126
ZSWIM4	ENSG00000132003	True	-1.3565473235138126
MCF2L2	ENSG00000053524	True	-1.3565473235138126
FGF8		False	-1.3565473235138126
PCDHB8	ENSG00000120322	True	-1.3565473235138126
PAQR4		False	-1.3565473235138126
RHOBTB3		False	-1.3565473235138126
FAM86B2	ENSG00000145002	True	-1.3565473235138126
HS3ST3B1		False	-1.3665315444204136
USP41		False	-1.3665315444204136
FNDC5	ENSG00000160097	True	-1.3665315444204136
ZNF836		False	-1.3665315444204136
HTR1B	ENSG00000135312	True	-1.3665315444204136
MSX1	ENSG00000163132	True	-1.3665315444204136
ZNF880		False	-1.3665315444204136
CACNG4	ENSG00000075461	True	-1.3665315444204136
SULT1C4		False	-1.3665315444204136
TMEM145	ENSG00000167619	True	-1.3665315444204136
CHIA	ENSG00000134216	True	-1.3665315444204136
RFX6	ENSG00000185002	True	-1.3665315444204136
POM121L2	ENSG00000158553	True	-1.3665315444204136
IRGC	ENSG00000124449	True	-1.3665315444204136
KISS1	ENSG00000170498	True	-1.3665315444204136
PRRG2	ENSG00000126460	True	-1.3665315444204136
ZNF93		False	-1.3665315444204136
PNMA3	ENSG00000183837	True	-1.3665315444204136
KLRD1	ENSG00000134539	True	-1.3665315444204136
ZNF32		False	-1.3665315444204136
ARL5C	ENSG00000141748	True	-1.3665315444204136
FANCG	ENSG00000221829	True	-1.3665315444204136
HS3ST5	ENSG00000249853	True	-1.3665315444204136
TMEM52B	ENSG00000165685	True	-1.3665315444204136
MFHAS1	ENSG00000147324	True	-1.3665315444204136
SLC10A1	ENSG00000100652	True	-1.3665315444204136
DDX53		False	-1.3665315444204136
ENSP00000480079		False	-1.3665315444204136
ZNF718		False	-1.3665315444204136
GAREM2		False	-1.3665315444204136
SLC24A1	ENSG00000074621	True	-1.3665315444204136
DRC1		False	-1.3665315444204136
FLACC1		False	-1.3665315444204136
SLC16A5		False	-1.3665315444204136
ZFP69	ENSG00000187815	True	-1.3665315444204136
DCAF4L2	ENSG00000176566	True	-1.3665315444204136
TRMO	ENSG00000136932	True	-1.3665315444204136
PCSK2	ENSG00000125851	True	-1.3665315444204136
CCDC15	ENSG00000149548	True	-1.3665315444204136
OR13C2		False	-1.3665315444204136
DNAH11	ENSG00000105877	True	-1.3665315444204136
TLCD3B		False	-1.3665315444204136
PLA2G4D		False	-1.3665315444204136
TMEM183A		False	-1.3665315444204136
ZNF534		False	-1.3665315444204136
PLCE1	ENSG00000138193	True	-1.3665315444204136
ADRA2B	ENSG00000274286	True	-1.3665315444204136
NECAB1	ENSG00000123119	True	-1.3665315444204136
SPATA46		False	-1.3665315444204136
KCNC4		False	-1.3665315444204136
IL17B	ENSG00000127743	True	-1.3665315444204136
ANKS6	ENSG00000165138	True	-1.3665315444204136
NSUN3	ENSG00000178694	True	-1.3665315444204136
SPACA3	ENSG00000141316	True	-1.3665315444204136
RIPPLY3	ENSG00000183145	True	-1.3665315444204136
NXNL1		False	-1.3665315444204136
CES5A		False	-1.3665315444204136
KIAA0319	ENSG00000137261	True	-1.3767507096020994
GPR50	ENSG00000102195	True	-1.3767507096020994
ASZ1	ENSG00000154438	True	-1.3767507096020994
ELMOD1		False	-1.3767507096020994
GCM2		False	-1.3767507096020994
HRH2	ENSG00000113749	True	-1.3767507096020994
SEMA3G	ENSG00000010319	True	-1.3767507096020994
C1orf115		False	-1.3767507096020994
CYP4F8	ENSG00000186526	True	-1.3767507096020994
ZDHHC15	ENSG00000102383	True	-1.3767507096020994
SHISA4	ENSG00000198892	True	-1.3767507096020994
CABP5	ENSG00000105507	True	-1.3767507096020994
SLC44A5	ENSG00000137968	True	-1.3767507096020994
TMC8	ENSG00000167895	True	-1.3767507096020994
BMPR1A	ENSG00000107779	True	-1.3767507096020994
NUDT7	ENSG00000140876	True	-1.3767507096020994
PLAAT4		False	-1.3767507096020994
SLC34A1	ENSG00000131183	True	-1.3767507096020994
SPIDR	ENSG00000164808	True	-1.3767507096020994
PRSS56		False	-1.3767507096020994
SLC66A1	ENSG00000040487	True	-1.3767507096020994
RAPGEF4	ENSG00000091428	True	-1.3767507096020994
GABRA3	ENSG00000011677	True	-1.3767507096020994
INKA1	ENSG00000185614	True	-1.3767507096020994
C3orf49	ENSG00000163632	True	-1.3767507096020994
DUOX1	ENSG00000137857	True	-1.3767507096020994
KISS1R	ENSG00000116014	True	-1.3767507096020994
ZNF486		False	-1.3767507096020994
ETNPPL	ENSG00000164089	True	-1.3767507096020994
SERTAD2	ENSG00000179833	True	-1.3767507096020994
SOAT2		False	-1.3767507096020994
ANKRD20A4		False	-1.3767507096020994
TAS2R7		False	-1.3767507096020994
AMER1	ENSG00000184675	True	-1.3767507096020994
PMP22		False	-1.3767507096020994
CCDC18	ENSG00000122483	True	-1.3767507096020994
FBXL2	ENSG00000153558	True	-1.3767507096020994
LPAR4	ENSG00000147145	True	-1.3767507096020994
ZFP62	ENSG00000196670	True	-1.3767507096020994
ZSCAN25	ENSG00000197037	True	-1.3767507096020994
AHI1	ENSG00000135541	True	-1.3767507096020994
C13orf42		False	-1.3767507096020994
GALP	ENSG00000197487	True	-1.3767507096020994
RSPH10B2	ENSG00000169402	True	-1.3767507096020994
RSPH10B	ENSG00000155026	True	-1.3767507096020994
GRID1		False	-1.3767507096020994
PSKH1	ENSG00000159792	True	-1.3767507096020994
CD163L1	ENSG00000177675	True	-1.3767507096020994
TRAM2	ENSG00000065308	True	-1.3767507096020994
LRRC71		False	-1.3767507096020994
CFTR	ENSG00000001626	True	-1.3767507096020994
KLLN		False	-1.3767507096020994
KRTAP19-4		False	-1.3767507096020994
IL3		False	-1.3767507096020994
CYP4Z1		False	-1.3767507096020994
LIFR	ENSG00000113594	True	-1.3767507096020994
CITED4	ENSG00000179862	True	-1.3767507096020994
ANO4	ENSG00000151572	True	-1.3767507096020994
RRNAD1		False	-1.3767507096020994
OR5F1	ENSG00000149133	True	-1.3767507096020994
ODF1	ENSG00000155087	True	-1.3767507096020994
AOPEP	ENSG00000148120	True	-1.3767507096020994
TAF7L	ENSG00000102387	True	-1.3767507096020994
C15orf62	ENSG00000188277	True	-1.3767507096020994
OR1B1		False	-1.3767507096020994
FANCF		False	-1.3767507096020994
ZNF878	ENSG00000257446	True	-1.3767507096020994
ENSP00000494172		False	-1.3767507096020994
GPR68		False	-1.3767507096020994
ZNF816	ENSG00000180257	True	-1.3767507096020994
OR5B3		False	-1.3767507096020994
RBMY1E	ENSG00000242389	True	-1.3767507096020994
KLHDC9		False	-1.3767507096020994
THAP3	ENSG00000041988	True	-1.3767507096020994
TTLL5	ENSG00000119685	True	-1.3767507096020994
ATP13A5	ENSG00000187527	True	-1.3767507096020994
WSB1	ENSG00000109046	True	-1.3767507096020994
IL18R1	ENSG00000115604	True	-1.3767507096020994
PCDHGA3	ENSG00000254245	True	-1.3767507096020994
ZNF430	ENSG00000118620	True	-1.3767507096020994
SLC6A12	ENSG00000111181	True	-1.3767507096020994
KCNJ15	ENSG00000157551	True	-1.3767507096020994
TSHZ2	ENSG00000182463	True	-1.3872161432802645
TTLL7	ENSG00000137941	True	-1.3872161432802645
GDF7		False	-1.3872161432802645
MBD5		False	-1.3872161432802645
PRRT1	ENSG00000204314	True	-1.3872161432802645
NLGN1	ENSG00000169760	True	-1.3872161432802645
CDKL1	ENSG00000100490	True	-1.3872161432802645
RHBDL1	ENSG00000103269	True	-1.3872161432802645
FAM81A	ENSG00000157470	True	-1.3872161432802645
OR2Z1	ENSG00000181733	True	-1.3872161432802645
HDX	ENSG00000165259	True	-1.3872161432802645
HHIP	ENSG00000164161	True	-1.3872161432802645
CDKL2		False	-1.3872161432802645
PTGER4	ENSG00000171522	True	-1.3872161432802645
TMEM132D	ENSG00000151952	True	-1.3872161432802645
OR4B1	ENSG00000175619	True	-1.3872161432802645
PLEKHJ1	ENSG00000104886	True	-1.3872161432802645
ANKRD20A1	ENSG00000260691	True	-1.3872161432802645
CTTNBP2	ENSG00000077063	True	-1.3872161432802645
ZNF770	ENSG00000198146	True	-1.3872161432802645
ZNF257		False	-1.3872161432802645
LYPD5	ENSG00000159871	True	-1.3872161432802645
DCAF17	ENSG00000115827	True	-1.3872161432802645
CATSPERG		False	-1.3872161432802645
ACR	ENSG00000100312	True	-1.3872161432802645
APOL6	ENSG00000221963	True	-1.3872161432802645
ENSP00000493999		False	-1.3872161432802645
ACTRT3	ENSG00000184378	True	-1.3872161432802645
ARHGAP20	ENSG00000137727	True	-1.3872161432802645
HEY1	ENSG00000164683	True	-1.3872161432802645
RBMY1D	ENSG00000244395	True	-1.3872161432802645
RBMY1A1	ENSG00000234414	True	-1.3872161432802645
C17orf100		False	-1.3872161432802645
S1PR4		False	-1.3872161432802645
ZNF30	ENSG00000168661	True	-1.3872161432802645
CHAT	ENSG00000070748	True	-1.3872161432802645
SP9	ENSG00000217236	True	-1.3872161432802645
DCAF8L1	ENSG00000226372	True	-1.3872161432802645
ZNF808		False	-1.3872161432802645
NUP210L	ENSG00000143552	True	-1.3872161432802645
ELOVL3	ENSG00000119915	True	-1.3872161432802645
BARHL1		False	-1.3872161432802645
PELI1	ENSG00000197329	True	-1.3872161432802645
LRP6	ENSG00000070018	True	-1.3872161432802645
MEFV		False	-1.3872161432802645
PCDH11X	ENSG00000102290	True	-1.3872161432802645
FAM71E2		False	-1.3872161432802645
LYSMD4	ENSG00000183060	True	-1.3872161432802645
BARX1		False	-1.3872161432802645
SSTR5		False	-1.3872161432802645
ABHD14A	ENSG00000248487	True	-1.3872161432802645
ZNF578		False	-1.3872161432802645
ANKMY1	ENSG00000144504	True	-1.3872161432802645
HTR3D		False	-1.3872161432802645
NEURL1B	ENSG00000214357	True	-1.3872161432802645
TPTE2		False	-1.3872161432802645
FBXO16	ENSG00000214050	True	-1.3872161432802645
FAM131C	ENSG00000185519	True	-1.3872161432802645
PELI2	ENSG00000139946	True	-1.3872161432802645
DEFB103A		False	-1.3872161432802645
DEFB103B		False	-1.3872161432802645
ZNF45	ENSG00000124459	True	-1.3872161432802645
PRM3		False	-1.3872161432802645
WDR25	ENSG00000176473	True	-1.3872161432802645
RGS1	ENSG00000090104	True	-1.3872161432802645
OR2L2		False	-1.3872161432802645
ZIC1	ENSG00000152977	True	-1.3872161432802645
ADAMTS3	ENSG00000156140	True	-1.3872161432802645
FNDC4	ENSG00000115226	True	-1.3872161432802645
C19orf48		False	-1.3979400086720375
B3GALT4	ENSG00000235863	True	-1.3979400086720375
ZNF735		False	-1.3979400086720375
ZNF471	ENSG00000196263	True	-1.3979400086720375
ZNF322	ENSG00000181315	True	-1.3979400086720375
ATPSCKMT		False	-1.3979400086720375
PNOC	ENSG00000168081	True	-1.3979400086720375
ARHGEF38	ENSG00000236699	True	-1.3979400086720375
ATOH1		False	-1.3979400086720375
TDRD9		False	-1.3979400086720375
PCDHB5	ENSG00000113209	True	-1.3979400086720375
STAC3		False	-1.3979400086720375
CARD6	ENSG00000132357	True	-1.3979400086720375
OR52K2		False	-1.3979400086720375
PLA2G6	ENSG00000184381	True	-1.3979400086720375
ZNF561	ENSG00000171469	True	-1.3979400086720375
C8orf88	ENSG00000253250	True	-1.3979400086720375
C12orf40		False	-1.3979400086720375
SOCS1	ENSG00000185338	True	-1.3979400086720375
HBEGF	ENSG00000113070	True	-1.3979400086720375
CHN2-2		False	-1.3979400086720375
NYAP1	ENSG00000166924	True	-1.3979400086720375
PRR22	ENSG00000212123	True	-1.3979400086720375
RBMY1B	ENSG00000242875	True	-1.3979400086720375
ADAM29		False	-1.3979400086720375
GPR173		False	-1.3979400086720375
GAS8	ENSG00000141013	True	-1.3979400086720375
SLC18B1	ENSG00000146409	True	-1.3979400086720375
ZNF263	ENSG00000006194	True	-1.3979400086720375
GEN1	ENSG00000178295	True	-1.3979400086720375
SPINK14		False	-1.3979400086720375
ZNF90	ENSG00000213988	True	-1.3979400086720375
B4DXG7_HUMAN		False	-1.3979400086720375
SLC9A7	ENSG00000065923	True	-1.3979400086720375
IFFO1	ENSG00000010295	True	-1.3979400086720375
ZNF396	ENSG00000186496	True	-1.3979400086720375
XAGE3	ENSG00000171402	True	-1.3979400086720375
ZNF506		False	-1.3979400086720375
SLC38A6	ENSG00000139974	True	-1.3979400086720375
GRM1	ENSG00000152822	True	-1.3979400086720375
DMC1	ENSG00000100206	True	-1.3979400086720375
ZNF235	ENSG00000159917	True	-1.3979400086720375
CTDSP2	ENSG00000175215	True	-1.3979400086720375
ZNF619	ENSG00000177873	True	-1.3979400086720375
TMEM132C		False	-1.3979400086720375
BPIFB3	ENSG00000186190	True	-1.3979400086720375
KIAA1324L		False	-1.3979400086720375
FAN1		False	-1.3979400086720375
RGSL1		False	-1.3979400086720375
REV3L	ENSG00000009413	True	-1.3979400086720375
NEMP2		False	-1.3979400086720375
FAM187B	ENSG00000177558	True	-1.3979400086720375
EDDM3B	ENSG00000181552	True	-1.3979400086720375
ANKRD9	ENSG00000156381	True	-1.3979400086720375
C1orf74	ENSG00000162757	True	-1.3979400086720375
QRFP	ENSG00000188710	True	-1.3979400086720375
OTOP3		False	-1.3979400086720375
ZNF385C		False	-1.3979400086720375
SRRM5	ENSG00000226763	True	-1.3979400086720375
ENTPD4	ENSG00000197217	True	-1.3979400086720375
TMEM127		False	-1.3979400086720375
GALNT11	ENSG00000178234	True	-1.3979400086720375
HES7	ENSG00000179111	True	-1.3979400086720375
PGAP4	ENSG00000165152	True	-1.3979400086720375
TNFRSF11B	ENSG00000164761	True	-1.3979400086720375
KCNC2	ENSG00000166006	True	-1.3979400086720375
ABHD3	ENSG00000158201	True	-1.3979400086720375
WNT9A		False	-1.3979400086720375
KLHL14	ENSG00000197705	True	-1.408935392973501
ZNF721		False	-1.408935392973501
BHLHA9		False	-1.408935392973501
ST6GAL2	ENSG00000144057	True	-1.408935392973501
ZNF597	ENSG00000167981	True	-1.408935392973501
MICA		False	-1.408935392973501
ZNF302		False	-1.408935392973501
SYCP1	ENSG00000198765	True	-1.408935392973501
PM20D1		False	-1.408935392973501
TMEM80	ENSG00000177042	True	-1.408935392973501
SCN8A		False	-1.408935392973501
KCNA7		False	-1.408935392973501
KIAA0408	ENSG00000189367	True	-1.408935392973501
BRINP2	ENSG00000198797	True	-1.408935392973501
PPP1R27	ENSG00000182676	True	-1.408935392973501
AIFM3		False	-1.408935392973501
MAGEB6B		False	-1.408935392973501
DGKI		False	-1.408935392973501
ZNF117		False	-1.408935392973501
CHRNA1	ENSG00000138435	True	-1.408935392973501
NUDT17	ENSG00000186364	True	-1.408935392973501
ADAMTS15	ENSG00000166106	True	-1.408935392973501
NRN1L	ENSG00000188038	True	-1.408935392973501
NOG	ENSG00000183691	True	-1.408935392973501
OR5D18		False	-1.408935392973501
GDF5	ENSG00000125965	True	-1.408935392973501
PAQR9	ENSG00000188582	True	-1.408935392973501
OR1M1		False	-1.408935392973501
VXN		False	-1.408935392973501
ZNF679		False	-1.408935392973501
AKAP3	ENSG00000111254	True	-1.408935392973501
LYG1		False	-1.408935392973501
FOXD4	ENSG00000170122	True	-1.408935392973501
CHODL	ENSG00000154645	True	-1.408935392973501
ZNF860	ENSG00000197385	True	-1.408935392973501
DENND2A		False	-1.408935392973501
TTC23L	ENSG00000205838	True	-1.408935392973501
SLC30A10	ENSG00000196660	True	-1.408935392973501
NMUR1	ENSG00000171596	True	-1.408935392973501
MYO18B	ENSG00000133454	True	-1.408935392973501
CBLC	ENSG00000142273	True	-1.408935392973501
ZNF44	ENSG00000197857	True	-1.408935392973501
CYB5RL	ENSG00000215883	True	-1.408935392973501
RTN4R		False	-1.408935392973501
SLC4A11	ENSG00000088836	True	-1.408935392973501
NXF3	ENSG00000147206	True	-1.408935392973501
ZNF250	ENSG00000196150	True	-1.408935392973501
CDY2A	ENSG00000182415	True	-1.408935392973501
CDY2B	ENSG00000129873	True	-1.408935392973501
LRFN4	ENSG00000173621	True	-1.408935392973501
TMEM104	ENSG00000109066	True	-1.408935392973501
MYO15B		False	-1.408935392973501
C11orf24	ENSG00000171067	True	-1.408935392973501
ZAR1		False	-1.408935392973501
COL25A1		False	-1.408935392973501
ARL14		False	-1.408935392973501
CSRNP2	ENSG00000110925	True	-1.408935392973501
DLEC1	ENSG00000008226	True	-1.408935392973501
RNF145	ENSG00000145860	True	-1.408935392973501
GRIN3A		False	-1.408935392973501
CACHD1	ENSG00000158966	True	-1.408935392973501
RBMY1J	ENSG00000226941	True	-1.408935392973501
RBMY1F	ENSG00000169800	True	-1.408935392973501
C4orf36	ENSG00000163633	True	-1.408935392973501
ENSP00000420949		False	-1.408935392973501
EMX2	ENSG00000170370	True	-1.408935392973501
PRSS38		False	-1.408935392973501
NR2E1	ENSG00000112333	True	-1.408935392973501
SLC22A13	ENSG00000172940	True	-1.408935392973501
CIART	ENSG00000159208	True	-1.408935392973501
TSPY4	ENSG00000233803	True	-1.408935392973501
TSPY10	ENSG00000236424	True	-1.408935392973501
TSPY3	ENSG00000228927	True	-1.408935392973501
TLR7	ENSG00000196664	True	-1.408935392973501
PDE6C		False	-1.408935392973501
PRSS58		False	-1.408935392973501
CTC1		False	-1.408935392973501
MEIOC	ENSG00000180336	True	-1.408935392973501
SLC10A4	ENSG00000145248	True	-1.408935392973501
DEFB108B		False	-1.408935392973501
SCNN1D	ENSG00000162572	True	-1.408935392973501
GCKR	ENSG00000084734	True	-1.408935392973501
FRMPD1	ENSG00000070601	True	-1.4202164033831899
MILR1	ENSG00000271605	True	-1.4202164033831899
C17orf67	ENSG00000214226	True	-1.4202164033831899
GPATCH3	ENSG00000198746	True	-1.4202164033831899
DAGLA	ENSG00000134780	True	-1.4202164033831899
CLVS1	ENSG00000177182	True	-1.4202164033831899
OR8S1		False	-1.4202164033831899
PLEKHM3	ENSG00000178385	True	-1.4202164033831899
HLX	ENSG00000136630	True	-1.4202164033831899
TTC30B	ENSG00000196659	True	-1.4202164033831899
GOLGA8T		False	-1.4202164033831899
ZNF343	ENSG00000088876	True	-1.4202164033831899
ZNF124	ENSG00000196418	True	-1.4202164033831899
OLIG2	ENSG00000205927	True	-1.4202164033831899
PROKR1	ENSG00000169618	True	-1.4202164033831899
ASNSD1	ENSG00000138381	True	-1.4202164033831899
GPR17	ENSG00000144230	True	-1.4202164033831899
THAP10	ENSG00000129028	True	-1.4202164033831899
RNASEK	ENSG00000219200	True	-1.4202164033831899
RNF38	ENSG00000137075	True	-1.4202164033831899
SHISA2	ENSG00000180730	True	-1.4202164033831899
MCMDC2		False	-1.4202164033831899
ZNF723		False	-1.4202164033831899
OR6C2		False	-1.4202164033831899
SEMA4F	ENSG00000135622	True	-1.4202164033831899
BCDIN3D	ENSG00000186666	True	-1.4202164033831899
TBC1D31	ENSG00000156787	True	-1.4202164033831899
PPP1R3B	ENSG00000173281	True	-1.4202164033831899
MEIOB		False	-1.4202164033831899
GABRB1		False	-1.4202164033831899
PRR23B	ENSG00000184814	True	-1.4202164033831899
PTPN20	ENSG00000204179	True	-1.4202164033831899
KLF7	ENSG00000118263	True	-1.4202164033831899
EFHB		False	-1.4202164033831899
TAF11L11		False	-1.4202164033831899
PHEX		False	-1.4202164033831899
FSTL5		False	-1.4202164033831899
AGTR1	ENSG00000144891	True	-1.4202164033831899
FFAR4		False	-1.4202164033831899
GPR37L1	ENSG00000170075	True	-1.4202164033831899
ENC1		False	-1.4202164033831899
PP2D1	ENSG00000183977	True	-1.4202164033831899
V9GYV3_HUMAN		False	-1.4202164033831899
RPRM		False	-1.4202164033831899
C3orf14	ENSG00000114405	True	-1.4202164033831899
GPR161	ENSG00000143147	True	-1.4202164033831899
ANKRD61	ENSG00000157999	True	-1.4202164033831899
P2RX5	ENSG00000083454	True	-1.4202164033831899
RIMBP2		False	-1.4202164033831899
SPAG16	ENSG00000144451	True	-1.4202164033831899
MMP25	ENSG00000008516	True	-1.4202164033831899
CPXCR1		False	-1.4202164033831899
CACNA1E		False	-1.4202164033831899
TULP4	ENSG00000130338	True	-1.4202164033831899
HOXC8	ENSG00000037965	True	-1.4202164033831899
LRRC49	ENSG00000137821	True	-1.4202164033831899
FAM43A	ENSG00000185112	True	-1.4202164033831899
TSPY2	ENSG00000168757	True	-1.4202164033831899
ZNF439	ENSG00000171291	True	-1.4202164033831899
HS6ST1		False	-1.4202164033831899
CCDC178		False	-1.4202164033831899
HS3ST2	ENSG00000122254	True	-1.4202164033831899
CCDC177		False	-1.4202164033831899
ADARB2		False	-1.4202164033831899
ZNF782	ENSG00000196597	True	-1.4202164033831899
TMC5	ENSG00000103534	True	-1.4202164033831899
PCDHAC2		False	-1.4202164033831899
GOLGA8J		False	-1.4202164033831899
ABCD2		False	-1.4202164033831899
P2RY4	ENSG00000186912	True	-1.4202164033831899
MAP3K19		False	-1.431798275933005
FANK1		False	-1.431798275933005
C10orf113		False	-1.431798275933005
CENPW		False	-1.431798275933005
CASC1		False	-1.431798275933005
MPEG1	ENSG00000197629	True	-1.431798275933005
SIM2	ENSG00000159263	True	-1.431798275933005
ETFBKMT	ENSG00000139160	True	-1.431798275933005
OR4D10		False	-1.431798275933005
B9D2	ENSG00000123810	True	-1.431798275933005
HJV		False	-1.431798275933005
B3GNTL1	ENSG00000175711	True	-1.431798275933005
C16orf71		False	-1.431798275933005
ADAMTS8	ENSG00000134917	True	-1.431798275933005
THSD1	ENSG00000136114	True	-1.431798275933005
SLC7A3		False	-1.431798275933005
CNTNAP3B	ENSG00000154529	True	-1.431798275933005
ZFP30	ENSG00000120784	True	-1.431798275933005
RPUSD1	ENSG00000007376	True	-1.431798275933005
FAM227A	ENSG00000184949	True	-1.431798275933005
AKNAD1	ENSG00000162641	True	-1.431798275933005
TULP2		False	-1.431798275933005
GJB3		False	-1.431798275933005
LINC02218		False	-1.431798275933005
TSSK6		False	-1.431798275933005
FYB2		False	-1.431798275933005
UNC5A		False	-1.431798275933005
TDRD5	ENSG00000162782	True	-1.431798275933005
SNX13		False	-1.431798275933005
MC3R	ENSG00000124089	True	-1.431798275933005
SLX1A	ENSG00000132207	True	-1.431798275933005
SLX1B	ENSG00000181625	True	-1.431798275933005
ZSCAN12	ENSG00000158691	True	-1.431798275933005
TSPAN11		False	-1.431798275933005
FBXO47	ENSG00000204952	True	-1.431798275933005
IQCN	ENSG00000130518	True	-1.431798275933005
HOXB13	ENSG00000159184	True	-1.431798275933005
ZNF682	ENSG00000197124	True	-1.431798275933005
ZNF239	ENSG00000196793	True	-1.431798275933005
ZNF474		False	-1.431798275933005
ISM1		False	-1.431798275933005
C19orf71		False	-1.431798275933005
KIAA1549L		False	-1.431798275933005
GLOD5	ENSG00000171433	True	-1.431798275933005
DEFB119	ENSG00000180483	True	-1.431798275933005
LMLN	ENSG00000185621	True	-1.431798275933005
GPR171	ENSG00000174946	True	-1.431798275933005
CPA5		False	-1.431798275933005
PASD1	ENSG00000166049	True	-1.431798275933005
OR13J1		False	-1.431798275933005
DUOX2		False	-1.431798275933005
STPG3		False	-1.431798275933005
SHANK1	ENSG00000161681	True	-1.431798275933005
TAAR1	ENSG00000146399	True	-1.431798275933005
CCND2	ENSG00000118971	True	-1.431798275933005
KLHL33	ENSG00000185271	True	-1.431798275933005
TAAR6		False	-1.431798275933005
OR2A5		False	-1.431798275933005
ZSCAN1	ENSG00000152467	True	-1.431798275933005
ZNF728		False	-1.431798275933005
SHCBP1L	ENSG00000157060	True	-1.431798275933005
DNAJC14	ENSG00000135392	True	-1.431798275933005
MIER2	ENSG00000105556	True	-1.431798275933005
SLC22A5		False	-1.431798275933005
OCM2	ENSG00000135175	True	-1.431798275933005
C15orf65		False	-1.431798275933005
ANGPT2	ENSG00000091879	True	-1.431798275933005
GJD2		False	-1.431798275933005
CRX	ENSG00000105392	True	-1.431798275933005
SLC35F3	ENSG00000183780	True	-1.431798275933005
SLC17A2	ENSG00000112337	True	-1.431798275933005
SLCO4C1		False	-1.431798275933005
CCDC121	ENSG00000176714	True	-1.431798275933005
DAZ1	ENSG00000188120	True	-1.431798275933005
ZGRF1	ENSG00000138658	True	-1.431798275933005
PKNOX2	ENSG00000165495	True	-1.431798275933005
LRRC72	ENSG00000205858	True	-1.431798275933005
ZNF726		False	-1.431798275933005
HOXC11	ENSG00000123388	True	-1.431798275933005
LGALS16		False	-1.431798275933005
ZNF180	ENSG00000167384	True	-1.4436974992327127
NPTX2	ENSG00000106236	True	-1.4436974992327127
CYP39A1		False	-1.4436974992327127
DUSP19	ENSG00000162999	True	-1.4436974992327127
PRRT1-2		False	-1.4436974992327127
OR5AC2		False	-1.4436974992327127
YPEL1	ENSG00000100027	True	-1.4436974992327127
CCDC66	ENSG00000180376	True	-1.4436974992327127
COL22A1	ENSG00000169436	True	-1.4436974992327127
TET1		False	-1.4436974992327127
PTCH2		False	-1.4436974992327127
C5AR1	ENSG00000197405	True	-1.4436974992327127
C2orf50	ENSG00000150873	True	-1.4436974992327127
LYZL1		False	-1.4436974992327127
TRPM6		False	-1.4436974992327127
ELAC1	ENSG00000141642	True	-1.4436974992327127
THEM5		False	-1.4436974992327127
ZNF407	ENSG00000215421	True	-1.4436974992327127
CYP26A1		False	-1.4436974992327127
CIDEA		False	-1.4436974992327127
ZNF12		False	-1.4436974992327127
RPGR	ENSG00000156313	True	-1.4436974992327127
OR12D3		False	-1.4436974992327127
LRRC28	ENSG00000168904	True	-1.4436974992327127
TIGD4	ENSG00000169989	True	-1.4436974992327127
OR6K3	ENSG00000203757	True	-1.4436974992327127
DLX3		False	-1.4436974992327127
FAM216A	ENSG00000204856	True	-1.4436974992327127
ZDHHC11	ENSG00000188818	True	-1.4436974992327127
LBHD1	ENSG00000162194	True	-1.4436974992327127
ZNF251	ENSG00000198169	True	-1.4436974992327127
LYPD6B	ENSG00000150556	True	-1.4436974992327127
NTN3	ENSG00000162068	True	-1.4436974992327127
HCN3	ENSG00000143630	True	-1.4436974992327127
DEPDC4	ENSG00000166153	True	-1.4436974992327127
ACTRT1	ENSG00000123165	True	-1.4436974992327127
ANO9	ENSG00000185101	True	-1.4436974992327127
REC114		False	-1.4436974992327127
CDK5R1		False	-1.4436974992327127
GAB4	ENSG00000215568	True	-1.4436974992327127
PCDHGA1	ENSG00000204956	True	-1.4436974992327127
ZNF570	ENSG00000171827	True	-1.4436974992327127
CCM2L	ENSG00000101331	True	-1.4436974992327127
LRR1	ENSG00000165501	True	-1.4436974992327127
VGLL2		False	-1.4436974992327127
WSB2	ENSG00000176871	True	-1.4436974992327127
PARP15		False	-1.4436974992327127
ACKR1	ENSG00000213088	True	-1.4436974992327127
REXO5	ENSG00000005189	True	-1.4436974992327127
HMCN2	ENSG00000148357	True	-1.4436974992327127
FBXL7	ENSG00000183580	True	-1.4436974992327127
OTOA	ENSG00000155719	True	-1.4436974992327127
ZNF595		False	-1.4436974992327127
MORN1	ENSG00000116151	True	-1.4436974992327127
MIXL1		False	-1.4436974992327127
HSF5	ENSG00000176160	True	-1.4436974992327127
SORCS1	ENSG00000108018	True	-1.4436974992327127
IL7R	ENSG00000168685	True	-1.4436974992327127
P2RY8	ENSG00000182162	True	-1.4436974992327127
MAGIX	ENSG00000269313	True	-1.4436974992327127
CLVS2	ENSG00000146352	True	-1.4436974992327127
IDO2		False	-1.4436974992327127
GABRA4		False	-1.4436974992327127
TENM2	ENSG00000145934	True	-1.4436974992327127
SLC22A9		False	-1.4436974992327127
TOGARAM2	ENSG00000189350	True	-1.4436974992327127
SYT3		False	-1.4436974992327127
CD40LG	ENSG00000102245	True	-1.4436974992327127
SPATA31E1	ENSG00000177992	True	-1.4436974992327127
ZNF470	ENSG00000197016	True	-1.4436974992327127
DEFB135		False	-1.4436974992327127
IL12B	ENSG00000113302	True	-1.4436974992327127
NR6A1		False	-1.4436974992327127
USP17L2	ENSG00000223443	True	-1.4559319556497243
CDC14C		False	-1.4559319556497243
IL17F		False	-1.4559319556497243
ARRDC2	ENSG00000105643	True	-1.4559319556497243
BNIP5	ENSG00000189325	True	-1.4559319556497243
NANOG	ENSG00000111704	True	-1.4559319556497243
ACOXL		False	-1.4559319556497243
DDIT3	ENSG00000175197	True	-1.4559319556497243
CBLN2		False	-1.4559319556497243
LRRIQ3	ENSG00000162620	True	-1.4559319556497243
JRK		False	-1.4559319556497243
ZNF33B	ENSG00000196693	True	-1.4559319556497243
LPAR3		False	-1.4559319556497243
LGI3		False	-1.4559319556497243
C17orf58	ENSG00000186665	True	-1.4559319556497243
TRMT44	ENSG00000155275	True	-1.4559319556497243
ADGRD1	ENSG00000111452	True	-1.4559319556497243
PCDH15		False	-1.4559319556497243
ZPBP	ENSG00000042813	True	-1.4559319556497243
TGDS	ENSG00000088451	True	-1.4559319556497243
C11orf16		False	-1.4559319556497243
POLH	ENSG00000170734	True	-1.4559319556497243
LRRC31		False	-1.4559319556497243
CGRRF1	ENSG00000100532	True	-1.4559319556497243
CDY1	ENSG00000172288	True	-1.4559319556497243
CDY1B	ENSG00000172352	True	-1.4559319556497243
IQSEC3		False	-1.4559319556497243
ROPN1B	ENSG00000114547	True	-1.4559319556497243
PCDHB16		False	-1.4559319556497243
GRM6	ENSG00000113262	True	-1.4559319556497243
TECRL		False	-1.4559319556497243
ZAR1L	ENSG00000189167	True	-1.4559319556497243
SYCE1L		False	-1.4559319556497243
ROPN1L	ENSG00000145491	True	-1.4559319556497243
ZNF484	ENSG00000127081	True	-1.4559319556497243
BCO1		False	-1.4559319556497243
FRAS1	ENSG00000138759	True	-1.4559319556497243
DUSP8	ENSG00000184545	True	-1.4559319556497243
CARD10	ENSG00000100065	True	-1.4559319556497243
KLF6	ENSG00000067082	True	-1.4559319556497243
DNAJB13	ENSG00000187726	True	-1.4559319556497243
FGF9	ENSG00000102678	True	-1.4559319556497243
P2RY1	ENSG00000169860	True	-1.4559319556497243
EFCAB5		False	-1.4559319556497243
ATF7IP2	ENSG00000166669	True	-1.4559319556497243
SCGB1D4		False	-1.4559319556497243
EBLN1		False	-1.4559319556497243
NEUROG3	ENSG00000122859	True	-1.4559319556497243
MMP28		False	-1.4559319556497243
AVPR1A		False	-1.4559319556497243
ZNF236	ENSG00000130856	True	-1.4559319556497243
TMEM229B	ENSG00000198133	True	-1.4559319556497243
USP38	ENSG00000170185	True	-1.4559319556497243
ZIK1	ENSG00000171649	True	-1.4559319556497243
TLCD4		False	-1.4559319556497243
TBX6		False	-1.4559319556497243
SLC35G4		False	-1.4559319556497243
MORN4	ENSG00000171160	True	-1.4559319556497243
POTEG		False	-1.4559319556497243
PLK3	ENSG00000173846	True	-1.4559319556497243
HMGXB3		False	-1.4559319556497243
SLC2A9	ENSG00000109667	True	-1.4559319556497243
RSPH9	ENSG00000172426	True	-1.4559319556497243
MROH7	ENSG00000184313	True	-1.4559319556497243
ROPN1	ENSG00000065371	True	-1.4559319556497243
CCR3	ENSG00000183625	True	-1.4559319556497243
CMTM2		False	-1.4559319556497243
TNFRSF11A	ENSG00000141655	True	-1.4559319556497243
GPC2	ENSG00000213420	True	-1.4559319556497243
BPIFA3	ENSG00000131059	True	-1.4559319556497243
NBPF11	ENSG00000263956	True	-1.4559319556497243
ZNF568	ENSG00000198453	True	-1.4559319556497243
TMEM144		False	-1.4559319556497243
RIMS4	ENSG00000101098	True	-1.4559319556497243
DZIP1L	ENSG00000158163	True	-1.4559319556497243
SLAMF9	ENSG00000162723	True	-1.4559319556497243
PLCZ1		False	-1.4559319556497243
ZNF420	ENSG00000197050	True	-1.4559319556497243
ZFP92	ENSG00000189420	True	-1.4685210829577449
EDAR	ENSG00000135960	True	-1.4685210829577449
PCDH11Y		False	-1.4685210829577449
PSPN	ENSG00000125650	True	-1.4685210829577449
CLCNKB	ENSG00000184908	True	-1.4685210829577449
COX7B2		False	-1.4685210829577449
CNR2	ENSG00000188822	True	-1.4685210829577449
GPR20		False	-1.4685210829577449
OR13A1	ENSG00000256574	True	-1.4685210829577449
OR4D11		False	-1.4685210829577449
NINL	ENSG00000101004	True	-1.4685210829577449
SH2D1B	ENSG00000198574	True	-1.4685210829577449
ARMC3	ENSG00000165309	True	-1.4685210829577449
SLC45A3	ENSG00000158715	True	-1.4685210829577449
DUSP1		False	-1.4685210829577449
CCDC155		False	-1.4685210829577449
PHLPP2	ENSG00000040199	True	-1.4685210829577449
SETD9		False	-1.4685210829577449
KCNF1	ENSG00000162975	True	-1.4685210829577449
CLUL1	ENSG00000079101	True	-1.4685210829577449
KRCC1	ENSG00000172086	True	-1.4685210829577449
NEIL1	ENSG00000140398	True	-1.4685210829577449
ZNF670	ENSG00000277462	True	-1.4685210829577449
KLRB1	ENSG00000111796	True	-1.4685210829577449
SLC16A6	ENSG00000108932	True	-1.4685210829577449
IFNA16	ENSG00000147885	True	-1.4685210829577449
NOXO1	ENSG00000196408	True	-1.4685210829577449
LRRC6		False	-1.4685210829577449
LENEP		False	-1.4685210829577449
DDIT4L		False	-1.4685210829577449
SLC35G1		False	-1.4685210829577449
DCC	ENSG00000187323	True	-1.4685210829577449
RNF113B		False	-1.4685210829577449
ZFAT	ENSG00000066827	True	-1.4685210829577449
FAM71D		False	-1.4685210829577449
ERN2	ENSG00000134398	True	-1.4685210829577449
MINAR1	ENSG00000169330	True	-1.4685210829577449
ZNF714		False	-1.4685210829577449
ZNF613	ENSG00000176024	True	-1.4685210829577449
MLANA	ENSG00000120215	True	-1.4685210829577449
ELOA2	ENSG00000206181	True	-1.4685210829577449
THRB	ENSG00000151090	True	-1.4685210829577449
DUSP18	ENSG00000167065	True	-1.4685210829577449
ZNF224	ENSG00000267680	True	-1.4685210829577449
TMEM54	ENSG00000121900	True	-1.4685210829577449
ZNF519	ENSG00000175322	True	-1.4685210829577449
PAX4		False	-1.4685210829577449
OSR1	ENSG00000143867	True	-1.4685210829577449
CHRM5	ENSG00000184984	True	-1.4685210829577449
KIF17	ENSG00000117245	True	-1.4685210829577449
FRS3	ENSG00000137218	True	-1.4685210829577449
C1orf141		False	-1.4685210829577449
SHISAL2B	ENSG00000145642	True	-1.4685210829577449
ZNF527	ENSG00000189164	True	-1.4685210829577449
ARMH1	ENSG00000198520	True	-1.4685210829577449
UMODL1	ENSG00000177398	True	-1.4685210829577449
FZD10	ENSG00000111432	True	-1.4685210829577449
B3GAT1	ENSG00000109956	True	-1.4685210829577449
ROBO2	ENSG00000185008	True	-1.4685210829577449
KIAA2012	ENSG00000182329	True	-1.4685210829577449
DYRK4	ENSG00000010219	True	-1.4685210829577449
ADRA1B		False	-1.4685210829577449
ACTRT2	ENSG00000169717	True	-1.4685210829577449
RGS8	ENSG00000135824	True	-1.4685210829577449
FBXL22	ENSG00000197361	True	-1.4685210829577449
HES3	ENSG00000173673	True	-1.4685210829577449
FER1L6	ENSG00000214814	True	-1.4685210829577449
ADAM28	ENSG00000042980	True	-1.4685210829577449
ZNF772	ENSG00000197128	True	-1.4685210829577449
TNKS	ENSG00000173273	True	-1.4685210829577449
F2RL2		False	-1.4685210829577449
CER1	ENSG00000147869	True	-1.4685210829577449
ZNF300	ENSG00000145908	True	-1.4685210829577449
MTBP	ENSG00000172167	True	-1.4685210829577449
MAFIP		False	-1.4685210829577449
DRP2		False	-1.4685210829577449
ADAM19		False	-1.4685210829577449
GAL3ST2	ENSG00000154252	True	-1.4685210829577449
IL3RA	ENSG00000185291	True	-1.4685210829577449
TAS2R39	ENSG00000236398	True	-1.4814860601221125
DENND5B	ENSG00000170456	True	-1.4814860601221125
LOC102724250		False	-1.4814860601221125
PBOV1	ENSG00000254440	True	-1.4814860601221125
SLC5A8		False	-1.4814860601221125
DISP2	ENSG00000140323	True	-1.4814860601221125
ZNF416		False	-1.4814860601221125
MAP3K7CL	ENSG00000156265	True	-1.4814860601221125
C14orf177		False	-1.4814860601221125
C11orf53		False	-1.4814860601221125
RORB	ENSG00000198963	True	-1.4814860601221125
FAM110C	ENSG00000184731	True	-1.4814860601221125
MORN3	ENSG00000139714	True	-1.4814860601221125
CH25H		False	-1.4814860601221125
TRPV6	ENSG00000165125	True	-1.4814860601221125
NTF3	ENSG00000185652	True	-1.4814860601221125
NXPE3	ENSG00000144815	True	-1.4814860601221125
NRROS	ENSG00000174004	True	-1.4814860601221125
ZNF507	ENSG00000168813	True	-1.4814860601221125
RASGEF1B	ENSG00000138670	True	-1.4814860601221125
PIM1	ENSG00000137193	True	-1.4814860601221125
IL18RAP	ENSG00000115607	True	-1.4814860601221125
ZNF382	ENSG00000161298	True	-1.4814860601221125
BAALC	ENSG00000164929	True	-1.4814860601221125
SLC25A53	ENSG00000269743	True	-1.4814860601221125
YI018_HUMAN		False	-1.4814860601221125
TPST1	ENSG00000169902	True	-1.4814860601221125
DCAF12L1	ENSG00000198889	True	-1.4814860601221125
IFFO2	ENSG00000169991	True	-1.4814860601221125
PCDHA2	ENSG00000204969	True	-1.4814860601221125
AOAH	ENSG00000136250	True	-1.4814860601221125
ZNF611		False	-1.4814860601221125
L3MBTL1		False	-1.4814860601221125
HOXA9	ENSG00000078399	True	-1.4814860601221125
C16orf72		False	-1.4814860601221125
ITPRID1	ENSG00000180347	True	-1.4814860601221125
LINGO2	ENSG00000174482	True	-1.4814860601221125
ESRRB		False	-1.4814860601221125
PHF19		False	-1.4814860601221125
ZNF841		False	-1.4814860601221125
CBY2	ENSG00000174015	True	-1.4814860601221125
SIX2		False	-1.4814860601221125
CCDC182	ENSG00000166329	True	-1.4814860601221125
FAM153B		False	-1.4814860601221125
IL20RA	ENSG00000016402	True	-1.4814860601221125
FAM153A	ENSG00000170074	True	-1.4814860601221125
SEPTIN4	ENSG00000108387	True	-1.4814860601221125
PCNX2	ENSG00000135749	True	-1.4814860601221125
TERT	ENSG00000164362	True	-1.4814860601221125
EFCAB13	ENSG00000178852	True	-1.4814860601221125
CNTNAP3C		False	-1.4814860601221125
JPH3		False	-1.4814860601221125
SPEG	ENSG00000072195	True	-1.4814860601221125
RCBTB2	ENSG00000136161	True	-1.4814860601221125
OR1N1		False	-1.4814860601221125
ZNF529	ENSG00000186020	True	-1.4814860601221125
AWAT2	ENSG00000147160	True	-1.4814860601221125
ZDBF2	ENSG00000204186	True	-1.4814860601221125
INSYN1	ENSG00000205363	True	-1.4814860601221125
ZNF879	ENSG00000234284	True	-1.4814860601221125
ZIC4	ENSG00000174963	True	-1.4814860601221125
ZNF549	ENSG00000121406	True	-1.4814860601221125
IZUMO1	ENSG00000182264	True	-1.4814860601221125
MORC4	ENSG00000133131	True	-1.4814860601221125
TMEM170A		False	-1.4814860601221125
FAM218A		False	-1.4814860601221125
GRPR		False	-1.4814860601221125
KLHL24	ENSG00000114796	True	-1.4814860601221125
TEX52		False	-1.4814860601221125
ZNF713	ENSG00000178665	True	-1.4814860601221125
LRRC4		False	-1.4814860601221125
C12orf71	ENSG00000214700	True	-1.4814860601221125
SLC25A38	ENSG00000144659	True	-1.4814860601221125
SLC25A39	ENSG00000013306	True	-1.4814860601221125
ETDC		False	-1.4814860601221125
ZNF283		False	-1.4814860601221125
PRSS37	ENSG00000165076	True	-1.4814860601221125
GOLGA6B	ENSG00000215186	True	-1.4814860601221125
PRDM14	ENSG00000147596	True	-1.4814860601221125
ALX3		False	-1.4814860601221125
CENPVL1		False	-1.4814860601221125
CENPVL2		False	-1.4814860601221125
ZSCAN22	ENSG00000182318	True	-1.4814860601221125
OR10Q1	ENSG00000180475	True	-1.4814860601221125
ZYG11A	ENSG00000203995	True	-1.4814860601221125
GOLGA8H		False	-1.4814860601221125
CFAP65	ENSG00000181378	True	-1.4814860601221125
EDA2R		False	-1.4814860601221125
VN1R4	ENSG00000228567	True	-1.4814860601221125
REP15	ENSG00000174236	True	-1.4814860601221125
BTNL8	ENSG00000113303	True	-1.4814860601221125
KLHL29	ENSG00000119771	True	-1.4814860601221125
TESK1		False	-1.4814860601221125
PCDHA4	ENSG00000204967	True	-1.4814860601221125
ODC1	ENSG00000115758	True	-1.4814860601221125
C10orf53	ENSG00000178645	True	-1.4814860601221125
SKIDA1	ENSG00000180592	True	-1.494850021680094
ABHD16B	ENSG00000183260	True	-1.494850021680094
SLC35A5	ENSG00000138459	True	-1.494850021680094
FAM124B	ENSG00000124019	True	-1.494850021680094
RSKR	ENSG00000167524	True	-1.494850021680094
FBXO31	ENSG00000103264	True	-1.494850021680094
ZNF415	ENSG00000170954	True	-1.494850021680094
WDR72	ENSG00000166415	True	-1.494850021680094
NFKBID		False	-1.494850021680094
SLC35E2B	ENSG00000189339	True	-1.494850021680094
KLHL40	ENSG00000157119	True	-1.494850021680094
ETV2		False	-1.494850021680094
CEP95	ENSG00000258890	True	-1.494850021680094
HARBI1	ENSG00000180423	True	-1.494850021680094
ZNF626	ENSG00000188171	True	-1.494850021680094
LRAT		False	-1.494850021680094
CDC20B	ENSG00000164287	True	-1.494850021680094
ECE2		False	-1.494850021680094
ARHGAP33	ENSG00000004777	True	-1.494850021680094
TRAPPC3L		False	-1.494850021680094
TAS2R1	ENSG00000169777	True	-1.494850021680094
FNDC7	ENSG00000143107	True	-1.494850021680094
OR8B3		False	-1.494850021680094
LGI2	ENSG00000153012	True	-1.494850021680094
IL4	ENSG00000113520	True	-1.494850021680094
IQCG	ENSG00000114473	True	-1.494850021680094
SERTAD4	ENSG00000082497	True	-1.494850021680094
S1PR2	ENSG00000267534	True	-1.494850021680094
DOC2B	ENSG00000272636	True	-1.494850021680094
GPR6		False	-1.494850021680094
STX19	ENSG00000178750	True	-1.494850021680094
NFAM1	ENSG00000235568	True	-1.494850021680094
BTBD8	ENSG00000189195	True	-1.494850021680094
ACVR2B	ENSG00000114739	True	-1.494850021680094
C1orf127	ENSG00000175262	True	-1.494850021680094
GPR26	ENSG00000154478	True	-1.494850021680094
PDP2	ENSG00000172840	True	-1.494850021680094
ENDOV		False	-1.494850021680094
OR10X1		False	-1.494850021680094
RASL10A	ENSG00000100276	True	-1.494850021680094
SNX25		False	-1.494850021680094
CCDC159	ENSG00000183401	True	-1.494850021680094
IL21		False	-1.494850021680094
ANGEL1	ENSG00000013523	True	-1.494850021680094
ZNF736	ENSG00000234444	True	-1.494850021680094
LCT		False	-1.494850021680094
MFSD4B	ENSG00000173214	True	-1.494850021680094
ZDHHC16	ENSG00000171307	True	-1.494850021680094
IL17RB	ENSG00000056736	True	-1.494850021680094
GPR25		False	-1.494850021680094
KCNJ3	ENSG00000162989	True	-1.494850021680094
DIRAS3	ENSG00000162595	True	-1.494850021680094
PLSCR2		False	-1.494850021680094
PHKG1	ENSG00000164776	True	-1.494850021680094
SHE	ENSG00000169291	True	-1.494850021680094
FBXL4	ENSG00000112234	True	-1.494850021680094
DUOXA2	ENSG00000140274	True	-1.494850021680094
SPATA4	ENSG00000150628	True	-1.494850021680094
FAM124A	ENSG00000150510	True	-1.494850021680094
OR5H14		False	-1.494850021680094
OR2T8		False	-1.494850021680094
DIPK2B	ENSG00000147113	True	-1.494850021680094
ZFHX4	ENSG00000091656	True	-1.494850021680094
PROK1		False	-1.494850021680094
USP26	ENSG00000134588	True	-1.494850021680094
ADAMTS18	ENSG00000140873	True	-1.494850021680094
PCDHB11	ENSG00000197479	True	-1.494850021680094
SPINK13	ENSG00000214510	True	-1.494850021680094
PLD6	ENSG00000179598	True	-1.494850021680094
GALNT9		False	-1.494850021680094
AK7	ENSG00000140057	True	-1.494850021680094
SLC38A4		False	-1.494850021680094
SWT1	ENSG00000116668	True	-1.494850021680094
ZNF891	ENSG00000214029	True	-1.494850021680094
TAS2R42	ENSG00000186136	True	-1.5086383061657274
C2orf16	ENSG00000221843	True	-1.5086383061657274
LYPD6	ENSG00000187123	True	-1.5086383061657274
GOLGA8K		False	-1.5086383061657274
CLEC4D	ENSG00000166527	True	-1.5086383061657274
NANOGP8		False	-1.5086383061657274
AUNIP	ENSG00000127423	True	-1.5086383061657274
KLHL6	ENSG00000172578	True	-1.5086383061657274
SLCO1B7		False	-1.5086383061657274
ZBTB39	ENSG00000166860	True	-1.5086383061657274
APOL5		False	-1.5086383061657274
TMEM215		False	-1.5086383061657274
CCDC103		False	-1.5086383061657274
PPP2R3B		False	-1.5086383061657274
ZNF699	ENSG00000196110	True	-1.5086383061657274
SSC4D	ENSG00000146700	True	-1.5086383061657274
ZHX1-C8orf76	ENSG00000259305	True	-1.5086383061657274
ADAMTS17		False	-1.5086383061657274
RIMKLA	ENSG00000177181	True	-1.5086383061657274
GRIK3		False	-1.5086383061657274
TNKS2		False	-1.5086383061657274
IL15RA	ENSG00000134470	True	-1.5086383061657274
ZNF774	ENSG00000196391	True	-1.5086383061657274
PPP1R3A	ENSG00000154415	True	-1.5086383061657274
CNTNAP5		False	-1.5086383061657274
RNFT2	ENSG00000135119	True	-1.5086383061657274
NRSN1	ENSG00000152954	True	-1.5086383061657274
RRH		False	-1.5086383061657274
PGPEP1L	ENSG00000183571	True	-1.5086383061657274
ASCL5		False	-1.5086383061657274
STOX2	ENSG00000173320	True	-1.5086383061657274
ZMYND19	ENSG00000165724	True	-1.5086383061657274
TRIM6-TRIM34		False	-1.5086383061657274
ANKLE1	ENSG00000160117	True	-1.5086383061657274
IL31RA	ENSG00000164509	True	-1.5086383061657274
HEPACAM2		False	-1.5086383061657274
MOK		False	-1.5086383061657274
AARD		False	-1.5086383061657274
CNMD	ENSG00000136110	True	-1.5086383061657274
OR4X1		False	-1.5086383061657274
GSTO2	ENSG00000065621	True	-1.5086383061657274
ZNF837	ENSG00000152475	True	-1.5086383061657274
CCDC24	ENSG00000159214	True	-1.5086383061657274
GABRA2		False	-1.5086383061657274
MBOAT1		False	-1.5086383061657274
FGF19	ENSG00000162344	True	-1.5086383061657274
KCNH6	ENSG00000173826	True	-1.5086383061657274
NKX6-2		False	-1.5086383061657274
CASD1	ENSG00000127995	True	-1.5086383061657274
SPACA1	ENSG00000118434	True	-1.5086383061657274
BTBD16	ENSG00000138152	True	-1.5086383061657274
ZNF776	ENSG00000152443	True	-1.5086383061657274
TNFSF12	ENSG00000239697	True	-1.5086383061657274
SLC22A10		False	-1.5086383061657274
ZNF75D	ENSG00000186376	True	-1.5086383061657274
ERV3-1	ENSG00000213462	True	-1.5086383061657274
IFNA1	ENSG00000197919	True	-1.5086383061657274
PRSS12	ENSG00000164099	True	-1.5086383061657274
OR10P1		False	-1.5086383061657274
PNPLA1		False	-1.5086383061657274
GPRASP1	ENSG00000198932	True	-1.5086383061657274
SLITRK6	ENSG00000184564	True	-1.5086383061657274
C11orf86	ENSG00000173237	True	-1.5086383061657274
SALL1	ENSG00000103449	True	-1.5086383061657274
FOXD4L1	ENSG00000184492	True	-1.5086383061657274
FCRL2		False	-1.5086383061657274
ZNF114	ENSG00000178150	True	-1.5086383061657274
ZNF91		False	-1.5086383061657274
PEAK3	ENSG00000188305	True	-1.5086383061657274
NOD1		False	-1.5086383061657274
SYNE4	ENSG00000181392	True	-1.5086383061657274
TMEM200B	ENSG00000253304	True	-1.5086383061657274
OR1J4		False	-1.5086383061657274
KIR2DL1		False	-1.5086383061657274
TENM4	ENSG00000149256	True	-1.5086383061657274
SERTAD3		False	-1.5086383061657274
CHIC1	ENSG00000204116	True	-1.5086383061657274
IQCH	ENSG00000103599	True	-1.5086383061657274
KCNJ16	ENSG00000153822	True	-1.5086383061657274
FBXO43	ENSG00000156509	True	-1.5086383061657274
ELOVL4		False	-1.5086383061657274
BTNL9		False	-1.5086383061657274
KRTAP5-4		False	-1.5228787452803376
GRIN2C		False	-1.5228787452803376
IGSF6	ENSG00000140749	True	-1.5228787452803376
CA7	ENSG00000168748	True	-1.5228787452803376
RNF187	ENSG00000168159	True	-1.5228787452803376
AQP6	ENSG00000086159	True	-1.5228787452803376
MGAT5B		False	-1.5228787452803376
PEX12	ENSG00000108733	True	-1.5228787452803376
TAS2R13		False	-1.5228787452803376
RNPEPL1	ENSG00000142327	True	-1.5228787452803376
ZNF69	ENSG00000198429	True	-1.5228787452803376
KCND3	ENSG00000171385	True	-1.5228787452803376
FANCM		False	-1.5228787452803376
MFRP		False	-1.5228787452803376
CNGA1		False	-1.5228787452803376
SNTG2	ENSG00000172554	True	-1.5228787452803376
ADCY7	ENSG00000121281	True	-1.5228787452803376
GRIK4	ENSG00000149403	True	-1.5228787452803376
ZNF654	ENSG00000175105	True	-1.5228787452803376
MYADML2	ENSG00000185105	True	-1.5228787452803376
PLEKHH3	ENSG00000068137	True	-1.5228787452803376
PPARA	ENSG00000186951	True	-1.5228787452803376
TBC1D12	ENSG00000108239	True	-1.5228787452803376
GAPT	ENSG00000175857	True	-1.5228787452803376
TACR1	ENSG00000115353	True	-1.5228787452803376
TMEM47	ENSG00000147027	True	-1.5228787452803376
PRLHR	ENSG00000119973	True	-1.5228787452803376
IL1RL2		False	-1.5228787452803376
VPS37D	ENSG00000176428	True	-1.5228787452803376
DPY19L4	ENSG00000156162	True	-1.5228787452803376
SYT10		False	-1.5228787452803376
KRTAP4-16		False	-1.5228787452803376
CCDC89	ENSG00000179071	True	-1.5228787452803376
NEK5	ENSG00000197168	True	-1.5228787452803376
ZNF473	ENSG00000142528	True	-1.5228787452803376
ZNF737		False	-1.5228787452803376
ZFP37	ENSG00000136866	True	-1.5228787452803376
DEPDC7		False	-1.5228787452803376
ERCC6L2	ENSG00000182150	True	-1.5228787452803376
GPR150	ENSG00000178015	True	-1.5228787452803376
C20orf202		False	-1.5228787452803376
ZDHHC23	ENSG00000184307	True	-1.5228787452803376
ADGRF2		False	-1.5228787452803376
EPYC	ENSG00000083782	True	-1.5228787452803376
C1orf189		False	-1.5228787452803376
SLC16A11		False	-1.5228787452803376
TMEM31		False	-1.5228787452803376
WBP1	ENSG00000239779	True	-1.5228787452803376
CFAP221		False	-1.5228787452803376
MPC1L		False	-1.5228787452803376
PRDM11	ENSG00000019485	True	-1.5228787452803376
KCNK4		False	-1.5228787452803376
GRM2	ENSG00000164082	True	-1.5228787452803376
NUTM2D		False	-1.5228787452803376
LRIT3	ENSG00000183423	True	-1.5228787452803376
CHST1		False	-1.5228787452803376
LBX2	ENSG00000179528	True	-1.5228787452803376
KIF19	ENSG00000196169	True	-1.5228787452803376
HCAR3	ENSG00000255398	True	-1.5228787452803376
KCNC3	ENSG00000131398	True	-1.5228787452803376
ETV5	ENSG00000244405	True	-1.5228787452803376
MTNR1B	ENSG00000134640	True	-1.5228787452803376
DUSP15	ENSG00000149599	True	-1.5228787452803376
PLA2G4E	ENSG00000188089	True	-1.5228787452803376
KIF27		False	-1.5228787452803376
NCR2	ENSG00000096264	True	-1.5228787452803376
GPRC6A		False	-1.5228787452803376
CCDC183	ENSG00000213213	True	-1.5228787452803376
PAGE3	ENSG00000204279	True	-1.5228787452803376
HYAL3	ENSG00000186792	True	-1.5228787452803376
CHSY3	ENSG00000198108	True	-1.5228787452803376
CNPPD1	ENSG00000115649	True	-1.5228787452803376
BCL2A1		False	-1.5228787452803376
JKAMP	ENSG00000050130	True	-1.5228787452803376
DNAH14	ENSG00000185842	True	-1.5228787452803376
TAAR8		False	-1.5228787452803376
ZNF333	ENSG00000160961	True	-1.5228787452803376
ZNF426	ENSG00000130818	True	-1.5228787452803376
CERK		False	-1.5228787452803376
KCNH7	ENSG00000184611	True	-1.5228787452803376
GLIS1	ENSG00000174332	True	-1.5228787452803376
SPAG4	ENSG00000061656	True	-1.5228787452803376
HOXD10		False	-1.5228787452803376
WFDC12		False	-1.5228787452803376
PELI3	ENSG00000174516	True	-1.5228787452803376
TAL2	ENSG00000186051	True	-1.5228787452803376
KHDC3L	ENSG00000203908	True	-1.5228787452803376
ZNF557	ENSG00000130544	True	-1.5228787452803376
BEST1	ENSG00000167995	True	-1.5228787452803376
BMP3		False	-1.5228787452803376
VIPR1	ENSG00000114812	True	-1.537602002101044
RAPSN	ENSG00000165917	True	-1.537602002101044
KNCN		False	-1.537602002101044
ZKSCAN7	ENSG00000196345	True	-1.537602002101044
PSAPL1	ENSG00000178597	True	-1.537602002101044
SLC37A1	ENSG00000160190	True	-1.537602002101044
BMP10		False	-1.537602002101044
MUC12	ENSG00000205277	True	-1.537602002101044
SLC17A4	ENSG00000146039	True	-1.537602002101044
ZNF493		False	-1.537602002101044
M0R296_HUMAN		False	-1.537602002101044
PLEKHG6	ENSG00000008323	True	-1.537602002101044
PATE2		False	-1.537602002101044
FAM90A18P		False	-1.537602002101044
ENSP00000497429		False	-1.537602002101044
MYOD1		False	-1.537602002101044
ENSP00000495715		False	-1.537602002101044
PHTF2	ENSG00000006576	True	-1.537602002101044
KIAA1586	ENSG00000168116	True	-1.537602002101044
SLCO5A1	ENSG00000137571	True	-1.537602002101044
OR5R1		False	-1.537602002101044
LRRC2		False	-1.537602002101044
SPRR4	ENSG00000184148	True	-1.537602002101044
BTNL2		False	-1.537602002101044
OVOL1	ENSG00000172818	True	-1.537602002101044
OR10G3	ENSG00000169208	True	-1.537602002101044
ZSWIM7	ENSG00000214941	True	-1.537602002101044
PIM2		False	-1.537602002101044
FAT4	ENSG00000196159	True	-1.537602002101044
ZNF724-2		False	-1.537602002101044
IGSF22	ENSG00000179057	True	-1.537602002101044
UNC93A	ENSG00000112494	True	-1.537602002101044
CDRT1		False	-1.537602002101044
ZSWIM3	ENSG00000132801	True	-1.537602002101044
SPATA48	ENSG00000164500	True	-1.537602002101044
OR2F1		False	-1.537602002101044
IGSF9B	ENSG00000080854	True	-1.537602002101044
CDH24		False	-1.537602002101044
FUT2	ENSG00000176920	True	-1.537602002101044
BCL2L10	ENSG00000137875	True	-1.537602002101044
CAPN10	ENSG00000142330	True	-1.537602002101044
KCNAB3		False	-1.537602002101044
ZNF555	ENSG00000186300	True	-1.537602002101044
NOX3		False	-1.537602002101044
SFTA2		False	-1.537602002101044
TMEM92	ENSG00000167105	True	-1.537602002101044
FOXI1	ENSG00000168269	True	-1.537602002101044
CABP4		False	-1.537602002101044
CYP1A1	ENSG00000140465	True	-1.537602002101044
DCLK3	ENSG00000163673	True	-1.537602002101044
NUPR2		False	-1.537602002101044
CREG2	ENSG00000175874	True	-1.537602002101044
C10orf82		False	-1.537602002101044
TNFSF4	ENSG00000117586	True	-1.537602002101044
TAS1R3	ENSG00000169962	True	-1.537602002101044
DNASE2B		False	-1.537602002101044
ZNF222	ENSG00000159885	True	-1.537602002101044
TMEM169	ENSG00000163449	True	-1.537602002101044
MMP17		False	-1.537602002101044
FAM149B1	ENSG00000138286	True	-1.537602002101044
POM121L12	ENSG00000221900	True	-1.537602002101044
ZNF805	ENSG00000204524	True	-1.537602002101044
ADAM2	ENSG00000104755	True	-1.537602002101044
ABHD15	ENSG00000168792	True	-1.537602002101044
PTPN4	ENSG00000088179	True	-1.537602002101044
COX6B2		False	-1.537602002101044
NR1I2		False	-1.537602002101044
KCNJ13		False	-1.537602002101044
ATP10A	ENSG00000206190	True	-1.537602002101044
IL11RA	ENSG00000137070	True	-1.537602002101044
ZNF677	ENSG00000197928	True	-1.537602002101044
ZNF853	ENSG00000236609	True	-1.537602002101044
ANKRD34C		False	-1.537602002101044
ACTL9	ENSG00000181786	True	-1.5528419686577808
BEX1	ENSG00000133169	True	-1.5528419686577808
TMEM221	ENSG00000188051	True	-1.5528419686577808
KL		False	-1.5528419686577808
CFAP52	ENSG00000166596	True	-1.5528419686577808
RMND5B	ENSG00000145916	True	-1.5528419686577808
FSBP	ENSG00000265817	True	-1.5528419686577808
GMCL2	ENSG00000244234	True	-1.5528419686577808
BRWD3	ENSG00000165288	True	-1.5528419686577808
TICAM1	ENSG00000127666	True	-1.5528419686577808
ZNF502	ENSG00000196653	True	-1.5528419686577808
HECW1	ENSG00000002746	True	-1.5528419686577808
TSPAN5		False	-1.5528419686577808
MAB21L2		False	-1.5528419686577808
SLC17A3		False	-1.5528419686577808
ZDHHC1	ENSG00000159714	True	-1.5528419686577808
ARSI	ENSG00000183876	True	-1.5528419686577808
LRRC24	ENSG00000254402	True	-1.5528419686577808
CLEC2L	ENSG00000236279	True	-1.5528419686577808
MARCHF10	ENSG00000173838	True	-1.5528419686577808
TMC2		False	-1.5528419686577808
ZP2	ENSG00000103310	True	-1.5528419686577808
RASGRP1		False	-1.5528419686577808
FBXO34	ENSG00000178974	True	-1.5528419686577808
ZNF681		False	-1.5528419686577808
TMEM95		False	-1.5528419686577808
CACNG3	ENSG00000006116	True	-1.5528419686577808
GAL3ST3		False	-1.5528419686577808
PIM3		False	-1.5528419686577808
GPR19	ENSG00000183150	True	-1.5528419686577808
LCN6		False	-1.5528419686577808
ZNF554	ENSG00000172006	True	-1.5528419686577808
TMEM62	ENSG00000137842	True	-1.5528419686577808
TRANK1	ENSG00000168016	True	-1.5528419686577808
NANOS3	ENSG00000187556	True	-1.5528419686577808
ATF5	ENSG00000169136	True	-1.5528419686577808
ZNF429		False	-1.5528419686577808
CPO		False	-1.5528419686577808
TP53INP2		False	-1.5528419686577808
HTR1E	ENSG00000168830	True	-1.5528419686577808
PKDCC	ENSG00000162878	True	-1.5528419686577808
TMEM210	ENSG00000185863	True	-1.5528419686577808
C3orf70	ENSG00000187068	True	-1.5528419686577808
USP35	ENSG00000118369	True	-1.5528419686577808
ZFPM2	ENSG00000169946	True	-1.5528419686577808
ZNF675		False	-1.5528419686577808
OR2G3		False	-1.5528419686577808
OR5AK2		False	-1.5528419686577808
IGSF10	ENSG00000152580	True	-1.5528419686577808
ZNF142	ENSG00000115568	True	-1.5528419686577808
CXCR3	ENSG00000186810	True	-1.5528419686577808
ORAI3	ENSG00000175938	True	-1.5528419686577808
ZNF140	ENSG00000196387	True	-1.5528419686577808
SPDYE1	ENSG00000136206	True	-1.5528419686577808
KIRREL3	ENSG00000149571	True	-1.5528419686577808
RFPL4A	ENSG00000223638	True	-1.5528419686577808
NBPF9	ENSG00000269713	True	-1.5528419686577808
CLDN24		False	-1.5528419686577808
SLC19A3	ENSG00000135917	True	-1.5528419686577808
C1QTNF6	ENSG00000133466	True	-1.5528419686577808
ACKR4		False	-1.5528419686577808
ODF3L2	ENSG00000181781	True	-1.5528419686577808
TSPAN32	ENSG00000064201	True	-1.5528419686577808
ZNF34	ENSG00000196378	True	-1.5528419686577808
NLRP3	ENSG00000162711	True	-1.5528419686577808
C3orf36		False	-1.5528419686577808
PDILT	ENSG00000169340	True	-1.5528419686577808
LRRC53	ENSG00000162621	True	-1.5528419686577808
BTG2	ENSG00000159388	True	-1.5528419686577808
CLDN22		False	-1.5528419686577808
OR7G3		False	-1.5528419686577808
HEATR9	ENSG00000270379	True	-1.5528419686577808
OR11H2	ENSG00000258453	True	-1.5528419686577808
ZNF254		False	-1.5528419686577808
NXF5		False	-1.5528419686577808
RNF112	ENSG00000128482	True	-1.5528419686577808
ANKRD29	ENSG00000154065	True	-1.5528419686577808
SLC13A5	ENSG00000141485	True	-1.5528419686577808
CPED1	ENSG00000106034	True	-1.5528419686577808
PPIL6	ENSG00000185250	True	-1.5528419686577808
RGS16	ENSG00000143333	True	-1.5528419686577808
DNAI1	ENSG00000122735	True	-1.5528419686577808
ETV3L		False	-1.5528419686577808
HAS1	ENSG00000105509	True	-1.5528419686577808
GCNT4	ENSG00000176928	True	-1.5528419686577808
ZNF233	ENSG00000159915	True	-1.5528419686577808
BECN2		False	-1.5528419686577808
GALNTL5	ENSG00000106648	True	-1.5528419686577808
ZNF497	ENSG00000174586	True	-1.5528419686577808
KCNU1		False	-1.5528419686577808
ZNF98		False	-1.5528419686577808
N4BP2L1	ENSG00000139597	True	-1.5528419686577808
SPIN4	ENSG00000186767	True	-1.5686362358410126
ASTN1		False	-1.5686362358410126
IL4R	ENSG00000077238	True	-1.5686362358410126
LRRC8B	ENSG00000197147	True	-1.5686362358410126
HYAL4	ENSG00000106302	True	-1.5686362358410126
CBLL2		False	-1.5686362358410126
CYP4V2	ENSG00000145476	True	-1.5686362358410126
OR5D13		False	-1.5686362358410126
EMX1	ENSG00000135638	True	-1.5686362358410126
TGM7		False	-1.5686362358410126
SKOR2	ENSG00000215474	True	-1.5686362358410126
FBF1		False	-1.5686362358410126
SLC9C2	ENSG00000162753	True	-1.5686362358410126
PCDHAC1		False	-1.5686362358410126
CCER1		False	-1.5686362358410126
ZC3H12C	ENSG00000149289	True	-1.5686362358410126
SPATA16	ENSG00000144962	True	-1.5686362358410126
CCDC189		False	-1.5686362358410126
GABRD	ENSG00000187730	True	-1.5686362358410126
KCNJ5	ENSG00000120457	True	-1.5686362358410126
TRIB2	ENSG00000071575	True	-1.5686362358410126
L3MBTL4	ENSG00000154655	True	-1.5686362358410126
GPR137B	ENSG00000077585	True	-1.5686362358410126
S100A5		False	-1.5686362358410126
MPZL3		False	-1.5686362358410126
SSX5	ENSG00000165583	True	-1.5686362358410126
RNF182	ENSG00000180537	True	-1.5686362358410126
ZNF648	ENSG00000179930	True	-1.5686362358410126
SEMA3A	ENSG00000075213	True	-1.5686362358410126
LMO1		False	-1.5686362358410126
OSER1	ENSG00000132823	True	-1.5686362358410126
RLN2		False	-1.5686362358410126
UNC5C		False	-1.5686362358410126
ABHD18	ENSG00000164074	True	-1.5686362358410126
WFDC8	ENSG00000158901	True	-1.5686362358410126
IL19		False	-1.5686362358410126
KDM7A	ENSG00000006459	True	-1.5686362358410126
ST6GALNAC5	ENSG00000117069	True	-1.5686362358410126
NLRP11	ENSG00000179873	True	-1.5686362358410126
PRSS33		False	-1.5686362358410126
CA10	ENSG00000154975	True	-1.5686362358410126
RNF103	ENSG00000239305	True	-1.5686362358410126
ROS1	ENSG00000047936	True	-1.5686362358410126
NFE4		False	-1.5686362358410126
DERL3	ENSG00000099958	True	-1.5686362358410126
PCDHA11		False	-1.5686362358410126
ZNF778	ENSG00000170100	True	-1.5686362358410126
ZNF790	ENSG00000197863	True	-1.5686362358410126
BRICD5		False	-1.5686362358410126
ZNF350	ENSG00000256683	True	-1.5686362358410126
ZBTB8B	ENSG00000273274	True	-1.5686362358410126
MFAP3L	ENSG00000198948	True	-1.5686362358410126
ELOA3D		False	-1.5686362358410126
ELOA3B		False	-1.5686362358410126
ELOA3		False	-1.5686362358410126
LPAR5	ENSG00000184574	True	-1.5686362358410126
VWA5B2	ENSG00000145198	True	-1.5686362358410126
REELD1		False	-1.5686362358410126
C7orf31		False	-1.5686362358410126
KLHL8	ENSG00000145332	True	-1.5686362358410126
FOXQ1		False	-1.5686362358410126
BTBD11		False	-1.5686362358410126
OR4A15		False	-1.5686362358410126
DEFB129	ENSG00000125903	True	-1.5686362358410126
OR1L3	ENSG00000171481	True	-1.5686362358410126
KCNJ1	ENSG00000151704	True	-1.5686362358410126
TRPC5		False	-1.5686362358410126
ZNF665	ENSG00000197497	True	-1.5686362358410126
SPINT3	ENSG00000101446	True	-1.5686362358410126
ZSWIM2		False	-1.5686362358410126
ZNF764	ENSG00000169951	True	-1.5686362358410126
H2AL1RP		False	-1.5686362358410126
MFSD8	ENSG00000164073	True	-1.5686362358410126
LONRF1	ENSG00000154359	True	-1.5686362358410126
PCDHB14	ENSG00000120327	True	-1.5686362358410126
IPMK	ENSG00000151151	True	-1.5686362358410126
ZSWIM6	ENSG00000130449	True	-1.5686362358410126
GLIS3	ENSG00000107249	True	-1.5686362358410126
SGMS2	ENSG00000164023	True	-1.5686362358410126
RORC		False	-1.5686362358410126
GDF10	ENSG00000266524	True	-1.5686362358410126
CNTD2		False	-1.5686362358410126
PGBD2	ENSG00000185220	True	-1.5686362358410126
CIB4	ENSG00000157884	True	-1.5686362358410126
TBC1D3D	ENSG00000274419	True	-1.5686362358410126
TBC1D3I	ENSG00000274933	True	-1.5686362358410126
TBC1D3G	ENSG00000260287	True	-1.5686362358410126
TBC1D3B	ENSG00000274808	True	-1.5686362358410126
TBC1D3H	ENSG00000274226	True	-1.5686362358410126
GALNTL6	ENSG00000174473	True	-1.5686362358410126
CLEC18C	ENSG00000157335	True	-1.5686362358410126
CLEC18A	ENSG00000157322	True	-1.5686362358410126
SLC35D2	ENSG00000130958	True	-1.5686362358410126
ARL11	ENSG00000152213	True	-1.5686362358410126
RGS5		False	-1.5686362358410126
TBC1D3F		False	-1.5686362358410126
ZNF583	ENSG00000198440	True	-1.5686362358410126
C20orf96	ENSG00000196476	True	-1.5686362358410126
DUSP10	ENSG00000143507	True	-1.5686362358410126
SLC6A3	ENSG00000142319	True	-1.5686362358410126
SLC17A9		False	-1.5686362358410126
PRDM6	ENSG00000061455	True	-1.5686362358410126
FAM228A		False	-1.5686362358410126
HS6ST3		False	-1.585026652029182
CCDC144NL		False	-1.585026652029182
SLC22A23	ENSG00000137266	True	-1.585026652029182
PCDHGA10	ENSG00000253846	True	-1.585026652029182
B3GALNT2	ENSG00000162885	True	-1.585026652029182
EVI2A	ENSG00000126860	True	-1.585026652029182
PRELID2	ENSG00000186314	True	-1.585026652029182
CLEC1A		False	-1.585026652029182
LINGO3	ENSG00000220008	True	-1.585026652029182
DGCR6		False	-1.585026652029182
LOC102724770		False	-1.585026652029182
SLC45A4	ENSG00000022567	True	-1.585026652029182
KIAA0895L		False	-1.585026652029182
TMEM67		False	-1.585026652029182
PLCXD2	ENSG00000240891	True	-1.585026652029182
ACSM6	ENSG00000173124	True	-1.585026652029182
RNF19B	ENSG00000116514	True	-1.585026652029182
SEMA6B	ENSG00000167680	True	-1.585026652029182
PEX2	ENSG00000164751	True	-1.585026652029182
MAP3K14	ENSG00000006062	True	-1.585026652029182
RAET1G		False	-1.585026652029182
IL12RB1		False	-1.585026652029182
PLA2G10	ENSG00000069764	True	-1.585026652029182
OR9A4		False	-1.585026652029182
TEKT1	ENSG00000167858	True	-1.585026652029182
KCNV1		False	-1.585026652029182
OR5K4		False	-1.585026652029182
RNF43	ENSG00000108375	True	-1.585026652029182
RPL39L	ENSG00000163923	True	-1.585026652029182
MINDY4	ENSG00000106125	True	-1.585026652029182
AQP8	ENSG00000103375	True	-1.585026652029182
ZNF134	ENSG00000213762	True	-1.585026652029182
CEACAM19	ENSG00000186567	True	-1.585026652029182
ENSP00000492446		False	-1.585026652029182
DCAF12L2	ENSG00000198354	True	-1.585026652029182
EPHX4	ENSG00000172031	True	-1.585026652029182
CIB3	ENSG00000141977	True	-1.585026652029182
BLID		False	-1.585026652029182
TTLL2		False	-1.585026652029182
ZNF443	ENSG00000180855	True	-1.585026652029182
ZNF724		False	-1.585026652029182
GJC3	ENSG00000176402	True	-1.585026652029182
TBC1D3	ENSG00000274611	True	-1.585026652029182
TBC1D3C	ENSG00000278299	True	-1.585026652029182
TBC1D3K	ENSG00000273513	True	-1.585026652029182
ZNF573	ENSG00000189144	True	-1.585026652029182
C5orf63		False	-1.585026652029182
LRFN5	ENSG00000165379	True	-1.585026652029182
TBC1D3E	ENSG00000278599	True	-1.585026652029182
RASSF6	ENSG00000169435	True	-1.585026652029182
FAM24B	ENSG00000213185	True	-1.585026652029182
RAPGEF3	ENSG00000079337	True	-1.585026652029182
GCNT1	ENSG00000187210	True	-1.585026652029182
PIGM	ENSG00000143315	True	-1.585026652029182
TMEM131L	ENSG00000121210	True	-1.585026652029182
SCN3A	ENSG00000153253	True	-1.585026652029182
NXPE4	ENSG00000137634	True	-1.585026652029182
CERKL	ENSG00000188452	True	-1.585026652029182
FAT2	ENSG00000086570	True	-1.585026652029182
PCDHGA8	ENSG00000253767	True	-1.585026652029182
GFRA3	ENSG00000146013	True	-1.585026652029182
C8orf76	ENSG00000189376	True	-1.585026652029182
APCDD1		False	-1.585026652029182
DPEP2NB		False	-1.585026652029182
GLIS2		False	-1.585026652029182
ZNF624	ENSG00000197566	True	-1.585026652029182
CCDC54		False	-1.585026652029182
SPAM1	ENSG00000106304	True	-1.585026652029182
IL17RD	ENSG00000144730	True	-1.585026652029182
ARTN		False	-1.585026652029182
ANKRA2	ENSG00000164331	True	-1.585026652029182
TXNDC2	ENSG00000168454	True	-1.585026652029182
IL22RA2	ENSG00000164485	True	-1.585026652029182
C8orf48	ENSG00000164743	True	-1.585026652029182
RPH3AL	ENSG00000181031	True	-1.585026652029182
FAM90A8P		False	-1.585026652029182
UBXN11	ENSG00000158062	True	-1.585026652029182
NOTUM		False	-1.585026652029182
LRRTM3		False	-1.585026652029182
ZNF154	ENSG00000179909	True	-1.585026652029182
TAS2R31		False	-1.585026652029182
TLR9		False	-1.585026652029182
CFAP206	ENSG00000272514	True	-1.585026652029182
NR1D2	ENSG00000174738	True	-1.6020599913279623
OR4C6		False	-1.6020599913279623
CYB561A3	ENSG00000162144	True	-1.6020599913279623
XAGE5	ENSG00000171405	True	-1.6020599913279623
SEMA3D	ENSG00000153993	True	-1.6020599913279623
NMUR2	ENSG00000132911	True	-1.6020599913279623
FGF23		False	-1.6020599913279623
USB1	ENSG00000103005	True	-1.6020599913279623
SNORC	ENSG00000182600	True	-1.6020599913279623
PIK3R5	ENSG00000141506	True	-1.6020599913279623
CCL27	ENSG00000213927	True	-1.6020599913279623
ZMYM6	ENSG00000163867	True	-1.6020599913279623
DRC7		False	-1.6020599913279623
BEST2	ENSG00000039987	True	-1.6020599913279623
RAB42		False	-1.6020599913279623
PRSS57		False	-1.6020599913279623
TEX43		False	-1.6020599913279623
FIBCD1	ENSG00000130720	True	-1.6020599913279623
LMBR1L		False	-1.6020599913279623
KREMEN1		False	-1.6020599913279623
OR1J2		False	-1.6020599913279623
SPATC1		False	-1.6020599913279623
GABRA6	ENSG00000145863	True	-1.6020599913279623
GGN		False	-1.6020599913279623
MFSD13A	ENSG00000138111	True	-1.6020599913279623
KLHL31		False	-1.6020599913279623
C9orf116		False	-1.6020599913279623
RIMS2	ENSG00000176406	True	-1.6020599913279623
SLC2A12	ENSG00000146411	True	-1.6020599913279623
GRK7	ENSG00000114124	True	-1.6020599913279623
OR4X2		False	-1.6020599913279623
CNTF	ENSG00000242689	True	-1.6020599913279623
MARCHF3	ENSG00000173926	True	-1.6020599913279623
ZNF347	ENSG00000197937	True	-1.6020599913279623
BAIAP3	ENSG00000007516	True	-1.6020599913279623
CLEC18B	ENSG00000140839	True	-1.6020599913279623
CDH26	ENSG00000124215	True	-1.6020599913279623
KCNJ4		False	-1.6020599913279623
ZFP57		False	-1.6020599913279623
ZNF461	ENSG00000197808	True	-1.6020599913279623
RTL4	ENSG00000187823	True	-1.6020599913279623
ATP8A2	ENSG00000132932	True	-1.6020599913279623
LOC730098		False	-1.6020599913279623
ZNF41	ENSG00000147124	True	-1.6020599913279623
LYZL4	ENSG00000157093	True	-1.6020599913279623
ZCCHC12	ENSG00000174460	True	-1.6020599913279623
ZNF23	ENSG00000167377	True	-1.6020599913279623
LRRC37A2	ENSG00000238083	True	-1.6020599913279623
C2orf73	ENSG00000177994	True	-1.6020599913279623
OR5AU1		False	-1.6020599913279623
HYDIN	ENSG00000157423	True	-1.6020599913279623
SLC5A11	ENSG00000158865	True	-1.6020599913279623
SYCE2	ENSG00000161860	True	-1.6020599913279623
XRCC2		False	-1.6020599913279623
ZNF492		False	-1.6020599913279623
GTSF1L	ENSG00000124196	True	-1.6020599913279623
C17orf64		False	-1.6020599913279623
IRX6	ENSG00000159387	True	-1.6020599913279623
CXCR2	ENSG00000180871	True	-1.6020599913279623
ELMOD3	ENSG00000115459	True	-1.6020599913279623
EDN1	ENSG00000078401	True	-1.6020599913279623
CACNA1H	ENSG00000196557	True	-1.6020599913279623
FRMD3	ENSG00000172159	True	-1.6020599913279623
TMEM82	ENSG00000162460	True	-1.6020599913279623
ZNF695	ENSG00000197472	True	-1.6020599913279623
LRP5	ENSG00000162337	True	-1.6020599913279623
HMX2	ENSG00000188816	True	-1.6020599913279623
SNAI3		False	-1.6020599913279623
DCSTAMP		False	-1.6020599913279623
CYSLTR2	ENSG00000152207	True	-1.6020599913279623
SPEF1	ENSG00000101222	True	-1.6197887582883939
ZMAT1	ENSG00000166432	True	-1.6197887582883939
PLEKHG7	ENSG00000187510	True	-1.6197887582883939
KBTBD8	ENSG00000163376	True	-1.6197887582883939
THAP7	ENSG00000184436	True	-1.6197887582883939
TXNDC8		False	-1.6197887582883939
NPIPB6	ENSG00000198156	True	-1.6197887582883939
OR1N2		False	-1.6197887582883939
ASXL3	ENSG00000141431	True	-1.6197887582883939
FAM90A16P		False	-1.6197887582883939
ENSP00000497508		False	-1.6197887582883939
ZBED8	ENSG00000221886	True	-1.6197887582883939
ZNF438	ENSG00000183621	True	-1.6197887582883939
MCOLN2	ENSG00000153898	True	-1.6197887582883939
PRDM15	ENSG00000141956	True	-1.6197887582883939
KRTAP21-2		False	-1.6197887582883939
ZNF83	ENSG00000167766	True	-1.6197887582883939
ENSP00000478941		False	-1.6197887582883939
LINGO4	ENSG00000213171	True	-1.6197887582883939
CLEC4F		False	-1.6197887582883939
C16orf78		False	-1.6197887582883939
GUCA1B	ENSG00000112599	True	-1.6197887582883939
C16orf92		False	-1.6197887582883939
ZNF727	ENSG00000214652	True	-1.6197887582883939
CXorf58	ENSG00000165182	True	-1.6197887582883939
CXCR1	ENSG00000163464	True	-1.6197887582883939
P2RY6	ENSG00000171631	True	-1.6197887582883939
ZNF518A		False	-1.6197887582883939
LMOD3	ENSG00000163380	True	-1.6197887582883939
SNAI2	ENSG00000019549	True	-1.6197887582883939
GDF3	ENSG00000184344	True	-1.6197887582883939
C9orf57		False	-1.6197887582883939
SAT1	ENSG00000130066	True	-1.6197887582883939
KCNQ1	ENSG00000053918	True	-1.6197887582883939
AGMO		False	-1.6197887582883939
ERICH3	ENSG00000178965	True	-1.6197887582883939
LHFPL6	ENSG00000183722	True	-1.6197887582883939
SBK1		False	-1.6197887582883939
KIAA1549	ENSG00000122778	True	-1.6197887582883939
GPR101	ENSG00000165370	True	-1.6197887582883939
CCDC78		False	-1.6197887582883939
ITPRIPL1		False	-1.6197887582883939
KCNG2	ENSG00000178342	True	-1.6197887582883939
NCKAP5	ENSG00000176771	True	-1.6197887582883939
LELP1	ENSG00000203784	True	-1.6197887582883939
RET	ENSG00000165731	True	-1.6197887582883939
ADGRG7		False	-1.6197887582883939
SLC35A4		False	-1.6197887582883939
ST8SIA4	ENSG00000113532	True	-1.6197887582883939
LMNTD1		False	-1.6197887582883939
NDST4	ENSG00000138653	True	-1.6197887582883939
KCNK7		False	-1.6197887582883939
ARRDC3		False	-1.6197887582883939
YPEL3	ENSG00000090238	True	-1.6197887582883939
ANO8	ENSG00000074855	True	-1.6197887582883939
NAT16	ENSG00000167011	True	-1.6197887582883939
PIGW		False	-1.6197887582883939
CSRNP3	ENSG00000178662	True	-1.6197887582883939
RBM11		False	-1.6197887582883939
PRICKLE1	ENSG00000139174	True	-1.6197887582883939
ZNRF3	ENSG00000183579	True	-1.6197887582883939
PTGIR		False	-1.6197887582883939
PPP1R42	ENSG00000178125	True	-1.6197887582883939
CNNM1	ENSG00000119946	True	-1.6197887582883939
ZNF749	ENSG00000186230	True	-1.6197887582883939
SPATA31A6		False	-1.6197887582883939
DCLRE1B		False	-1.6197887582883939
OR5I1		False	-1.6197887582883939
ZNF334	ENSG00000198185	True	-1.6197887582883939
ANGPTL5	ENSG00000187151	True	-1.6197887582883939
FAM170B	ENSG00000172538	True	-1.6197887582883939
PLPPR2	ENSG00000105520	True	-1.6197887582883939
TRPM2	ENSG00000142185	True	-1.6197887582883939
ZNF846	ENSG00000196605	True	-1.6197887582883939
KANSL1L	ENSG00000144445	True	-1.6197887582883939
OR5B12		False	-1.6197887582883939
OR5D16	ENSG00000205029	True	-1.6197887582883939
TLR5		False	-1.6197887582883939
MSLNL		False	-1.6197887582883939
CNTNAP3	ENSG00000106714	True	-1.6197887582883939
CLDN15		False	-1.6197887582883939
NFE2L1	ENSG00000082641	True	-1.6197887582883939
SRD5A2		False	-1.6197887582883939
PTGDR2	ENSG00000183134	True	-1.6197887582883939
FLRT1	ENSG00000126500	True	-1.6197887582883939
FOXI2		False	-1.6197887582883939
OR4F4		False	-1.6197887582883939
ZBTB8A	ENSG00000160062	True	-1.6197887582883939
ZDHHC21	ENSG00000175893	True	-1.6197887582883939
ZNF536		False	-1.6197887582883939
ZNF530	ENSG00000183647	True	-1.6197887582883939
TBC1D3L	ENSG00000274512	True	-1.6197887582883939
ASCL3	ENSG00000176009	True	-1.6197887582883939
FRMD7	ENSG00000165694	True	-1.6197887582883939
CXCL6		False	-1.6197887582883939
KAT2B	ENSG00000114166	True	-1.6197887582883939
SH2D4B	ENSG00000178217	True	-1.6197887582883939
NEUROD4	ENSG00000123307	True	-1.6197887582883939
ZIM3	ENSG00000141946	True	-1.6197887582883939
C5orf47		False	-1.6197887582883939
LSM10		False	-1.6197887582883939
NALCN	ENSG00000102452	True	-1.6197887582883939
HERC3-2		False	-1.6197887582883939
CCDC173		False	-1.6382721639824072
MAB21L1		False	-1.6382721639824072
TTLL10	ENSG00000162571	True	-1.6382721639824072
OR2F2		False	-1.6382721639824072
OR2AG2		False	-1.6382721639824072
SPESP1	ENSG00000258484	True	-1.6382721639824072
PIGB	ENSG00000069943	True	-1.6382721639824072
SEMA5A	ENSG00000112902	True	-1.6382721639824072
OR7E24		False	-1.6382721639824072
SLC9A3	ENSG00000066230	True	-1.6382721639824072
CHRNA9		False	-1.6382721639824072
MAS1L	ENSG00000204687	True	-1.6382721639824072
EFNA3	ENSG00000143590	True	-1.6382721639824072
LEMD1		False	-1.6382721639824072
B4GALT2	ENSG00000117411	True	-1.6382721639824072
TLR6		False	-1.6382721639824072
OR2T11		False	-1.6382721639824072
DLX4	ENSG00000108813	True	-1.6382721639824072
EGR1	ENSG00000120738	True	-1.6382721639824072
UBXN10	ENSG00000162543	True	-1.6382721639824072
DBF4B	ENSG00000161692	True	-1.6382721639824072
TRIM43B	ENSG00000144010	True	-1.6382721639824072
ZNF354A	ENSG00000169131	True	-1.6382721639824072
ENTPD3		False	-1.6382721639824072
ACVR2A	ENSG00000121989	True	-1.6382721639824072
TMEM45A	ENSG00000181458	True	-1.6382721639824072
NSG1		False	-1.6382721639824072
FAM90A9P		False	-1.6382721639824072
CCDC153	ENSG00000248712	True	-1.6382721639824072
PPARGC1B		False	-1.6382721639824072
KLHL1	ENSG00000150361	True	-1.6382721639824072
ERVFRD-1		False	-1.6382721639824072
TTC22	ENSG00000006555	True	-1.6382721639824072
KCNH1	ENSG00000143473	True	-1.6382721639824072
HUNK	ENSG00000142149	True	-1.6382721639824072
TRIM43	ENSG00000144015	True	-1.6382721639824072
TEX28		False	-1.6382721639824072
POPDC3		False	-1.6382721639824072
M0QY47_HUMAN		False	-1.6382721639824072
TRIB1		False	-1.6382721639824072
DHDH	ENSG00000104808	True	-1.6382721639824072
SNX31	ENSG00000174226	True	-1.6382721639824072
HTR1F	ENSG00000179097	True	-1.6382721639824072
RTKN2	ENSG00000182010	True	-1.6382721639824072
MOGAT1	ENSG00000124003	True	-1.6382721639824072
GRAMD2A	ENSG00000175318	True	-1.6382721639824072
OR2T27		False	-1.6382721639824072
LDLRAD4	ENSG00000168675	True	-1.6382721639824072
TMEM86A	ENSG00000151117	True	-1.6382721639824072
PIEZO2	ENSG00000154864	True	-1.6382721639824072
GASK1A	ENSG00000144649	True	-1.6382721639824072
ZNF274	ENSG00000171606	True	-1.6382721639824072
MBTPS1	ENSG00000140943	True	-1.6382721639824072
PCDHGB7	ENSG00000254122	True	-1.6382721639824072
CCDC166	ENSG00000255181	True	-1.6382721639824072
DAND5	ENSG00000179284	True	-1.6382721639824072
C3orf22	ENSG00000180697	True	-1.6382721639824072
MRGPRD	ENSG00000172938	True	-1.6382721639824072
ASIC5	ENSG00000256394	True	-1.6382721639824072
C1orf159	ENSG00000131591	True	-1.6382721639824072
GPAT2	ENSG00000186281	True	-1.6382721639824072
IFNLR1	ENSG00000185436	True	-1.6382721639824072
PCDH10	ENSG00000138650	True	-1.6382721639824072
GAL3ST4	ENSG00000197093	True	-1.6382721639824072
MAP3K9	ENSG00000006432	True	-1.6382721639824072
KIF26A	ENSG00000066735	True	-1.6382721639824072
FAM167A	ENSG00000154319	True	-1.6382721639824072
G2E3	ENSG00000092140	True	-1.6382721639824072
MTUS2	ENSG00000132938	True	-1.6382721639824072
TOMM20L	ENSG00000196860	True	-1.6382721639824072
PIDD1	ENSG00000177595	True	-1.6382721639824072
C18orf63		False	-1.6382721639824072
GJA10	ENSG00000135355	True	-1.6382721639824072
KCNK15	ENSG00000124249	True	-1.6382721639824072
LZTS3	ENSG00000088899	True	-1.6382721639824072
TSHR	ENSG00000165409	True	-1.6382721639824072
ATP2C2	ENSG00000064270	True	-1.6382721639824072
TRABD2B	ENSG00000269113	True	-1.6382721639824072
TSPY8	ENSG00000229549	True	-1.6382721639824072
IL1RAPL1		False	-1.6382721639824072
KCNA10		False	-1.6382721639824072
PPEF1		False	-1.6382721639824072
ZNF135	ENSG00000176293	True	-1.6382721639824072
NMBR		False	-1.6382721639824072
CAPN8		False	-1.6382721639824072
TMEM187	ENSG00000177854	True	-1.6575773191777938
LRRC38	ENSG00000162494	True	-1.6575773191777938
HAND2	ENSG00000164107	True	-1.6575773191777938
ZPBP2	ENSG00000186075	True	-1.6575773191777938
ENSP00000461865		False	-1.6575773191777938
PNCK	ENSG00000130822	True	-1.6575773191777938
XKR4	ENSG00000206579	True	-1.6575773191777938
TSPOAP1	ENSG00000005379	True	-1.6575773191777938
GOLGA6L10		False	-1.6575773191777938
TMEM139	ENSG00000178826	True	-1.6575773191777938
NUTM2A		False	-1.6575773191777938
TEKT4	ENSG00000163060	True	-1.6575773191777938
SPIC		False	-1.6575773191777938
FPR1	ENSG00000171051	True	-1.6575773191777938
KCNJ14		False	-1.6575773191777938
ADCY2	ENSG00000078295	True	-1.6575773191777938
STYK1	ENSG00000060140	True	-1.6575773191777938
AGTR2		False	-1.6575773191777938
STARD9	ENSG00000159433	True	-1.6575773191777938
RNF175	ENSG00000145428	True	-1.6575773191777938
CFAP300	ENSG00000137691	True	-1.6575773191777938
TAF11L12		False	-1.6575773191777938
LRRC34	ENSG00000171757	True	-1.6575773191777938
TMEM14A	ENSG00000096092	True	-1.6575773191777938
GOLT1A		False	-1.6575773191777938
B3GNT6	ENSG00000198488	True	-1.6575773191777938
HERC3	ENSG00000138641	True	-1.6575773191777938
RTL6	ENSG00000188636	True	-1.6575773191777938
SERP1	ENSG00000120742	True	-1.6575773191777938
NPIPB11	ENSG00000254206	True	-1.6575773191777938
ASB11		False	-1.6575773191777938
MAGEL2		False	-1.6575773191777938
TTC29	ENSG00000137473	True	-1.6575773191777938
OR2J3		False	-1.6575773191777938
ZNF225		False	-1.6575773191777938
PLA2G5	ENSG00000127472	True	-1.6575773191777938
EFCC1	ENSG00000114654	True	-1.6575773191777938
NANOS2	ENSG00000188425	True	-1.6575773191777938
ZBTB16	ENSG00000109906	True	-1.6575773191777938
LETM2	ENSG00000165046	True	-1.6575773191777938
SLC22A15	ENSG00000163393	True	-1.6575773191777938
ZNF600		False	-1.6575773191777938
TM2D1	ENSG00000162604	True	-1.6575773191777938
CHRNB1	ENSG00000170175	True	-1.6575773191777938
ST6GALNAC2		False	-1.6575773191777938
CCDC114		False	-1.6575773191777938
GPC5	ENSG00000179399	True	-1.6575773191777938
FPR2	ENSG00000171049	True	-1.6575773191777938
TLR8	ENSG00000101916	True	-1.6575773191777938
OR4F5		False	-1.6575773191777938
OR4F17		False	-1.6575773191777938
CATSPER3		False	-1.6575773191777938
CCDC105	ENSG00000160994	True	-1.6575773191777938
FAM166C	ENSG00000173557	True	-1.6575773191777938
AMIGO3		False	-1.6575773191777938
FCER1A	ENSG00000179639	True	-1.6575773191777938
POTEM		False	-1.6575773191777938
ZNF208		False	-1.6575773191777938
FAM71F1		False	-1.6575773191777938
ADGRB1		False	-1.6575773191777938
RUNDC3B	ENSG00000105784	True	-1.6575773191777938
STK40	ENSG00000196182	True	-1.6575773191777938
MARCHF8	ENSG00000165406	True	-1.6575773191777938
GSAP		False	-1.6575773191777938
FAM47C		False	-1.6575773191777938
RNF186	ENSG00000178828	True	-1.6575773191777938
ANKRD53	ENSG00000144031	True	-1.6575773191777938
HMGB4	ENSG00000176256	True	-1.6575773191777938
OR2J1		False	-1.6575773191777938
USP51	ENSG00000247746	True	-1.6575773191777938
LRRN3	ENSG00000173114	True	-1.6575773191777938
WDR38		False	-1.6575773191777938
PARP6	ENSG00000137817	True	-1.6575773191777938
ENSP00000479373		False	-1.6575773191777938
PRSS36	ENSG00000178226	True	-1.6575773191777938
TSPYL6	ENSG00000178021	True	-1.6575773191777938
E9PBE3_HUMAN		False	-1.6575773191777938
RBM44	ENSG00000177483	True	-1.6575773191777938
ZNF641	ENSG00000167528	True	-1.6575773191777938
NEIL3		False	-1.6575773191777938
IQCD	ENSG00000166578	True	-1.6575773191777938
FAM236B		False	-1.6575773191777938
FAM236A		False	-1.6575773191777938
EXTL1	ENSG00000158008	True	-1.6575773191777938
NUTM2B		False	-1.6575773191777938
ZPLD1		False	-1.6575773191777938
PAQR8		False	-1.6575773191777938
STXBP5L		False	-1.6575773191777938
INKA2	ENSG00000197852	True	-1.6575773191777938
DUSP4		False	-1.6575773191777938
TLE7		False	-1.6575773191777938
FAM184B	ENSG00000047662	True	-1.6777807052660807
MYCBPAP	ENSG00000136449	True	-1.6777807052660807
IL17A	ENSG00000112115	True	-1.6777807052660807
ASIC4		False	-1.6777807052660807
FAT3	ENSG00000165323	True	-1.6777807052660807
CLCNKA	ENSG00000186510	True	-1.6777807052660807
TVP23A	ENSG00000166676	True	-1.6777807052660807
ANKRD30B	ENSG00000180777	True	-1.6777807052660807
OR1L6		False	-1.6777807052660807
GPR119		False	-1.6777807052660807
TMBIM4		False	-1.6777807052660807
IL23R	ENSG00000162594	True	-1.6777807052660807
C6orf15	ENSG00000204542	True	-1.6777807052660807
KCND1	ENSG00000102057	True	-1.6777807052660807
ZNF850	ENSG00000267041	True	-1.6777807052660807
RDH8		False	-1.6777807052660807
TICAM2		False	-1.6777807052660807
BRINP1	ENSG00000078725	True	-1.6777807052660807
ZNF284		False	-1.6777807052660807
HAS2		False	-1.6777807052660807
LMO2	ENSG00000135363	True	-1.6777807052660807
SEMA5B	ENSG00000082684	True	-1.6777807052660807
DNAH5	ENSG00000039139	True	-1.6777807052660807
CCDC63		False	-1.6777807052660807
BTBD7	ENSG00000011114	True	-1.6777807052660807
ZFR2	ENSG00000105278	True	-1.6777807052660807
ZSCAN5B	ENSG00000197213	True	-1.6777807052660807
C6orf226	ENSG00000221821	True	-1.6777807052660807
TMEM212		False	-1.6777807052660807
DCHS2	ENSG00000197410	True	-1.6777807052660807
TRIM62		False	-1.6777807052660807
DRGX	ENSG00000165606	True	-1.6777807052660807
C5orf49	ENSG00000215217	True	-1.6777807052660807
ARL16	ENSG00000214087	True	-1.6777807052660807
IZUMO4	ENSG00000099840	True	-1.6777807052660807
COQ4	ENSG00000167113	True	-1.6777807052660807
CLEC4C	ENSG00000198178	True	-1.6777807052660807
CLEC12B		False	-1.6777807052660807
OPN1SW	ENSG00000128617	True	-1.6777807052660807
PCED1B	ENSG00000179715	True	-1.6777807052660807
KCNMB1		False	-1.6777807052660807
OR12D2		False	-1.6777807052660807
SOCS5	ENSG00000171150	True	-1.6777807052660807
MEP1B	ENSG00000141434	True	-1.6777807052660807
OTOG		False	-1.6777807052660807
PRR32	ENSG00000183631	True	-1.6777807052660807
OR2J2		False	-1.6777807052660807
TMEM59L	ENSG00000105696	True	-1.6777807052660807
P2RX3	ENSG00000109991	True	-1.6777807052660807
FBXO32		False	-1.6777807052660807
NPIPB3	ENSG00000169246	True	-1.6777807052660807
ENSP00000481142		False	-1.6777807052660807
NLRP12	ENSG00000142405	True	-1.6777807052660807
DISP1	ENSG00000154309	True	-1.6777807052660807
KCNJ9	ENSG00000162728	True	-1.6777807052660807
PLA2G4B		False	-1.6777807052660807
IFNA14	ENSG00000228083	True	-1.6777807052660807
RLN1		False	-1.6777807052660807
DOK6	ENSG00000206052	True	-1.6777807052660807
CATIP	ENSG00000158428	True	-1.6777807052660807
TSHZ1	ENSG00000179981	True	-1.6777807052660807
GPR1		False	-1.6777807052660807
HHLA3		False	-1.6777807052660807
LY6G6E		False	-1.6777807052660807
LRRC27	ENSG00000148814	True	-1.6777807052660807
PPP1R36	ENSG00000165807	True	-1.6777807052660807
TMEM182		False	-1.6777807052660807
AMELX		False	-1.6777807052660807
OR14C36		False	-1.6777807052660807
OR1I1		False	-1.6777807052660807
ZNF780A	ENSG00000197782	True	-1.6777807052660807
SMAD7	ENSG00000101665	True	-1.6777807052660807
VHLL		False	-1.6777807052660807
CDADC1	ENSG00000102543	True	-1.6777807052660807
MYT1L		False	-1.6777807052660807
FAM167B	ENSG00000183615	True	-1.6777807052660807
MYCL		False	-1.6777807052660807
MYO16	ENSG00000041515	True	-1.6777807052660807
LRRC10		False	-1.6777807052660807
SLC16A14	ENSG00000163053	True	-1.6777807052660807
SLC26A8	ENSG00000112053	True	-1.6777807052660807
FGF18	ENSG00000156427	True	-1.6777807052660807
NSUN7	ENSG00000179299	True	-1.6777807052660807
USP53	ENSG00000145390	True	-1.6777807052660807
ZNF558	ENSG00000167785	True	-1.6777807052660807
OTOP1	ENSG00000163982	True	-1.6989700043360187
PKDREJ	ENSG00000130943	True	-1.6989700043360187
ADGRB3		False	-1.6989700043360187
TPCN2	ENSG00000162341	True	-1.6989700043360187
GPBAR1	ENSG00000179921	True	-1.6989700043360187
HCAR1		False	-1.6989700043360187
PINK1	ENSG00000158828	True	-1.6989700043360187
PLEKHG4B	ENSG00000153404	True	-1.6989700043360187
NPVF	ENSG00000105954	True	-1.6989700043360187
ZSCAN20	ENSG00000121903	True	-1.6989700043360187
TP53INP1	ENSG00000164938	True	-1.6989700043360187
TMTC4	ENSG00000125247	True	-1.6989700043360187
OR56A5		False	-1.6989700043360187
FZD3	ENSG00000104290	True	-1.6989700043360187
NPIPB12	ENSG00000169203	True	-1.6989700043360187
NECAB3	ENSG00000125967	True	-1.6989700043360187
PPARD	ENSG00000112033	True	-1.6989700043360187
GCNT2	ENSG00000111846	True	-1.6989700043360187
CCDC144A	ENSG00000170160	True	-1.6989700043360187
MDGA2	ENSG00000139915	True	-1.6989700043360187
RFTN2	ENSG00000162944	True	-1.6989700043360187
DZIP1	ENSG00000134874	True	-1.6989700043360187
TDRD6	ENSG00000180113	True	-1.6989700043360187
TEDDM1		False	-1.6989700043360187
TMEM8B	ENSG00000137103	True	-1.6989700043360187
BTG3	ENSG00000154640	True	-1.6989700043360187
MUC3A	ENSG00000169894	True	-1.6989700043360187
NT5C1A	ENSG00000116981	True	-1.6989700043360187
OR2AG1		False	-1.6989700043360187
FMO2	ENSG00000094963	True	-1.6989700043360187
PCDHA5	ENSG00000204965	True	-1.6989700043360187
COX4I2		False	-1.6989700043360187
SPOCD1	ENSG00000134668	True	-1.6989700043360187
ZNF705A		False	-1.6989700043360187
ZNF441		False	-1.6989700043360187
TCTE3		False	-1.6989700043360187
CFAP97D2		False	-1.6989700043360187
TDGF1		False	-1.6989700043360187
METTL11B		False	-1.6989700043360187
ZNF280B	ENSG00000275004	True	-1.6989700043360187
PCDHB6	ENSG00000113211	True	-1.6989700043360187
CNBD1	ENSG00000176571	True	-1.6989700043360187
RAMP1		False	-1.6989700043360187
CSAG2		False	-1.6989700043360187
ZNF623	ENSG00000183309	True	-1.6989700043360187
GFI1B	ENSG00000165702	True	-1.6989700043360187
EDA		False	-1.6989700043360187
TCP11	ENSG00000124678	True	-1.6989700043360187
LRRC74A	ENSG00000100565	True	-1.6989700043360187
CIB2	ENSG00000136425	True	-1.6989700043360187
RASSF9	ENSG00000198774	True	-1.6989700043360187
C2orf66	ENSG00000187944	True	-1.6989700043360187
TRPV1		False	-1.6989700043360187
CACNA1I		False	-1.6989700043360187
B3GNT10		False	-1.6989700043360187
FAM9A	ENSG00000183304	True	-1.6989700043360187
PLAC1	ENSG00000170965	True	-1.6989700043360187
KRTAP20-2		False	-1.6989700043360187
BPIFC		False	-1.6989700043360187
FAXC	ENSG00000146267	True	-1.6989700043360187
SETBP1	ENSG00000152217	True	-1.6989700043360187
PHOSPHO1		False	-1.6989700043360187
IL22RA1		False	-1.6989700043360187
ZNF205	ENSG00000122386	True	-1.6989700043360187
RGS11	ENSG00000076344	True	-1.6989700043360187
ARNTL2		False	-1.6989700043360187
PSD	ENSG00000059915	True	-1.6989700043360187
UHMK1		False	-1.6989700043360187
ARAP2	ENSG00000047365	True	-1.6989700043360187
SV2C	ENSG00000122012	True	-1.6989700043360187
ADAM7	ENSG00000069206	True	-1.6989700043360187
ZBED6		False	-1.6989700043360187
MAPK8IP2	ENSG00000008735	True	-1.6989700043360187
ELL3	ENSG00000128886	True	-1.6989700043360187
UGT3A2	ENSG00000168671	True	-1.6989700043360187
KLHL30		False	-1.6989700043360187
ADAMTS5	ENSG00000154736	True	-1.6989700043360187
OR7A17		False	-1.6989700043360187
ZNF780B	ENSG00000128000	True	-1.6989700043360187
LHX5		False	-1.6989700043360187
OR6Q1		False	-1.6989700043360187
SPDYA	ENSG00000163806	True	-1.6989700043360187
ZBED2		False	-1.6989700043360187
ZNF57		False	-1.6989700043360187
GABRA5		False	-1.6989700043360187
NBPF12	ENSG00000268043	True	-1.6989700043360187
ANKRD37	ENSG00000186352	True	-1.6989700043360187
GPR35		False	-1.6989700043360187
C1orf216	ENSG00000142686	True	-1.6989700043360187
ASPG	ENSG00000166183	True	-1.6989700043360187
NIPAL4	ENSG00000172548	True	-1.6989700043360187
PRAC1	ENSG00000159182	True	-1.6989700043360187
ZNF688	ENSG00000229809	True	-1.6989700043360187
SPTSSB		False	-1.6989700043360187
SWSAP1	ENSG00000173928	True	-1.6989700043360187
POMT2	ENSG00000009830	True	-1.6989700043360187
ZUP1	ENSG00000153975	True	-1.6989700043360187
ZDHHC2	ENSG00000104219	True	-1.6989700043360187
TEDC2	ENSG00000162062	True	-1.6989700043360187
ZBTB49	ENSG00000168826	True	-1.7212463990471711
C7orf61		False	-1.7212463990471711
C3orf52	ENSG00000114529	True	-1.7212463990471711
PPEF2		False	-1.7212463990471711
RCAN2	ENSG00000172348	True	-1.7212463990471711
DOK4	ENSG00000125170	True	-1.7212463990471711
TNFSF9		False	-1.7212463990471711
SLC9C1		False	-1.7212463990471711
USP44		False	-1.7212463990471711
PARP3	ENSG00000041880	True	-1.7212463990471711
CCDC136	ENSG00000128596	True	-1.7212463990471711
HTR5A	ENSG00000157219	True	-1.7212463990471711
DUOXA1	ENSG00000140254	True	-1.7212463990471711
CCDC17	ENSG00000159588	True	-1.7212463990471711
GRP		False	-1.7212463990471711
POTEH		False	-1.7212463990471711
PNPLA7	ENSG00000130653	True	-1.7212463990471711
RTP3		False	-1.7212463990471711
M0R1X1_HUMAN		False	-1.7212463990471711
OR2I1P		False	-1.7212463990471711
PFN4		False	-1.7212463990471711
ZNF80	ENSG00000174255	True	-1.7212463990471711
YIPF7	ENSG00000177752	True	-1.7212463990471711
PCDHA13		False	-1.7212463990471711
TRIM51	ENSG00000124900	True	-1.7212463990471711
NKAIN3	ENSG00000185942	True	-1.7212463990471711
ZCWPW1		False	-1.7212463990471711
PTGFR		False	-1.7212463990471711
RTP4	ENSG00000136514	True	-1.7212463990471711
OLFM2	ENSG00000105088	True	-1.7212463990471711
PRDM8		False	-1.7212463990471711
ZNF572	ENSG00000180938	True	-1.7212463990471711
ZC2HC1B		False	-1.7212463990471711
MFNG	ENSG00000100060	True	-1.7212463990471711
NEURL2	ENSG00000124257	True	-1.7212463990471711
CENPVL3		False	-1.7212463990471711
RAB36		False	-1.7212463990471711
GOLGA6L4		False	-1.7212463990471711
ZNF707	ENSG00000181135	True	-1.7212463990471711
SPACA4	ENSG00000177202	True	-1.7212463990471711
NBPF3	ENSG00000142794	True	-1.7212463990471711
TTC34	ENSG00000215912	True	-1.7212463990471711
FANCC	ENSG00000158169	True	-1.7212463990471711
C20orf144	ENSG00000149609	True	-1.7212463990471711
SCN1A		False	-1.7212463990471711
CDH10	ENSG00000040731	True	-1.7212463990471711
IL25	ENSG00000166090	True	-1.7212463990471711
C11orf65		False	-1.7212463990471711
IGSF9	ENSG00000085552	True	-1.7212463990471711
HSD11B1L		False	-1.7212463990471711
ZNF829		False	-1.7212463990471711
PPP4R4	ENSG00000119698	True	-1.7212463990471711
NBPF1	ENSG00000219481	True	-1.7212463990471711
SLC9A4	ENSG00000180251	True	-1.7212463990471711
KCNT2	ENSG00000162687	True	-1.7212463990471711
SSMEM1		False	-1.7212463990471711
PRSS54	ENSG00000103023	True	-1.7212463990471711
CCNA1	ENSG00000133101	True	-1.7212463990471711
PCDHGA2	ENSG00000081853	True	-1.7212463990471711
FLT3LG		False	-1.7212463990471711
EPHA10	ENSG00000183317	True	-1.7212463990471711
CLDN10	ENSG00000134873	True	-1.7212463990471711
RLN3		False	-1.7212463990471711
TCTE1		False	-1.7212463990471711
ZNF366	ENSG00000178175	True	-1.7212463990471711
CHRM3	ENSG00000133019	True	-1.7212463990471711
NPC1L1	ENSG00000015520	True	-1.7212463990471711
CACNA1D	ENSG00000157388	True	-1.7212463990471711
PPP1R1C		False	-1.7212463990471711
ZDHHC9	ENSG00000188706	True	-1.7212463990471711
UBQLNL		False	-1.7212463990471711
ENSP00000490424		False	-1.7212463990471711
ATP8B4	ENSG00000104043	True	-1.7212463990471711
MMP20		False	-1.7212463990471711
SAMD10	ENSG00000130590	True	-1.7212463990471711
ZNF684	ENSG00000117010	True	-1.7212463990471711
GPR155	ENSG00000163328	True	-1.7212463990471711
RTL5	ENSG00000242732	True	-1.7212463990471711
NPAP1	ENSG00000185823	True	-1.7212463990471711
MUCL3	ENSG00000168631	True	-1.7212463990471711
SLC52A3	ENSG00000101276	True	-1.7212463990471711
HCN2		False	-1.7212463990471711
OR9G4		False	-1.7212463990471711
DEGS2		False	-1.7212463990471711
ZP1		False	-1.7212463990471711
ZNF821	ENSG00000102984	True	-1.7212463990471711
HOXC13	ENSG00000123364	True	-1.7212463990471711
STEAP1B		False	-1.7212463990471711
GLRA1		False	-1.7212463990471711
PARPBP	ENSG00000185480	True	-1.7212463990471711
SMO	ENSG00000128602	True	-1.744727494896694
PJVK		False	-1.744727494896694
CAGE1	ENSG00000164304	True	-1.744727494896694
ZNF433	ENSG00000197647	True	-1.744727494896694
PRAMEF13		False	-1.744727494896694
G6PC		False	-1.744727494896694
FERD3L	ENSG00000146618	True	-1.744727494896694
CLDN20		False	-1.744727494896694
SOX7	ENSG00000171056	True	-1.744727494896694
CAMTA1	ENSG00000171735	True	-1.744727494896694
GPR83		False	-1.744727494896694
OR10H5		False	-1.744727494896694
NLRP6	ENSG00000174885	True	-1.744727494896694
TSPAN16	ENSG00000130167	True	-1.744727494896694
GALNT15	ENSG00000131386	True	-1.744727494896694
TIPARP		False	-1.744727494896694
C21orf91	ENSG00000154642	True	-1.744727494896694
NPIPB2	ENSG00000234719	True	-1.744727494896694
ZNF268	ENSG00000090612	True	-1.744727494896694
TSPAN10		False	-1.744727494896694
OR8B2		False	-1.744727494896694
ZBTB6	ENSG00000186130	True	-1.744727494896694
PRR33		False	-1.744727494896694
DPRX	ENSG00000204595	True	-1.744727494896694
PROCA1	ENSG00000167525	True	-1.744727494896694
OR8B4		False	-1.744727494896694
FAM71A		False	-1.744727494896694
PCDHA9		False	-1.744727494896694
CACNA1F	ENSG00000102001	True	-1.744727494896694
IZUMO2	ENSG00000161652	True	-1.744727494896694
ZNF605	ENSG00000196458	True	-1.744727494896694
TM4SF18	ENSG00000163762	True	-1.744727494896694
LGALS13		False	-1.744727494896694
TMED6	ENSG00000157315	True	-1.744727494896694
SYNGR4	ENSG00000105467	True	-1.744727494896694
TP53TG5	ENSG00000124251	True	-1.744727494896694
CC2D2A	ENSG00000048342	True	-1.744727494896694
H2AP	ENSG00000187516	True	-1.744727494896694
NUTM2E		False	-1.744727494896694
LIF	ENSG00000128342	True	-1.744727494896694
CTXN1	ENSG00000178531	True	-1.744727494896694
BDKRB2	ENSG00000168398	True	-1.744727494896694
SSTR4	ENSG00000132671	True	-1.744727494896694
ZMYND12		False	-1.744727494896694
GCNT7	ENSG00000124091	True	-1.744727494896694
TAS1R1	ENSG00000173662	True	-1.744727494896694
SLC15A5	ENSG00000188991	True	-1.744727494896694
PATE4	ENSG00000237353	True	-1.744727494896694
OR8K3		False	-1.744727494896694
ADAMTSL3	ENSG00000156218	True	-1.744727494896694
CAPZA3	ENSG00000177938	True	-1.744727494896694
PKD1L3		False	-1.744727494896694
CARMIL3	ENSG00000186648	True	-1.744727494896694
PTCHD1	ENSG00000165186	True	-1.744727494896694
RWDD2A	ENSG00000013392	True	-1.744727494896694
GSG1		False	-1.744727494896694
OR6M1	ENSG00000196099	True	-1.744727494896694
CCNJ	ENSG00000107443	True	-1.744727494896694
GABRR1		False	-1.744727494896694
C1orf158		False	-1.744727494896694
FAM90A10P		False	-1.744727494896694
IQCJ	ENSG00000214216	True	-1.744727494896694
LRRC14B	ENSG00000185028	True	-1.744727494896694
PCDHB12	ENSG00000120328	True	-1.744727494896694
SCP2D1		False	-1.744727494896694
SYT4	ENSG00000132872	True	-1.744727494896694
OR5J2	ENSG00000174957	True	-1.744727494896694
ZNF544	ENSG00000198131	True	-1.744727494896694
NYNRIN	ENSG00000205978	True	-1.744727494896694
OXTR		False	-1.744727494896694
TAS2R41	ENSG00000221855	True	-1.744727494896694
ZNF562	ENSG00000171466	True	-1.744727494896694
ARL14EPL		False	-1.744727494896694
TAS2R4		False	-1.744727494896694
ZNF823		False	-1.744727494896694
TET3	ENSG00000187605	True	-1.744727494896694
S100G	ENSG00000169906	True	-1.744727494896694
NUTM1	ENSG00000184507	True	-1.744727494896694
GLP1R		False	-1.744727494896694
FUT1		False	-1.744727494896694
GPR176	ENSG00000166073	True	-1.744727494896694
ADM2		False	-1.744727494896694
SAMD15	ENSG00000100583	True	-1.744727494896694
TSPAN17	ENSG00000048140	True	-1.744727494896694
GLRB	ENSG00000109738	True	-1.744727494896694
YPEL4	ENSG00000166793	True	-1.744727494896694
SLC22A16	ENSG00000004809	True	-1.744727494896694
IL27	ENSG00000197272	True	-1.744727494896694
SEC14L6		False	-1.744727494896694
TMEM26	ENSG00000196932	True	-1.744727494896694
MYO1H	ENSG00000174527	True	-1.744727494896694
NPIPB9	ENSG00000196993	True	-1.744727494896694
PODNL1	ENSG00000132000	True	-1.744727494896694
LHB	ENSG00000104826	True	-1.744727494896694
PDCL2	ENSG00000163440	True	-1.744727494896694
C3orf20	ENSG00000131379	True	-1.744727494896694
RGS9BP	ENSG00000186326	True	-1.744727494896694
WDR90	ENSG00000161996	True	-1.744727494896694
SUCNR1	ENSG00000198829	True	-1.744727494896694
POTEC		False	-1.744727494896694
SEC16B	ENSG00000120341	True	-1.744727494896694
TEX261	ENSG00000144043	True	-1.744727494896694
PRLR		False	-1.7695510786217261
TMEM74	ENSG00000164841	True	-1.7695510786217261
C2CD6		False	-1.7695510786217261
OR4K15	ENSG00000169488	True	-1.7695510786217261
ZSCAN9	ENSG00000137185	True	-1.7695510786217261
CRYGN	ENSG00000127377	True	-1.7695510786217261
ARHGAP42	ENSG00000165895	True	-1.7695510786217261
MS4A2	ENSG00000149534	True	-1.7695510786217261
CALN1	ENSG00000183166	True	-1.7695510786217261
TMEM86B	ENSG00000180089	True	-1.7695510786217261
NPIPB7	ENSG00000233232	True	-1.7695510786217261
ZSWIM1	ENSG00000168612	True	-1.7695510786217261
DNAH10	ENSG00000197653	True	-1.7695510786217261
SPZ1		False	-1.7695510786217261
ZFYVE28	ENSG00000159733	True	-1.7695510786217261
PHOSPHO2	ENSG00000144362	True	-1.7695510786217261
OR10G6		False	-1.7695510786217261
ABCA7	ENSG00000064687	True	-1.7695510786217261
TPRX1	ENSG00000178928	True	-1.7695510786217261
SCNN1G		False	-1.7695510786217261
FAM189A2		False	-1.7695510786217261
CELSR3	ENSG00000008300	True	-1.7695510786217261
RWDD3		False	-1.7695510786217261
C3AR1	ENSG00000171860	True	-1.7695510786217261
MAATS1		False	-1.7695510786217261
ENSP00000497876		False	-1.7695510786217261
GPR55		False	-1.7695510786217261
TEX33	ENSG00000185264	True	-1.7695510786217261
AK9	ENSG00000155085	True	-1.7695510786217261
ZFP69B	ENSG00000187801	True	-1.7695510786217261
PCSK7		False	-1.7695510786217261
TBX10	ENSG00000167800	True	-1.7695510786217261
ZBED6CL		False	-1.7695510786217261
SIRPB2	ENSG00000196209	True	-1.7695510786217261
COL6A5	ENSG00000172752	True	-1.7695510786217261
ERMARD	ENSG00000130023	True	-1.7695510786217261
WNT4	ENSG00000162552	True	-1.7695510786217261
CCDC96	ENSG00000173013	True	-1.7695510786217261
GPR87		False	-1.7695510786217261
UPP2		False	-1.7695510786217261
ALPK3	ENSG00000136383	True	-1.7695510786217261
MLH3		False	-1.7695510786217261
LRRTM1	ENSG00000162951	True	-1.7695510786217261
TEX38		False	-1.7695510786217261
MAB21L3		False	-1.7695510786217261
PCDHGA7	ENSG00000253537	True	-1.7695510786217261
RUNDC3A	ENSG00000108309	True	-1.7695510786217261
FHAD1	ENSG00000142621	True	-1.7695510786217261
TMEM89	ENSG00000183396	True	-1.7695510786217261
ZNF2	ENSG00000275111	True	-1.7695510786217261
EML6	ENSG00000214595	True	-1.7695510786217261
CLEC2A	ENSG00000188393	True	-1.7695510786217261
GALR2	ENSG00000182687	True	-1.7695510786217261
OCEL1	ENSG00000099330	True	-1.7695510786217261
HSF4		False	-1.7695510786217261
MAGEE2	ENSG00000186675	True	-1.7695510786217261
UNC79		False	-1.7695510786217261
GPR18	ENSG00000125245	True	-1.7695510786217261
CCDC172		False	-1.7695510786217261
SFMBT2	ENSG00000198879	True	-1.7695510786217261
SP5		False	-1.7695510786217261
LOC101059915		False	-1.7695510786217261
MEI1	ENSG00000167077	True	-1.7695510786217261
ZNF585B		False	-1.7695510786217261
ESR2	ENSG00000140009	True	-1.7695510786217261
GRIK5		False	-1.7695510786217261
TMEM167B		False	-1.7695510786217261
KIAA0586	ENSG00000100578	True	-1.7695510786217261
MFSD14B		False	-1.7695510786217261
TEX47		False	-1.7695510786217261
J3QR06_HUMAN		False	-1.7695510786217261
OTOP2	ENSG00000183034	True	-1.7695510786217261
WDR49	ENSG00000174776	True	-1.7695510786217261
NAALADL1	ENSG00000168060	True	-1.7695510786217261
ZNF234	ENSG00000263002	True	-1.7695510786217261
UBTFL1		False	-1.7695510786217261
CPEB1		False	-1.7695510786217261
NPIPB8	ENSG00000255524	True	-1.7695510786217261
SHISA9		False	-1.7695510786217261
FAM170A	ENSG00000164334	True	-1.7695510786217261
IL17D		False	-1.7695510786217261
KCNS2	ENSG00000156486	True	-1.7695510786217261
LIPK		False	-1.7695510786217261
OR4C11		False	-1.7695510786217261
CACNA2D3		False	-1.7695510786217261
C12orf60		False	-1.7695510786217261
KCNA4	ENSG00000182255	True	-1.7695510786217261
PGLYRP4		False	-1.7695510786217261
GPR160	ENSG00000173890	True	-1.7695510786217261
SLC28A2	ENSG00000137860	True	-1.7695510786217261
PCDH19	ENSG00000165194	True	-1.7695510786217261
IL17REL	ENSG00000188263	True	-1.7695510786217261
OR10H1		False	-1.7695510786217261
XKR8	ENSG00000158156	True	-1.7695510786217261
P2RX2		False	-1.7695510786217261
CATSPERE		False	-1.7695510786217261
MROH6	ENSG00000204839	True	-1.7695510786217261
CHADL	ENSG00000100399	True	-1.7695510786217261
BIK	ENSG00000100290	True	-1.7695510786217261
ZNF517		False	-1.7695510786217261
BOLL	ENSG00000152430	True	-1.7695510786217261
EFCAB12	ENSG00000172771	True	-1.7695510786217261
H0YIJ7_HUMAN		False	-1.7695510786217261
PRRG4	ENSG00000135378	True	-1.7695510786217261
SPINK9	ENSG00000204909	True	-1.7695510786217261
FBXO27	ENSG00000161243	True	-1.7695510786217261
C2orf15		False	-1.7695510786217261
SMIM2	ENSG00000139656	True	-1.7695510786217261
GLYATL1B	ENSG00000255151	True	-1.7695510786217261
IBSP		False	-1.7695510786217261
HOXA13		False	-1.7695510786217261
C1orf167	ENSG00000215910	True	-1.7695510786217261
SLC10A7	ENSG00000120519	True	-1.7695510786217261
GOLGA6L9		False	-1.7695510786217261
CD101	ENSG00000134256	True	-1.7695510786217261
ZNF282	ENSG00000170265	True	-1.7695510786217261
ZNF440	ENSG00000171295	True	-1.7695510786217261
TTC21A	ENSG00000168026	True	-1.7695510786217261
EFHC2	ENSG00000183690	True	-1.7695510786217261
IGDCC3		False	-1.7695510786217261
AADACL3		False	-1.7695510786217261
MOS		False	-1.7695510786217261
FAM78A	ENSG00000126882	True	-1.7695510786217261
ABO		False	-1.7695510786217261
CNTLN	ENSG00000044459	True	-1.7695510786217261
CXCL11	ENSG00000169248	True	-1.7695510786217261
TBC1D28		False	-1.7695510786217261
F231L_HUMAN		False	-1.7695510786217261
OGG1	ENSG00000114026	True	-1.7695510786217261
PRDM16		False	-1.7695510786217261
TCP10		False	-1.7695510786217261
NR2E3		False	-1.7695510786217261
DUSP2		False	-1.7695510786217261
PCDHB13		False	-1.7695510786217261
PTCHD4	ENSG00000244694	True	-1.7695510786217261
ANKUB1	ENSG00000206199	True	-1.7695510786217261
IP6K3	ENSG00000161896	True	-1.7958800173440752
TBC1D21	ENSG00000167139	True	-1.7958800173440752
KLHL34	ENSG00000185915	True	-1.7958800173440752
LRRC4C	ENSG00000148948	True	-1.7958800173440752
ZSWIM5	ENSG00000162415	True	-1.7958800173440752
ADGRG3	ENSG00000182885	True	-1.7958800173440752
LRFN1		False	-1.7958800173440752
GRID2	ENSG00000152208	True	-1.7958800173440752
AGBL4	ENSG00000186094	True	-1.7958800173440752
C16orf90		False	-1.7958800173440752
C19orf18	ENSG00000177025	True	-1.7958800173440752
PTH2		False	-1.7958800173440752
TXNRD3NB		False	-1.7958800173440752
TAF11L13		False	-1.7958800173440752
PREX2	ENSG00000046889	True	-1.7958800173440752
ZNF226	ENSG00000167380	True	-1.7958800173440752
NAT8L		False	-1.7958800173440752
PIH1D2		False	-1.7958800173440752
BMP4	ENSG00000125378	True	-1.7958800173440752
ZNF883		False	-1.7958800173440752
RP1	ENSG00000104237	True	-1.7958800173440752
STRC	ENSG00000242866	True	-1.7958800173440752
SCT	ENSG00000070031	True	-1.7958800173440752
WDR17	ENSG00000150627	True	-1.7958800173440752
ASB17		False	-1.7958800173440752
TCTN2	ENSG00000168778	True	-1.7958800173440752
TIGD5		False	-1.7958800173440752
OR1L4		False	-1.7958800173440752
PIF1	ENSG00000140451	True	-1.7958800173440752
CHST6	ENSG00000183196	True	-1.7958800173440752
GADD45A		False	-1.7958800173440752
BMP8A		False	-1.7958800173440752
HCN1	ENSG00000164588	True	-1.7958800173440752
HIPK3	ENSG00000110422	True	-1.7958800173440752
TTBK2	ENSG00000128881	True	-1.7958800173440752
ISL1	ENSG00000016082	True	-1.7958800173440752
SIDT1	ENSG00000072858	True	-1.7958800173440752
ATP1B4		False	-1.7958800173440752
GRIK1	ENSG00000171189	True	-1.7958800173440752
TLCD3A		False	-1.7958800173440752
GPR149	ENSG00000174948	True	-1.7958800173440752
REV1	ENSG00000135945	True	-1.7958800173440752
FAM200A	ENSG00000221909	True	-1.7958800173440752
NT5C1B-RDH14	ENSG00000250741	True	-1.7958800173440752
TRIM61	ENSG00000183439	True	-1.7958800173440752
ZNF200	ENSG00000010539	True	-1.7958800173440752
C4orf50		False	-1.7958800173440752
ZNF831	ENSG00000124203	True	-1.7958800173440752
SYT9		False	-1.7958800173440752
OR4P4	ENSG00000181927	True	-1.7958800173440752
PAQR3		False	-1.7958800173440752
MUC17	ENSG00000169876	True	-1.7958800173440752
APC2		False	-1.7958800173440752
FKBP6	ENSG00000077800	True	-1.7958800173440752
DNAAF4	ENSG00000256061	True	-1.7958800173440752
HES6		False	-1.7958800173440752
ZNF738	ENSG00000172687	True	-1.7958800173440752
ZNF844-2		False	-1.7958800173440752
CCDC168	ENSG00000175820	True	-1.7958800173440752
NIM1K		False	-1.7958800173440752
ZNF404	ENSG00000176222	True	-1.7958800173440752
SOCS3	ENSG00000184557	True	-1.7958800173440752
SPX		False	-1.7958800173440752
OR2T10	ENSG00000184022	True	-1.7958800173440752
TAS2R8		False	-1.7958800173440752
LRRN2	ENSG00000170382	True	-1.7958800173440752
CACNA1B	ENSG00000148408	True	-1.7958800173440752
ARMC12	ENSG00000157343	True	-1.7958800173440752
OR2B3		False	-1.7958800173440752
C5orf67		False	-1.7958800173440752
LRRC46	ENSG00000141294	True	-1.7958800173440752
BMPER		False	-1.7958800173440752
HIGD1B		False	-1.7958800173440752
CCDC33		False	-1.7958800173440752
KIAA1755	ENSG00000149633	True	-1.7958800173440752
MORN2		False	-1.7958800173440752
ZNF221	ENSG00000159905	True	-1.7958800173440752
RAPGEF5	ENSG00000136237	True	-1.7958800173440752
GUCA1A	ENSG00000048545	True	-1.7958800173440752
GUCA1A-2		False	-1.7958800173440752
ZNF789	ENSG00000198556	True	-1.7958800173440752
GPR179	ENSG00000277399	True	-1.7958800173440752
FBXL5	ENSG00000118564	True	-1.7958800173440752
THAP1		False	-1.7958800173440752
EME2	ENSG00000197774	True	-1.7958800173440752
C1QTNF7	ENSG00000163145	True	-1.7958800173440752
ZNF799	ENSG00000196466	True	-1.7958800173440752
CXorf21		False	-1.7958800173440752
NAGS		False	-1.7958800173440752
MRGPRX3		False	-1.7958800173440752
FAM214A		False	-1.7958800173440752
TAS2R50		False	-1.7958800173440752
MROH2B	ENSG00000171495	True	-1.7958800173440752
BEST3	ENSG00000127325	True	-1.7958800173440752
TMEM179		False	-1.7958800173440752
KCNH3		False	-1.7958800173440752
GUCA1C	ENSG00000138472	True	-1.7958800173440752
ECT2L	ENSG00000203734	True	-1.7958800173440752
BTBD18	ENSG00000233436	True	-1.7958800173440752
KBTBD13	ENSG00000234438	True	-1.7958800173440752
ZBTB25	ENSG00000089775	True	-1.7958800173440752
KCNH5	ENSG00000140015	True	-1.7958800173440752
IFNL1		False	-1.7958800173440752
RNF227		False	-1.7958800173440752
NPIPB15	ENSG00000196436	True	-1.7958800173440752
RTN4RL1	ENSG00000185924	True	-1.7958800173440752
C9orf50	ENSG00000179058	True	-1.7958800173440752
THAP9	ENSG00000168152	True	-1.7958800173440752
PHF21B	ENSG00000056487	True	-1.7958800173440752
NT5C1B	ENSG00000185013	True	-1.7958800173440752
EGFL6	ENSG00000198759	True	-1.7958800173440752
RNF144A	ENSG00000151692	True	-1.8239087409443189
ZNF17		False	-1.8239087409443189
MALRD1	ENSG00000204740	True	-1.8239087409443189
SPATA31A3		False	-1.8239087409443189
TNFSF15	ENSG00000181634	True	-1.8239087409443189
DBX1	ENSG00000109851	True	-1.8239087409443189
TBX20		False	-1.8239087409443189
OR10D3		False	-1.8239087409443189
EML5	ENSG00000165521	True	-1.8239087409443189
TMEM241	ENSG00000134490	True	-1.8239087409443189
PCDHB7	ENSG00000113212	True	-1.8239087409443189
ONECUT2	ENSG00000119547	True	-1.8239087409443189
WNT8B	ENSG00000075290	True	-1.8239087409443189
TAFA3	ENSG00000184599	True	-1.8239087409443189
ANKRD18A	ENSG00000180071	True	-1.8239087409443189
CARF	ENSG00000138380	True	-1.8239087409443189
RYR3		False	-1.8239087409443189
GPR137	ENSG00000173264	True	-1.8239087409443189
C2CD4D		False	-1.8239087409443189
BMP15		False	-1.8239087409443189
TDRD12		False	-1.8239087409443189
INTU	ENSG00000164066	True	-1.8239087409443189
CCDC169		False	-1.8239087409443189
ADAM21	ENSG00000139985	True	-1.8239087409443189
MFSD9	ENSG00000135953	True	-1.8239087409443189
NRSN2	ENSG00000125841	True	-1.8239087409443189
C2orf78		False	-1.8239087409443189
SLC52A1		False	-1.8239087409443189
SLC18A2	ENSG00000165646	True	-1.8239087409443189
EMID1	ENSG00000186998	True	-1.8239087409443189
B3GNT4	ENSG00000176383	True	-1.8239087409443189
LRRC9	ENSG00000131951	True	-1.8239087409443189
KLK9	ENSG00000213022	True	-1.8239087409443189
SOWAHD	ENSG00000187808	True	-1.8239087409443189
FAM186B	ENSG00000135436	True	-1.8239087409443189
SPSB3	ENSG00000162032	True	-1.8239087409443189
CHST5	ENSG00000135702	True	-1.8239087409443189
DKK4	ENSG00000104371	True	-1.8239087409443189
TM4SF19		False	-1.8239087409443189
LTK		False	-1.8239087409443189
HOXC12	ENSG00000123407	True	-1.8239087409443189
OTOR	ENSG00000125879	True	-1.8239087409443189
P2RY14	ENSG00000174944	True	-1.8239087409443189
IL12RB2	ENSG00000081985	True	-1.8239087409443189
IL11		False	-1.8239087409443189
ZNF844	ENSG00000223547	True	-1.8239087409443189
FBXW10		False	-1.8239087409443189
ASCL1	ENSG00000139352	True	-1.8239087409443189
OR5M9		False	-1.8239087409443189
MXD1	ENSG00000059728	True	-1.8239087409443189
PCOLCE2	ENSG00000163710	True	-1.8239087409443189
DCST1	ENSG00000163357	True	-1.8239087409443189
KIF9	ENSG00000088727	True	-1.8239087409443189
ANKFN1	ENSG00000153930	True	-1.8239087409443189
NLRP1	ENSG00000091592	True	-1.8239087409443189
KLHL32	ENSG00000186231	True	-1.8239087409443189
OR13C4		False	-1.8239087409443189
BBS12	ENSG00000181004	True	-1.8239087409443189
RGS7BP	ENSG00000186479	True	-1.8239087409443189
KLK4	ENSG00000167749	True	-1.8239087409443189
CNGA2	ENSG00000183862	True	-1.8239087409443189
ARMCX4	ENSG00000196440	True	-1.8239087409443189
OR2AJ1		False	-1.8239087409443189
ULK4	ENSG00000168038	True	-1.8239087409443189
MYF6		False	-1.8239087409443189
WDR97	ENSG00000179698	True	-1.8239087409443189
GLT1D1		False	-1.8239087409443189
UPK3A	ENSG00000100373	True	-1.8239087409443189
GHRHR		False	-1.8239087409443189
HAS3	ENSG00000103044	True	-1.8239087409443189
SCN5A		False	-1.8239087409443189
IL10RA		False	-1.8239087409443189
PKD2L1	ENSG00000107593	True	-1.8239087409443189
HCN4	ENSG00000138622	True	-1.8239087409443189
IL26		False	-1.8239087409443189
TCIM	ENSG00000176907	True	-1.8239087409443189
CCNI	ENSG00000118816	True	-1.8239087409443189
SLITRK5	ENSG00000165300	True	-1.8239087409443189
SLC16A8	ENSG00000100156	True	-1.8239087409443189
ZNF567	ENSG00000189042	True	-1.8239087409443189
TPGS2	ENSG00000134779	True	-1.8239087409443189
RTL3	ENSG00000179300	True	-1.8239087409443189
PCARE		False	-1.8239087409443189
KCNE1		False	-1.8239087409443189
KCNE1B		False	-1.8239087409443189
IL9		False	-1.8239087409443189
SVOPL	ENSG00000157703	True	-1.8239087409443189
SCN9A	ENSG00000169432	True	-1.8239087409443189
ZNF564	ENSG00000249709	True	-1.8239087409443189
TEX26		False	-1.8239087409443189
SGSM1	ENSG00000167037	True	-1.8239087409443189
GRIN2D	ENSG00000105464	True	-1.8239087409443189
ACKR2	ENSG00000144648	True	-1.8239087409443189
KCNG4		False	-1.8239087409443189
CFAP61	ENSG00000089101	True	-1.8239087409443189
ADAMTS7	ENSG00000136378	True	-1.8239087409443189
KLHL4	ENSG00000102271	True	-1.8239087409443189
ZNF77	ENSG00000175691	True	-1.8239087409443189
LOC102723655		False	-1.8239087409443189
CCR1		False	-1.8239087409443189
TEX36		False	-1.8239087409443189
OR2T33		False	-1.8239087409443189
APCDD1L	ENSG00000198768	True	-1.853871964321762
SEM1	ENSG00000127922	True	-1.853871964321762
PCDHGB3	ENSG00000262209	True	-1.853871964321762
PCDHB4	ENSG00000081818	True	-1.853871964321762
PRR9	ENSG00000203783	True	-1.853871964321762
C20orf194		False	-1.853871964321762
GBX1	ENSG00000164900	True	-1.853871964321762
C6orf201		False	-1.853871964321762
GPR37	ENSG00000170775	True	-1.853871964321762
GJA4	ENSG00000187513	True	-1.853871964321762
CEACAM16	ENSG00000213892	True	-1.853871964321762
DNAH7	ENSG00000118997	True	-1.853871964321762
PCDHB3	ENSG00000113205	True	-1.853871964321762
OR2M2		False	-1.853871964321762
PIANP	ENSG00000139200	True	-1.853871964321762
ITPRIPL2		False	-1.853871964321762
RTP1		False	-1.853871964321762
TMEM116	ENSG00000198270	True	-1.853871964321762
OR7G1		False	-1.853871964321762
CCDC158		False	-1.853871964321762
ANO3	ENSG00000134343	True	-1.853871964321762
OR2L5		False	-1.853871964321762
GUCY2C	ENSG00000070019	True	-1.853871964321762
CHST4	ENSG00000140835	True	-1.853871964321762
ABCB5		False	-1.853871964321762
RGS17	ENSG00000091844	True	-1.853871964321762
LRRC3C	ENSG00000204913	True	-1.853871964321762
PTGES3L		False	-1.853871964321762
B3GALT2		False	-1.853871964321762
XKR3	ENSG00000172967	True	-1.853871964321762
ZMYM5	ENSG00000132950	True	-1.853871964321762
OR6J1		False	-1.853871964321762
B4GALNT2	ENSG00000167080	True	-1.853871964321762
LSMEM2		False	-1.853871964321762
IFNL3		False	-1.853871964321762
LAG3	ENSG00000089692	True	-1.853871964321762
SIGLECL1	ENSG00000179213	True	-1.853871964321762
OR13C8		False	-1.853871964321762
USP17L4	ENSG00000236125	True	-1.853871964321762
ODAM		False	-1.853871964321762
ZNF658	ENSG00000274349	True	-1.853871964321762
NPPC	ENSG00000163273	True	-1.853871964321762
SLC16A9	ENSG00000165449	True	-1.853871964321762
SYNDIG1		False	-1.853871964321762
DRICH1		False	-1.853871964321762
PNRC2	ENSG00000189266	True	-1.853871964321762
SNN	ENSG00000184602	True	-1.853871964321762
TMPRSS7	ENSG00000176040	True	-1.853871964321762
SLC24A3	ENSG00000185052	True	-1.853871964321762
TAAR2		False	-1.853871964321762
ZNF215	ENSG00000149054	True	-1.853871964321762
PATL2		False	-1.853871964321762
OR6C1		False	-1.853871964321762
ZNF697	ENSG00000143067	True	-1.853871964321762
CD207	ENSG00000116031	True	-1.853871964321762
BTC		False	-1.853871964321762
PCDHB15	ENSG00000113248	True	-1.853871964321762
TBX19	ENSG00000143178	True	-1.853871964321762
HAND1	ENSG00000113196	True	-1.853871964321762
COL20A1		False	-1.853871964321762
OR5T2		False	-1.853871964321762
PKD2L2	ENSG00000078795	True	-1.853871964321762
C16orf96		False	-1.853871964321762
BHLHB9		False	-1.853871964321762
ARMCX5-GPRASP2		False	-1.853871964321762
DNAH6	ENSG00000115423	True	-1.853871964321762
KLRC2		False	-1.853871964321762
FBXW12	ENSG00000164049	True	-1.853871964321762
WFDC13		False	-1.853871964321762
SLC8B1	ENSG00000089060	True	-1.853871964321762
SUSD4	ENSG00000143502	True	-1.853871964321762
CLEC10A	ENSG00000132514	True	-1.853871964321762
TSPO2		False	-1.853871964321762
NNAT		False	-1.853871964321762
PRAMEF11		False	-1.853871964321762
PDE11A	ENSG00000128655	True	-1.853871964321762
KCNMB2	ENSG00000197584	True	-1.853871964321762
ENSP00000483415		False	-1.853871964321762
SLC51A	ENSG00000163959	True	-1.853871964321762
TMEM63C	ENSG00000165548	True	-1.853871964321762
BTBD17	ENSG00000204347	True	-1.853871964321762
NPIPB13	ENSG00000198064	True	-1.853871964321762
RPGRIP1	ENSG00000092200	True	-1.853871964321762
ADGRB2		False	-1.853871964321762
PRDM12	ENSG00000130711	True	-1.853871964321762
TBC1D19	ENSG00000109680	True	-1.853871964321762
ZP3	ENSG00000188372	True	-1.853871964321762
SEMA3E	ENSG00000170381	True	-1.853871964321762
VIPR2	ENSG00000106018	True	-1.853871964321762
RNF212	ENSG00000178222	True	-1.853871964321762
PCDH18	ENSG00000189184	True	-1.853871964321762
WNT2		False	-1.853871964321762
EPAS1		False	-1.853871964321762
TRIM35	ENSG00000104228	True	-1.853871964321762
ACSM4	ENSG00000215009	True	-1.853871964321762
ANKRD36B		False	-1.853871964321762
DRD3		False	-1.853871964321762
NGF		False	-1.853871964321762
TEX29		False	-1.853871964321762
STPG1		False	-1.853871964321762
KLHL23		False	-1.853871964321762
UCP1	ENSG00000109424	True	-1.8860566476931633
LMTK3	ENSG00000142235	True	-1.8860566476931633
NMU	ENSG00000109255	True	-1.8860566476931633
ZNF155	ENSG00000204920	True	-1.8860566476931633
MKKS	ENSG00000125863	True	-1.8860566476931633
PRR20B	ENSG00000204918	True	-1.8860566476931633
PRR20A	ENSG00000204919	True	-1.8860566476931633
PRR20D	ENSG00000227151	True	-1.8860566476931633
PRR20E	ENSG00000234278	True	-1.8860566476931633
PRR20C	ENSG00000229665	True	-1.8860566476931633
SPANXN1		False	-1.8860566476931633
OR8H1		False	-1.8860566476931633
MSH4		False	-1.8860566476931633
SDR42E2		False	-1.8860566476931633
ZNF763	ENSG00000197054	True	-1.8860566476931633
CXorf65	ENSG00000204165	True	-1.8860566476931633
NPM2	ENSG00000158806	True	-1.8860566476931633
ILDR2	ENSG00000143195	True	-1.8860566476931633
TMEM130	ENSG00000166448	True	-1.8860566476931633
ART5	ENSG00000167311	True	-1.8860566476931633
ADAM32	ENSG00000197140	True	-1.8860566476931633
CCL4L2		False	-1.8860566476931633
TWIST2		False	-1.8860566476931633
ZFP41-2		False	-1.8860566476931633
ZFP41	ENSG00000181638	True	-1.8860566476931633
HTR6	ENSG00000158748	True	-1.8860566476931633
CHRNE		False	-1.8860566476931633
GPR141		False	-1.8860566476931633
KLRC1		False	-1.8860566476931633
PIWIL4	ENSG00000134627	True	-1.8860566476931633
LRRC37A3	ENSG00000176809	True	-1.8860566476931633
RGS20	ENSG00000147509	True	-1.8860566476931633
CORT		False	-1.8860566476931633
ZNF569	ENSG00000196437	True	-1.8860566476931633
CEBPE	ENSG00000092067	True	-1.8860566476931633
CRLF2		False	-1.8860566476931633
FSCN3	ENSG00000106328	True	-1.8860566476931633
RXFP4		False	-1.8860566476931633
KLRC3	ENSG00000205810	True	-1.8860566476931633
IL20	ENSG00000162891	True	-1.8860566476931633
GLRA3		False	-1.8860566476931633
GNRHR	ENSG00000109163	True	-1.8860566476931633
AEN		False	-1.8860566476931633
SPATA31D4		False	-1.8860566476931633
CIITA	ENSG00000179583	True	-1.8860566476931633
ZNF589	ENSG00000164048	True	-1.8860566476931633
ZNF599	ENSG00000153896	True	-1.8860566476931633
SHD	ENSG00000105251	True	-1.8860566476931633
ZNF614	ENSG00000142556	True	-1.8860566476931633
SLC35E4	ENSG00000100036	True	-1.8860566476931633
PCDHB10	ENSG00000120324	True	-1.8860566476931633
B4GALNT4	ENSG00000182272	True	-1.8860566476931633
CTXN3		False	-1.8860566476931633
TMEM239		False	-1.8860566476931633
MOAP1	ENSG00000165943	True	-1.8860566476931633
JAKMIP3	ENSG00000188385	True	-1.8860566476931633
ZNF584	ENSG00000171574	True	-1.8860566476931633
CCDC175	ENSG00000151838	True	-1.8860566476931633
CPLANE2	ENSG00000132881	True	-1.8860566476931633
CCIN		False	-1.8860566476931633
NUTM2G		False	-1.8860566476931633
ZNF594	ENSG00000180626	True	-1.8860566476931633
PCDHGA11	ENSG00000253873	True	-1.8860566476931633
ENSP00000491285		False	-1.8860566476931633
ZNF69-2		False	-1.8860566476931633
ASB14		False	-1.8860566476931633
GPR45	ENSG00000135973	True	-1.8860566476931633
ZNF223	ENSG00000178386	True	-1.8860566476931633
OR2L3		False	-1.8860566476931633
LRRC37A	ENSG00000176681	True	-1.8860566476931633
SPATA31D3		False	-1.8860566476931633
TLE6		False	-1.8860566476931633
MN1	ENSG00000169184	True	-1.8860566476931633
ADAMTS16		False	-1.8860566476931633
RNF217	ENSG00000146373	True	-1.8860566476931633
DTX4	ENSG00000110042	True	-1.8860566476931633
MAF	ENSG00000178573	True	-1.8860566476931633
TRIM64	ENSG00000204450	True	-1.8860566476931633
CD83	ENSG00000112149	True	-1.8860566476931633
SUSD6	ENSG00000100647	True	-1.8860566476931633
RADIL	ENSG00000157927	True	-1.8860566476931633
MAP10	ENSG00000212916	True	-1.8860566476931633
TOGARAM1	ENSG00000198718	True	-1.8860566476931633
TRIML2	ENSG00000179046	True	-1.8860566476931633
ZNF548	ENSG00000188785	True	-1.8860566476931633
ZNF662	ENSG00000182983	True	-1.8860566476931633
SPATA31A7		False	-1.8860566476931633
LRRC30	ENSG00000206422	True	-1.8860566476931633
RGS22		False	-1.8860566476931633
PKD1	ENSG00000008710	True	-1.8860566476931633
KCNS3	ENSG00000170745	True	-1.8860566476931633
SPDYE16	ENSG00000185040	True	-1.8860566476931633
AQP7		False	-1.8860566476931633
FAM90A14P		False	-1.8860566476931633
SPATA31A5		False	-1.8860566476931633
LIPN		False	-1.8860566476931633
GUCY2F		False	-1.8860566476931633
FAM187A		False	-1.8860566476931633
KLHDC1	ENSG00000197776	True	-1.8860566476931633
ZNF37A	ENSG00000075407	True	-1.8860566476931633
ZNF577	ENSG00000161551	True	-1.8860566476931633
NXPH1		False	-1.8860566476931633
TRIM51GP		False	-1.8860566476931633
FHOD3	ENSG00000134775	True	-1.8860566476931633
GTF2A1L		False	-1.8860566476931633
KCNT1	ENSG00000107147	True	-1.8860566476931633
ABCA5	ENSG00000154265	True	-1.8860566476931633
SLC9A5	ENSG00000135740	True	-1.8860566476931633
GHRH		False	-1.8860566476931633
OR4D1		False	-1.8860566476931633
ZNF229	ENSG00000278318	True	-1.8860566476931633
C11orf80	ENSG00000173715	True	-1.8860566476931633
CRHR1-2		False	-1.9208187539523751
C2orf81	ENSG00000284308	True	-1.9208187539523751
CCL25	ENSG00000131142	True	-1.9208187539523751
ZAN		False	-1.9208187539523751
ROBO3		False	-1.9208187539523751
LEXM	ENSG00000162398	True	-1.9208187539523751
CSF2RB		False	-1.9208187539523751
MRAP2		False	-1.9208187539523751
MORN5		False	-1.9208187539523751
PGLYRP3	ENSG00000159527	True	-1.9208187539523751
ZFHX2	ENSG00000136367	True	-1.9208187539523751
CATSPERB		False	-1.9208187539523751
CFAP299	ENSG00000197826	True	-1.9208187539523751
SPANXN2		False	-1.9208187539523751
ITGAE	ENSG00000083457	True	-1.9208187539523751
ADGB	ENSG00000118492	True	-1.9208187539523751
FBXO39		False	-1.9208187539523751
PTAFR	ENSG00000169403	True	-1.9208187539523751
WDR87		False	-1.9208187539523751
TNFRSF18	ENSG00000186891	True	-1.9208187539523751
TMEM132B	ENSG00000139364	True	-1.9208187539523751
NXPE1	ENSG00000095110	True	-1.9208187539523751
SIK1	ENSG00000142178	True	-1.9208187539523751
SIK1B		False	-1.9208187539523751
PRAMEF20		False	-1.9208187539523751
SPANXN3		False	-1.9208187539523751
AGAP6	ENSG00000204149	True	-1.9208187539523751
NXF2B	ENSG00000269437	True	-1.9208187539523751
NXF2	ENSG00000269405	True	-1.9208187539523751
PNPLA5	ENSG00000100341	True	-1.9208187539523751
SLC7A13		False	-1.9208187539523751
OR5AP2		False	-1.9208187539523751
PPARGC1A		False	-1.9208187539523751
POU1F1	ENSG00000064835	True	-1.9208187539523751
RFPL4B	ENSG00000251258	True	-1.9208187539523751
RNF152		False	-1.9208187539523751
STIMATE	ENSG00000213533	True	-1.9208187539523751
CNTD1		False	-1.9208187539523751
KAZALD1	ENSG00000107821	True	-1.9208187539523751
DEFB112		False	-1.9208187539523751
RTP2		False	-1.9208187539523751
MDH1B	ENSG00000138400	True	-1.9208187539523751
OR2H1		False	-1.9208187539523751
CST11	ENSG00000125831	True	-1.9208187539523751
CEP126		False	-1.9208187539523751
THAP5	ENSG00000177683	True	-1.9208187539523751
SPATA31A1		False	-1.9208187539523751
CSF3R	ENSG00000119535	True	-1.9208187539523751
MAPK8IP1	ENSG00000121653	True	-1.9208187539523751
C6orf118	ENSG00000112539	True	-1.9208187539523751
ZNF683	ENSG00000176083	True	-1.9208187539523751
C17orf99	ENSG00000187997	True	-1.9208187539523751
RASL11A	ENSG00000122035	True	-1.9208187539523751
OR9Q1		False	-1.9208187539523751
FAM186A	ENSG00000185958	True	-1.9208187539523751
ABCC8	ENSG00000006071	True	-1.9208187539523751
NOD2	ENSG00000167207	True	-1.9208187539523751
C14orf39	ENSG00000179008	True	-1.9208187539523751
PIGC	ENSG00000135845	True	-1.9208187539523751
SSTR3	ENSG00000278195	True	-1.9208187539523751
TRPA1		False	-1.9208187539523751
OR4E2		False	-1.9208187539523751
ELOVL6	ENSG00000170522	True	-1.9208187539523751
KCP		False	-1.9208187539523751
DEFB127		False	-1.9208187539523751
CHRNB2		False	-1.9208187539523751
PADI6		False	-1.9208187539523751
GJA5	ENSG00000265107	True	-1.9208187539523751
TRIM64B	ENSG00000189253	True	-1.9208187539523751
CATSPER1		False	-1.9208187539523751
LRRC23	ENSG00000010626	True	-1.9208187539523751
DNAJC5B		False	-1.9208187539523751
RXFP1	ENSG00000171509	True	-1.9208187539523751
PLA2G2E	ENSG00000188784	True	-1.9208187539523751
ZBTB7C		False	-1.9208187539523751
BMT2	ENSG00000164603	True	-1.9208187539523751
KIRREL2	ENSG00000126259	True	-1.9208187539523751
ZNF354B	ENSG00000178338	True	-1.9208187539523751
NUTM2F		False	-1.9208187539523751
CBLN3	ENSG00000139899	True	-1.9208187539523751
IFNB1	ENSG00000171855	True	-1.9208187539523751
RPGRIP1L	ENSG00000103494	True	-1.9208187539523751
SMTNL2		False	-1.9208187539523751
MSC		False	-1.9208187539523751
MGAT4C	ENSG00000182050	True	-1.9208187539523751
EMP1		False	-1.9208187539523751
OR6C65		False	-1.9208187539523751
FAM135B	ENSG00000147724	True	-1.9208187539523751
KBTBD12		False	-1.9208187539523751
PRAMEF17		False	-1.9208187539523751
APLN		False	-1.9208187539523751
IGFN1	ENSG00000163395	True	-1.9208187539523751
H2BW1	ENSG00000123569	True	-1.9208187539523751
EXD1		False	-1.9208187539523751
PLAGL2	ENSG00000126003	True	-1.9208187539523751
ADAMTS9	ENSG00000163638	True	-1.9208187539523751
POTEB3		False	-1.9208187539523751
OR6K6		False	-1.9208187539523751
ASB5		False	-1.9208187539523751
CSMD2		False	-1.9208187539523751
DDIAS	ENSG00000165490	True	-1.9208187539523751
PCDHGA5	ENSG00000253485	True	-1.9208187539523751
UNC13C		False	-1.9208187539523751
TMEM114		False	-1.9208187539523751
STPG2		False	-1.9208187539523751
ATP6V0B		False	-1.9208187539523751
MEI4		False	-1.9208187539523751
K7ERI5_HUMAN		False	-1.9208187539523751
LIPM		False	-1.9208187539523751
CLDN16	ENSG00000113946	True	-1.9208187539523751
ZNF214	ENSG00000149050	True	-1.9208187539523751
CBY3	ENSG00000204659	True	-1.9208187539523751
FAM209A		False	-1.9208187539523751
FSCN2	ENSG00000186765	True	-1.9208187539523751
ZNF71	ENSG00000197951	True	-1.9208187539523751
ANKRD45	ENSG00000183831	True	-1.9208187539523751
KLRC3-2		False	-1.958607314841775
ARGFX	ENSG00000186103	True	-1.958607314841775
SFI1		False	-1.958607314841775
PTH1R	ENSG00000160801	True	-1.958607314841775
OR6X1		False	-1.958607314841775
CCR8	ENSG00000179934	True	-1.958607314841775
MOGAT3	ENSG00000106384	True	-1.958607314841775
FGF7	ENSG00000140285	True	-1.958607314841775
ZC2HC1C	ENSG00000119703	True	-1.958607314841775
CEP295	ENSG00000166004	True	-1.958607314841775
RASGRP3		False	-1.958607314841775
PLPP4	ENSG00000203805	True	-1.958607314841775
PYDC2	ENSG00000253548	True	-1.958607314841775
C2orf42	ENSG00000115998	True	-1.958607314841775
TMEM60	ENSG00000135211	True	-1.958607314841775
USP17L1	ENSG00000230549	True	-1.958607314841775
GPER1	ENSG00000164850	True	-1.958607314841775
OR5K1		False	-1.958607314841775
TEKT5		False	-1.958607314841775
TTC9B	ENSG00000174521	True	-1.958607314841775
LRCOL1		False	-1.958607314841775
MAP3K13	ENSG00000073803	True	-1.958607314841775
C12orf66		False	-1.958607314841775
EGLN2		False	-1.958607314841775
CT47B1	ENSG00000236446	True	-1.958607314841775
TMEM273	ENSG00000204161	True	-1.958607314841775
C1QTNF8	ENSG00000184471	True	-1.958607314841775
PRDM5	ENSG00000138738	True	-1.958607314841775
FUZ	ENSG00000010361	True	-1.958607314841775
TRPM5		False	-1.958607314841775
ENSP00000498408		False	-1.958607314841775
PRAMEF12	ENSG00000116726	True	-1.958607314841775
BOD1L2	ENSG00000228075	True	-1.958607314841775
RERGL	ENSG00000111404	True	-1.958607314841775
NLRC5		False	-1.958607314841775
WNT8A	ENSG00000061492	True	-1.958607314841775
EFNA2		False	-1.958607314841775
H1-8	ENSG00000178804	True	-1.958607314841775
ASCL4	ENSG00000187855	True	-1.958607314841775
TXK		False	-1.958607314841775
GABRR3		False	-1.958607314841775
LIPJ	ENSG00000204022	True	-1.958607314841775
CHST13		False	-1.958607314841775
OR51B4		False	-1.958607314841775
KLHL17	ENSG00000187961	True	-1.958607314841775
GDF5OS		False	-1.958607314841775
CFAP53	ENSG00000172361	True	-1.958607314841775
CFAP46	ENSG00000171811	True	-1.958607314841775
TBC1D32	ENSG00000146350	True	-1.958607314841775
ALPK2	ENSG00000198796	True	-1.958607314841775
ZNF585A		False	-1.958607314841775
LRIT2	ENSG00000204033	True	-1.958607314841775
ESYT3	ENSG00000158220	True	-1.958607314841775
NXNL2	ENSG00000130045	True	-1.958607314841775
TMPRSS12		False	-1.958607314841775
ZNF705D		False	-1.958607314841775
SPAG17	ENSG00000155761	True	-1.958607314841775
ZKSCAN3	ENSG00000189298	True	-1.958607314841775
NPIPB4	ENSG00000185864	True	-1.958607314841775
PLAG1		False	-1.958607314841775
GSC		False	-1.958607314841775
IQUB		False	-1.958607314841775
ZBBX	ENSG00000169064	True	-1.958607314841775
CACNG7		False	-1.958607314841775
SERHL2		False	-1.958607314841775
OR8H2		False	-1.958607314841775
ZNF705B		False	-1.958607314841775
TRIL		False	-1.958607314841775
MEDAG		False	-1.958607314841775
TAAR5	ENSG00000135569	True	-1.958607314841775
MYOG		False	-1.958607314841775
C20orf85	ENSG00000124237	True	-1.958607314841775
FAM163B	ENSG00000196990	True	-1.958607314841775
NRK	ENSG00000123572	True	-1.958607314841775
NLRP14	ENSG00000158077	True	-1.958607314841775
NPIPB5	ENSG00000243716	True	-1.958607314841775
VWA5B1	ENSG00000158816	True	-1.958607314841775
TRPC3		False	-1.958607314841775
CEP295NL	ENSG00000178404	True	-1.958607314841775
FAM217A	ENSG00000145975	True	-1.958607314841775
CHRFAM7A		False	-1.958607314841775
KCNK13	ENSG00000152315	True	-1.958607314841775
RNF133		False	-1.958607314841775
CCDC112	ENSG00000164221	True	-1.958607314841775
BPY2		False	-1.958607314841775
BPY2C		False	-1.958607314841775
BPY2B		False	-1.958607314841775
TFDP3		False	-1.958607314841775
DNAJC28	ENSG00000177692	True	-1.958607314841775
TTC24		False	-1.958607314841775
EID2	ENSG00000176396	True	-1.958607314841775
TPH1	ENSG00000129167	True	-1.958607314841775
TM4SF4	ENSG00000169903	True	-1.958607314841775
ZNF705G		False	-1.958607314841775
PYY	ENSG00000131096	True	-1.958607314841775
FAM90A22P		False	-1.958607314841775
GOLGA6L6	ENSG00000277322	True	-1.958607314841775
CTNS		False	-1.958607314841775
SLC16A12		False	-1.958607314841775
ZNF230		False	-1.958607314841775
CLLU1OS		False	-1.958607314841775
PWWP3B	ENSG00000157502	True	-1.958607314841775
TMEM108	ENSG00000144868	True	-1.958607314841775
LRRC37B	ENSG00000185158	True	-1.958607314841775
ZNF783	ENSG00000204946	True	-1.958607314841775
OR1L1		False	-1.958607314841775
TRIM60	ENSG00000176979	True	-1.958607314841775
KCNK10	ENSG00000100433	True	-1.958607314841775
ASTE1	ENSG00000034533	True	-1.958607314841775
TPBGL		False	-1.958607314841775
PTCRA		False	-1.958607314841775
WDR86		False	-1.958607314841775
TNFRSF4	ENSG00000186827	True	-1.958607314841775
ADGRV1	ENSG00000164199	True	-1.958607314841775
OSGIN1		False	-1.958607314841775
GRHL3	ENSG00000158055	True	-1.958607314841775
C1QL2	ENSG00000144119	True	-1.958607314841775
HORMAD2	ENSG00000176635	True	-1.958607314841775
TMEM260	ENSG00000070269	True	-1.958607314841775
DNAJC18	ENSG00000170464	True	-1.958607314841775
USP17L8	ENSG00000237038	True	-1.958607314841775
MALL	ENSG00000144063	True	-1.958607314841775
BAHCC1	ENSG00000266074	True	-1.958607314841775
BBS5	ENSG00000163093	True	-1.958607314841775
GJA9	ENSG00000131233	True	-1.958607314841775
COX8C	ENSG00000187581	True	-1.958607314841775
LGI4	ENSG00000153902	True	-1.958607314841775
FAM90A23P		False	-2.0
CHRM2	ENSG00000181072	True	-2.0
SLC6A5		False	-2.0
GOLGA6L1	ENSG00000273976	True	-2.0
INSC	ENSG00000188487	True	-2.0
PGAP3	ENSG00000161395	True	-2.0
RAPGEFL1		False	-2.0
SLC35F4	ENSG00000151812	True	-2.0
ANKRD36C		False	-2.0
RAB40AL		False	-2.0
MAP1LC3C		False	-2.0
RASL10B	ENSG00000270885	True	-2.0
DEFB4A		False	-2.0
DEFB4B		False	-2.0
MGAT4D	ENSG00000205301	True	-2.0
TDRD15	ENSG00000218819	True	-2.0
LRRC3	ENSG00000160233	True	-2.0
CCL1	ENSG00000108702	True	-2.0
VSIG10L2		False	-2.0
ZNF487		False	-2.0
FAM205A	ENSG00000205108	True	-2.0
FXYD4	ENSG00000150201	True	-2.0
ENSP00000495266		False	-2.0
ZSCAN4	ENSG00000180532	True	-2.0
ST8SIA5	ENSG00000101638	True	-2.0
DYNAP	ENSG00000178690	True	-2.0
RSC1A1	ENSG00000215695	True	-2.0
FADS6	ENSG00000172782	True	-2.0
CCDC3		False	-2.0
FSIP1	ENSG00000150667	True	-2.0
DNAH9	ENSG00000007174	True	-2.0
PPP1R3C	ENSG00000119938	True	-2.0
HCRTR1	ENSG00000121764	True	-2.0
DSCAM	ENSG00000171587	True	-2.0
LOC102723502		False	-2.0
USH2A		False	-2.0
NMS		False	-2.0
SMIM29	ENSG00000186577	True	-2.0
OSR2	ENSG00000164920	True	-2.0
FOXE1		False	-2.0
GADL1	ENSG00000144644	True	-2.0
PGAP2	ENSG00000148985	True	-2.0
TMEM233	ENSG00000224982	True	-2.0
PRELID3A		False	-2.0
AHRR		False	-2.0
VWC2	ENSG00000188730	True	-2.0
SPRY3	ENSG00000168939	True	-2.0
OR2M5		False	-2.0
KCNMB4	ENSG00000135643	True	-2.0
P2RY11	ENSG00000244165	True	-2.0
TSHB	ENSG00000134200	True	-2.0
INAFM1	ENSG00000257704	True	-2.0
MMEL1	ENSG00000142606	True	-2.0
TMEM270		False	-2.0
IL20RB		False	-2.0
DSEL		False	-2.0
AHRR-2		False	-2.0
BMP2		False	-2.0
FBXL14	ENSG00000171823	True	-2.0
IQCA1		False	-2.0
NME5	ENSG00000112981	True	-2.0
RAB40A		False	-2.0
GSDMC	ENSG00000147697	True	-2.0
WDR63		False	-2.0
FAM221B	ENSG00000204930	True	-2.0
SRRD	ENSG00000100104	True	-2.0
DEFB118	ENSG00000131068	True	-2.0
CCDC171	ENSG00000164989	True	-2.0
XCR1	ENSG00000173578	True	-2.0
KCNN1		False	-2.0
C11orf91	ENSG00000205177	True	-2.0
ENSP00000499350		False	-2.0
FOXI3		False	-2.0
GPR22		False	-2.0
CFAP74	ENSG00000142609	True	-2.0
CFAP58	ENSG00000120051	True	-2.0
SHISA8	ENSG00000234965	True	-2.0
EPHX3	ENSG00000105131	True	-2.0
HUS1B		False	-2.0
CYB5D2	ENSG00000167740	True	-2.0
PCDHA7		False	-2.0
CCDC198		False	-2.0
AANAT		False	-2.0
PPP1R14D	ENSG00000166143	True	-2.0
DIPK1B		False	-2.0
CATSPER2		False	-2.0
SLC26A5		False	-2.0
ERAS		False	-2.0
RESP18		False	-2.0
ZNF213	ENSG00000085644	True	-2.0
IL23A	ENSG00000110944	True	-2.0
SPATA6L	ENSG00000106686	True	-2.0
VOPP1		False	-2.0
CNTN5	ENSG00000149972	True	-2.0
RSPH3	ENSG00000130363	True	-2.0
SRY		False	-2.0
LDLRAD2	ENSG00000187942	True	-2.0
ANTXRL		False	-2.0
TNFRSF10D		False	-2.0
ZNF559-ZNF177	ENSG00000270011	True	-2.0
KCNJ8	ENSG00000121361	True	-2.0
GOLGA6L22	ENSG00000277865	True	-2.0
C6orf62	ENSG00000112308	True	-2.0
KLRC4		False	-2.0
TTLL3	ENSG00000214021	True	-2.0
ETAA1	ENSG00000143971	True	-2.0
FAM166B	ENSG00000215187	True	-2.0
NLRP9	ENSG00000185792	True	-2.0
PCDHGA12	ENSG00000253159	True	-2.0
ZNF112	ENSG00000062370	True	-2.0
TRIM75P		False	-2.0
OR6Y1		False	-2.0
KCNIP1	ENSG00000182132	True	-2.0
WDR93	ENSG00000140527	True	-2.0457574905606752
SLC4A5	ENSG00000188687	True	-2.0457574905606752
CA5A		False	-2.0457574905606752
BEND7	ENSG00000165626	True	-2.0457574905606752
PTPRH		False	-2.0457574905606752
WDR66		False	-2.0457574905606752
NKAIN1	ENSG00000084628	True	-2.0457574905606752
GJB6		False	-2.0457574905606752
GOT1L1	ENSG00000169154	True	-2.0457574905606752
TMPRSS11A	ENSG00000187054	True	-2.0457574905606752
CCDC148	ENSG00000153237	True	-2.0457574905606752
ADRA1D	ENSG00000171873	True	-2.0457574905606752
CNIH3		False	-2.0457574905606752
YJEFN3	ENSG00000250067	True	-2.0457574905606752
NBPF14	ENSG00000270629	True	-2.0457574905606752
MMP24	ENSG00000125966	True	-2.0457574905606752
SCN11A	ENSG00000168356	True	-2.0457574905606752
MTMR7		False	-2.0457574905606752
UNC5D	ENSG00000156687	True	-2.0457574905606752
MPPED1		False	-2.0457574905606752
NSG2	ENSG00000170091	True	-2.0457574905606752
TP53TG3B		False	-2.0457574905606752
TP53TG3		False	-2.0457574905606752
TP53TG3C		False	-2.0457574905606752
TP53TG3D		False	-2.0457574905606752
LOC102723713		False	-2.0457574905606752
TP53TG3E		False	-2.0457574905606752
TP53TG3F		False	-2.0457574905606752
RAD9B	ENSG00000151164	True	-2.0457574905606752
ZNF500	ENSG00000103199	True	-2.0457574905606752
OR6B2	ENSG00000182083	True	-2.0457574905606752
FTHL17		False	-2.0457574905606752
FNDC9		False	-2.0457574905606752
ENSP00000496943		False	-2.0457574905606752
FOXL2NB		False	-2.0457574905606752
CCDC197		False	-2.0457574905606752
C5orf34	ENSG00000172244	True	-2.0457574905606752
DNAJC4	ENSG00000110011	True	-2.0457574905606752
B3GNT9	ENSG00000237172	True	-2.0457574905606752
CCDC170	ENSG00000120262	True	-2.0457574905606752
OCM	ENSG00000122543	True	-2.0457574905606752
OR6P1	ENSG00000186440	True	-2.0457574905606752
GRXCR2	ENSG00000204928	True	-2.0457574905606752
EYS		False	-2.0457574905606752
NWD2	ENSG00000174145	True	-2.0457574905606752
GVQW3	ENSG00000179240	True	-2.0457574905606752
TCF15	ENSG00000125878	True	-2.0457574905606752
ESPNL	ENSG00000144488	True	-2.0457574905606752
ANKRD24	ENSG00000089847	True	-2.0457574905606752
EDDM3A	ENSG00000181562	True	-2.0457574905606752
INSL5	ENSG00000172410	True	-2.0457574905606752
PLSCR5	ENSG00000231213	True	-2.0457574905606752
RORA	ENSG00000069667	True	-2.0457574905606752
NBPF10	ENSG00000271425	True	-2.0457574905606752
ST18	ENSG00000147488	True	-2.0457574905606752
FAM9B	ENSG00000177138	True	-2.0457574905606752
TLL1		False	-2.0457574905606752
METTL23		False	-2.0457574905606752
ABCA10	ENSG00000154263	True	-2.0457574905606752
GRIN3B		False	-2.0457574905606752
SOCS7	ENSG00000274211	True	-2.0457574905606752
METRN	ENSG00000103260	True	-2.0457574905606752
HCFC1R1	ENSG00000103145	True	-2.0457574905606752
LCA5L	ENSG00000157578	True	-2.0457574905606752
GDF1		False	-2.0457574905606752
CERS1	ENSG00000223802	True	-2.0457574905606752
PCDHA3		False	-2.0457574905606752
TNNI3K		False	-2.0457574905606752
LINC01862		False	-2.0457574905606752
TRABD2A	ENSG00000186854	True	-2.0457574905606752
PCDHGB1	ENSG00000254221	True	-2.0457574905606752
CACNA2D4	ENSG00000151062	True	-2.0457574905606752
PLAAT1	ENSG00000127252	True	-2.0457574905606752
IGFL3	ENSG00000188624	True	-2.0457574905606752
GSX1		False	-2.0457574905606752
REC8	ENSG00000100918	True	-2.0457574905606752
FAM90A7P		False	-2.0457574905606752
TGFBR3L	ENSG00000260001	True	-2.0457574905606752
H3BMH7_HUMAN		False	-2.0457574905606752
FBXO10	ENSG00000147912	True	-2.0457574905606752
EPOR		False	-2.0457574905606752
G6PC2		False	-2.0457574905606752
RFPL2	ENSG00000128253	True	-2.0457574905606752
OR2W1		False	-2.0457574905606752
PLPP5		False	-2.0457574905606752
CLECL1		False	-2.0457574905606752
OOSP1		False	-2.0457574905606752
DLGAP2	ENSG00000198010	True	-2.0457574905606752
TNMD	ENSG00000000005	True	-2.0457574905606752
CNIH2		False	-2.0457574905606752
ZSCAN30	ENSG00000186814	True	-2.0457574905606752
OR5AS1		False	-2.0457574905606752
K7EN84_HUMAN		False	-2.0457574905606752
ST6GALNAC3	ENSG00000184005	True	-2.0457574905606752
PNMA6E		False	-2.0457574905606752
WNT1		False	-2.0457574905606752
MPV17L-2		False	-2.0457574905606752
TRIM66	ENSG00000166436	True	-2.0457574905606752
USP17L3	ENSG00000225327	True	-2.0457574905606752
ASPHD2	ENSG00000128203	True	-2.0457574905606752
VPS9D1	ENSG00000075399	True	-2.0457574905606752
KLHL10	ENSG00000161594	True	-2.0457574905606752
LIM2		False	-2.0457574905606752
ZNF70	ENSG00000187792	True	-2.0457574905606752
RND1		False	-2.0457574905606752
CCDC152	ENSG00000198865	True	-2.0457574905606752
CHST7	ENSG00000147119	True	-2.0457574905606752
RBM43	ENSG00000184898	True	-2.0457574905606752
CCDC102B	ENSG00000150636	True	-2.0457574905606752
OR2H2		False	-2.0457574905606752
NMB	ENSG00000197696	True	-2.0457574905606752
OR9K2	ENSG00000170605	True	-2.0457574905606752
OR6B3	ENSG00000178586	True	-2.0457574905606752
DSE	ENSG00000111817	True	-2.0457574905606752
NWD1		False	-2.0457574905606752
SSUH2	ENSG00000125046	True	-2.0457574905606752
TAS2R46		False	-2.0457574905606752
OR13C5		False	-2.0457574905606752
ZNF329	ENSG00000181894	True	-2.0457574905606752
DNAH3		False	-2.0457574905606752
OPRD1	ENSG00000116329	True	-2.0969100130080562
OR1L8		False	-2.0969100130080562
NLRP5	ENSG00000171487	True	-2.0969100130080562
TCL1B	ENSG00000213231	True	-2.0969100130080562
NPAS4	ENSG00000174576	True	-2.0969100130080562
TAS2R19		False	-2.0969100130080562
PRAMEF14		False	-2.0969100130080562
TRPC1	ENSG00000144935	True	-2.0969100130080562
DUPD1		False	-2.0969100130080562
SPIB	ENSG00000269404	True	-2.0969100130080562
TMCO5A	ENSG00000166069	True	-2.0969100130080562
ANGPT4	ENSG00000101280	True	-2.0969100130080562
CCDC200		False	-2.0969100130080562
SSTR1	ENSG00000139874	True	-2.0969100130080562
PXDNL		False	-2.0969100130080562
PCDHGB6	ENSG00000253305	True	-2.0969100130080562
ZNF425	ENSG00000204947	True	-2.0969100130080562
LRRD1	ENSG00000240720	True	-2.0969100130080562
USF3	ENSG00000176542	True	-2.0969100130080562
KLB	ENSG00000134962	True	-2.0969100130080562
ULBP1	ENSG00000111981	True	-2.0969100130080562
SLC2A7	ENSG00000197241	True	-2.0969100130080562
GABRQ		False	-2.0969100130080562
DLL4	ENSG00000128917	True	-2.0969100130080562
POTEB2		False	-2.0969100130080562
POTEB		False	-2.0969100130080562
OR2A12		False	-2.0969100130080562
RHEBL1	ENSG00000167550	True	-2.0969100130080562
EDNRB	ENSG00000136160	True	-2.0969100130080562
PDE11A-2		False	-2.0969100130080562
PCDHGB5	ENSG00000276547	True	-2.0969100130080562
ZMYND15		False	-2.0969100130080562
PCDHB9	ENSG00000177839	True	-2.0969100130080562
ATP8B3		False	-2.0969100130080562
FOXR2	ENSG00000189299	True	-2.0969100130080562
KIAA0825	ENSG00000185261	True	-2.0969100130080562
H2BW2		False	-2.0969100130080562
KCND2	ENSG00000184408	True	-2.0969100130080562
WDR64	ENSG00000162843	True	-2.0969100130080562
CCDC60		False	-2.0969100130080562
LRRC75A	ENSG00000181350	True	-2.0969100130080562
STOX1	ENSG00000165730	True	-2.0969100130080562
CDHR3	ENSG00000128536	True	-2.0969100130080562
PHTF1		False	-2.0969100130080562
FGF10	ENSG00000070193	True	-2.0969100130080562
EGR3	ENSG00000179388	True	-2.0969100130080562
TECTB		False	-2.0969100130080562
DMRTA1	ENSG00000176399	True	-2.0969100130080562
ZNF720		False	-2.0969100130080562
NEXMIF	ENSG00000050030	True	-2.0969100130080562
OR5H2		False	-2.0969100130080562
C11orf21	ENSG00000110665	True	-2.0969100130080562
CEACAM4		False	-2.0969100130080562
K7EQS6_HUMAN		False	-2.0969100130080562
BBC3	ENSG00000105327	True	-2.0969100130080562
OR2T2		False	-2.0969100130080562
STRA8		False	-2.0969100130080562
DLEU7	ENSG00000186047	True	-2.0969100130080562
ZSCAN32	ENSG00000140987	True	-2.0969100130080562
CLEC17A		False	-2.0969100130080562
C10orf71		False	-2.0969100130080562
CCNB3	ENSG00000147082	True	-2.0969100130080562
ZNF157	ENSG00000147117	True	-2.0969100130080562
GSG1L2		False	-2.0969100130080562
ZNF606	ENSG00000166704	True	-2.0969100130080562
DAZ3	ENSG00000187191	True	-2.0969100130080562
DAZ2	ENSG00000205944	True	-2.0969100130080562
DAZ4	ENSG00000205916	True	-2.0969100130080562
PCDHA12	ENSG00000251664	True	-2.0969100130080562
FOXB2	ENSG00000204612	True	-2.0969100130080562
SPDYE21P		False	-2.0969100130080562
C5orf38		False	-2.0969100130080562
CSMD1		False	-2.0969100130080562
ZNF775	ENSG00000196456	True	-2.0969100130080562
PCDHGB4	ENSG00000253953	True	-2.0969100130080562
FAM184A	ENSG00000111879	True	-2.0969100130080562
SLC25A34		False	-2.0969100130080562
MAGEC3	ENSG00000165509	True	-2.0969100130080562
FUT9		False	-2.0969100130080562
DTHD1		False	-2.0969100130080562
ATP10B	ENSG00000118322	True	-2.0969100130080562
TTLL4	ENSG00000135912	True	-2.0969100130080562
ZNF469		False	-2.0969100130080562
MAML3	ENSG00000196782	True	-2.0969100130080562
GABRG1	ENSG00000163285	True	-2.0969100130080562
MAP3K10	ENSG00000130758	True	-2.0969100130080562
CCDC40	ENSG00000141519	True	-2.0969100130080562
RAD51AP2		False	-2.0969100130080562
ATP10D	ENSG00000145246	True	-2.0969100130080562
USPL1	ENSG00000132952	True	-2.0969100130080562
SLC14A2	ENSG00000132874	True	-2.0969100130080562
HDC	ENSG00000140287	True	-2.0969100130080562
TAS2R5		False	-2.0969100130080562
ST3GAL3	ENSG00000126091	True	-2.0969100130080562
OR2T35		False	-2.0969100130080562
FAM90A26		False	-2.0969100130080562
BANF2	ENSG00000125888	True	-2.0969100130080562
ENSP00000471613		False	-2.0969100130080562
U3KQ87_HUMAN		False	-2.0969100130080562
ENTPD7	ENSG00000198018	True	-2.0969100130080562
VPREB1	ENSG00000169575	True	-2.0969100130080562
SETDB2	ENSG00000136169	True	-2.0969100130080562
SERP2	ENSG00000151778	True	-2.0969100130080562
TMEM229A	ENSG00000234224	True	-2.0969100130080562
DNAH2	ENSG00000183914	True	-2.0969100130080562
RIMBP3	ENSG00000275793	True	-2.0969100130080562
PIGV		False	-2.0969100130080562
FAM9C		False	-2.0969100130080562
BDKRB1	ENSG00000100739	True	-2.0969100130080562
TSACC		False	-2.0969100130080562
TRIM49B		False	-2.0969100130080562
ZFAND4	ENSG00000172671	True	-2.0969100130080562
ENSP00000493052		False	-2.154901959985743
CALHM1	ENSG00000185933	True	-2.154901959985743
PRRT4	ENSG00000224940	True	-2.154901959985743
C12orf56	ENSG00000185306	True	-2.154901959985743
OR10S1		False	-2.154901959985743
IFNK		False	-2.154901959985743
RIMBP3C	ENSG00000183246	True	-2.154901959985743
RIMBP3B	ENSG00000274600	True	-2.154901959985743
FBXW7	ENSG00000109670	True	-2.154901959985743
SPATA12	ENSG00000186451	True	-2.154901959985743
PCDHA10		False	-2.154901959985743
GLTPD2	ENSG00000182327	True	-2.154901959985743
CMYA5	ENSG00000164309	True	-2.154901959985743
RSPO2	ENSG00000147655	True	-2.154901959985743
OR2A42	ENSG00000212807	True	-2.154901959985743
OR2A1	ENSG00000221970	True	-2.154901959985743
TRIM6	ENSG00000121236	True	-2.154901959985743
ACP4		False	-2.154901959985743
GPR42	ENSG00000126251	True	-2.154901959985743
SGSM2	ENSG00000141258	True	-2.154901959985743
PCDHGB2	ENSG00000253910	True	-2.154901959985743
FAM53A	ENSG00000174137	True	-2.154901959985743
ERICH6B	ENSG00000165837	True	-2.154901959985743
HELT	ENSG00000187821	True	-2.154901959985743
GCSAML-AS1		False	-2.154901959985743
OR2C3		False	-2.154901959985743
ACSBG2	ENSG00000130377	True	-2.154901959985743
IL31	ENSG00000204671	True	-2.154901959985743
CRHR1	ENSG00000120088	True	-2.154901959985743
B3GNT5	ENSG00000176597	True	-2.154901959985743
PIK3C2G		False	-2.154901959985743
HHLA2	ENSG00000114455	True	-2.154901959985743
OR14A2	ENSG00000241128	True	-2.154901959985743
LMAN1L		False	-2.154901959985743
HHIPL1		False	-2.154901959985743
VN1R1		False	-2.154901959985743
UCMA	ENSG00000165623	True	-2.154901959985743
ERICH4	ENSG00000204978	True	-2.154901959985743
SERPINB11		False	-2.154901959985743
FANCD2OS		False	-2.154901959985743
RBAK-RBAKDN		False	-2.154901959985743
OR2A14		False	-2.154901959985743
C14orf28		False	-2.154901959985743
ZNF804A	ENSG00000170396	True	-2.154901959985743
FBXO25		False	-2.154901959985743
ALPK1	ENSG00000073331	True	-2.154901959985743
APOBEC4		False	-2.154901959985743
GPHB5		False	-2.154901959985743
ZNF177	ENSG00000188629	True	-2.154901959985743
DNAH1	ENSG00000114841	True	-2.154901959985743
CEACAM18	ENSG00000213822	True	-2.154901959985743
TMEM267		False	-2.154901959985743
CD200R1L		False	-2.154901959985743
TMTC2	ENSG00000179104	True	-2.154901959985743
C3orf80	ENSG00000180044	True	-2.154901959985743
CAPN11	ENSG00000137225	True	-2.154901959985743
ABCC9	ENSG00000069431	True	-2.154901959985743
MC1R		False	-2.154901959985743
OR9I1		False	-2.154901959985743
CHRNA7	ENSG00000175344	True	-2.154901959985743
POU6F1	ENSG00000184271	True	-2.154901959985743
OR8K5		False	-2.154901959985743
C22orf23		False	-2.154901959985743
GPR142	ENSG00000257008	True	-2.154901959985743
CCDC150	ENSG00000144395	True	-2.154901959985743
P2RY12	ENSG00000169313	True	-2.154901959985743
FBXO15		False	-2.154901959985743
ASB8	ENSG00000177981	True	-2.154901959985743
PLPPR5	ENSG00000117598	True	-2.154901959985743
CPLANE1	ENSG00000197603	True	-2.154901959985743
PCDHA1	ENSG00000204970	True	-2.154901959985743
ZNF510	ENSG00000081386	True	-2.154901959985743
TMEM234	ENSG00000160055	True	-2.154901959985743
TAS2R14		False	-2.154901959985743
SCTR	ENSG00000080293	True	-2.154901959985743
CDCP2	ENSG00000157211	True	-2.154901959985743
LRRC74B	ENSG00000187905	True	-2.154901959985743
OAZ1	ENSG00000104904	True	-2.154901959985743
ZBED9	ENSG00000232040	True	-2.154901959985743
CXCR6		False	-2.154901959985743
PRSS35	ENSG00000146250	True	-2.154901959985743
SERPINA9		False	-2.154901959985743
FFAR1		False	-2.154901959985743
DRD5	ENSG00000169676	True	-2.154901959985743
SLC47A2		False	-2.154901959985743
CD96	ENSG00000153283	True	-2.154901959985743
LRTM1		False	-2.154901959985743
XRRA1		False	-2.154901959985743
TMEM271		False	-2.154901959985743
OTOGL	ENSG00000165899	True	-2.154901959985743
GYPB		False	-2.154901959985743
ADCY8	ENSG00000155897	True	-2.154901959985743
OLIG1		False	-2.154901959985743
HSFY1		False	-2.154901959985743
HSFY2		False	-2.154901959985743
C1orf146		False	-2.154901959985743
CAMK2N2	ENSG00000163888	True	-2.154901959985743
UBE2QL1		False	-2.154901959985743
ZNF717	ENSG00000227124	True	-2.154901959985743
TMEM225		False	-2.154901959985743
OR14A16		False	-2.154901959985743
PRR7	ENSG00000131188	True	-2.154901959985743
GPR12	ENSG00000132975	True	-2.154901959985743
FAM178B	ENSG00000168754	True	-2.154901959985743
TEX15	ENSG00000133863	True	-2.154901959985743
PCDHA8	ENSG00000204962	True	-2.154901959985743
NPIPA7	ENSG00000214967	True	-2.154901959985743
NPIPA8	ENSG00000214940	True	-2.154901959985743
KRBOX4		False	-2.154901959985743
FAM222A	ENSG00000139438	True	-2.154901959985743
KREMEN2	ENSG00000131650	True	-2.154901959985743
PTPRR	ENSG00000153233	True	-2.154901959985743
FREM3	ENSG00000183090	True	-2.154901959985743
DAOA	ENSG00000182346	True	-2.154901959985743
VWA3A	ENSG00000175267	True	-2.154901959985743
HTR3B	ENSG00000149305	True	-2.154901959985743
SSTR2	ENSG00000180616	True	-2.154901959985743
KRTAP5-8		False	-2.154901959985743
CYP26B1	ENSG00000003137	True	-2.154901959985743
HEY2	ENSG00000135547	True	-2.154901959985743
ACCSL		False	-2.154901959985743
LRRIQ4	ENSG00000188306	True	-2.154901959985743
EVA1C	ENSG00000166979	True	-2.154901959985743
WNT7B		False	-2.154901959985743
MFSD14C		False	-2.154901959985743
GIN1	ENSG00000145723	True	-2.154901959985743
SLC35D3	ENSG00000182747	True	-2.154901959985743
RND2	ENSG00000108830	True	-2.154901959985743
BICDL1	ENSG00000135127	True	-2.221848749616356
TSPAN12	ENSG00000106025	True	-2.221848749616356
FAM72A	ENSG00000196550	True	-2.221848749616356
FAM72B	ENSG00000188610	True	-2.221848749616356
FRG2B	ENSG00000225899	True	-2.221848749616356
IQCC	ENSG00000160051	True	-2.221848749616356
PNLIPRP3	ENSG00000203837	True	-2.221848749616356
ZNF81	ENSG00000197779	True	-2.221848749616356
NLRP10	ENSG00000182261	True	-2.221848749616356
TLR1		False	-2.221848749616356
XKR7	ENSG00000260903	True	-2.221848749616356
TLR10		False	-2.221848749616356
C22orf15		False	-2.221848749616356
KCNA5	ENSG00000130037	True	-2.221848749616356
XKR9	ENSG00000221947	True	-2.221848749616356
CDH9	ENSG00000113100	True	-2.221848749616356
ZDHHC11B	ENSG00000206077	True	-2.221848749616356
ZDHHC11B-2		False	-2.221848749616356
FGF20		False	-2.221848749616356
GPR4	ENSG00000177464	True	-2.221848749616356
URAD	ENSG00000183463	True	-2.221848749616356
SPDYE17	ENSG00000186645	True	-2.221848749616356
ANKRD36		False	-2.221848749616356
FAM237B		False	-2.221848749616356
NHLRC1		False	-2.221848749616356
SLC11A1	ENSG00000018280	True	-2.221848749616356
FRG2	ENSG00000205097	True	-2.221848749616356
MPV17L	ENSG00000156968	True	-2.221848749616356
CCDC83		False	-2.221848749616356
SLC49A3	ENSG00000169026	True	-2.221848749616356
ZNF804B	ENSG00000182348	True	-2.221848749616356
SPHAR		False	-2.221848749616356
GOLGA6L2		False	-2.221848749616356
OR6C6	ENSG00000188324	True	-2.221848749616356
LRRC10B	ENSG00000204950	True	-2.221848749616356
SPACA6		False	-2.221848749616356
SCGB1C2		False	-2.221848749616356
FAM177B	ENSG00000197520	True	-2.221848749616356
TIGIT		False	-2.221848749616356
M0R233_HUMAN		False	-2.221848749616356
ZNF211	ENSG00000121417	True	-2.221848749616356
WSCD2	ENSG00000075035	True	-2.221848749616356
PRDM7	ENSG00000126856	True	-2.221848749616356
MNS1	ENSG00000138587	True	-2.221848749616356
SLC25A41	ENSG00000181240	True	-2.221848749616356
TBCCD1		False	-2.221848749616356
AADACL2		False	-2.221848749616356
MYLIP		False	-2.221848749616356
PCDHGA4	ENSG00000262576	True	-2.221848749616356
TOPAZ1	ENSG00000173769	True	-2.221848749616356
OR51B6		False	-2.221848749616356
SLCO6A1	ENSG00000205359	True	-2.221848749616356
SPDYE3	ENSG00000214300	True	-2.221848749616356
TMEM150B		False	-2.221848749616356
FOXB1		False	-2.221848749616356
AGBL1		False	-2.221848749616356
NXPH2	ENSG00000144227	True	-2.221848749616356
DOK5	ENSG00000101134	True	-2.221848749616356
FAM155B		False	-2.221848749616356
UGT3A1	ENSG00000145626	True	-2.221848749616356
CYP46A1		False	-2.221848749616356
METTL4	ENSG00000101574	True	-2.221848749616356
CIDEB	ENSG00000136305	True	-2.221848749616356
ADTRP	ENSG00000111863	True	-2.221848749616356
SPSB2	ENSG00000111671	True	-2.221848749616356
BRINP3	ENSG00000162670	True	-2.221848749616356
LRRC3B	ENSG00000179796	True	-2.221848749616356
KCNK12		False	-2.221848749616356
ENSP00000492303		False	-2.221848749616356
CHRNA2		False	-2.221848749616356
LRTM2	ENSG00000166159	True	-2.221848749616356
OR5L2	ENSG00000205030	True	-2.221848749616356
ODF4	ENSG00000184650	True	-2.221848749616356
PRAMEF5		False	-2.221848749616356
PCDHGC4	ENSG00000242419	True	-2.221848749616356
MYO3A	ENSG00000095777	True	-2.221848749616356
CA11		False	-2.221848749616356
TLDC2	ENSG00000101342	True	-2.221848749616356
IL17C	ENSG00000124391	True	-2.221848749616356
OR5A2	ENSG00000172324	True	-2.221848749616356
TMEM178B	ENSG00000261115	True	-2.221848749616356
TBC1D26		False	-2.221848749616356
IRAK1BP1	ENSG00000146243	True	-2.221848749616356
FNDC10		False	-2.221848749616356
DRD2	ENSG00000149295	True	-2.221848749616356
PRAMEF15		False	-2.221848749616356
TRIM69	ENSG00000185880	True	-2.221848749616356
NPIPA9-2		False	-2.221848749616356
NPIPA9	ENSG00000183889	True	-2.221848749616356
CCDC160		False	-2.221848749616356
LRP5L		False	-2.221848749616356
UNC80	ENSG00000144406	True	-2.221848749616356
CCR4	ENSG00000183813	True	-2.221848749616356
SPPL2C	ENSG00000185294	True	-2.221848749616356
PRAMEF6		False	-2.221848749616356
PRAMEF27		False	-2.221848749616356
PRAMEF9		False	-2.221848749616356
GADD45B	ENSG00000099860	True	-2.221848749616356
FBXO48	ENSG00000204923	True	-2.221848749616356
LMLN2		False	-2.221848749616356
TRIM77	ENSG00000214414	True	-2.221848749616356
PLA2G2D		False	-2.221848749616356
PRDM9	ENSG00000164256	True	-2.221848749616356
C7orf33		False	-2.221848749616356
PRAMEF25		False	-2.221848749616356
PRAMEF26		False	-2.221848749616356
KCNE3	ENSG00000175538	True	-2.221848749616356
ZDHHC22		False	-2.221848749616356
CCDC65	ENSG00000139537	True	-2.221848749616356
C10orf67	ENSG00000179133	True	-2.221848749616356
FAM155A		False	-2.221848749616356
ADAMTS6	ENSG00000049192	True	-2.221848749616356
OR1D5		False	-2.221848749616356
MARCHF9		False	-2.221848749616356
OR2V2	ENSG00000182613	True	-2.221848749616356
CHRND		False	-2.221848749616356
IL17RE	ENSG00000163701	True	-2.221848749616356
RNF125	ENSG00000101695	True	-2.221848749616356
ECSCR		False	-2.221848749616356
OR2V1	ENSG00000185372	True	-2.221848749616356
EXO5		False	-2.221848749616356
KCNH4		False	-2.221848749616356
CD300LB		False	-2.221848749616356
KRTAP5-2		False	-2.221848749616356
CLRN1		False	-2.221848749616356
ZNF786	ENSG00000197362	True	-2.221848749616356
ADGRA3	ENSG00000152990	True	-2.3010299956639813
LOC389831		False	-2.3010299956639813
UCN2	ENSG00000145040	True	-2.3010299956639813
PPP4R3C		False	-2.3010299956639813
RASGEF1C	ENSG00000146090	True	-2.3010299956639813
SPDYE2	ENSG00000205238	True	-2.3010299956639813
NPIPA1	ENSG00000183426	True	-2.3010299956639813
PRAMEF1		False	-2.3010299956639813
PCNX1	ENSG00000100731	True	-2.3010299956639813
CEACAM21	ENSG00000007129	True	-2.3010299956639813
UNCX		False	-2.3010299956639813
FAM228B	ENSG00000219626	True	-2.3010299956639813
DHRS7C		False	-2.3010299956639813
SETD4	ENSG00000185917	True	-2.3010299956639813
FAM43B	ENSG00000183114	True	-2.3010299956639813
SAXO1	ENSG00000155875	True	-2.3010299956639813
PCDHGA6	ENSG00000253731	True	-2.3010299956639813
OVCH2		False	-2.3010299956639813
IZUMO1R		False	-2.3010299956639813
IL21R	ENSG00000103522	True	-2.3010299956639813
GLRA4		False	-2.3010299956639813
ARSH		False	-2.3010299956639813
CCDC184	ENSG00000177875	True	-2.3010299956639813
ZFAND2A	ENSG00000178381	True	-2.3010299956639813
FSIP2		False	-2.3010299956639813
TCP10L2		False	-2.3010299956639813
ZSCAN23	ENSG00000187987	True	-2.3010299956639813
C11orf1	ENSG00000137720	True	-2.3010299956639813
SLC35E2A		False	-2.3010299956639813
ANKRD63		False	-2.3010299956639813
ZNF75A	ENSG00000162086	True	-2.3010299956639813
OR4D2		False	-2.3010299956639813
GLP2R	ENSG00000065325	True	-2.3010299956639813
SLC6A18	ENSG00000164363	True	-2.3010299956639813
OR4K1	ENSG00000155249	True	-2.3010299956639813
ADCK2	ENSG00000133597	True	-2.3010299956639813
TMEM275		False	-2.3010299956639813
PCDHGC5	ENSG00000240764	True	-2.3010299956639813
USP17L25	ENSG00000230430	True	-2.3010299956639813
USP17L30	ENSG00000228856	True	-2.3010299956639813
USP17L29	ENSG00000231637	True	-2.3010299956639813
USP17L27	ENSG00000235780	True	-2.3010299956639813
USP17L28	ENSG00000231051	True	-2.3010299956639813
USP17L24	ENSG00000232264	True	-2.3010299956639813
USP17L5	ENSG00000227140	True	-2.3010299956639813
USP17L26	ENSG00000229579	True	-2.3010299956639813
HEATR4	ENSG00000187105	True	-2.3010299956639813
TMEM218	ENSG00000150433	True	-2.3010299956639813
PCDH20-2		False	-2.3010299956639813
PCDH20		False	-2.3010299956639813
NPIPA2	ENSG00000254852	True	-2.3010299956639813
NPIPA3	ENSG00000224712	True	-2.3010299956639813
PAQR5		False	-2.3010299956639813
SCGB1C1		False	-2.3010299956639813
BNC1		False	-2.3010299956639813
ZSCAN5C	ENSG00000204532	True	-2.3010299956639813
ATP13A4		False	-2.3010299956639813
FREM1		False	-2.3010299956639813
OMP		False	-2.3010299956639813
DISP3	ENSG00000204624	True	-2.3010299956639813
OR9Q2		False	-2.3010299956639813
CCL26		False	-2.3010299956639813
OR52E4		False	-2.3010299956639813
SPDYE5	ENSG00000170092	True	-2.3010299956639813
OR4C5	ENSG00000176540	True	-2.3010299956639813
KCNJ6		False	-2.3010299956639813
SUN5	ENSG00000167098	True	-2.3010299956639813
SLC23A3		False	-2.3010299956639813
RAX		False	-2.3010299956639813
NXPH3		False	-2.3010299956639813
NTSR2		False	-2.3010299956639813
PLA2G4F	ENSG00000168907	True	-2.3010299956639813
SMCP	ENSG00000163206	True	-2.3010299956639813
USP17L18	ENSG00000250844	True	-2.3010299956639813
KRTAP6-1		False	-2.3010299956639813
TMEM14B		False	-2.3010299956639813
USP17L11	ENSG00000233136	True	-2.3010299956639813
USP17L21	ENSG00000249811	True	-2.3010299956639813
USP17L17	ENSG00000249104	True	-2.3010299956639813
USP17L20	ENSG00000250745	True	-2.3010299956639813
ODF3	ENSG00000177947	True	-2.3010299956639813
ADORA3		False	-2.3010299956639813
RUBCNL	ENSG00000102445	True	-2.3010299956639813
FAM180B	ENSG00000196666	True	-2.3010299956639813
NKX1-2	ENSG00000229544	True	-2.3010299956639813
GPR52		False	-2.3010299956639813
DCANP1	ENSG00000251380	True	-2.3010299956639813
C20orf141		False	-2.3010299956639813
METTL21C		False	-2.3010299956639813
OR2L13		False	-2.3010299956639813
PRR35		False	-2.3010299956639813
CCNI2	ENSG00000205089	True	-2.3010299956639813
SMIM10		False	-2.3010299956639813
TMEM140		False	-2.3010299956639813
MRGPRG	ENSG00000182170	True	-2.3010299956639813
TPSG1	ENSG00000116176	True	-2.3010299956639813
SCN4A		False	-2.3010299956639813
WNT7A	ENSG00000154764	True	-2.3010299956639813
METTL27	ENSG00000165171	True	-2.3010299956639813
RNF212B	ENSG00000215277	True	-2.3010299956639813
MT4		False	-2.3010299956639813
MRGPRX1		False	-2.3010299956639813
PRAMEF4		False	-2.3010299956639813
FOXN1		False	-2.3010299956639813
RSPH6A	ENSG00000104941	True	-2.3010299956639813
SPSB1		False	-2.3010299956639813
IZUMO3		False	-2.3010299956639813
ZNF385D	ENSG00000151789	True	-2.3010299956639813
EVC2	ENSG00000173040	True	-2.3010299956639813
NOX5		False	-2.3010299956639813
SAP25		False	-2.3010299956639813
OOSP2	ENSG00000149507	True	-2.3010299956639813
TTC25		False	-2.3010299956639813
SCART1	ENSG00000214279	True	-2.3010299956639813
OR2L8		False	-2.3010299956639813
DEFB131A		False	-2.3010299956639813
CCDC169-SOHLH2		False	-2.3010299956639813
RHPN1	ENSG00000158106	True	-2.3010299956639813
MS4A15		False	-2.3010299956639813
CTLA4		False	-2.3010299956639813
RGS21	ENSG00000253148	True	-2.3010299956639813
LRP4	ENSG00000134569	True	-2.3010299956639813
MANSC4	ENSG00000205693	True	-2.3010299956639813
CACNG2		False	-2.3010299956639813
CCNF	ENSG00000162063	True	-2.3010299956639813
LRRTM2		False	-2.3010299956639813
USP17L7	ENSG00000226430	True	-2.3010299956639813
MROH2A	ENSG00000185038	True	-2.3010299956639813
CREB3L1	ENSG00000157613	True	-2.3010299956639813
TIFAB	ENSG00000255833	True	-2.3010299956639813
SPAG11B	ENSG00000164871	True	-2.3010299956639813
MFSD6L	ENSG00000185156	True	-2.3010299956639813
HFM1		False	-2.3010299956639813
WFDC5		False	-2.3010299956639813
WFIKKN1		False	-2.3010299956639813
TRIM49		False	-2.3010299956639813
TRIM49C		False	-2.3010299956639813
PCDHGA9	ENSG00000261934	True	-2.3010299956639813
ZNF26	ENSG00000198393	True	-2.3010299956639813
RTP5	ENSG00000188011	True	-2.3010299956639813
USP17L12	ENSG00000227551	True	-2.3010299956639813
USP17L22	ENSG00000248933	True	-2.3010299956639813
USP17L19	ENSG00000248920	True	-2.3010299956639813
TEX37	ENSG00000172073	True	-2.3010299956639813
ZNF232	ENSG00000167840	True	-2.3010299956639813
FGF17	ENSG00000158815	True	-2.3010299956639813
IGSF23		False	-2.3979400086720375
TBXA2R		False	-2.3979400086720375
Q6ZPB1_HUMAN		False	-2.3979400086720375
DNAI2	ENSG00000171595	True	-2.3979400086720375
ATP6AP1L		False	-2.3979400086720375
ENSP00000498936		False	-2.3979400086720375
C1orf94		False	-2.3979400086720375
SLC22A24	ENSG00000197658	True	-2.3979400086720375
C9orf131		False	-2.3979400086720375
FDXACB1	ENSG00000255561	True	-2.3979400086720375
TNFSF18		False	-2.3979400086720375
ANHX		False	-2.3979400086720375
GLRA2	ENSG00000101958	True	-2.3979400086720375
GRXCR1	ENSG00000215203	True	-2.3979400086720375
KCTD4	ENSG00000180332	True	-2.3979400086720375
PCNX4	ENSG00000126773	True	-2.3979400086720375
POLQ		False	-2.3979400086720375
XCL1	ENSG00000143184	True	-2.3979400086720375
SPATC1L	ENSG00000160284	True	-2.3979400086720375
USP17L10	ENSG00000231396	True	-2.3979400086720375
A4GNT	ENSG00000118017	True	-2.3979400086720375
PTPRQ	ENSG00000139304	True	-2.3979400086720375
AADACL4		False	-2.3979400086720375
FGF6		False	-2.3979400086720375
ABCG4	ENSG00000172350	True	-2.3979400086720375
RYK	ENSG00000163785	True	-2.3979400086720375
ADAMTS19	ENSG00000145808	True	-2.3979400086720375
SLC17A1		False	-2.3979400086720375
OR1S1		False	-2.3979400086720375
FAM92B		False	-2.3979400086720375
IGFL1	ENSG00000188293	True	-2.3979400086720375
RHOV	ENSG00000104140	True	-2.3979400086720375
SOHLH1		False	-2.3979400086720375
LCTL		False	-2.3979400086720375
ENSP00000494667		False	-2.3979400086720375
TMEM132E	ENSG00000181291	True	-2.3979400086720375
MSS51		False	-2.3979400086720375
C9orf24	ENSG00000164972	True	-2.3979400086720375
PROX2	ENSG00000119608	True	-2.3979400086720375
UCP3	ENSG00000175564	True	-2.3979400086720375
STK32B		False	-2.3979400086720375
PIGZ	ENSG00000119227	True	-2.3979400086720375
TAF11L8		False	-2.3979400086720375
TAF11L7		False	-2.3979400086720375
TAF11L6		False	-2.3979400086720375
TAF11L10		False	-2.3979400086720375
TAF11L9		False	-2.3979400086720375
TAF11L5		False	-2.3979400086720375
SPDYE6	ENSG00000260097	True	-2.3979400086720375
PGBD1	ENSG00000137338	True	-2.3979400086720375
C7orf57	ENSG00000164746	True	-2.3979400086720375
SPDYE2B	ENSG00000173678	True	-2.3979400086720375
CASTOR3		False	-2.3979400086720375
TRPM1	ENSG00000134160	True	-2.3979400086720375
IL22		False	-2.3979400086720375
TECTA	ENSG00000109927	True	-2.3979400086720375
HTR3A	ENSG00000166736	True	-2.3979400086720375
SPATA24	ENSG00000170469	True	-2.3979400086720375
OR51Q1	ENSG00000167360	True	-2.3979400086720375
OR4C15	ENSG00000181939	True	-2.3979400086720375
ALKAL2		False	-2.3979400086720375
ARRDC5		False	-2.3979400086720375
DZANK1	ENSG00000089091	True	-2.3979400086720375
HTR1A	ENSG00000178394	True	-2.3979400086720375
CCDC68	ENSG00000166510	True	-2.3979400086720375
NBPF19-2		False	-2.3979400086720375
NBPF19	ENSG00000271383	True	-2.3979400086720375
SPEM1		False	-2.3979400086720375
SEC22C		False	-2.3979400086720375
ADGRG5	ENSG00000159618	True	-2.3979400086720375
MYRFL	ENSG00000166268	True	-2.3979400086720375
TMEM71	ENSG00000165071	True	-2.3979400086720375
MRGPRX2	ENSG00000183695	True	-2.3979400086720375
SLC30A8	ENSG00000164756	True	-2.3979400086720375
CLNK	ENSG00000109684	True	-2.3979400086720375
KIAA2026	ENSG00000183354	True	-2.3979400086720375
TMEM72	ENSG00000187783	True	-2.3979400086720375
SLC25A37	ENSG00000147454	True	-2.3979400086720375
USP17L15	ENSG00000223569	True	-2.3979400086720375
OR10AD1	ENSG00000172640	True	-2.3979400086720375
LOXHD1		False	-2.3979400086720375
SRRM4	ENSG00000139767	True	-2.3979400086720375
TMEM249	ENSG00000261587	True	-2.3979400086720375
DSCAML1	ENSG00000177103	True	-2.3979400086720375
MTCP1		False	-2.3979400086720375
LRRC52		False	-2.3979400086720375
ENSP00000497509		False	-2.3979400086720375
GIPR	ENSG00000010310	True	-2.3979400086720375
SLC22A31		False	-2.3979400086720375
GCGR		False	-2.3979400086720375
CHRNB4		False	-2.3979400086720375
HHAT	ENSG00000054392	True	-2.3979400086720375
THEG		False	-2.3979400086720375
OR13G1		False	-2.3979400086720375
CYP2R1	ENSG00000186104	True	-2.3979400086720375
TIGD7	ENSG00000140993	True	-2.3979400086720375
IFITM10		False	-2.3979400086720375
OR1J1		False	-2.3979400086720375
SCNN1A	ENSG00000111319	True	-2.3979400086720375
FBXO24	ENSG00000106336	True	-2.3979400086720375
IQANK1		False	-2.3979400086720375
MGAT3	ENSG00000128268	True	-2.3979400086720375
IFNL2	ENSG00000183709	True	-2.3979400086720375
LRTOMT	ENSG00000284922	True	-2.3979400086720375
DET1	ENSG00000140543	True	-2.3979400086720375
FNIP2	ENSG00000052795	True	-2.3979400086720375
MBD3L2B		False	-2.3979400086720375
TRAM1L1	ENSG00000174599	True	-2.3979400086720375
NDST2	ENSG00000166507	True	-2.3979400086720375
SLC9A2	ENSG00000115616	True	-2.3979400086720375
C17orf98	ENSG00000275489	True	-2.3979400086720375
DCDC2B	ENSG00000222046	True	-2.3979400086720375
GPR174	ENSG00000147138	True	-2.3979400086720375
PRAMEF8	ENSG00000182330	True	-2.3979400086720375
PRAMEF7	ENSG00000204510	True	-2.3979400086720375
OR3A3		False	-2.3979400086720375
LACTBL1		False	-2.3979400086720375
USP17L23		False	-2.3979400086720375
MCIDAS	ENSG00000234602	True	-2.3979400086720375
MBD3L3		False	-2.3979400086720375
MBD3L2		False	-2.3979400086720375
MBD3L4		False	-2.3979400086720375
SLC45A1	ENSG00000162426	True	-2.3979400086720375
TM4SF5		False	-2.3979400086720375
USP17L13	ENSG00000232399	True	-2.3979400086720375
C19orf67		False	-2.3979400086720375
OAZ3		False	-2.3979400086720375
OR3A2		False	-2.3979400086720375
KCNRG		False	-2.3979400086720375
WEE2	ENSG00000214102	True	-2.3979400086720375
TMEM150C	ENSG00000249242	True	-2.3979400086720375
LRRC75B	ENSG00000178026	True	-2.3979400086720375
RSPH14	ENSG00000100218	True	-2.3979400086720375
PIRT		False	-2.3979400086720375
ALLC		False	-2.3979400086720375
FRMPD2		False	-2.5228787452803374
KDM4D	ENSG00000186280	True	-2.5228787452803374
CFAP73	ENSG00000186710	True	-2.5228787452803374
SEL1L2	ENSG00000101251	True	-2.5228787452803374
OR5W2		False	-2.5228787452803374
ZC3H12B	ENSG00000102053	True	-2.5228787452803374
FAM81B	ENSG00000153347	True	-2.5228787452803374
SPRED3		False	-2.5228787452803374
MBD3L5		False	-2.5228787452803374
DUSP21		False	-2.5228787452803374
TAFA1	ENSG00000183662	True	-2.5228787452803374
ARHGEF33	ENSG00000214694	True	-2.5228787452803374
KDM4F		False	-2.5228787452803374
MYEOV	ENSG00000172927	True	-2.5228787452803374
TRPC7	ENSG00000069018	True	-2.5228787452803374
TAF11L4		False	-2.5228787452803374
SIGLEC15		False	-2.5228787452803374
SLC24A4		False	-2.5228787452803374
INSL4		False	-2.5228787452803374
ERFL		False	-2.5228787452803374
RNF207	ENSG00000158286	True	-2.5228787452803374
PRSS55		False	-2.5228787452803374
TEX13A	ENSG00000268629	True	-2.5228787452803374
OR56A4		False	-2.5228787452803374
WSCD1	ENSG00000179314	True	-2.5228787452803374
SLC36A3		False	-2.5228787452803374
LY6L		False	-2.5228787452803374
CXorf51A		False	-2.5228787452803374
CXorf51B		False	-2.5228787452803374
ASIP	ENSG00000101440	True	-2.5228787452803374
CABP7	ENSG00000100314	True	-2.5228787452803374
SRD5A1	ENSG00000145545	True	-2.5228787452803374
CCDC27		False	-2.5228787452803374
TMEM191C		False	-2.5228787452803374
KRTAP19-7		False	-2.5228787452803374
GMCL1	ENSG00000087338	True	-2.5228787452803374
GPR182	ENSG00000166856	True	-2.5228787452803374
CAPN14		False	-2.5228787452803374
TMEM69	ENSG00000159596	True	-2.5228787452803374
TEPP	ENSG00000159648	True	-2.5228787452803374
TCP10L	ENSG00000242220	True	-2.5228787452803374
LARGE1		False	-2.5228787452803374
HS3ST1	ENSG00000002587	True	-2.5228787452803374
CCDC13		False	-2.5228787452803374
CDH12	ENSG00000154162	True	-2.5228787452803374
ENSP00000496982		False	-2.5228787452803374
SBK3		False	-2.5228787452803374
ZNF165		False	-2.5228787452803374
POTED		False	-2.5228787452803374
OR51S1		False	-2.5228787452803374
LCE6A	ENSG00000235942	True	-2.5228787452803374
TMEM191B		False	-2.5228787452803374
ADCY4	ENSG00000129467	True	-2.5228787452803374
OR6B1	ENSG00000221813	True	-2.5228787452803374
C4orf47	ENSG00000205129	True	-2.5228787452803374
ANKRD7		False	-2.5228787452803374
CFC1B	ENSG00000152093	True	-2.5228787452803374
C8orf58	ENSG00000241852	True	-2.5228787452803374
TMEM53	ENSG00000126106	True	-2.5228787452803374
LOC100288966		False	-2.5228787452803374
LRRC55	ENSG00000183908	True	-2.5228787452803374
DNHD1	ENSG00000179532	True	-2.5228787452803374
SPDYE14	ENSG00000286137	True	-2.5228787452803374
SPDYE11	ENSG00000275976	True	-2.5228787452803374
ENSP00000498801		False	-2.5228787452803374
SPDYE8P		False	-2.5228787452803374
SPDYE9P		False	-2.5228787452803374
ENSP00000499200		False	-2.5228787452803374
DCDC2C	ENSG00000214866	True	-2.5228787452803374
APOL4	ENSG00000100336	True	-2.5228787452803374
CYP27B1		False	-2.5228787452803374
CCBE1	ENSG00000183287	True	-2.5228787452803374
OR52E2	ENSG00000176787	True	-2.5228787452803374
TMEM217		False	-2.5228787452803374
OR10H2		False	-2.5228787452803374
AATK	ENSG00000181409	True	-2.5228787452803374
LHFPL4	ENSG00000156959	True	-2.5228787452803374
KCNK6	ENSG00000099337	True	-2.5228787452803374
CFAP54	ENSG00000188596	True	-2.5228787452803374
CFAP47	ENSG00000165164	True	-2.5228787452803374
SLC29A4		False	-2.5228787452803374
TAF11L3		False	-2.5228787452803374
DUSP13		False	-2.5228787452803374
ANO2	ENSG00000047617	True	-2.5228787452803374
MAJIN		False	-2.5228787452803374
OR2G6		False	-2.5228787452803374
SMIM21	ENSG00000206026	True	-2.5228787452803374
OPN5	ENSG00000124818	True	-2.5228787452803374
OR2T1		False	-2.5228787452803374
ZNF785		False	-2.5228787452803374
ANKRD65	ENSG00000235098	True	-2.5228787452803374
DUXB		False	-2.5228787452803374
SLC5A4		False	-2.5228787452803374
HAP1	ENSG00000173805	True	-2.5228787452803374
EVC	ENSG00000072840	True	-2.5228787452803374
ABHD1	ENSG00000143994	True	-2.5228787452803374
P2RX6	ENSG00000099957	True	-2.5228787452803374
TMCO2		False	-2.5228787452803374
LYZL6	ENSG00000275722	True	-2.5228787452803374
ZNF518B	ENSG00000178163	True	-2.5228787452803374
NODAL	ENSG00000156574	True	-2.5228787452803374
CFC1	ENSG00000136698	True	-2.5228787452803374
HTR2B	ENSG00000135914	True	-2.5228787452803374
TTLL8	ENSG00000138892	True	-2.5228787452803374
FAM189A1		False	-2.5228787452803374
SERINC4		False	-2.5228787452803374
CYP26C1		False	-2.5228787452803374
MRGPRE	ENSG00000184350	True	-2.5228787452803374
ISX		False	-2.5228787452803374
CDKL4	ENSG00000205111	True	-2.5228787452803374
FAM72D	ENSG00000215784	True	-2.5228787452803374
FAM72C	ENSG00000263513	True	-2.5228787452803374
SLC25A45	ENSG00000162241	True	-2.5228787452803374
OR4K17		False	-2.5228787452803374
HAVCR1	ENSG00000113249	True	-2.5228787452803374
LRRC29		False	-2.5228787452803374
ASB18		False	-2.5228787452803374
ATP6V0E2		False	-2.5228787452803374
SLC18A1	ENSG00000036565	True	-2.5228787452803374
TMEM107	ENSG00000179029	True	-2.5228787452803374
LINC00514		False	-2.5228787452803374
NBPF20	ENSG00000162825	True	-2.5228787452803374
OR7D2		False	-2.5228787452803374
P3R3URF		False	-2.5228787452803374
TMEM121B	ENSG00000183307	True	-2.5228787452803374
LRRC61	ENSG00000127399	True	-2.5228787452803374
NPIPA5	ENSG00000183793	True	-2.5228787452803374
BEND4	ENSG00000188848	True	-2.5228787452803374
SLC30A2		False	-2.5228787452803374
LOC100509620		False	-2.5228787452803374
OR2T29		False	-2.5228787452803374
OR2T5		False	-2.5228787452803374
SMIM39		False	-2.5228787452803374
KLRF1		False	-2.5228787452803374
CCDC116		False	-2.5228787452803374
TCF24		False	-2.5228787452803374
GABRR2		False	-2.5228787452803374
TEX48		False	-2.5228787452803374
OR1A2		False	-2.5228787452803374
ACOT6	ENSG00000205669	True	-2.5228787452803374
MRGPRX4		False	-2.5228787452803374
ZCWPW2	ENSG00000206559	True	-2.5228787452803374
ZNRF4		False	-2.5228787452803374
CALML6		False	-2.5228787452803374
SIRT4	ENSG00000089163	True	-2.5228787452803374
SLC35E3	ENSG00000175782	True	-2.5228787452803374
CD300C	ENSG00000167850	True	-2.5228787452803374
ZNF596	ENSG00000172748	True	-2.5228787452803374
ENSP00000487094		False	-2.6989700043360187
CC2D2B	ENSG00000188649	True	-2.6989700043360187
IL13		False	-2.6989700043360187
HCST	ENSG00000126264	True	-2.6989700043360187
IER5L		False	-2.6989700043360187
NUGGC		False	-2.6989700043360187
TRPM8		False	-2.6989700043360187
OR7C1	ENSG00000127530	True	-2.6989700043360187
OR52N5		False	-2.6989700043360187
GALNT17	ENSG00000185274	True	-2.6989700043360187
OR2W3	ENSG00000238243	True	-2.6989700043360187
STK32A		False	-2.6989700043360187
IFNGR2	ENSG00000159128	True	-2.6989700043360187
EXD3	ENSG00000187609	True	-2.6989700043360187
MROH9		False	-2.6989700043360187
TM6SF2	ENSG00000213996	True	-2.6989700043360187
SVOP	ENSG00000166111	True	-2.6989700043360187
NUP62CL	ENSG00000198088	True	-2.6989700043360187
AMELY		False	-2.6989700043360187
HOXA2		False	-2.6989700043360187
CCDC30	ENSG00000186409	True	-2.6989700043360187
AMZ1	ENSG00000174945	True	-2.6989700043360187
BPIFB6	ENSG00000167104	True	-2.6989700043360187
RNF223		False	-2.6989700043360187
PRAMEF2		False	-2.6989700043360187
ANKRD33	ENSG00000167612	True	-2.6989700043360187
RXYLT1		False	-2.6989700043360187
CFAP161	ENSG00000156206	True	-2.6989700043360187
OR4C13		False	-2.6989700043360187
GIMD1		False	-2.6989700043360187
SLC24A5		False	-2.6989700043360187
DRD1		False	-2.6989700043360187
EVX1		False	-2.6989700043360187
C17orf50		False	-2.6989700043360187
MARCHF11		False	-2.6989700043360187
ST8SIA3	ENSG00000177511	True	-2.6989700043360187
DNAJC22		False	-2.6989700043360187
RP1L1	ENSG00000183638	True	-2.6989700043360187
KY	ENSG00000174611	True	-2.6989700043360187
ADRB3	ENSG00000188778	True	-2.6989700043360187
CREB3		False	-2.6989700043360187
TEX13B		False	-2.6989700043360187
TMEM184A	ENSG00000164855	True	-2.6989700043360187
CLEC20A		False	-2.6989700043360187
C11orf42	ENSG00000180878	True	-2.6989700043360187
OR5H15		False	-2.6989700043360187
OR11A1		False	-2.6989700043360187
CCT8L2		False	-2.6989700043360187
RHBG	ENSG00000132677	True	-2.6989700043360187
RNF122	ENSG00000133874	True	-2.6989700043360187
SLC22A14		False	-2.6989700043360187
DCDC1		False	-2.6989700043360187
MINDY4B		False	-2.6989700043360187
OR4N2		False	-2.6989700043360187
TMEM125		False	-2.6989700043360187
SCX	ENSG00000260428	True	-2.6989700043360187
ASB2		False	-2.6989700043360187
GFY		False	-2.6989700043360187
KRTAP5-11		False	-2.6989700043360187
KIAA1257		False	-2.6989700043360187
PIP5KL1	ENSG00000167103	True	-2.6989700043360187
OR10G4		False	-2.6989700043360187
LEKR1	ENSG00000197980	True	-2.6989700043360187
OR10G9		False	-2.6989700043360187
RGL4	ENSG00000159496	True	-2.6989700043360187
ABHD12B	ENSG00000131969	True	-2.6989700043360187
KRBOX1		False	-2.6989700043360187
TRIM49D1		False	-2.6989700043360187
TRIM49D2		False	-2.6989700043360187
DEFB131B		False	-2.6989700043360187
C21orf62	ENSG00000205929	True	-2.6989700043360187
IL15	ENSG00000164136	True	-2.6989700043360187
ENSP00000488984		False	-2.6989700043360187
OR11G2		False	-2.6989700043360187
AICDA		False	-2.6989700043360187
MUC22		False	-2.6989700043360187
KRTAP19-3		False	-2.6989700043360187
TMEM250	ENSG00000238227	True	-2.6989700043360187
CEP19	ENSG00000174007	True	-2.6989700043360187
V9GYS6_HUMAN		False	-2.6989700043360187
LRRIQ1	ENSG00000133640	True	-2.6989700043360187
DHH		False	-2.6989700043360187
ENSP00000497740		False	-2.6989700043360187
OSM		False	-2.6989700043360187
OR51E2		False	-2.6989700043360187
LIPI		False	-2.6989700043360187
HRH4	ENSG00000134489	True	-2.6989700043360187
BIVM	ENSG00000134897	True	-2.6989700043360187
OR11H12	ENSG00000257115	True	-2.6989700043360187
MROH8	ENSG00000101353	True	-2.6989700043360187
NKX6-3		False	-2.6989700043360187
TTLL6	ENSG00000170703	True	-2.6989700043360187
PRAMEF18	ENSG00000279804	True	-2.6989700043360187
DGKK		False	-2.6989700043360187
HHIPL2	ENSG00000143512	True	-2.6989700043360187
IL1RAPL2		False	-2.6989700043360187
DRD4		False	-2.6989700043360187
ZNF793	ENSG00000188227	True	-2.6989700043360187
NR0B2		False	-2.6989700043360187
RNASE13		False	-2.6989700043360187
CNGB3	ENSG00000170289	True	-2.6989700043360187
OR5B21		False	-2.6989700043360187
ARHGDIG		False	-2.6989700043360187
RXFP2		False	-2.6989700043360187
PLK2	ENSG00000145632	True	-2.6989700043360187
VWC2L	ENSG00000174453	True	-2.6989700043360187
NXPE2	ENSG00000204361	True	-2.6989700043360187
NANOGNB	ENSG00000205857	True	-2.6989700043360187
CCDC196		False	-2.6989700043360187
FZD9		False	-2.6989700043360187
TTLL9	ENSG00000131044	True	-2.6989700043360187
UBAP1L		False	-2.6989700043360187
SLC45A2		False	-2.6989700043360187
PKD1L1	ENSG00000158683	True	-2.6989700043360187
HTR3E	ENSG00000186038	True	-2.6989700043360187
PTGDR	ENSG00000168229	True	-2.6989700043360187
TMEM150A	ENSG00000168890	True	-2.6989700043360187
ASTL	ENSG00000188886	True	-2.6989700043360187
PTX4	ENSG00000251692	True	-2.6989700043360187
MYMK	ENSG00000187616	True	-2.6989700043360187
OR7C2	ENSG00000127529	True	-2.6989700043360187
EEF1AKMT3	ENSG00000123427	True	-2.6989700043360187
SCNN1B	ENSG00000168447	True	-2.6989700043360187
BTBD19	ENSG00000222009	True	-2.6989700043360187
ENSP00000490444		False	-2.6989700043360187
PRSS51		False	-2.6989700043360187
TEX55	ENSG00000163424	True	-2.6989700043360187
C10orf62	ENSG00000203942	True	-2.6989700043360187
IFNW1		False	-2.6989700043360187
C10orf99		False	-2.6989700043360187
LMNTD2	ENSG00000185522	True	-2.6989700043360187
TCEANC	ENSG00000176896	True	-2.6989700043360187
ZDHHC19		False	-2.6989700043360187
GJD3		False	-2.6989700043360187
CYP7A1		False	-2.6989700043360187
FBXO8	ENSG00000164117	True	-2.6989700043360187
HTRA4	ENSG00000169495	True	-2.6989700043360187
TAFA5	ENSG00000219438	True	-2.6989700043360187
SAMD5	ENSG00000203727	True	-2.6989700043360187
SH3TC2	ENSG00000169247	True	-2.6989700043360187
CENPBD1		False	-2.6989700043360187
TMEM74B	ENSG00000125895	True	-2.6989700043360187
ZNF843	ENSG00000176723	True	-2.6989700043360187
CYYR1	ENSG00000166265	True	-2.6989700043360187
KCNK9		False	-2.6989700043360187
KCNJ18	ENSG00000260458	True	-2.6989700043360187
NKX6-1	ENSG00000163623	True	-2.6989700043360187
PRAMEF10		False	-2.6989700043360187
KCNJ12	ENSG00000184185	True	-2.6989700043360187
OR2C1		False	-2.6989700043360187
SLFNL1		False	-2.6989700043360187
KCNE2	ENSG00000159197	True	-2.6989700043360187
GPIHBP1	ENSG00000277494	True	-2.6989700043360187
HESX1	ENSG00000163666	True	-3.0
PRR23A	ENSG00000206260	True	-3.0
PRAMEF33		False	-3.0
SNTN	ENSG00000188817	True	-3.0
NCMAP	ENSG00000184454	True	-3.0
C4orf19	ENSG00000154274	True	-3.0
BBIP1	ENSG00000214413	True	-3.0
TSSK4	ENSG00000139908	True	-3.0
TMEM220		False	-3.0
SLC7A9	ENSG00000021488	True	-3.0
SLC26A7		False	-3.0
SSU72P4		False	-3.0
SSU72P2		False	-3.0
SSU72P3		False	-3.0
SSU72P7		False	-3.0
SSU72P5		False	-3.0
ANKRD40CL		False	-3.0
SYT16	ENSG00000139973	True	-3.0
KCNH8	ENSG00000183960	True	-3.0
TMEM203		False	-3.0
VWDE	ENSG00000146530	True	-3.0
KDM4E	ENSG00000235268	True	-3.0
SPATA21		False	-3.0
SHISA6	ENSG00000188803	True	-3.0
FRMPD3	ENSG00000147234	True	-3.0
CSMD3	ENSG00000164796	True	-3.0
TSSK2		False	-3.0
MYMX	ENSG00000262179	True	-3.0
IGFL4	ENSG00000204869	True	-3.0
BEND6	ENSG00000151917	True	-3.0
FIGNL2		False	-3.0
GPR137C	ENSG00000180998	True	-3.0
SMLR1	ENSG00000256162	True	-3.0
TTC23	ENSG00000103852	True	-3.0
FAM181A	ENSG00000140067	True	-3.0
ADCYAP1	ENSG00000141433	True	-3.0
TMPRSS15	ENSG00000154646	True	-3.0
FIGLA	ENSG00000183733	True	-3.0
MLNR		False	-3.0
RAG1		False	-3.0
RANBP3L	ENSG00000164188	True	-3.0
UBE2Q2L		False	-3.0
ANXA2R	ENSG00000177721	True	-3.0
MARCOL		False	-3.0
OVCH1		False	-3.0
LOC400499		False	-3.0
OR52H1		False	-3.0
SMIM35		False	-3.0
TM4SF20	ENSG00000168955	True	-3.0
DUSP26	ENSG00000133878	True	-3.0
B4GALT6	ENSG00000118276	True	-3.0
PLA2G3	ENSG00000100078	True	-3.0
C1orf185		False	-3.0
AIRE		False	-3.0
OR4N4	ENSG00000183706	True	-3.0
LINC02203-2		False	-3.0
ENSP00000493899		False	-3.0
LINC02203	ENSG00000280709	True	-3.0
LOC102723532		False	-3.0
C17orf113		False	-3.0
FOXH1		False	-3.0
ELF5		False	-3.0
GALNT8	ENSG00000130035	True	-3.0
OCLM		False	-3.0
LTB4R2	ENSG00000213906	True	-3.0
ENSP00000498626		False	-3.0
CCDC194		False	-3.0
C16orf95	ENSG00000260456	True	-3.0
SMIM17	ENSG00000268182	True	-3.0
ATP6V1FNB		False	-3.0
C1orf194		False	-3.0
FAXDC2		False	-3.0
P2RY13	ENSG00000181631	True	-3.0
TMEM232	ENSG00000186952	True	-3.0
C2orf80		False	-3.0
CST9L		False	-3.0
KCNS1		False	-3.0
MEIKIN		False	-3.0
ANKRD31	ENSG00000145700	True	-3.0
DUXA	ENSG00000258873	True	-3.0
CDH18	ENSG00000145526	True	-3.0
SMIM41		False	-3.0
DEFB110		False	-3.0
ADAM18		False	-3.0
DMRT2	ENSG00000173253	True	-3.0
KRTAP19-6		False	-3.0
NPAS1		False	-3.0
NKX1-1	ENSG00000235608	True	-3.0
SYT8	ENSG00000149043	True	-3.0
ENSP00000498770		False	-3.0
MS4A5	ENSG00000166930	True	-3.0
HS3ST4		False	-3.0
TGM6	ENSG00000166948	True	-3.0
TEX49		False	-3.0
TMEM240	ENSG00000205090	True	-3.0
CD300LD	ENSG00000204345	True	-3.0
KRTAP19-1		False	-3.0
PLEKHH1	ENSG00000054690	True	-3.0
PRSS53	ENSG00000151006	True	-3.0
C10orf95		False	-3.0
PNMA6F		False	-3.0
OCSTAMP	ENSG00000149635	True	-3.0
MS4A14	ENSG00000166928	True	-3.0
PGBD4	ENSG00000182405	True	-3.0
GSTT4		False	-3.0
ANKRD62	ENSG00000181626	True	-3.0
OR51L1		False	-3.0
WDR27	ENSG00000184465	True	-3.0
CT62		False	-3.0
THSD7B	ENSG00000144229	True	-3.0
GPR153	ENSG00000158292	True	-3.0
LRGUK	ENSG00000155530	True	-3.0
TMPRSS5		False	-3.0
SSU72P8		False	-3.0
SPAAR		False	-3.0
MC2R	ENSG00000185231	True	-3.0
KRTAP5-6		False	-3.0
MS4A6E		False	-3.0
FICD	ENSG00000198855	True	-3.0
IFNE		False	-3.0457574905606752
HRCT1		False	-3.0457574905606752
C4orf54		False	-3.0457574905606752
OR10G2		False	-3.0457574905606752
IQCF5		False	-3.0457574905606752
TMEM121	ENSG00000184986	True	-3.0457574905606752
RNF180	ENSG00000164197	True	-3.0457574905606752
HTR3C		False	-3.0457574905606752
KHDC1L		False	-3.0457574905606752
USHBP1	ENSG00000130307	True	-3.0457574905606752
RNF165	ENSG00000141622	True	-3.0457574905606752
CCKBR		False	-3.0457574905606752
HOXD12	ENSG00000170178	True	-3.0457574905606752
SRARP	ENSG00000183888	True	-3.0457574905606752
DYTN		False	-3.0457574905606752
CHST9	ENSG00000154080	True	-3.0457574905606752
ARHGAP40	ENSG00000124143	True	-3.0457574905606752
FSD2		False	-3.0457574905606752
GJA3	ENSG00000121743	True	-3.0457574905606752
FJX1	ENSG00000179431	True	-3.0457574905606752
FAM161B	ENSG00000156050	True	-3.0457574905606752
C14orf132		False	-3.0969100130080562
B4GALNT3	ENSG00000139044	True	-3.0969100130080562
OR52E6		False	-3.0969100130080562
TAS2R9		False	-3.0969100130080562
TRPC5OS		False	-3.0969100130080562
PRSS48	ENSG00000189099	True	-3.0969100130080562
PRSS45P		False	-3.0969100130080562
OOSP4B		False	-3.0969100130080562
ANKRD55	ENSG00000164512	True	-3.0969100130080562
DEFB121	ENSG00000204548	True	-3.0969100130080562
ADGRD2		False	-3.0969100130080562
THEGL	ENSG00000249693	True	-3.0969100130080562
CHRNB3	ENSG00000147432	True	-3.0969100130080562
CCKAR		False	-3.0969100130080562
OR4Q3	ENSG00000182652	True	-3.0969100130080562
OR51G2		False	-3.154901959985743
C11orf94		False	-3.154901959985743
BHMG1		False	-3.154901959985743
SMIM34A		False	-3.154901959985743
SMIM34B		False	-3.154901959985743
CFAP43		False	-3.154901959985743
TSGA10IP		False	-3.154901959985743
PROP1	ENSG00000175325	True	-3.154901959985743
SLC25A48	ENSG00000145832	True	-3.154901959985743
PRAMEF19	ENSG00000204480	True	-3.154901959985743
DENND6B	ENSG00000205593	True	-3.154901959985743
TMEM171	ENSG00000157111	True	-3.154901959985743
FGF16		False	-3.154901959985743
OR52E5		False	-3.154901959985743
SH2D7	ENSG00000183476	True	-3.154901959985743
PRR29		False	-3.154901959985743
SLC39A2	ENSG00000165794	True	-3.154901959985743
NPBWR2		False	-3.154901959985743
KCTD19	ENSG00000168676	True	-3.154901959985743
KRTAP27-1	ENSG00000206107	True	-3.2218487496163566
PVALEF		False	-3.2218487496163566
WFDC9		False	-3.2218487496163566
OR52E8		False	-3.2218487496163566
CCDC39	ENSG00000284862	True	-3.2218487496163566
RASD2	ENSG00000100302	True	-3.2218487496163566
IQCF3		False	-3.2218487496163566
ENSP00000415609		False	-3.2218487496163566
OR8G1		False	-3.2218487496163566
SMIM9	ENSG00000203870	True	-3.2218487496163566
BSX	ENSG00000188909	True	-3.2218487496163566
CIDEC	ENSG00000187288	True	-3.2218487496163566
OR10Z1		False	-3.2218487496163566
OR51V1		False	-3.2218487496163566
TPD52L3		False	-3.2218487496163566
C11orf71		False	-3.2218487496163566
FAM216B	ENSG00000179813	True	-3.2218487496163566
ADM5		False	-3.2218487496163566
C5AR2	ENSG00000134830	True	-3.2218487496163566
ENSP00000484075		False	-3.2218487496163566
OR52M1		False	-3.3010299956639813
ENSP00000329467		False	-3.3010299956639813
PLA2G2F		False	-3.3010299956639813
OR51F1		False	-3.3010299956639813
DBX2	ENSG00000185610	True	-3.3010299956639813
LOC114841037		False	-3.3010299956639813
TP53I13		False	-3.3010299956639813
OR51F2		False	-3.3010299956639813
OR8G5		False	-3.3010299956639813
OXGR1		False	-3.3010299956639813
SRRM3		False	-3.3010299956639813
OR51I1		False	-3.3010299956639813
SELENOV	ENSG00000186838	True	-3.3010299956639813
GNG14		False	-3.3010299956639813
GNRH2	ENSG00000125787	True	-3.3010299956639813
ERVV-1		False	-3.3010299956639813
INSYN2B	ENSG00000204767	True	-3.3010299956639813
PRSS16		False	-3.3010299956639813
C22orf31	ENSG00000100249	True	-3.3010299956639813
LPAR6	ENSG00000139679	True	-3.3010299956639813
C14orf178		False	-3.3010299956639813
ENSP00000487146		False	-3.3010299956639813
SLC4A9	ENSG00000113073	True	-3.3010299956639813
GJB5	ENSG00000189280	True	-3.3010299956639813
PROKR2	ENSG00000101292	True	-3.3979400086720375
FRMPD4		False	-3.3979400086720375
DEFB124		False	-3.3979400086720375
OPRM1	ENSG00000112038	True	-3.3979400086720375
ERVV-2		False	-3.3979400086720375
PRR20G		False	-3.3979400086720375
AGBL3	ENSG00000146856	True	-3.3979400086720375
SNTG1	ENSG00000147481	True	-3.3979400086720375
FAM27E3		False	-3.3979400086720375
C8orf74	ENSG00000171060	True	-3.3979400086720375
CCER2	ENSG00000262484	True	-3.3979400086720375
OR4M1	ENSG00000176299	True	-3.3979400086720375
C19orf81	ENSG00000235034	True	-3.3979400086720375
OR52W1		False	-3.3979400086720375
FAM120AOS	ENSG00000188938	True	-3.3979400086720375
SMIM10L1		False	-3.3979400086720375
GJB7		False	-3.3979400086720375
AMBN		False	-3.3979400086720375
OC90		False	-3.3979400086720375
C13orf46		False	-3.3979400086720375
NPFFR1	ENSG00000148734	True	-3.3979400086720375
CCDC187		False	-3.3979400086720375
ANKDD1A	ENSG00000166839	True	-3.3979400086720375
ARMH2		False	-3.3979400086720375
MDFIC2		False	-3.3979400086720375
LOC100505841		False	-3.3979400086720375
MC4R	ENSG00000166603	True	-3.3979400086720375
EFCAB8	ENSG00000215529	True	-3.3979400086720375
MUSK		False	-3.3979400086720375
OR51D1	ENSG00000197428	True	-3.3979400086720375
CEMP1	ENSG00000205923	True	-3.3979400086720375
RFX8		False	-3.3979400086720375
PDZD9		False	-3.5228787452803374
OR2S2		False	-3.5228787452803374
FAM240C		False	-3.5228787452803374
RNF225		False	-3.5228787452803374
OR5T3		False	-3.5228787452803374
OR51T1	ENSG00000176900	True	-3.5228787452803374
CD164L2	ENSG00000174950	True	-3.5228787452803374
NPBWR1		False	-3.5228787452803374
TSPEAR	ENSG00000175894	True	-3.5228787452803374
CLRN2	ENSG00000249581	True	-3.5228787452803374
SPEGNB-2		False	-3.5228787452803374
S100Z	ENSG00000171643	True	-3.5228787452803374
CES4A	ENSG00000172824	True	-3.5228787452803374
ENSP00000489429		False	-3.5228787452803374
OR7A5	ENSG00000188269	True	-3.5228787452803374
OOEP	ENSG00000203907	True	-3.5228787452803374
GPR162	ENSG00000250510	True	-3.5228787452803374
RNF215	ENSG00000099999	True	-3.5228787452803374
C19orf84	ENSG00000262874	True	-3.5228787452803374
GALR1		False	-3.5228787452803374
OR52K1		False	-3.5228787452803374
OR52A1		False	-3.5228787452803374
DEFB104A	ENSG00000176782	True	-3.5228787452803374
DEFB104B	ENSG00000177023	True	-3.5228787452803374
EFCAB3	ENSG00000172421	True	-3.5228787452803374
OVOL3		False	-3.5228787452803374
CLPSL2	ENSG00000196748	True	-3.5228787452803374
MIEF1-2		False	-3.5228787452803374
OR5K3		False	-3.5228787452803374
OR5L1	ENSG00000279395	True	-3.5228787452803374
C20orf204		False	-3.5228787452803374
I6L893_HUMAN		False	-3.5228787452803374
EFCAB1		False	-3.5228787452803374
OR52J3		False	-3.5228787452803374
GJE1	ENSG00000203733	True	-3.5228787452803374
IQCF6		False	-3.5228787452803374
ENSP00000498291		False	-3.5228787452803374
ENSP00000498767		False	-3.5228787452803374
SEBOX	ENSG00000274529	True	-3.5228787452803374
ENSP00000496487		False	-3.5228787452803374
OAZ2	ENSG00000180304	True	-3.5228787452803374
PLET1	ENSG00000188771	True	-3.5228787452803374
IFITM5		False	-3.5228787452803374
OCA2		False	-3.5228787452803374
FAM243A		False	-3.5228787452803374
FAM243B		False	-3.5228787452803374
OR14I1		False	-3.5228787452803374
PIWIL3	ENSG00000184571	True	-3.5228787452803374
SLC2A11-2		False	-3.5228787452803374
TRPV3		False	-3.6989700043360187
ODAPH		False	-3.6989700043360187
SERTM2		False	-3.6989700043360187
TRIM64C	ENSG00000214891	True	-3.6989700043360187
RXFP3	ENSG00000182631	True	-3.6989700043360187
CFAP99		False	-3.6989700043360187
ANO5	ENSG00000171714	True	-3.6989700043360187
GOLGA6L7		False	-3.6989700043360187
LUZP6		False	-3.6989700043360187
CHRM4	ENSG00000180720	True	-3.6989700043360187
OR51B2		False	-3.6989700043360187
LRRC70	ENSG00000186105	True	-3.6989700043360187
CPHXL		False	-3.6989700043360187
LRRC43		False	-3.6989700043360187
MOSMO		False	-3.6989700043360187
DEFB114		False	-3.6989700043360187
OR2D3	ENSG00000178358	True	-3.6989700043360187
OR2A2		False	-3.6989700043360187
CLEC19A		False	-3.6989700043360187
TMEM272		False	-3.6989700043360187
C10orf55		False	-3.6989700043360187
CCDC201		False	-3.6989700043360187
HSFX1	ENSG00000171116	True	-3.6989700043360187
HSFX2	ENSG00000268738	True	-3.6989700043360187
ENSP00000490735		False	-3.6989700043360187
IL5RA		False	-3.6989700043360187
CACFD1		False	-3.6989700043360187
MSANTD1		False	-3.6989700043360187
CSKMT	ENSG00000214756	True	-3.6989700043360187
LOC102724657		False	-3.6989700043360187
KHDC1		False	-3.6989700043360187
VWA3B	ENSG00000168658	True	-3.6989700043360187
OR6N1		False	-3.6989700043360187
CEACAM20		False	-3.6989700043360187
CATSPERD	ENSG00000174898	True	-3.6989700043360187
OR4C46		False	-3.6989700043360187
FPR3		False	-3.6989700043360187
NAA60	ENSG00000122390	True	-3.6989700043360187
ENSP00000491197		False	-3.6989700043360187
LRRC56	ENSG00000161328	True	-3.6989700043360187
ANKDD1B	ENSG00000189045	True	-3.6989700043360187
METTL24	ENSG00000053328	True	-3.6989700043360187
RNASE8		False	-3.6989700043360187
OR4K13		False	-3.6989700043360187
KCTD11	ENSG00000213859	True	-3.6989700043360187
SMIM36		False	-3.6989700043360187
MBOAT4		False	-3.6989700043360187
TMEM202		False	-3.6989700043360187
SPEM2	ENSG00000184560	True	-3.6989700043360187
OR6F1		False	-3.6989700043360187
CLBA1	ENSG00000140104	True	-3.6989700043360187
SMIM33		False	-3.6989700043360187
C1orf232		False	-3.6989700043360187
OR10R2	ENSG00000198965	True	-3.6989700043360187
OR52A5		False	-3.6989700043360187
MTRNR2L4		False	-3.6989700043360187
TSPAN19	ENSG00000231738	True	-4.0
DRAXIN	ENSG00000162490	True	-4.0
MMP26		False	-4.0
OR4S1		False	-4.0
C19orf85		False	-4.0
OR2A25	ENSG00000221933	True	-4.0
GPR82	ENSG00000171657	True	-4.0
C11orf97		False	-4.0
OR56B1	ENSG00000181023	True	-4.0
RFPL1		False	-4.0
C18orf54		False	-4.0
C3orf62	ENSG00000188315	True	-4.0
MS4A4E	ENSG00000214787	True	-4.0
OR6S1		False	-4.0
TERB1		False	-4.0
OR4F15		False	-4.0
OOSP4A		False	-4.0
OR2B6		False	-4.0
RIIAD1	ENSG00000178796	True	-4.0
DEFB107A	ENSG00000186572	True	-4.0
DEFB107B	ENSG00000198129	True	-4.0
EDDM13		False	-4.0
FAM240B		False	-4.0
RD3L	ENSG00000227729	True	-4.0
CTXND2		False	-4.0
ENSP00000491046		False	-4.0
OR5AN1		False	-4.0
OR5D3P		False	-4.0
TARM1	ENSG00000248385	True	-4.0
CCDC190	ENSG00000185860	True	-4.0
FAM47E-STBD1	ENSG00000272414	True	-4.0
ZNF280A		False	-4.0
OR5M10		False	-4.0
GPR32		False	-4.0
OR5M1		False	-4.0
HES5	ENSG00000197921	True	-4.0
STARD6		False	-4.0
CHRNA10		False	-4.0
C17orf107	ENSG00000205710	True	-4.0
FAM47E	ENSG00000189157	True	-4.0
FAM205C		False	-4.0
RUFY4	ENSG00000188282	True	-4.0
TMEM196	ENSG00000173452	True	-4.045757490560675
SOHLH2		False	-4.045757490560675
OR2B2		False	-4.045757490560675
ENSP00000480106		False	-4.045757490560675
TMEM174	ENSG00000164325	True	-4.045757490560675
POU5F2	ENSG00000248483	True	-4.045757490560675
C17orf78		False	-4.045757490560675
A3GALT2		False	-4.096910013008056
C3orf84		False	-4.096910013008056
SAPCD1		False	-4.096910013008056
ARSJ	ENSG00000180801	True	-4.096910013008056
SMIM23		False	-4.096910013008056
OR10T2		False	-4.096910013008056
CATSPER4	ENSG00000188782	True	-4.096910013008056
TMEM244		False	-4.096910013008056
OR1A1		False	-4.096910013008056
CCDC188		False	-4.096910013008056
FAM236D		False	-4.096910013008056
FAM236C		False	-4.096910013008056
BATF2	ENSG00000168062	True	-4.096910013008056
CNGA4		False	-4.154901959985743
TRC2L_HUMAN		False	-4.154901959985743
FRG2C	ENSG00000172969	True	-4.154901959985743
TMIE	ENSG00000181585	True	-4.154901959985743
C4orf45		False	-4.154901959985743
SPANXN5		False	-4.154901959985743
SPEM3		False	-4.154901959985743
SH2D6	ENSG00000152292	True	-4.221848749616356
RNF224		False	-4.221848749616356
MINAR2	ENSG00000186367	True	-4.221848749616356
NLRP8	ENSG00000179709	True	-4.221848749616356
OR10A2		False	-4.221848749616356
HHLA1		False	-4.221848749616356
LLCFC1		False	-4.221848749616356
GVQW2		False	-4.221848749616356
EFCAB2	ENSG00000203666	True	-4.221848749616356
TEX50		False	-4.301029995663981
TAS2R3		False	-4.301029995663981
BLCAP		False	-4.301029995663981
KRTAP25-1	ENSG00000232263	True	-4.301029995663981
OR10A6		False	-4.301029995663981
NYX		False	-4.301029995663981
OR1Q1	ENSG00000165202	True	-4.301029995663981
OR10A5		False	-4.301029995663981
RNF183	ENSG00000165188	True	-4.301029995663981
EFCAB9		False	-4.3979400086720375
LRRC63	ENSG00000173988	True	-4.3979400086720375
C3orf56		False	-4.3979400086720375
C8orf89		False	-4.3979400086720375
OR2A7	ENSG00000243896	True	-4.3979400086720375
OR1E1		False	-4.3979400086720375
OR2A4	ENSG00000180658	True	-4.3979400086720375
DRAM1		False	-4.3979400086720375
ANKRD66		False	-4.3979400086720375
SHLD3	ENSG00000253251	True	-4.3979400086720375
TERB2		False	-4.3979400086720375
TEX13C		False	-4.3979400086720375
PRR26		False	-4.3979400086720375
OR8I2		False	-4.3979400086720375
GABRG3	ENSG00000182256	True	-4.3979400086720375
TMEM235	ENSG00000204278	True	-4.3979400086720375
LEUTX	ENSG00000213921	True	-4.522878745280337
RPRML	ENSG00000179673	True	-4.522878745280337
OR5A1		False	-4.522878745280337
GDNF	ENSG00000168621	True	-4.522878745280337
OR1E2		False	-4.522878745280337
INAFM2		False	-4.522878745280337
NEURL3		False	-4.522878745280337
OR2AT4		False	-4.522878745280337
TRMT10B	ENSG00000165275	True	-4.522878745280337
SYCP2L		False	-4.522878745280337
OR9A2		False	-4.522878745280337
CCDC122	ENSG00000151773	True	-4.522878745280337
PRRT1B		False	-4.522878745280337
INSL6	ENSG00000120210	True	-4.522878745280337
MARCHF4	ENSG00000144583	True	-4.522878745280337
DHRS12	ENSG00000102796	True	-4.522878745280337
ENSP00000493548		False	-4.522878745280337
ENSP00000485664		False	-4.522878745280337
KCNK16		False	-4.522878745280337
FOXL3		False	-4.522878745280337
LOC102723971		False	-4.522878745280337
DGAT2L6		False	-4.522878745280337
FAM220A		False	-4.522878745280337
ENSP00000483140		False	-4.522878745280337
MTRNR2L10		False	-4.698970004336019
OR5BS1P		False	-4.698970004336019
SMIM31		False	-4.698970004336019
PCDHB1	ENSG00000171815	True	-4.698970004336019
PRY		False	-4.698970004336019
PRY2		False	-4.698970004336019
PRYP3		False	-4.698970004336019
SPATA25		False	-4.698970004336019
ENHO	ENSG00000168913	True	-4.698970004336019
TEX22	ENSG00000226174	True	-4.698970004336019
XKR6		False	-4.698970004336019
B3GALT1		False	-4.698970004336019
PXT1		False	-4.698970004336019
HEPN1	ENSG00000221932	True	-4.698970004336019
LCN12		False	-4.698970004336019
C10orf143		False	-4.698970004336019
OOSP3		False	-4.698970004336019
NICN1		False	-4.698970004336019
FBXO36		False	-4.698970004336019
TMDD1		False	-4.698970004336019
HTR1D		False	-4.698970004336019
GHSR		False	-4.698970004336019
FAM27D1		False	-5.0
HSFX4		False	-5.0
HSFX3		False	-5.0
RNF148		False	-5.0
FTCDNL1		False	-5.0
NHLRC4		False	-5.0
KCNH1-2		False	-5.0
OR1S2		False	-5.0
TAS2R16		False	-5.0
OR56B4		False	-5.0
ERICH2		False	-5.0
RSPO1	ENSG00000169218	True	-5.0
C2orf92		False	-5.0
DNMT3L	ENSG00000142182	True	-5.0
OR5P3	ENSG00000182334	True	-5.0
MTRNR2L7		False	-5.0
TMEM52		False	-5.0
SMIM40		False	-5.0
MMD		False	-5.0
ENSP00000496197		False	-5.0
PARP11	ENSG00000111224	True	-5.0
CLDN25	ENSG00000228607	True	-5.0
RFPL3		False	-5.0
LOC728392		False	-5.0
SLC22A18AS		False	-5.0
S4R3F8_HUMAN		False	-5.0
RNF151		False	-5.0
SLC10A2	ENSG00000125255	True	-5.0
OR2AP1		False	-5.0
MKRN2OS	ENSG00000225526	True	-5.045757490560675
OR52B4		False	-5.045757490560675
TLCD5		False	-5.045757490560675
COLCA2		False	-5.096910013008056
SGPP2		False	-5.096910013008056
SLC66A1L		False	-5.096910013008056
SIRPD	ENSG00000125900	True	-5.154901959985743
FAM200B	ENSG00000237765	True	-5.154901959985743
M0R1W7_HUMAN		False	-5.154901959985743
RNF144B	ENSG00000137393	True	-5.154901959985743
FAM237A		False	-5.154901959985743
ACER1		False	-5.154901959985743
TEX51		False	-5.221848749616356
ARL9	ENSG00000196503	True	-5.221848749616356
TMEM225B		False	-5.221848749616356
BEAN1	ENSG00000166546	True	-5.221848749616356
EGR4	ENSG00000135625	True	-5.221848749616356
MS4A18	ENSG00000214782	True	-5.221848749616356
OR6A2		False	-5.221848749616356
CSTL1		False	-5.221848749616356
OR10V1	ENSG00000172289	True	-5.221848749616356
OR11H1		False	-5.221848749616356
KLF17	ENSG00000171872	True	-5.301029995663981
CDHR4	ENSG00000187492	True	-5.301029995663981
LCNL1		False	-5.301029995663981
SPDYC	ENSG00000204710	True	-5.301029995663981
OR4S2		False	-5.301029995663981
C9orf92		False	-5.301029995663981
TAF11L14		False	-5.301029995663981
ENSP00000501013		False	-5.301029995663981
SFTA3		False	-5.301029995663981
TSTD3		False	-5.301029995663981
RNASE12	ENSG00000258436	True	-5.301029995663981
GALR3		False	-5.3979400086720375
DPPA5	ENSG00000203909	True	-5.3979400086720375
OR1D2		False	-5.3979400086720375
SPEGNB		False	-5.3979400086720375
ENSP00000499668		False	-5.3979400086720375
OR6C70		False	-5.3979400086720375
DEFB130A		False	-5.3979400086720375
DEFB130B		False	-5.3979400086720375
C10orf142		False	-5.3979400086720375
PNMA8C		False	-5.3979400086720375
GPR33		False	-5.3979400086720375
EXOC1L		False	-5.3979400086720375
RHNO1		False	-5.3979400086720375
C9orf135		False	-5.3979400086720375
OR10H4		False	-5.3979400086720375
CSNKA2IP		False	-5.3979400086720375
OR10H3		False	-5.522878745280337
MMD2		False	-5.522878745280337
OR51I2		False	-5.522878745280337
CLPSL1	ENSG00000204140	True	-5.522878745280337
FAM24A	ENSG00000203795	True	-5.522878745280337
SPRR5		False	-5.522878745280337
OR52N2		False	-5.522878745280337
GPR146		False	-5.522878745280337
OR52I1		False	-5.698970004336019
GPR139	ENSG00000180269	True	-5.698970004336019
SHLD1	ENSG00000171984	True	-5.698970004336019
OR14K1	ENSG00000153230	True	-5.698970004336019
OR51E1	ENSG00000180785	True	-5.698970004336019
M0R036_HUMAN		False	-5.698970004336019
MUC19		False	-5.698970004336019
OR4K2		False	-5.698970004336019
MS4A13	ENSG00000204979	True	-5.698970004336019
OR2B11	ENSG00000177535	True	-5.698970004336019
SDR42E1	ENSG00000184860	True	-5.698970004336019
OR4K5		False	-5.698970004336019
C11orf88		False	-5.698970004336019
C5orf58		False	-5.698970004336019
OR4L1		False	-5.698970004336019
OR52B2		False	-5.698970004336019
OR8U1		False	-5.698970004336019
EPGN		False	-5.698970004336019
VSTM5	ENSG00000214376	True	-5.698970004336019
TRIM48		False	-5.698970004336019
ENSP00000497979		False	-5.698970004336019
OR51G1		False	-6.0
OR5M3		False	-6.0
C4orf51		False	-6.0
ENSP00000359685		False	-6.0
KRTAP12-4		False	-6.0
OR51C1P		False	-6.0
ENSP00000492889		False	-6.0
OR52I2		False	-6.0
TINCR		False	-6.0
CCDC163		False	-6.0
OR51A4		False	-6.0
OR51A2		False	-6.0
GRIFIN		False	-6.0
C20orf173		False	-6.045757490560675
RSPO4	ENSG00000101282	True	-6.045757490560675
LRRC69	ENSG00000214954	True	-6.045757490560675
CLEC6A		False	-6.096910013008056
OR5B17		False	-6.096910013008056
OR51B5	ENSG00000167355	True	-6.096910013008056
ENSP00000498451		False	-6.221848749616356
ZNF365-2		False	-6.221848749616356
INCA1	ENSG00000196388	True	-6.221848749616356
OR4E1		False	-6.301029995663981
CH507-154B10.1		False	-6.301029995663981
ENSP00000482855		False	-6.301029995663981
TEX13D		False	-6.301029995663981
LOC112577516		False	-6.301029995663981
OR4N5		False	-6.301029995663981
hCG_1796489		False	-6.3979400086720375
OR5M8		False	-6.3979400086720375
C12orf42		False	-6.522878745280337
ART1	ENSG00000129744	True	-6.522878745280337
